-- ==========================================
-- 模擬成員進度與速讀聖經計畫種子資料 (Demo Users, Plans & Logs Seed Data)
-- 請複製並在 Supabase SQL Editor 中執行。
-- ==========================================

-- ==========================================
-- 建立虛擬組織架構 (大區、牧區、小組)
-- ==========================================

INSERT INTO public.great_regions (id, name) VALUES 
('da000000-0000-0000-0000-000000000001', '示範大區A'),
('da000000-0000-0000-0000-000000000002', '示範大區B'),
('da000000-0000-0000-0000-000000000003', '示範大區C'),
('da000000-0000-0000-0000-000000000004', '示範大區D')
ON CONFLICT (name) DO UPDATE SET name = EXCLUDED.name;

INSERT INTO public.pastoral_zones (id, name, great_region_id) VALUES
('da000000-0000-0000-0000-000000000011', '示範牧區甲', 'da000000-0000-0000-0000-000000000001'),
('da000000-0000-0000-0000-000000000012', '示範牧區乙', 'da000000-0000-0000-0000-000000000001'),
('da000000-0000-0000-0000-000000000013', '示範牧區丙', 'da000000-0000-0000-0000-000000000001'),
('da000000-0000-0000-0000-000000000014', '示範牧區丁', 'da000000-0000-0000-0000-000000000002'),
('da000000-0000-0000-0000-000000000015', '示範牧區戊', 'da000000-0000-0000-0000-000000000002'),
('da000000-0000-0000-0000-000000000016', '示範牧區己', 'da000000-0000-0000-0000-000000000002'),
('da000000-0000-0000-0000-000000000017', '示範牧區庚', 'da000000-0000-0000-0000-000000000003'),
('da000000-0000-0000-0000-000000000018', '示範牧區辛', 'da000000-0000-0000-0000-000000000003'),
('da000000-0000-0000-0000-000000000019', '示範牧區壬', 'da000000-0000-0000-0000-000000000004'),
('da000000-0000-0000-0000-000000000020', '示範牧區癸', 'da000000-0000-0000-0000-000000000004')
ON CONFLICT (name, great_region_id) DO UPDATE SET name = EXCLUDED.name;

INSERT INTO public.small_groups (id, name, pastoral_zone_id) VALUES
('da000000-0000-0000-0000-000000000101', '示範小組1', 'da000000-0000-0000-0000-000000000011'),
('da000000-0000-0000-0000-000000000102', '示範小組2', 'da000000-0000-0000-0000-000000000011'),
('da000000-0000-0000-0000-000000000103', '示範小組3', 'da000000-0000-0000-0000-000000000012'),
('da000000-0000-0000-0000-000000000104', '示範小組4', 'da000000-0000-0000-0000-000000000013'),
('da000000-0000-0000-0000-000000000105', '示範小組5', 'da000000-0000-0000-0000-000000000014'),
('da000000-0000-0000-0000-000000000106', '示範小組6', 'da000000-0000-0000-0000-000000000015'),
('da000000-0000-0000-0000-000000000107', '示範小組7', 'da000000-0000-0000-0000-000000000016'),
('da000000-0000-0000-0000-000000000108', '示範小組8', 'da000000-0000-0000-0000-000000000017'),
('da000000-0000-0000-0000-000000000109', '示範小組9', 'da000000-0000-0000-0000-000000000018'),
('da000000-0000-0000-0000-000000000110', '示範小組10', 'da000000-0000-0000-0000-000000000019'),
('da000000-0000-0000-0000-000000000111', '示範小組11', 'da000000-0000-0000-0000-000000000020')
ON CONFLICT (name, pastoral_zone_id) DO NOTHING;

-- 使用者: 示範組長甲
INSERT INTO auth.users (id, email, raw_user_meta_data, created_at, updated_at, instance_id, aud, role, encrypted_password)
VALUES (
  '3a3e9795-5c39-421f-a4c5-cd07625426ee',
  '3a3e9795@church-bible.com',
  '{"full_name": "示範組長甲"}',
  NOW() - INTERVAL '81 days',
  NOW(),
  '00000000-0000-0000-0000-000000000000',
  'authenticated',
  'authenticated',
  '$2a$10$abcdefghijklmnopqrstuv' -- Dummy bcrypt hash
) ON CONFLICT (id) DO NOTHING;

INSERT INTO public.profiles (id, name, great_region, pastoral_zone, small_group, role, is_demo, updated_at)
VALUES (
  '3a3e9795-5c39-421f-a4c5-cd07625426ee',
  '示範組長甲',
  '示範大區A',
  '示範牧區甲',
  '示範小組1',
  'group_leader',
  TRUE,
  NOW()
) ON CONFLICT (id) DO NOTHING;

INSERT INTO public.reading_plans (id, user_id, name, start_date, end_date, target_books)
VALUES (
  '9ebda4b2-3bce-4124-b136-31f5e46e3ad0',
  '3a3e9795-5c39-421f-a4c5-cd07625426ee',
  '第一季速讀：2026年7月~9月',
  '2026-07-01',
  '2026-09-30',
  ARRAY['創世記', '馬太福音', '列王紀下', '雅各書', '出埃及記', '馬可福音', '約伯記', '加拉太書', '哈巴谷書', '猶大書', '利未記', '路加福音', '歷代志下', '帖撒羅尼迦前書', '約拿書', '約翰二書', '彌迦書', '約翰三書']
) ON CONFLICT (id) DO NOTHING;

INSERT INTO public.reading_logs (user_id, plan_id, book, chapter, read_at)
VALUES
  ('3a3e9795-5c39-421f-a4c5-cd07625426ee', '9ebda4b2-3bce-4124-b136-31f5e46e3ad0', '創世記', 1, NOW() - INTERVAL '96 days'),
  ('3a3e9795-5c39-421f-a4c5-cd07625426ee', '9ebda4b2-3bce-4124-b136-31f5e46e3ad0', '創世記', 2, NOW() - INTERVAL '95 days'),
  ('3a3e9795-5c39-421f-a4c5-cd07625426ee', '9ebda4b2-3bce-4124-b136-31f5e46e3ad0', '創世記', 3, NOW() - INTERVAL '95 days'),
  ('3a3e9795-5c39-421f-a4c5-cd07625426ee', '9ebda4b2-3bce-4124-b136-31f5e46e3ad0', '創世記', 4, NOW() - INTERVAL '95 days'),
  ('3a3e9795-5c39-421f-a4c5-cd07625426ee', '9ebda4b2-3bce-4124-b136-31f5e46e3ad0', '創世記', 5, NOW() - INTERVAL '95 days'),
  ('3a3e9795-5c39-421f-a4c5-cd07625426ee', '9ebda4b2-3bce-4124-b136-31f5e46e3ad0', '創世記', 6, NOW() - INTERVAL '95 days'),
  ('3a3e9795-5c39-421f-a4c5-cd07625426ee', '9ebda4b2-3bce-4124-b136-31f5e46e3ad0', '創世記', 7, NOW() - INTERVAL '94 days'),
  ('3a3e9795-5c39-421f-a4c5-cd07625426ee', '9ebda4b2-3bce-4124-b136-31f5e46e3ad0', '創世記', 8, NOW() - INTERVAL '94 days'),
  ('3a3e9795-5c39-421f-a4c5-cd07625426ee', '9ebda4b2-3bce-4124-b136-31f5e46e3ad0', '創世記', 9, NOW() - INTERVAL '94 days'),
  ('3a3e9795-5c39-421f-a4c5-cd07625426ee', '9ebda4b2-3bce-4124-b136-31f5e46e3ad0', '創世記', 10, NOW() - INTERVAL '94 days'),
  ('3a3e9795-5c39-421f-a4c5-cd07625426ee', '9ebda4b2-3bce-4124-b136-31f5e46e3ad0', '創世記', 11, NOW() - INTERVAL '94 days'),
  ('3a3e9795-5c39-421f-a4c5-cd07625426ee', '9ebda4b2-3bce-4124-b136-31f5e46e3ad0', '創世記', 12, NOW() - INTERVAL '93 days'),
  ('3a3e9795-5c39-421f-a4c5-cd07625426ee', '9ebda4b2-3bce-4124-b136-31f5e46e3ad0', '創世記', 13, NOW() - INTERVAL '93 days'),
  ('3a3e9795-5c39-421f-a4c5-cd07625426ee', '9ebda4b2-3bce-4124-b136-31f5e46e3ad0', '創世記', 14, NOW() - INTERVAL '93 days'),
  ('3a3e9795-5c39-421f-a4c5-cd07625426ee', '9ebda4b2-3bce-4124-b136-31f5e46e3ad0', '創世記', 15, NOW() - INTERVAL '93 days'),
  ('3a3e9795-5c39-421f-a4c5-cd07625426ee', '9ebda4b2-3bce-4124-b136-31f5e46e3ad0', '創世記', 16, NOW() - INTERVAL '93 days'),
  ('3a3e9795-5c39-421f-a4c5-cd07625426ee', '9ebda4b2-3bce-4124-b136-31f5e46e3ad0', '創世記', 17, NOW() - INTERVAL '92 days'),
  ('3a3e9795-5c39-421f-a4c5-cd07625426ee', '9ebda4b2-3bce-4124-b136-31f5e46e3ad0', '創世記', 18, NOW() - INTERVAL '92 days'),
  ('3a3e9795-5c39-421f-a4c5-cd07625426ee', '9ebda4b2-3bce-4124-b136-31f5e46e3ad0', '創世記', 19, NOW() - INTERVAL '92 days'),
  ('3a3e9795-5c39-421f-a4c5-cd07625426ee', '9ebda4b2-3bce-4124-b136-31f5e46e3ad0', '創世記', 20, NOW() - INTERVAL '92 days'),
  ('3a3e9795-5c39-421f-a4c5-cd07625426ee', '9ebda4b2-3bce-4124-b136-31f5e46e3ad0', '創世記', 21, NOW() - INTERVAL '92 days'),
  ('3a3e9795-5c39-421f-a4c5-cd07625426ee', '9ebda4b2-3bce-4124-b136-31f5e46e3ad0', '創世記', 22, NOW() - INTERVAL '91 days'),
  ('3a3e9795-5c39-421f-a4c5-cd07625426ee', '9ebda4b2-3bce-4124-b136-31f5e46e3ad0', '創世記', 23, NOW() - INTERVAL '91 days'),
  ('3a3e9795-5c39-421f-a4c5-cd07625426ee', '9ebda4b2-3bce-4124-b136-31f5e46e3ad0', '創世記', 24, NOW() - INTERVAL '91 days'),
  ('3a3e9795-5c39-421f-a4c5-cd07625426ee', '9ebda4b2-3bce-4124-b136-31f5e46e3ad0', '創世記', 25, NOW() - INTERVAL '91 days'),
  ('3a3e9795-5c39-421f-a4c5-cd07625426ee', '9ebda4b2-3bce-4124-b136-31f5e46e3ad0', '創世記', 26, NOW() - INTERVAL '91 days'),
  ('3a3e9795-5c39-421f-a4c5-cd07625426ee', '9ebda4b2-3bce-4124-b136-31f5e46e3ad0', '創世記', 27, NOW() - INTERVAL '90 days'),
  ('3a3e9795-5c39-421f-a4c5-cd07625426ee', '9ebda4b2-3bce-4124-b136-31f5e46e3ad0', '創世記', 28, NOW() - INTERVAL '90 days'),
  ('3a3e9795-5c39-421f-a4c5-cd07625426ee', '9ebda4b2-3bce-4124-b136-31f5e46e3ad0', '創世記', 29, NOW() - INTERVAL '90 days'),
  ('3a3e9795-5c39-421f-a4c5-cd07625426ee', '9ebda4b2-3bce-4124-b136-31f5e46e3ad0', '創世記', 30, NOW() - INTERVAL '90 days'),
  ('3a3e9795-5c39-421f-a4c5-cd07625426ee', '9ebda4b2-3bce-4124-b136-31f5e46e3ad0', '創世記', 31, NOW() - INTERVAL '90 days'),
  ('3a3e9795-5c39-421f-a4c5-cd07625426ee', '9ebda4b2-3bce-4124-b136-31f5e46e3ad0', '創世記', 32, NOW() - INTERVAL '89 days'),
  ('3a3e9795-5c39-421f-a4c5-cd07625426ee', '9ebda4b2-3bce-4124-b136-31f5e46e3ad0', '創世記', 33, NOW() - INTERVAL '89 days'),
  ('3a3e9795-5c39-421f-a4c5-cd07625426ee', '9ebda4b2-3bce-4124-b136-31f5e46e3ad0', '創世記', 34, NOW() - INTERVAL '89 days'),
  ('3a3e9795-5c39-421f-a4c5-cd07625426ee', '9ebda4b2-3bce-4124-b136-31f5e46e3ad0', '創世記', 35, NOW() - INTERVAL '89 days'),
  ('3a3e9795-5c39-421f-a4c5-cd07625426ee', '9ebda4b2-3bce-4124-b136-31f5e46e3ad0', '創世記', 36, NOW() - INTERVAL '89 days'),
  ('3a3e9795-5c39-421f-a4c5-cd07625426ee', '9ebda4b2-3bce-4124-b136-31f5e46e3ad0', '創世記', 37, NOW() - INTERVAL '88 days'),
  ('3a3e9795-5c39-421f-a4c5-cd07625426ee', '9ebda4b2-3bce-4124-b136-31f5e46e3ad0', '創世記', 38, NOW() - INTERVAL '88 days'),
  ('3a3e9795-5c39-421f-a4c5-cd07625426ee', '9ebda4b2-3bce-4124-b136-31f5e46e3ad0', '創世記', 39, NOW() - INTERVAL '88 days'),
  ('3a3e9795-5c39-421f-a4c5-cd07625426ee', '9ebda4b2-3bce-4124-b136-31f5e46e3ad0', '創世記', 40, NOW() - INTERVAL '88 days'),
  ('3a3e9795-5c39-421f-a4c5-cd07625426ee', '9ebda4b2-3bce-4124-b136-31f5e46e3ad0', '創世記', 41, NOW() - INTERVAL '88 days'),
  ('3a3e9795-5c39-421f-a4c5-cd07625426ee', '9ebda4b2-3bce-4124-b136-31f5e46e3ad0', '創世記', 42, NOW() - INTERVAL '87 days'),
  ('3a3e9795-5c39-421f-a4c5-cd07625426ee', '9ebda4b2-3bce-4124-b136-31f5e46e3ad0', '創世記', 43, NOW() - INTERVAL '87 days'),
  ('3a3e9795-5c39-421f-a4c5-cd07625426ee', '9ebda4b2-3bce-4124-b136-31f5e46e3ad0', '創世記', 44, NOW() - INTERVAL '87 days'),
  ('3a3e9795-5c39-421f-a4c5-cd07625426ee', '9ebda4b2-3bce-4124-b136-31f5e46e3ad0', '創世記', 45, NOW() - INTERVAL '87 days'),
  ('3a3e9795-5c39-421f-a4c5-cd07625426ee', '9ebda4b2-3bce-4124-b136-31f5e46e3ad0', '創世記', 46, NOW() - INTERVAL '87 days'),
  ('3a3e9795-5c39-421f-a4c5-cd07625426ee', '9ebda4b2-3bce-4124-b136-31f5e46e3ad0', '創世記', 47, NOW() - INTERVAL '86 days'),
  ('3a3e9795-5c39-421f-a4c5-cd07625426ee', '9ebda4b2-3bce-4124-b136-31f5e46e3ad0', '創世記', 48, NOW() - INTERVAL '86 days'),
  ('3a3e9795-5c39-421f-a4c5-cd07625426ee', '9ebda4b2-3bce-4124-b136-31f5e46e3ad0', '創世記', 49, NOW() - INTERVAL '86 days'),
  ('3a3e9795-5c39-421f-a4c5-cd07625426ee', '9ebda4b2-3bce-4124-b136-31f5e46e3ad0', '創世記', 50, NOW() - INTERVAL '86 days'),
  ('3a3e9795-5c39-421f-a4c5-cd07625426ee', '9ebda4b2-3bce-4124-b136-31f5e46e3ad0', '馬太福音', 1, NOW() - INTERVAL '86 days'),
  ('3a3e9795-5c39-421f-a4c5-cd07625426ee', '9ebda4b2-3bce-4124-b136-31f5e46e3ad0', '馬太福音', 2, NOW() - INTERVAL '85 days'),
  ('3a3e9795-5c39-421f-a4c5-cd07625426ee', '9ebda4b2-3bce-4124-b136-31f5e46e3ad0', '馬太福音', 3, NOW() - INTERVAL '85 days'),
  ('3a3e9795-5c39-421f-a4c5-cd07625426ee', '9ebda4b2-3bce-4124-b136-31f5e46e3ad0', '馬太福音', 4, NOW() - INTERVAL '85 days'),
  ('3a3e9795-5c39-421f-a4c5-cd07625426ee', '9ebda4b2-3bce-4124-b136-31f5e46e3ad0', '馬太福音', 5, NOW() - INTERVAL '85 days'),
  ('3a3e9795-5c39-421f-a4c5-cd07625426ee', '9ebda4b2-3bce-4124-b136-31f5e46e3ad0', '馬太福音', 6, NOW() - INTERVAL '85 days'),
  ('3a3e9795-5c39-421f-a4c5-cd07625426ee', '9ebda4b2-3bce-4124-b136-31f5e46e3ad0', '馬太福音', 7, NOW() - INTERVAL '84 days'),
  ('3a3e9795-5c39-421f-a4c5-cd07625426ee', '9ebda4b2-3bce-4124-b136-31f5e46e3ad0', '馬太福音', 8, NOW() - INTERVAL '84 days'),
  ('3a3e9795-5c39-421f-a4c5-cd07625426ee', '9ebda4b2-3bce-4124-b136-31f5e46e3ad0', '馬太福音', 9, NOW() - INTERVAL '84 days'),
  ('3a3e9795-5c39-421f-a4c5-cd07625426ee', '9ebda4b2-3bce-4124-b136-31f5e46e3ad0', '馬太福音', 10, NOW() - INTERVAL '84 days'),
  ('3a3e9795-5c39-421f-a4c5-cd07625426ee', '9ebda4b2-3bce-4124-b136-31f5e46e3ad0', '馬太福音', 11, NOW() - INTERVAL '84 days'),
  ('3a3e9795-5c39-421f-a4c5-cd07625426ee', '9ebda4b2-3bce-4124-b136-31f5e46e3ad0', '馬太福音', 12, NOW() - INTERVAL '83 days'),
  ('3a3e9795-5c39-421f-a4c5-cd07625426ee', '9ebda4b2-3bce-4124-b136-31f5e46e3ad0', '馬太福音', 13, NOW() - INTERVAL '83 days'),
  ('3a3e9795-5c39-421f-a4c5-cd07625426ee', '9ebda4b2-3bce-4124-b136-31f5e46e3ad0', '馬太福音', 14, NOW() - INTERVAL '83 days'),
  ('3a3e9795-5c39-421f-a4c5-cd07625426ee', '9ebda4b2-3bce-4124-b136-31f5e46e3ad0', '馬太福音', 15, NOW() - INTERVAL '83 days'),
  ('3a3e9795-5c39-421f-a4c5-cd07625426ee', '9ebda4b2-3bce-4124-b136-31f5e46e3ad0', '馬太福音', 16, NOW() - INTERVAL '83 days'),
  ('3a3e9795-5c39-421f-a4c5-cd07625426ee', '9ebda4b2-3bce-4124-b136-31f5e46e3ad0', '馬太福音', 17, NOW() - INTERVAL '82 days'),
  ('3a3e9795-5c39-421f-a4c5-cd07625426ee', '9ebda4b2-3bce-4124-b136-31f5e46e3ad0', '馬太福音', 18, NOW() - INTERVAL '82 days'),
  ('3a3e9795-5c39-421f-a4c5-cd07625426ee', '9ebda4b2-3bce-4124-b136-31f5e46e3ad0', '馬太福音', 19, NOW() - INTERVAL '82 days'),
  ('3a3e9795-5c39-421f-a4c5-cd07625426ee', '9ebda4b2-3bce-4124-b136-31f5e46e3ad0', '馬太福音', 20, NOW() - INTERVAL '82 days'),
  ('3a3e9795-5c39-421f-a4c5-cd07625426ee', '9ebda4b2-3bce-4124-b136-31f5e46e3ad0', '馬太福音', 21, NOW() - INTERVAL '82 days'),
  ('3a3e9795-5c39-421f-a4c5-cd07625426ee', '9ebda4b2-3bce-4124-b136-31f5e46e3ad0', '馬太福音', 22, NOW() - INTERVAL '81 days'),
  ('3a3e9795-5c39-421f-a4c5-cd07625426ee', '9ebda4b2-3bce-4124-b136-31f5e46e3ad0', '馬太福音', 23, NOW() - INTERVAL '81 days'),
  ('3a3e9795-5c39-421f-a4c5-cd07625426ee', '9ebda4b2-3bce-4124-b136-31f5e46e3ad0', '馬太福音', 24, NOW() - INTERVAL '81 days'),
  ('3a3e9795-5c39-421f-a4c5-cd07625426ee', '9ebda4b2-3bce-4124-b136-31f5e46e3ad0', '馬太福音', 25, NOW() - INTERVAL '81 days'),
  ('3a3e9795-5c39-421f-a4c5-cd07625426ee', '9ebda4b2-3bce-4124-b136-31f5e46e3ad0', '馬太福音', 26, NOW() - INTERVAL '81 days'),
  ('3a3e9795-5c39-421f-a4c5-cd07625426ee', '9ebda4b2-3bce-4124-b136-31f5e46e3ad0', '馬太福音', 27, NOW() - INTERVAL '80 days'),
  ('3a3e9795-5c39-421f-a4c5-cd07625426ee', '9ebda4b2-3bce-4124-b136-31f5e46e3ad0', '馬太福音', 28, NOW() - INTERVAL '80 days'),
  ('3a3e9795-5c39-421f-a4c5-cd07625426ee', '9ebda4b2-3bce-4124-b136-31f5e46e3ad0', '列王紀下', 1, NOW() - INTERVAL '80 days'),
  ('3a3e9795-5c39-421f-a4c5-cd07625426ee', '9ebda4b2-3bce-4124-b136-31f5e46e3ad0', '列王紀下', 2, NOW() - INTERVAL '80 days'),
  ('3a3e9795-5c39-421f-a4c5-cd07625426ee', '9ebda4b2-3bce-4124-b136-31f5e46e3ad0', '列王紀下', 3, NOW() - INTERVAL '80 days'),
  ('3a3e9795-5c39-421f-a4c5-cd07625426ee', '9ebda4b2-3bce-4124-b136-31f5e46e3ad0', '列王紀下', 4, NOW() - INTERVAL '79 days'),
  ('3a3e9795-5c39-421f-a4c5-cd07625426ee', '9ebda4b2-3bce-4124-b136-31f5e46e3ad0', '列王紀下', 5, NOW() - INTERVAL '79 days'),
  ('3a3e9795-5c39-421f-a4c5-cd07625426ee', '9ebda4b2-3bce-4124-b136-31f5e46e3ad0', '列王紀下', 6, NOW() - INTERVAL '79 days'),
  ('3a3e9795-5c39-421f-a4c5-cd07625426ee', '9ebda4b2-3bce-4124-b136-31f5e46e3ad0', '列王紀下', 7, NOW() - INTERVAL '79 days'),
  ('3a3e9795-5c39-421f-a4c5-cd07625426ee', '9ebda4b2-3bce-4124-b136-31f5e46e3ad0', '列王紀下', 8, NOW() - INTERVAL '79 days'),
  ('3a3e9795-5c39-421f-a4c5-cd07625426ee', '9ebda4b2-3bce-4124-b136-31f5e46e3ad0', '列王紀下', 9, NOW() - INTERVAL '78 days'),
  ('3a3e9795-5c39-421f-a4c5-cd07625426ee', '9ebda4b2-3bce-4124-b136-31f5e46e3ad0', '列王紀下', 10, NOW() - INTERVAL '78 days'),
  ('3a3e9795-5c39-421f-a4c5-cd07625426ee', '9ebda4b2-3bce-4124-b136-31f5e46e3ad0', '列王紀下', 11, NOW() - INTERVAL '78 days'),
  ('3a3e9795-5c39-421f-a4c5-cd07625426ee', '9ebda4b2-3bce-4124-b136-31f5e46e3ad0', '列王紀下', 12, NOW() - INTERVAL '78 days'),
  ('3a3e9795-5c39-421f-a4c5-cd07625426ee', '9ebda4b2-3bce-4124-b136-31f5e46e3ad0', '列王紀下', 13, NOW() - INTERVAL '78 days'),
  ('3a3e9795-5c39-421f-a4c5-cd07625426ee', '9ebda4b2-3bce-4124-b136-31f5e46e3ad0', '列王紀下', 14, NOW() - INTERVAL '77 days'),
  ('3a3e9795-5c39-421f-a4c5-cd07625426ee', '9ebda4b2-3bce-4124-b136-31f5e46e3ad0', '列王紀下', 15, NOW() - INTERVAL '77 days'),
  ('3a3e9795-5c39-421f-a4c5-cd07625426ee', '9ebda4b2-3bce-4124-b136-31f5e46e3ad0', '列王紀下', 16, NOW() - INTERVAL '77 days'),
  ('3a3e9795-5c39-421f-a4c5-cd07625426ee', '9ebda4b2-3bce-4124-b136-31f5e46e3ad0', '列王紀下', 17, NOW() - INTERVAL '77 days'),
  ('3a3e9795-5c39-421f-a4c5-cd07625426ee', '9ebda4b2-3bce-4124-b136-31f5e46e3ad0', '列王紀下', 18, NOW() - INTERVAL '77 days'),
  ('3a3e9795-5c39-421f-a4c5-cd07625426ee', '9ebda4b2-3bce-4124-b136-31f5e46e3ad0', '列王紀下', 19, NOW() - INTERVAL '76 days'),
  ('3a3e9795-5c39-421f-a4c5-cd07625426ee', '9ebda4b2-3bce-4124-b136-31f5e46e3ad0', '列王紀下', 20, NOW() - INTERVAL '76 days'),
  ('3a3e9795-5c39-421f-a4c5-cd07625426ee', '9ebda4b2-3bce-4124-b136-31f5e46e3ad0', '列王紀下', 21, NOW() - INTERVAL '76 days'),
  ('3a3e9795-5c39-421f-a4c5-cd07625426ee', '9ebda4b2-3bce-4124-b136-31f5e46e3ad0', '列王紀下', 22, NOW() - INTERVAL '76 days'),
  ('3a3e9795-5c39-421f-a4c5-cd07625426ee', '9ebda4b2-3bce-4124-b136-31f5e46e3ad0', '列王紀下', 23, NOW() - INTERVAL '76 days'),
  ('3a3e9795-5c39-421f-a4c5-cd07625426ee', '9ebda4b2-3bce-4124-b136-31f5e46e3ad0', '列王紀下', 24, NOW() - INTERVAL '75 days'),
  ('3a3e9795-5c39-421f-a4c5-cd07625426ee', '9ebda4b2-3bce-4124-b136-31f5e46e3ad0', '列王紀下', 25, NOW() - INTERVAL '75 days'),
  ('3a3e9795-5c39-421f-a4c5-cd07625426ee', '9ebda4b2-3bce-4124-b136-31f5e46e3ad0', '雅各書', 1, NOW() - INTERVAL '75 days'),
  ('3a3e9795-5c39-421f-a4c5-cd07625426ee', '9ebda4b2-3bce-4124-b136-31f5e46e3ad0', '雅各書', 2, NOW() - INTERVAL '75 days'),
  ('3a3e9795-5c39-421f-a4c5-cd07625426ee', '9ebda4b2-3bce-4124-b136-31f5e46e3ad0', '雅各書', 3, NOW() - INTERVAL '75 days'),
  ('3a3e9795-5c39-421f-a4c5-cd07625426ee', '9ebda4b2-3bce-4124-b136-31f5e46e3ad0', '雅各書', 4, NOW() - INTERVAL '74 days'),
  ('3a3e9795-5c39-421f-a4c5-cd07625426ee', '9ebda4b2-3bce-4124-b136-31f5e46e3ad0', '雅各書', 5, NOW() - INTERVAL '74 days'),
  ('3a3e9795-5c39-421f-a4c5-cd07625426ee', '9ebda4b2-3bce-4124-b136-31f5e46e3ad0', '出埃及記', 1, NOW() - INTERVAL '74 days'),
  ('3a3e9795-5c39-421f-a4c5-cd07625426ee', '9ebda4b2-3bce-4124-b136-31f5e46e3ad0', '出埃及記', 2, NOW() - INTERVAL '74 days'),
  ('3a3e9795-5c39-421f-a4c5-cd07625426ee', '9ebda4b2-3bce-4124-b136-31f5e46e3ad0', '出埃及記', 3, NOW() - INTERVAL '74 days'),
  ('3a3e9795-5c39-421f-a4c5-cd07625426ee', '9ebda4b2-3bce-4124-b136-31f5e46e3ad0', '出埃及記', 4, NOW() - INTERVAL '73 days'),
  ('3a3e9795-5c39-421f-a4c5-cd07625426ee', '9ebda4b2-3bce-4124-b136-31f5e46e3ad0', '出埃及記', 5, NOW() - INTERVAL '73 days'),
  ('3a3e9795-5c39-421f-a4c5-cd07625426ee', '9ebda4b2-3bce-4124-b136-31f5e46e3ad0', '出埃及記', 6, NOW() - INTERVAL '73 days'),
  ('3a3e9795-5c39-421f-a4c5-cd07625426ee', '9ebda4b2-3bce-4124-b136-31f5e46e3ad0', '出埃及記', 7, NOW() - INTERVAL '73 days'),
  ('3a3e9795-5c39-421f-a4c5-cd07625426ee', '9ebda4b2-3bce-4124-b136-31f5e46e3ad0', '出埃及記', 8, NOW() - INTERVAL '73 days'),
  ('3a3e9795-5c39-421f-a4c5-cd07625426ee', '9ebda4b2-3bce-4124-b136-31f5e46e3ad0', '出埃及記', 9, NOW() - INTERVAL '72 days'),
  ('3a3e9795-5c39-421f-a4c5-cd07625426ee', '9ebda4b2-3bce-4124-b136-31f5e46e3ad0', '出埃及記', 10, NOW() - INTERVAL '72 days'),
  ('3a3e9795-5c39-421f-a4c5-cd07625426ee', '9ebda4b2-3bce-4124-b136-31f5e46e3ad0', '出埃及記', 11, NOW() - INTERVAL '72 days'),
  ('3a3e9795-5c39-421f-a4c5-cd07625426ee', '9ebda4b2-3bce-4124-b136-31f5e46e3ad0', '出埃及記', 12, NOW() - INTERVAL '72 days'),
  ('3a3e9795-5c39-421f-a4c5-cd07625426ee', '9ebda4b2-3bce-4124-b136-31f5e46e3ad0', '出埃及記', 13, NOW() - INTERVAL '72 days'),
  ('3a3e9795-5c39-421f-a4c5-cd07625426ee', '9ebda4b2-3bce-4124-b136-31f5e46e3ad0', '出埃及記', 14, NOW() - INTERVAL '71 days'),
  ('3a3e9795-5c39-421f-a4c5-cd07625426ee', '9ebda4b2-3bce-4124-b136-31f5e46e3ad0', '出埃及記', 15, NOW() - INTERVAL '71 days'),
  ('3a3e9795-5c39-421f-a4c5-cd07625426ee', '9ebda4b2-3bce-4124-b136-31f5e46e3ad0', '出埃及記', 16, NOW() - INTERVAL '71 days'),
  ('3a3e9795-5c39-421f-a4c5-cd07625426ee', '9ebda4b2-3bce-4124-b136-31f5e46e3ad0', '出埃及記', 17, NOW() - INTERVAL '71 days'),
  ('3a3e9795-5c39-421f-a4c5-cd07625426ee', '9ebda4b2-3bce-4124-b136-31f5e46e3ad0', '出埃及記', 18, NOW() - INTERVAL '71 days'),
  ('3a3e9795-5c39-421f-a4c5-cd07625426ee', '9ebda4b2-3bce-4124-b136-31f5e46e3ad0', '出埃及記', 19, NOW() - INTERVAL '70 days'),
  ('3a3e9795-5c39-421f-a4c5-cd07625426ee', '9ebda4b2-3bce-4124-b136-31f5e46e3ad0', '出埃及記', 20, NOW() - INTERVAL '70 days'),
  ('3a3e9795-5c39-421f-a4c5-cd07625426ee', '9ebda4b2-3bce-4124-b136-31f5e46e3ad0', '出埃及記', 21, NOW() - INTERVAL '70 days'),
  ('3a3e9795-5c39-421f-a4c5-cd07625426ee', '9ebda4b2-3bce-4124-b136-31f5e46e3ad0', '出埃及記', 22, NOW() - INTERVAL '70 days'),
  ('3a3e9795-5c39-421f-a4c5-cd07625426ee', '9ebda4b2-3bce-4124-b136-31f5e46e3ad0', '出埃及記', 23, NOW() - INTERVAL '70 days'),
  ('3a3e9795-5c39-421f-a4c5-cd07625426ee', '9ebda4b2-3bce-4124-b136-31f5e46e3ad0', '出埃及記', 24, NOW() - INTERVAL '69 days'),
  ('3a3e9795-5c39-421f-a4c5-cd07625426ee', '9ebda4b2-3bce-4124-b136-31f5e46e3ad0', '出埃及記', 25, NOW() - INTERVAL '69 days'),
  ('3a3e9795-5c39-421f-a4c5-cd07625426ee', '9ebda4b2-3bce-4124-b136-31f5e46e3ad0', '出埃及記', 26, NOW() - INTERVAL '69 days'),
  ('3a3e9795-5c39-421f-a4c5-cd07625426ee', '9ebda4b2-3bce-4124-b136-31f5e46e3ad0', '出埃及記', 27, NOW() - INTERVAL '69 days'),
  ('3a3e9795-5c39-421f-a4c5-cd07625426ee', '9ebda4b2-3bce-4124-b136-31f5e46e3ad0', '出埃及記', 28, NOW() - INTERVAL '69 days'),
  ('3a3e9795-5c39-421f-a4c5-cd07625426ee', '9ebda4b2-3bce-4124-b136-31f5e46e3ad0', '出埃及記', 29, NOW() - INTERVAL '68 days'),
  ('3a3e9795-5c39-421f-a4c5-cd07625426ee', '9ebda4b2-3bce-4124-b136-31f5e46e3ad0', '出埃及記', 30, NOW() - INTERVAL '68 days'),
  ('3a3e9795-5c39-421f-a4c5-cd07625426ee', '9ebda4b2-3bce-4124-b136-31f5e46e3ad0', '出埃及記', 31, NOW() - INTERVAL '68 days'),
  ('3a3e9795-5c39-421f-a4c5-cd07625426ee', '9ebda4b2-3bce-4124-b136-31f5e46e3ad0', '出埃及記', 32, NOW() - INTERVAL '68 days'),
  ('3a3e9795-5c39-421f-a4c5-cd07625426ee', '9ebda4b2-3bce-4124-b136-31f5e46e3ad0', '出埃及記', 33, NOW() - INTERVAL '68 days'),
  ('3a3e9795-5c39-421f-a4c5-cd07625426ee', '9ebda4b2-3bce-4124-b136-31f5e46e3ad0', '出埃及記', 34, NOW() - INTERVAL '67 days'),
  ('3a3e9795-5c39-421f-a4c5-cd07625426ee', '9ebda4b2-3bce-4124-b136-31f5e46e3ad0', '出埃及記', 35, NOW() - INTERVAL '67 days'),
  ('3a3e9795-5c39-421f-a4c5-cd07625426ee', '9ebda4b2-3bce-4124-b136-31f5e46e3ad0', '出埃及記', 36, NOW() - INTERVAL '67 days'),
  ('3a3e9795-5c39-421f-a4c5-cd07625426ee', '9ebda4b2-3bce-4124-b136-31f5e46e3ad0', '出埃及記', 37, NOW() - INTERVAL '67 days'),
  ('3a3e9795-5c39-421f-a4c5-cd07625426ee', '9ebda4b2-3bce-4124-b136-31f5e46e3ad0', '出埃及記', 38, NOW() - INTERVAL '67 days'),
  ('3a3e9795-5c39-421f-a4c5-cd07625426ee', '9ebda4b2-3bce-4124-b136-31f5e46e3ad0', '出埃及記', 39, NOW() - INTERVAL '66 days'),
  ('3a3e9795-5c39-421f-a4c5-cd07625426ee', '9ebda4b2-3bce-4124-b136-31f5e46e3ad0', '出埃及記', 40, NOW() - INTERVAL '66 days'),
  ('3a3e9795-5c39-421f-a4c5-cd07625426ee', '9ebda4b2-3bce-4124-b136-31f5e46e3ad0', '馬可福音', 1, NOW() - INTERVAL '66 days'),
  ('3a3e9795-5c39-421f-a4c5-cd07625426ee', '9ebda4b2-3bce-4124-b136-31f5e46e3ad0', '馬可福音', 2, NOW() - INTERVAL '66 days'),
  ('3a3e9795-5c39-421f-a4c5-cd07625426ee', '9ebda4b2-3bce-4124-b136-31f5e46e3ad0', '馬可福音', 3, NOW() - INTERVAL '66 days'),
  ('3a3e9795-5c39-421f-a4c5-cd07625426ee', '9ebda4b2-3bce-4124-b136-31f5e46e3ad0', '馬可福音', 4, NOW() - INTERVAL '65 days'),
  ('3a3e9795-5c39-421f-a4c5-cd07625426ee', '9ebda4b2-3bce-4124-b136-31f5e46e3ad0', '馬可福音', 5, NOW() - INTERVAL '65 days'),
  ('3a3e9795-5c39-421f-a4c5-cd07625426ee', '9ebda4b2-3bce-4124-b136-31f5e46e3ad0', '馬可福音', 6, NOW() - INTERVAL '65 days'),
  ('3a3e9795-5c39-421f-a4c5-cd07625426ee', '9ebda4b2-3bce-4124-b136-31f5e46e3ad0', '馬可福音', 7, NOW() - INTERVAL '65 days'),
  ('3a3e9795-5c39-421f-a4c5-cd07625426ee', '9ebda4b2-3bce-4124-b136-31f5e46e3ad0', '馬可福音', 8, NOW() - INTERVAL '65 days'),
  ('3a3e9795-5c39-421f-a4c5-cd07625426ee', '9ebda4b2-3bce-4124-b136-31f5e46e3ad0', '馬可福音', 9, NOW() - INTERVAL '64 days'),
  ('3a3e9795-5c39-421f-a4c5-cd07625426ee', '9ebda4b2-3bce-4124-b136-31f5e46e3ad0', '馬可福音', 10, NOW() - INTERVAL '64 days'),
  ('3a3e9795-5c39-421f-a4c5-cd07625426ee', '9ebda4b2-3bce-4124-b136-31f5e46e3ad0', '馬可福音', 11, NOW() - INTERVAL '64 days'),
  ('3a3e9795-5c39-421f-a4c5-cd07625426ee', '9ebda4b2-3bce-4124-b136-31f5e46e3ad0', '馬可福音', 12, NOW() - INTERVAL '64 days'),
  ('3a3e9795-5c39-421f-a4c5-cd07625426ee', '9ebda4b2-3bce-4124-b136-31f5e46e3ad0', '馬可福音', 13, NOW() - INTERVAL '64 days'),
  ('3a3e9795-5c39-421f-a4c5-cd07625426ee', '9ebda4b2-3bce-4124-b136-31f5e46e3ad0', '馬可福音', 14, NOW() - INTERVAL '63 days'),
  ('3a3e9795-5c39-421f-a4c5-cd07625426ee', '9ebda4b2-3bce-4124-b136-31f5e46e3ad0', '馬可福音', 15, NOW() - INTERVAL '63 days'),
  ('3a3e9795-5c39-421f-a4c5-cd07625426ee', '9ebda4b2-3bce-4124-b136-31f5e46e3ad0', '馬可福音', 16, NOW() - INTERVAL '63 days'),
  ('3a3e9795-5c39-421f-a4c5-cd07625426ee', '9ebda4b2-3bce-4124-b136-31f5e46e3ad0', '約伯記', 1, NOW() - INTERVAL '63 days'),
  ('3a3e9795-5c39-421f-a4c5-cd07625426ee', '9ebda4b2-3bce-4124-b136-31f5e46e3ad0', '約伯記', 2, NOW() - INTERVAL '63 days'),
  ('3a3e9795-5c39-421f-a4c5-cd07625426ee', '9ebda4b2-3bce-4124-b136-31f5e46e3ad0', '約伯記', 3, NOW() - INTERVAL '62 days'),
  ('3a3e9795-5c39-421f-a4c5-cd07625426ee', '9ebda4b2-3bce-4124-b136-31f5e46e3ad0', '約伯記', 4, NOW() - INTERVAL '62 days'),
  ('3a3e9795-5c39-421f-a4c5-cd07625426ee', '9ebda4b2-3bce-4124-b136-31f5e46e3ad0', '約伯記', 5, NOW() - INTERVAL '62 days'),
  ('3a3e9795-5c39-421f-a4c5-cd07625426ee', '9ebda4b2-3bce-4124-b136-31f5e46e3ad0', '約伯記', 6, NOW() - INTERVAL '62 days'),
  ('3a3e9795-5c39-421f-a4c5-cd07625426ee', '9ebda4b2-3bce-4124-b136-31f5e46e3ad0', '約伯記', 7, NOW() - INTERVAL '62 days'),
  ('3a3e9795-5c39-421f-a4c5-cd07625426ee', '9ebda4b2-3bce-4124-b136-31f5e46e3ad0', '約伯記', 8, NOW() - INTERVAL '61 days'),
  ('3a3e9795-5c39-421f-a4c5-cd07625426ee', '9ebda4b2-3bce-4124-b136-31f5e46e3ad0', '約伯記', 9, NOW() - INTERVAL '61 days'),
  ('3a3e9795-5c39-421f-a4c5-cd07625426ee', '9ebda4b2-3bce-4124-b136-31f5e46e3ad0', '約伯記', 10, NOW() - INTERVAL '61 days'),
  ('3a3e9795-5c39-421f-a4c5-cd07625426ee', '9ebda4b2-3bce-4124-b136-31f5e46e3ad0', '約伯記', 11, NOW() - INTERVAL '61 days'),
  ('3a3e9795-5c39-421f-a4c5-cd07625426ee', '9ebda4b2-3bce-4124-b136-31f5e46e3ad0', '約伯記', 12, NOW() - INTERVAL '61 days'),
  ('3a3e9795-5c39-421f-a4c5-cd07625426ee', '9ebda4b2-3bce-4124-b136-31f5e46e3ad0', '約伯記', 13, NOW() - INTERVAL '60 days'),
  ('3a3e9795-5c39-421f-a4c5-cd07625426ee', '9ebda4b2-3bce-4124-b136-31f5e46e3ad0', '約伯記', 14, NOW() - INTERVAL '60 days'),
  ('3a3e9795-5c39-421f-a4c5-cd07625426ee', '9ebda4b2-3bce-4124-b136-31f5e46e3ad0', '約伯記', 15, NOW() - INTERVAL '60 days'),
  ('3a3e9795-5c39-421f-a4c5-cd07625426ee', '9ebda4b2-3bce-4124-b136-31f5e46e3ad0', '約伯記', 16, NOW() - INTERVAL '60 days'),
  ('3a3e9795-5c39-421f-a4c5-cd07625426ee', '9ebda4b2-3bce-4124-b136-31f5e46e3ad0', '約伯記', 17, NOW() - INTERVAL '60 days'),
  ('3a3e9795-5c39-421f-a4c5-cd07625426ee', '9ebda4b2-3bce-4124-b136-31f5e46e3ad0', '約伯記', 18, NOW() - INTERVAL '59 days'),
  ('3a3e9795-5c39-421f-a4c5-cd07625426ee', '9ebda4b2-3bce-4124-b136-31f5e46e3ad0', '約伯記', 19, NOW() - INTERVAL '59 days'),
  ('3a3e9795-5c39-421f-a4c5-cd07625426ee', '9ebda4b2-3bce-4124-b136-31f5e46e3ad0', '約伯記', 20, NOW() - INTERVAL '59 days'),
  ('3a3e9795-5c39-421f-a4c5-cd07625426ee', '9ebda4b2-3bce-4124-b136-31f5e46e3ad0', '約伯記', 21, NOW() - INTERVAL '59 days'),
  ('3a3e9795-5c39-421f-a4c5-cd07625426ee', '9ebda4b2-3bce-4124-b136-31f5e46e3ad0', '約伯記', 22, NOW() - INTERVAL '59 days'),
  ('3a3e9795-5c39-421f-a4c5-cd07625426ee', '9ebda4b2-3bce-4124-b136-31f5e46e3ad0', '約伯記', 23, NOW() - INTERVAL '58 days'),
  ('3a3e9795-5c39-421f-a4c5-cd07625426ee', '9ebda4b2-3bce-4124-b136-31f5e46e3ad0', '約伯記', 24, NOW() - INTERVAL '58 days'),
  ('3a3e9795-5c39-421f-a4c5-cd07625426ee', '9ebda4b2-3bce-4124-b136-31f5e46e3ad0', '約伯記', 25, NOW() - INTERVAL '58 days'),
  ('3a3e9795-5c39-421f-a4c5-cd07625426ee', '9ebda4b2-3bce-4124-b136-31f5e46e3ad0', '約伯記', 26, NOW() - INTERVAL '58 days'),
  ('3a3e9795-5c39-421f-a4c5-cd07625426ee', '9ebda4b2-3bce-4124-b136-31f5e46e3ad0', '約伯記', 27, NOW() - INTERVAL '58 days'),
  ('3a3e9795-5c39-421f-a4c5-cd07625426ee', '9ebda4b2-3bce-4124-b136-31f5e46e3ad0', '約伯記', 28, NOW() - INTERVAL '57 days'),
  ('3a3e9795-5c39-421f-a4c5-cd07625426ee', '9ebda4b2-3bce-4124-b136-31f5e46e3ad0', '約伯記', 29, NOW() - INTERVAL '57 days'),
  ('3a3e9795-5c39-421f-a4c5-cd07625426ee', '9ebda4b2-3bce-4124-b136-31f5e46e3ad0', '約伯記', 30, NOW() - INTERVAL '57 days'),
  ('3a3e9795-5c39-421f-a4c5-cd07625426ee', '9ebda4b2-3bce-4124-b136-31f5e46e3ad0', '約伯記', 31, NOW() - INTERVAL '57 days'),
  ('3a3e9795-5c39-421f-a4c5-cd07625426ee', '9ebda4b2-3bce-4124-b136-31f5e46e3ad0', '約伯記', 32, NOW() - INTERVAL '57 days'),
  ('3a3e9795-5c39-421f-a4c5-cd07625426ee', '9ebda4b2-3bce-4124-b136-31f5e46e3ad0', '約伯記', 33, NOW() - INTERVAL '56 days'),
  ('3a3e9795-5c39-421f-a4c5-cd07625426ee', '9ebda4b2-3bce-4124-b136-31f5e46e3ad0', '約伯記', 34, NOW() - INTERVAL '56 days'),
  ('3a3e9795-5c39-421f-a4c5-cd07625426ee', '9ebda4b2-3bce-4124-b136-31f5e46e3ad0', '約伯記', 35, NOW() - INTERVAL '56 days'),
  ('3a3e9795-5c39-421f-a4c5-cd07625426ee', '9ebda4b2-3bce-4124-b136-31f5e46e3ad0', '約伯記', 36, NOW() - INTERVAL '56 days'),
  ('3a3e9795-5c39-421f-a4c5-cd07625426ee', '9ebda4b2-3bce-4124-b136-31f5e46e3ad0', '約伯記', 37, NOW() - INTERVAL '56 days'),
  ('3a3e9795-5c39-421f-a4c5-cd07625426ee', '9ebda4b2-3bce-4124-b136-31f5e46e3ad0', '約伯記', 38, NOW() - INTERVAL '55 days'),
  ('3a3e9795-5c39-421f-a4c5-cd07625426ee', '9ebda4b2-3bce-4124-b136-31f5e46e3ad0', '約伯記', 39, NOW() - INTERVAL '55 days'),
  ('3a3e9795-5c39-421f-a4c5-cd07625426ee', '9ebda4b2-3bce-4124-b136-31f5e46e3ad0', '約伯記', 40, NOW() - INTERVAL '55 days'),
  ('3a3e9795-5c39-421f-a4c5-cd07625426ee', '9ebda4b2-3bce-4124-b136-31f5e46e3ad0', '約伯記', 41, NOW() - INTERVAL '55 days'),
  ('3a3e9795-5c39-421f-a4c5-cd07625426ee', '9ebda4b2-3bce-4124-b136-31f5e46e3ad0', '約伯記', 42, NOW() - INTERVAL '55 days'),
  ('3a3e9795-5c39-421f-a4c5-cd07625426ee', '9ebda4b2-3bce-4124-b136-31f5e46e3ad0', '加拉太書', 1, NOW() - INTERVAL '54 days'),
  ('3a3e9795-5c39-421f-a4c5-cd07625426ee', '9ebda4b2-3bce-4124-b136-31f5e46e3ad0', '加拉太書', 2, NOW() - INTERVAL '54 days'),
  ('3a3e9795-5c39-421f-a4c5-cd07625426ee', '9ebda4b2-3bce-4124-b136-31f5e46e3ad0', '加拉太書', 3, NOW() - INTERVAL '54 days'),
  ('3a3e9795-5c39-421f-a4c5-cd07625426ee', '9ebda4b2-3bce-4124-b136-31f5e46e3ad0', '加拉太書', 4, NOW() - INTERVAL '54 days'),
  ('3a3e9795-5c39-421f-a4c5-cd07625426ee', '9ebda4b2-3bce-4124-b136-31f5e46e3ad0', '加拉太書', 5, NOW() - INTERVAL '54 days'),
  ('3a3e9795-5c39-421f-a4c5-cd07625426ee', '9ebda4b2-3bce-4124-b136-31f5e46e3ad0', '加拉太書', 6, NOW() - INTERVAL '53 days'),
  ('3a3e9795-5c39-421f-a4c5-cd07625426ee', '9ebda4b2-3bce-4124-b136-31f5e46e3ad0', '哈巴谷書', 1, NOW() - INTERVAL '53 days'),
  ('3a3e9795-5c39-421f-a4c5-cd07625426ee', '9ebda4b2-3bce-4124-b136-31f5e46e3ad0', '哈巴谷書', 2, NOW() - INTERVAL '53 days'),
  ('3a3e9795-5c39-421f-a4c5-cd07625426ee', '9ebda4b2-3bce-4124-b136-31f5e46e3ad0', '哈巴谷書', 3, NOW() - INTERVAL '53 days'),
  ('3a3e9795-5c39-421f-a4c5-cd07625426ee', '9ebda4b2-3bce-4124-b136-31f5e46e3ad0', '猶大書', 1, NOW() - INTERVAL '53 days'),
  ('3a3e9795-5c39-421f-a4c5-cd07625426ee', '9ebda4b2-3bce-4124-b136-31f5e46e3ad0', '利未記', 1, NOW() - INTERVAL '52 days'),
  ('3a3e9795-5c39-421f-a4c5-cd07625426ee', '9ebda4b2-3bce-4124-b136-31f5e46e3ad0', '利未記', 2, NOW() - INTERVAL '52 days'),
  ('3a3e9795-5c39-421f-a4c5-cd07625426ee', '9ebda4b2-3bce-4124-b136-31f5e46e3ad0', '利未記', 3, NOW() - INTERVAL '52 days'),
  ('3a3e9795-5c39-421f-a4c5-cd07625426ee', '9ebda4b2-3bce-4124-b136-31f5e46e3ad0', '利未記', 4, NOW() - INTERVAL '52 days'),
  ('3a3e9795-5c39-421f-a4c5-cd07625426ee', '9ebda4b2-3bce-4124-b136-31f5e46e3ad0', '利未記', 5, NOW() - INTERVAL '52 days'),
  ('3a3e9795-5c39-421f-a4c5-cd07625426ee', '9ebda4b2-3bce-4124-b136-31f5e46e3ad0', '利未記', 6, NOW() - INTERVAL '51 days'),
  ('3a3e9795-5c39-421f-a4c5-cd07625426ee', '9ebda4b2-3bce-4124-b136-31f5e46e3ad0', '利未記', 7, NOW() - INTERVAL '51 days'),
  ('3a3e9795-5c39-421f-a4c5-cd07625426ee', '9ebda4b2-3bce-4124-b136-31f5e46e3ad0', '利未記', 8, NOW() - INTERVAL '51 days'),
  ('3a3e9795-5c39-421f-a4c5-cd07625426ee', '9ebda4b2-3bce-4124-b136-31f5e46e3ad0', '利未記', 9, NOW() - INTERVAL '51 days'),
  ('3a3e9795-5c39-421f-a4c5-cd07625426ee', '9ebda4b2-3bce-4124-b136-31f5e46e3ad0', '利未記', 10, NOW() - INTERVAL '51 days'),
  ('3a3e9795-5c39-421f-a4c5-cd07625426ee', '9ebda4b2-3bce-4124-b136-31f5e46e3ad0', '利未記', 11, NOW() - INTERVAL '50 days'),
  ('3a3e9795-5c39-421f-a4c5-cd07625426ee', '9ebda4b2-3bce-4124-b136-31f5e46e3ad0', '利未記', 12, NOW() - INTERVAL '50 days'),
  ('3a3e9795-5c39-421f-a4c5-cd07625426ee', '9ebda4b2-3bce-4124-b136-31f5e46e3ad0', '利未記', 13, NOW() - INTERVAL '50 days'),
  ('3a3e9795-5c39-421f-a4c5-cd07625426ee', '9ebda4b2-3bce-4124-b136-31f5e46e3ad0', '利未記', 14, NOW() - INTERVAL '50 days'),
  ('3a3e9795-5c39-421f-a4c5-cd07625426ee', '9ebda4b2-3bce-4124-b136-31f5e46e3ad0', '利未記', 15, NOW() - INTERVAL '50 days'),
  ('3a3e9795-5c39-421f-a4c5-cd07625426ee', '9ebda4b2-3bce-4124-b136-31f5e46e3ad0', '利未記', 16, NOW() - INTERVAL '49 days'),
  ('3a3e9795-5c39-421f-a4c5-cd07625426ee', '9ebda4b2-3bce-4124-b136-31f5e46e3ad0', '利未記', 17, NOW() - INTERVAL '49 days'),
  ('3a3e9795-5c39-421f-a4c5-cd07625426ee', '9ebda4b2-3bce-4124-b136-31f5e46e3ad0', '利未記', 18, NOW() - INTERVAL '49 days'),
  ('3a3e9795-5c39-421f-a4c5-cd07625426ee', '9ebda4b2-3bce-4124-b136-31f5e46e3ad0', '利未記', 19, NOW() - INTERVAL '49 days'),
  ('3a3e9795-5c39-421f-a4c5-cd07625426ee', '9ebda4b2-3bce-4124-b136-31f5e46e3ad0', '利未記', 20, NOW() - INTERVAL '49 days'),
  ('3a3e9795-5c39-421f-a4c5-cd07625426ee', '9ebda4b2-3bce-4124-b136-31f5e46e3ad0', '利未記', 21, NOW() - INTERVAL '48 days'),
  ('3a3e9795-5c39-421f-a4c5-cd07625426ee', '9ebda4b2-3bce-4124-b136-31f5e46e3ad0', '利未記', 22, NOW() - INTERVAL '48 days'),
  ('3a3e9795-5c39-421f-a4c5-cd07625426ee', '9ebda4b2-3bce-4124-b136-31f5e46e3ad0', '利未記', 23, NOW() - INTERVAL '48 days'),
  ('3a3e9795-5c39-421f-a4c5-cd07625426ee', '9ebda4b2-3bce-4124-b136-31f5e46e3ad0', '利未記', 24, NOW() - INTERVAL '48 days'),
  ('3a3e9795-5c39-421f-a4c5-cd07625426ee', '9ebda4b2-3bce-4124-b136-31f5e46e3ad0', '利未記', 25, NOW() - INTERVAL '48 days'),
  ('3a3e9795-5c39-421f-a4c5-cd07625426ee', '9ebda4b2-3bce-4124-b136-31f5e46e3ad0', '利未記', 26, NOW() - INTERVAL '47 days'),
  ('3a3e9795-5c39-421f-a4c5-cd07625426ee', '9ebda4b2-3bce-4124-b136-31f5e46e3ad0', '利未記', 27, NOW() - INTERVAL '47 days'),
  ('3a3e9795-5c39-421f-a4c5-cd07625426ee', '9ebda4b2-3bce-4124-b136-31f5e46e3ad0', '路加福音', 1, NOW() - INTERVAL '47 days'),
  ('3a3e9795-5c39-421f-a4c5-cd07625426ee', '9ebda4b2-3bce-4124-b136-31f5e46e3ad0', '路加福音', 2, NOW() - INTERVAL '47 days'),
  ('3a3e9795-5c39-421f-a4c5-cd07625426ee', '9ebda4b2-3bce-4124-b136-31f5e46e3ad0', '路加福音', 3, NOW() - INTERVAL '47 days'),
  ('3a3e9795-5c39-421f-a4c5-cd07625426ee', '9ebda4b2-3bce-4124-b136-31f5e46e3ad0', '路加福音', 4, NOW() - INTERVAL '46 days'),
  ('3a3e9795-5c39-421f-a4c5-cd07625426ee', '9ebda4b2-3bce-4124-b136-31f5e46e3ad0', '路加福音', 5, NOW() - INTERVAL '46 days'),
  ('3a3e9795-5c39-421f-a4c5-cd07625426ee', '9ebda4b2-3bce-4124-b136-31f5e46e3ad0', '路加福音', 6, NOW() - INTERVAL '46 days'),
  ('3a3e9795-5c39-421f-a4c5-cd07625426ee', '9ebda4b2-3bce-4124-b136-31f5e46e3ad0', '路加福音', 7, NOW() - INTERVAL '46 days'),
  ('3a3e9795-5c39-421f-a4c5-cd07625426ee', '9ebda4b2-3bce-4124-b136-31f5e46e3ad0', '路加福音', 8, NOW() - INTERVAL '46 days'),
  ('3a3e9795-5c39-421f-a4c5-cd07625426ee', '9ebda4b2-3bce-4124-b136-31f5e46e3ad0', '路加福音', 9, NOW() - INTERVAL '45 days'),
  ('3a3e9795-5c39-421f-a4c5-cd07625426ee', '9ebda4b2-3bce-4124-b136-31f5e46e3ad0', '路加福音', 10, NOW() - INTERVAL '45 days'),
  ('3a3e9795-5c39-421f-a4c5-cd07625426ee', '9ebda4b2-3bce-4124-b136-31f5e46e3ad0', '路加福音', 11, NOW() - INTERVAL '45 days'),
  ('3a3e9795-5c39-421f-a4c5-cd07625426ee', '9ebda4b2-3bce-4124-b136-31f5e46e3ad0', '路加福音', 12, NOW() - INTERVAL '45 days'),
  ('3a3e9795-5c39-421f-a4c5-cd07625426ee', '9ebda4b2-3bce-4124-b136-31f5e46e3ad0', '路加福音', 13, NOW() - INTERVAL '45 days'),
  ('3a3e9795-5c39-421f-a4c5-cd07625426ee', '9ebda4b2-3bce-4124-b136-31f5e46e3ad0', '路加福音', 14, NOW() - INTERVAL '44 days'),
  ('3a3e9795-5c39-421f-a4c5-cd07625426ee', '9ebda4b2-3bce-4124-b136-31f5e46e3ad0', '路加福音', 15, NOW() - INTERVAL '44 days'),
  ('3a3e9795-5c39-421f-a4c5-cd07625426ee', '9ebda4b2-3bce-4124-b136-31f5e46e3ad0', '路加福音', 16, NOW() - INTERVAL '44 days'),
  ('3a3e9795-5c39-421f-a4c5-cd07625426ee', '9ebda4b2-3bce-4124-b136-31f5e46e3ad0', '路加福音', 17, NOW() - INTERVAL '44 days'),
  ('3a3e9795-5c39-421f-a4c5-cd07625426ee', '9ebda4b2-3bce-4124-b136-31f5e46e3ad0', '路加福音', 18, NOW() - INTERVAL '44 days'),
  ('3a3e9795-5c39-421f-a4c5-cd07625426ee', '9ebda4b2-3bce-4124-b136-31f5e46e3ad0', '路加福音', 19, NOW() - INTERVAL '43 days'),
  ('3a3e9795-5c39-421f-a4c5-cd07625426ee', '9ebda4b2-3bce-4124-b136-31f5e46e3ad0', '路加福音', 20, NOW() - INTERVAL '43 days'),
  ('3a3e9795-5c39-421f-a4c5-cd07625426ee', '9ebda4b2-3bce-4124-b136-31f5e46e3ad0', '路加福音', 21, NOW() - INTERVAL '43 days'),
  ('3a3e9795-5c39-421f-a4c5-cd07625426ee', '9ebda4b2-3bce-4124-b136-31f5e46e3ad0', '路加福音', 22, NOW() - INTERVAL '43 days'),
  ('3a3e9795-5c39-421f-a4c5-cd07625426ee', '9ebda4b2-3bce-4124-b136-31f5e46e3ad0', '路加福音', 23, NOW() - INTERVAL '43 days'),
  ('3a3e9795-5c39-421f-a4c5-cd07625426ee', '9ebda4b2-3bce-4124-b136-31f5e46e3ad0', '路加福音', 24, NOW() - INTERVAL '42 days'),
  ('3a3e9795-5c39-421f-a4c5-cd07625426ee', '9ebda4b2-3bce-4124-b136-31f5e46e3ad0', '歷代志下', 1, NOW() - INTERVAL '42 days'),
  ('3a3e9795-5c39-421f-a4c5-cd07625426ee', '9ebda4b2-3bce-4124-b136-31f5e46e3ad0', '歷代志下', 2, NOW() - INTERVAL '42 days'),
  ('3a3e9795-5c39-421f-a4c5-cd07625426ee', '9ebda4b2-3bce-4124-b136-31f5e46e3ad0', '歷代志下', 3, NOW() - INTERVAL '42 days'),
  ('3a3e9795-5c39-421f-a4c5-cd07625426ee', '9ebda4b2-3bce-4124-b136-31f5e46e3ad0', '歷代志下', 4, NOW() - INTERVAL '42 days'),
  ('3a3e9795-5c39-421f-a4c5-cd07625426ee', '9ebda4b2-3bce-4124-b136-31f5e46e3ad0', '歷代志下', 5, NOW() - INTERVAL '41 days'),
  ('3a3e9795-5c39-421f-a4c5-cd07625426ee', '9ebda4b2-3bce-4124-b136-31f5e46e3ad0', '歷代志下', 6, NOW() - INTERVAL '41 days'),
  ('3a3e9795-5c39-421f-a4c5-cd07625426ee', '9ebda4b2-3bce-4124-b136-31f5e46e3ad0', '歷代志下', 7, NOW() - INTERVAL '41 days'),
  ('3a3e9795-5c39-421f-a4c5-cd07625426ee', '9ebda4b2-3bce-4124-b136-31f5e46e3ad0', '歷代志下', 8, NOW() - INTERVAL '41 days'),
  ('3a3e9795-5c39-421f-a4c5-cd07625426ee', '9ebda4b2-3bce-4124-b136-31f5e46e3ad0', '歷代志下', 9, NOW() - INTERVAL '41 days'),
  ('3a3e9795-5c39-421f-a4c5-cd07625426ee', '9ebda4b2-3bce-4124-b136-31f5e46e3ad0', '歷代志下', 10, NOW() - INTERVAL '40 days'),
  ('3a3e9795-5c39-421f-a4c5-cd07625426ee', '9ebda4b2-3bce-4124-b136-31f5e46e3ad0', '歷代志下', 11, NOW() - INTERVAL '40 days'),
  ('3a3e9795-5c39-421f-a4c5-cd07625426ee', '9ebda4b2-3bce-4124-b136-31f5e46e3ad0', '歷代志下', 12, NOW() - INTERVAL '40 days'),
  ('3a3e9795-5c39-421f-a4c5-cd07625426ee', '9ebda4b2-3bce-4124-b136-31f5e46e3ad0', '歷代志下', 13, NOW() - INTERVAL '40 days'),
  ('3a3e9795-5c39-421f-a4c5-cd07625426ee', '9ebda4b2-3bce-4124-b136-31f5e46e3ad0', '歷代志下', 14, NOW() - INTERVAL '40 days'),
  ('3a3e9795-5c39-421f-a4c5-cd07625426ee', '9ebda4b2-3bce-4124-b136-31f5e46e3ad0', '歷代志下', 15, NOW() - INTERVAL '39 days'),
  ('3a3e9795-5c39-421f-a4c5-cd07625426ee', '9ebda4b2-3bce-4124-b136-31f5e46e3ad0', '歷代志下', 16, NOW() - INTERVAL '39 days'),
  ('3a3e9795-5c39-421f-a4c5-cd07625426ee', '9ebda4b2-3bce-4124-b136-31f5e46e3ad0', '歷代志下', 17, NOW() - INTERVAL '39 days'),
  ('3a3e9795-5c39-421f-a4c5-cd07625426ee', '9ebda4b2-3bce-4124-b136-31f5e46e3ad0', '歷代志下', 18, NOW() - INTERVAL '39 days'),
  ('3a3e9795-5c39-421f-a4c5-cd07625426ee', '9ebda4b2-3bce-4124-b136-31f5e46e3ad0', '歷代志下', 19, NOW() - INTERVAL '39 days'),
  ('3a3e9795-5c39-421f-a4c5-cd07625426ee', '9ebda4b2-3bce-4124-b136-31f5e46e3ad0', '歷代志下', 20, NOW() - INTERVAL '38 days'),
  ('3a3e9795-5c39-421f-a4c5-cd07625426ee', '9ebda4b2-3bce-4124-b136-31f5e46e3ad0', '歷代志下', 21, NOW() - INTERVAL '38 days'),
  ('3a3e9795-5c39-421f-a4c5-cd07625426ee', '9ebda4b2-3bce-4124-b136-31f5e46e3ad0', '歷代志下', 22, NOW() - INTERVAL '38 days'),
  ('3a3e9795-5c39-421f-a4c5-cd07625426ee', '9ebda4b2-3bce-4124-b136-31f5e46e3ad0', '歷代志下', 23, NOW() - INTERVAL '38 days'),
  ('3a3e9795-5c39-421f-a4c5-cd07625426ee', '9ebda4b2-3bce-4124-b136-31f5e46e3ad0', '歷代志下', 24, NOW() - INTERVAL '38 days'),
  ('3a3e9795-5c39-421f-a4c5-cd07625426ee', '9ebda4b2-3bce-4124-b136-31f5e46e3ad0', '歷代志下', 25, NOW() - INTERVAL '37 days'),
  ('3a3e9795-5c39-421f-a4c5-cd07625426ee', '9ebda4b2-3bce-4124-b136-31f5e46e3ad0', '歷代志下', 26, NOW() - INTERVAL '37 days'),
  ('3a3e9795-5c39-421f-a4c5-cd07625426ee', '9ebda4b2-3bce-4124-b136-31f5e46e3ad0', '歷代志下', 27, NOW() - INTERVAL '37 days'),
  ('3a3e9795-5c39-421f-a4c5-cd07625426ee', '9ebda4b2-3bce-4124-b136-31f5e46e3ad0', '歷代志下', 28, NOW() - INTERVAL '37 days'),
  ('3a3e9795-5c39-421f-a4c5-cd07625426ee', '9ebda4b2-3bce-4124-b136-31f5e46e3ad0', '歷代志下', 29, NOW() - INTERVAL '37 days'),
  ('3a3e9795-5c39-421f-a4c5-cd07625426ee', '9ebda4b2-3bce-4124-b136-31f5e46e3ad0', '歷代志下', 30, NOW() - INTERVAL '36 days'),
  ('3a3e9795-5c39-421f-a4c5-cd07625426ee', '9ebda4b2-3bce-4124-b136-31f5e46e3ad0', '歷代志下', 31, NOW() - INTERVAL '36 days'),
  ('3a3e9795-5c39-421f-a4c5-cd07625426ee', '9ebda4b2-3bce-4124-b136-31f5e46e3ad0', '歷代志下', 32, NOW() - INTERVAL '36 days'),
  ('3a3e9795-5c39-421f-a4c5-cd07625426ee', '9ebda4b2-3bce-4124-b136-31f5e46e3ad0', '歷代志下', 33, NOW() - INTERVAL '36 days'),
  ('3a3e9795-5c39-421f-a4c5-cd07625426ee', '9ebda4b2-3bce-4124-b136-31f5e46e3ad0', '歷代志下', 34, NOW() - INTERVAL '36 days'),
  ('3a3e9795-5c39-421f-a4c5-cd07625426ee', '9ebda4b2-3bce-4124-b136-31f5e46e3ad0', '歷代志下', 35, NOW() - INTERVAL '35 days'),
  ('3a3e9795-5c39-421f-a4c5-cd07625426ee', '9ebda4b2-3bce-4124-b136-31f5e46e3ad0', '歷代志下', 36, NOW() - INTERVAL '35 days'),
  ('3a3e9795-5c39-421f-a4c5-cd07625426ee', '9ebda4b2-3bce-4124-b136-31f5e46e3ad0', '帖撒羅尼迦前書', 1, NOW() - INTERVAL '35 days'),
  ('3a3e9795-5c39-421f-a4c5-cd07625426ee', '9ebda4b2-3bce-4124-b136-31f5e46e3ad0', '帖撒羅尼迦前書', 2, NOW() - INTERVAL '35 days'),
  ('3a3e9795-5c39-421f-a4c5-cd07625426ee', '9ebda4b2-3bce-4124-b136-31f5e46e3ad0', '帖撒羅尼迦前書', 3, NOW() - INTERVAL '35 days'),
  ('3a3e9795-5c39-421f-a4c5-cd07625426ee', '9ebda4b2-3bce-4124-b136-31f5e46e3ad0', '帖撒羅尼迦前書', 4, NOW() - INTERVAL '34 days'),
  ('3a3e9795-5c39-421f-a4c5-cd07625426ee', '9ebda4b2-3bce-4124-b136-31f5e46e3ad0', '帖撒羅尼迦前書', 5, NOW() - INTERVAL '34 days'),
  ('3a3e9795-5c39-421f-a4c5-cd07625426ee', '9ebda4b2-3bce-4124-b136-31f5e46e3ad0', '約拿書', 1, NOW() - INTERVAL '34 days'),
  ('3a3e9795-5c39-421f-a4c5-cd07625426ee', '9ebda4b2-3bce-4124-b136-31f5e46e3ad0', '約拿書', 2, NOW() - INTERVAL '34 days'),
  ('3a3e9795-5c39-421f-a4c5-cd07625426ee', '9ebda4b2-3bce-4124-b136-31f5e46e3ad0', '約拿書', 3, NOW() - INTERVAL '34 days'),
  ('3a3e9795-5c39-421f-a4c5-cd07625426ee', '9ebda4b2-3bce-4124-b136-31f5e46e3ad0', '約拿書', 4, NOW() - INTERVAL '33 days'),
  ('3a3e9795-5c39-421f-a4c5-cd07625426ee', '9ebda4b2-3bce-4124-b136-31f5e46e3ad0', '約翰二書', 1, NOW() - INTERVAL '33 days'),
  ('3a3e9795-5c39-421f-a4c5-cd07625426ee', '9ebda4b2-3bce-4124-b136-31f5e46e3ad0', '彌迦書', 1, NOW() - INTERVAL '33 days'),
  ('3a3e9795-5c39-421f-a4c5-cd07625426ee', '9ebda4b2-3bce-4124-b136-31f5e46e3ad0', '彌迦書', 2, NOW() - INTERVAL '33 days'),
  ('3a3e9795-5c39-421f-a4c5-cd07625426ee', '9ebda4b2-3bce-4124-b136-31f5e46e3ad0', '彌迦書', 3, NOW() - INTERVAL '33 days'),
  ('3a3e9795-5c39-421f-a4c5-cd07625426ee', '9ebda4b2-3bce-4124-b136-31f5e46e3ad0', '彌迦書', 4, NOW() - INTERVAL '32 days'),
  ('3a3e9795-5c39-421f-a4c5-cd07625426ee', '9ebda4b2-3bce-4124-b136-31f5e46e3ad0', '彌迦書', 5, NOW() - INTERVAL '32 days'),
  ('3a3e9795-5c39-421f-a4c5-cd07625426ee', '9ebda4b2-3bce-4124-b136-31f5e46e3ad0', '彌迦書', 6, NOW() - INTERVAL '32 days'),
  ('3a3e9795-5c39-421f-a4c5-cd07625426ee', '9ebda4b2-3bce-4124-b136-31f5e46e3ad0', '彌迦書', 7, NOW() - INTERVAL '32 days'),
  ('3a3e9795-5c39-421f-a4c5-cd07625426ee', '9ebda4b2-3bce-4124-b136-31f5e46e3ad0', '約翰三書', 1, NOW() - INTERVAL '32 days'),
  ('3a3e9795-5c39-421f-a4c5-cd07625426ee', '9ebda4b2-3bce-4124-b136-31f5e46e3ad0', '民數記', 1, NOW() - INTERVAL '31 days'),
  ('3a3e9795-5c39-421f-a4c5-cd07625426ee', '9ebda4b2-3bce-4124-b136-31f5e46e3ad0', '民數記', 2, NOW() - INTERVAL '31 days'),
  ('3a3e9795-5c39-421f-a4c5-cd07625426ee', '9ebda4b2-3bce-4124-b136-31f5e46e3ad0', '民數記', 3, NOW() - INTERVAL '31 days'),
  ('3a3e9795-5c39-421f-a4c5-cd07625426ee', '9ebda4b2-3bce-4124-b136-31f5e46e3ad0', '民數記', 4, NOW() - INTERVAL '31 days'),
  ('3a3e9795-5c39-421f-a4c5-cd07625426ee', '9ebda4b2-3bce-4124-b136-31f5e46e3ad0', '民數記', 5, NOW() - INTERVAL '31 days'),
  ('3a3e9795-5c39-421f-a4c5-cd07625426ee', '9ebda4b2-3bce-4124-b136-31f5e46e3ad0', '民數記', 6, NOW() - INTERVAL '30 days'),
  ('3a3e9795-5c39-421f-a4c5-cd07625426ee', '9ebda4b2-3bce-4124-b136-31f5e46e3ad0', '民數記', 7, NOW() - INTERVAL '30 days'),
  ('3a3e9795-5c39-421f-a4c5-cd07625426ee', '9ebda4b2-3bce-4124-b136-31f5e46e3ad0', '民數記', 8, NOW() - INTERVAL '30 days'),
  ('3a3e9795-5c39-421f-a4c5-cd07625426ee', '9ebda4b2-3bce-4124-b136-31f5e46e3ad0', '民數記', 9, NOW() - INTERVAL '30 days'),
  ('3a3e9795-5c39-421f-a4c5-cd07625426ee', '9ebda4b2-3bce-4124-b136-31f5e46e3ad0', '民數記', 10, NOW() - INTERVAL '30 days'),
  ('3a3e9795-5c39-421f-a4c5-cd07625426ee', '9ebda4b2-3bce-4124-b136-31f5e46e3ad0', '民數記', 11, NOW() - INTERVAL '29 days'),
  ('3a3e9795-5c39-421f-a4c5-cd07625426ee', '9ebda4b2-3bce-4124-b136-31f5e46e3ad0', '民數記', 12, NOW() - INTERVAL '29 days'),
  ('3a3e9795-5c39-421f-a4c5-cd07625426ee', '9ebda4b2-3bce-4124-b136-31f5e46e3ad0', '民數記', 13, NOW() - INTERVAL '29 days'),
  ('3a3e9795-5c39-421f-a4c5-cd07625426ee', '9ebda4b2-3bce-4124-b136-31f5e46e3ad0', '民數記', 14, NOW() - INTERVAL '29 days'),
  ('3a3e9795-5c39-421f-a4c5-cd07625426ee', '9ebda4b2-3bce-4124-b136-31f5e46e3ad0', '民數記', 15, NOW() - INTERVAL '29 days'),
  ('3a3e9795-5c39-421f-a4c5-cd07625426ee', '9ebda4b2-3bce-4124-b136-31f5e46e3ad0', '民數記', 16, NOW() - INTERVAL '28 days'),
  ('3a3e9795-5c39-421f-a4c5-cd07625426ee', '9ebda4b2-3bce-4124-b136-31f5e46e3ad0', '民數記', 17, NOW() - INTERVAL '28 days'),
  ('3a3e9795-5c39-421f-a4c5-cd07625426ee', '9ebda4b2-3bce-4124-b136-31f5e46e3ad0', '民數記', 18, NOW() - INTERVAL '28 days'),
  ('3a3e9795-5c39-421f-a4c5-cd07625426ee', '9ebda4b2-3bce-4124-b136-31f5e46e3ad0', '民數記', 19, NOW() - INTERVAL '28 days'),
  ('3a3e9795-5c39-421f-a4c5-cd07625426ee', '9ebda4b2-3bce-4124-b136-31f5e46e3ad0', '民數記', 20, NOW() - INTERVAL '28 days'),
  ('3a3e9795-5c39-421f-a4c5-cd07625426ee', '9ebda4b2-3bce-4124-b136-31f5e46e3ad0', '民數記', 21, NOW() - INTERVAL '27 days'),
  ('3a3e9795-5c39-421f-a4c5-cd07625426ee', '9ebda4b2-3bce-4124-b136-31f5e46e3ad0', '民數記', 22, NOW() - INTERVAL '27 days'),
  ('3a3e9795-5c39-421f-a4c5-cd07625426ee', '9ebda4b2-3bce-4124-b136-31f5e46e3ad0', '民數記', 23, NOW() - INTERVAL '27 days'),
  ('3a3e9795-5c39-421f-a4c5-cd07625426ee', '9ebda4b2-3bce-4124-b136-31f5e46e3ad0', '民數記', 24, NOW() - INTERVAL '27 days'),
  ('3a3e9795-5c39-421f-a4c5-cd07625426ee', '9ebda4b2-3bce-4124-b136-31f5e46e3ad0', '民數記', 25, NOW() - INTERVAL '27 days'),
  ('3a3e9795-5c39-421f-a4c5-cd07625426ee', '9ebda4b2-3bce-4124-b136-31f5e46e3ad0', '民數記', 26, NOW() - INTERVAL '26 days'),
  ('3a3e9795-5c39-421f-a4c5-cd07625426ee', '9ebda4b2-3bce-4124-b136-31f5e46e3ad0', '民數記', 27, NOW() - INTERVAL '26 days'),
  ('3a3e9795-5c39-421f-a4c5-cd07625426ee', '9ebda4b2-3bce-4124-b136-31f5e46e3ad0', '民數記', 28, NOW() - INTERVAL '26 days'),
  ('3a3e9795-5c39-421f-a4c5-cd07625426ee', '9ebda4b2-3bce-4124-b136-31f5e46e3ad0', '民數記', 29, NOW() - INTERVAL '26 days'),
  ('3a3e9795-5c39-421f-a4c5-cd07625426ee', '9ebda4b2-3bce-4124-b136-31f5e46e3ad0', '民數記', 30, NOW() - INTERVAL '26 days'),
  ('3a3e9795-5c39-421f-a4c5-cd07625426ee', '9ebda4b2-3bce-4124-b136-31f5e46e3ad0', '民數記', 31, NOW() - INTERVAL '25 days'),
  ('3a3e9795-5c39-421f-a4c5-cd07625426ee', '9ebda4b2-3bce-4124-b136-31f5e46e3ad0', '民數記', 32, NOW() - INTERVAL '25 days'),
  ('3a3e9795-5c39-421f-a4c5-cd07625426ee', '9ebda4b2-3bce-4124-b136-31f5e46e3ad0', '民數記', 33, NOW() - INTERVAL '25 days'),
  ('3a3e9795-5c39-421f-a4c5-cd07625426ee', '9ebda4b2-3bce-4124-b136-31f5e46e3ad0', '民數記', 34, NOW() - INTERVAL '25 days'),
  ('3a3e9795-5c39-421f-a4c5-cd07625426ee', '9ebda4b2-3bce-4124-b136-31f5e46e3ad0', '民數記', 35, NOW() - INTERVAL '25 days'),
  ('3a3e9795-5c39-421f-a4c5-cd07625426ee', '9ebda4b2-3bce-4124-b136-31f5e46e3ad0', '民數記', 36, NOW() - INTERVAL '24 days'),
  ('3a3e9795-5c39-421f-a4c5-cd07625426ee', '9ebda4b2-3bce-4124-b136-31f5e46e3ad0', '約翰福音', 1, NOW() - INTERVAL '24 days'),
  ('3a3e9795-5c39-421f-a4c5-cd07625426ee', '9ebda4b2-3bce-4124-b136-31f5e46e3ad0', '約翰福音', 2, NOW() - INTERVAL '24 days'),
  ('3a3e9795-5c39-421f-a4c5-cd07625426ee', '9ebda4b2-3bce-4124-b136-31f5e46e3ad0', '約翰福音', 3, NOW() - INTERVAL '24 days'),
  ('3a3e9795-5c39-421f-a4c5-cd07625426ee', '9ebda4b2-3bce-4124-b136-31f5e46e3ad0', '約翰福音', 4, NOW() - INTERVAL '24 days'),
  ('3a3e9795-5c39-421f-a4c5-cd07625426ee', '9ebda4b2-3bce-4124-b136-31f5e46e3ad0', '約翰福音', 5, NOW() - INTERVAL '23 days'),
  ('3a3e9795-5c39-421f-a4c5-cd07625426ee', '9ebda4b2-3bce-4124-b136-31f5e46e3ad0', '約翰福音', 6, NOW() - INTERVAL '23 days'),
  ('3a3e9795-5c39-421f-a4c5-cd07625426ee', '9ebda4b2-3bce-4124-b136-31f5e46e3ad0', '約翰福音', 7, NOW() - INTERVAL '23 days'),
  ('3a3e9795-5c39-421f-a4c5-cd07625426ee', '9ebda4b2-3bce-4124-b136-31f5e46e3ad0', '約翰福音', 8, NOW() - INTERVAL '23 days'),
  ('3a3e9795-5c39-421f-a4c5-cd07625426ee', '9ebda4b2-3bce-4124-b136-31f5e46e3ad0', '約翰福音', 9, NOW() - INTERVAL '23 days'),
  ('3a3e9795-5c39-421f-a4c5-cd07625426ee', '9ebda4b2-3bce-4124-b136-31f5e46e3ad0', '約翰福音', 10, NOW() - INTERVAL '22 days'),
  ('3a3e9795-5c39-421f-a4c5-cd07625426ee', '9ebda4b2-3bce-4124-b136-31f5e46e3ad0', '約翰福音', 11, NOW() - INTERVAL '22 days'),
  ('3a3e9795-5c39-421f-a4c5-cd07625426ee', '9ebda4b2-3bce-4124-b136-31f5e46e3ad0', '約翰福音', 12, NOW() - INTERVAL '22 days'),
  ('3a3e9795-5c39-421f-a4c5-cd07625426ee', '9ebda4b2-3bce-4124-b136-31f5e46e3ad0', '約翰福音', 13, NOW() - INTERVAL '22 days'),
  ('3a3e9795-5c39-421f-a4c5-cd07625426ee', '9ebda4b2-3bce-4124-b136-31f5e46e3ad0', '約翰福音', 14, NOW() - INTERVAL '22 days'),
  ('3a3e9795-5c39-421f-a4c5-cd07625426ee', '9ebda4b2-3bce-4124-b136-31f5e46e3ad0', '約翰福音', 15, NOW() - INTERVAL '21 days'),
  ('3a3e9795-5c39-421f-a4c5-cd07625426ee', '9ebda4b2-3bce-4124-b136-31f5e46e3ad0', '約翰福音', 16, NOW() - INTERVAL '21 days'),
  ('3a3e9795-5c39-421f-a4c5-cd07625426ee', '9ebda4b2-3bce-4124-b136-31f5e46e3ad0', '約翰福音', 17, NOW() - INTERVAL '21 days'),
  ('3a3e9795-5c39-421f-a4c5-cd07625426ee', '9ebda4b2-3bce-4124-b136-31f5e46e3ad0', '約翰福音', 18, NOW() - INTERVAL '21 days'),
  ('3a3e9795-5c39-421f-a4c5-cd07625426ee', '9ebda4b2-3bce-4124-b136-31f5e46e3ad0', '約翰福音', 19, NOW() - INTERVAL '21 days'),
  ('3a3e9795-5c39-421f-a4c5-cd07625426ee', '9ebda4b2-3bce-4124-b136-31f5e46e3ad0', '約翰福音', 20, NOW() - INTERVAL '20 days'),
  ('3a3e9795-5c39-421f-a4c5-cd07625426ee', '9ebda4b2-3bce-4124-b136-31f5e46e3ad0', '約翰福音', 21, NOW() - INTERVAL '20 days'),
  ('3a3e9795-5c39-421f-a4c5-cd07625426ee', '9ebda4b2-3bce-4124-b136-31f5e46e3ad0', '以西結書', 1, NOW() - INTERVAL '20 days'),
  ('3a3e9795-5c39-421f-a4c5-cd07625426ee', '9ebda4b2-3bce-4124-b136-31f5e46e3ad0', '以西結書', 2, NOW() - INTERVAL '20 days'),
  ('3a3e9795-5c39-421f-a4c5-cd07625426ee', '9ebda4b2-3bce-4124-b136-31f5e46e3ad0', '以西結書', 3, NOW() - INTERVAL '20 days'),
  ('3a3e9795-5c39-421f-a4c5-cd07625426ee', '9ebda4b2-3bce-4124-b136-31f5e46e3ad0', '以西結書', 4, NOW() - INTERVAL '19 days'),
  ('3a3e9795-5c39-421f-a4c5-cd07625426ee', '9ebda4b2-3bce-4124-b136-31f5e46e3ad0', '以西結書', 5, NOW() - INTERVAL '19 days'),
  ('3a3e9795-5c39-421f-a4c5-cd07625426ee', '9ebda4b2-3bce-4124-b136-31f5e46e3ad0', '以西結書', 6, NOW() - INTERVAL '19 days'),
  ('3a3e9795-5c39-421f-a4c5-cd07625426ee', '9ebda4b2-3bce-4124-b136-31f5e46e3ad0', '以西結書', 7, NOW() - INTERVAL '19 days'),
  ('3a3e9795-5c39-421f-a4c5-cd07625426ee', '9ebda4b2-3bce-4124-b136-31f5e46e3ad0', '以西結書', 8, NOW() - INTERVAL '19 days'),
  ('3a3e9795-5c39-421f-a4c5-cd07625426ee', '9ebda4b2-3bce-4124-b136-31f5e46e3ad0', '以西結書', 9, NOW() - INTERVAL '18 days'),
  ('3a3e9795-5c39-421f-a4c5-cd07625426ee', '9ebda4b2-3bce-4124-b136-31f5e46e3ad0', '以西結書', 10, NOW() - INTERVAL '18 days'),
  ('3a3e9795-5c39-421f-a4c5-cd07625426ee', '9ebda4b2-3bce-4124-b136-31f5e46e3ad0', '以西結書', 11, NOW() - INTERVAL '18 days'),
  ('3a3e9795-5c39-421f-a4c5-cd07625426ee', '9ebda4b2-3bce-4124-b136-31f5e46e3ad0', '以西結書', 12, NOW() - INTERVAL '18 days'),
  ('3a3e9795-5c39-421f-a4c5-cd07625426ee', '9ebda4b2-3bce-4124-b136-31f5e46e3ad0', '以西結書', 13, NOW() - INTERVAL '18 days'),
  ('3a3e9795-5c39-421f-a4c5-cd07625426ee', '9ebda4b2-3bce-4124-b136-31f5e46e3ad0', '以西結書', 14, NOW() - INTERVAL '17 days'),
  ('3a3e9795-5c39-421f-a4c5-cd07625426ee', '9ebda4b2-3bce-4124-b136-31f5e46e3ad0', '以西結書', 15, NOW() - INTERVAL '17 days'),
  ('3a3e9795-5c39-421f-a4c5-cd07625426ee', '9ebda4b2-3bce-4124-b136-31f5e46e3ad0', '以西結書', 16, NOW() - INTERVAL '17 days'),
  ('3a3e9795-5c39-421f-a4c5-cd07625426ee', '9ebda4b2-3bce-4124-b136-31f5e46e3ad0', '以西結書', 17, NOW() - INTERVAL '17 days'),
  ('3a3e9795-5c39-421f-a4c5-cd07625426ee', '9ebda4b2-3bce-4124-b136-31f5e46e3ad0', '以西結書', 18, NOW() - INTERVAL '17 days'),
  ('3a3e9795-5c39-421f-a4c5-cd07625426ee', '9ebda4b2-3bce-4124-b136-31f5e46e3ad0', '以西結書', 19, NOW() - INTERVAL '16 days'),
  ('3a3e9795-5c39-421f-a4c5-cd07625426ee', '9ebda4b2-3bce-4124-b136-31f5e46e3ad0', '以西結書', 20, NOW() - INTERVAL '16 days'),
  ('3a3e9795-5c39-421f-a4c5-cd07625426ee', '9ebda4b2-3bce-4124-b136-31f5e46e3ad0', '以西結書', 21, NOW() - INTERVAL '16 days'),
  ('3a3e9795-5c39-421f-a4c5-cd07625426ee', '9ebda4b2-3bce-4124-b136-31f5e46e3ad0', '以西結書', 22, NOW() - INTERVAL '16 days'),
  ('3a3e9795-5c39-421f-a4c5-cd07625426ee', '9ebda4b2-3bce-4124-b136-31f5e46e3ad0', '以西結書', 23, NOW() - INTERVAL '16 days'),
  ('3a3e9795-5c39-421f-a4c5-cd07625426ee', '9ebda4b2-3bce-4124-b136-31f5e46e3ad0', '以西結書', 24, NOW() - INTERVAL '15 days'),
  ('3a3e9795-5c39-421f-a4c5-cd07625426ee', '9ebda4b2-3bce-4124-b136-31f5e46e3ad0', '以西結書', 25, NOW() - INTERVAL '15 days'),
  ('3a3e9795-5c39-421f-a4c5-cd07625426ee', '9ebda4b2-3bce-4124-b136-31f5e46e3ad0', '以西結書', 26, NOW() - INTERVAL '15 days'),
  ('3a3e9795-5c39-421f-a4c5-cd07625426ee', '9ebda4b2-3bce-4124-b136-31f5e46e3ad0', '以西結書', 27, NOW() - INTERVAL '15 days'),
  ('3a3e9795-5c39-421f-a4c5-cd07625426ee', '9ebda4b2-3bce-4124-b136-31f5e46e3ad0', '以西結書', 28, NOW() - INTERVAL '15 days'),
  ('3a3e9795-5c39-421f-a4c5-cd07625426ee', '9ebda4b2-3bce-4124-b136-31f5e46e3ad0', '以西結書', 29, NOW() - INTERVAL '14 days'),
  ('3a3e9795-5c39-421f-a4c5-cd07625426ee', '9ebda4b2-3bce-4124-b136-31f5e46e3ad0', '以西結書', 30, NOW() - INTERVAL '14 days'),
  ('3a3e9795-5c39-421f-a4c5-cd07625426ee', '9ebda4b2-3bce-4124-b136-31f5e46e3ad0', '以西結書', 31, NOW() - INTERVAL '14 days'),
  ('3a3e9795-5c39-421f-a4c5-cd07625426ee', '9ebda4b2-3bce-4124-b136-31f5e46e3ad0', '以西結書', 32, NOW() - INTERVAL '14 days'),
  ('3a3e9795-5c39-421f-a4c5-cd07625426ee', '9ebda4b2-3bce-4124-b136-31f5e46e3ad0', '以西結書', 33, NOW() - INTERVAL '14 days'),
  ('3a3e9795-5c39-421f-a4c5-cd07625426ee', '9ebda4b2-3bce-4124-b136-31f5e46e3ad0', '以西結書', 34, NOW() - INTERVAL '13 days'),
  ('3a3e9795-5c39-421f-a4c5-cd07625426ee', '9ebda4b2-3bce-4124-b136-31f5e46e3ad0', '以西結書', 35, NOW() - INTERVAL '13 days'),
  ('3a3e9795-5c39-421f-a4c5-cd07625426ee', '9ebda4b2-3bce-4124-b136-31f5e46e3ad0', '以西結書', 36, NOW() - INTERVAL '13 days'),
  ('3a3e9795-5c39-421f-a4c5-cd07625426ee', '9ebda4b2-3bce-4124-b136-31f5e46e3ad0', '以西結書', 37, NOW() - INTERVAL '13 days'),
  ('3a3e9795-5c39-421f-a4c5-cd07625426ee', '9ebda4b2-3bce-4124-b136-31f5e46e3ad0', '以西結書', 38, NOW() - INTERVAL '13 days'),
  ('3a3e9795-5c39-421f-a4c5-cd07625426ee', '9ebda4b2-3bce-4124-b136-31f5e46e3ad0', '以西結書', 39, NOW() - INTERVAL '12 days'),
  ('3a3e9795-5c39-421f-a4c5-cd07625426ee', '9ebda4b2-3bce-4124-b136-31f5e46e3ad0', '以西結書', 40, NOW() - INTERVAL '12 days'),
  ('3a3e9795-5c39-421f-a4c5-cd07625426ee', '9ebda4b2-3bce-4124-b136-31f5e46e3ad0', '以西結書', 41, NOW() - INTERVAL '12 days'),
  ('3a3e9795-5c39-421f-a4c5-cd07625426ee', '9ebda4b2-3bce-4124-b136-31f5e46e3ad0', '以西結書', 42, NOW() - INTERVAL '12 days'),
  ('3a3e9795-5c39-421f-a4c5-cd07625426ee', '9ebda4b2-3bce-4124-b136-31f5e46e3ad0', '以西結書', 43, NOW() - INTERVAL '12 days'),
  ('3a3e9795-5c39-421f-a4c5-cd07625426ee', '9ebda4b2-3bce-4124-b136-31f5e46e3ad0', '以西結書', 44, NOW() - INTERVAL '11 days'),
  ('3a3e9795-5c39-421f-a4c5-cd07625426ee', '9ebda4b2-3bce-4124-b136-31f5e46e3ad0', '以西結書', 45, NOW() - INTERVAL '11 days'),
  ('3a3e9795-5c39-421f-a4c5-cd07625426ee', '9ebda4b2-3bce-4124-b136-31f5e46e3ad0', '以西結書', 46, NOW() - INTERVAL '11 days'),
  ('3a3e9795-5c39-421f-a4c5-cd07625426ee', '9ebda4b2-3bce-4124-b136-31f5e46e3ad0', '以西結書', 47, NOW() - INTERVAL '11 days'),
  ('3a3e9795-5c39-421f-a4c5-cd07625426ee', '9ebda4b2-3bce-4124-b136-31f5e46e3ad0', '以西結書', 48, NOW() - INTERVAL '11 days'),
  ('3a3e9795-5c39-421f-a4c5-cd07625426ee', '9ebda4b2-3bce-4124-b136-31f5e46e3ad0', '約翰一書', 1, NOW() - INTERVAL '10 days'),
  ('3a3e9795-5c39-421f-a4c5-cd07625426ee', '9ebda4b2-3bce-4124-b136-31f5e46e3ad0', '約翰一書', 2, NOW() - INTERVAL '10 days'),
  ('3a3e9795-5c39-421f-a4c5-cd07625426ee', '9ebda4b2-3bce-4124-b136-31f5e46e3ad0', '約翰一書', 3, NOW() - INTERVAL '10 days'),
  ('3a3e9795-5c39-421f-a4c5-cd07625426ee', '9ebda4b2-3bce-4124-b136-31f5e46e3ad0', '約翰一書', 4, NOW() - INTERVAL '10 days'),
  ('3a3e9795-5c39-421f-a4c5-cd07625426ee', '9ebda4b2-3bce-4124-b136-31f5e46e3ad0', '約翰一書', 5, NOW() - INTERVAL '10 days'),
  ('3a3e9795-5c39-421f-a4c5-cd07625426ee', '9ebda4b2-3bce-4124-b136-31f5e46e3ad0', '申命記', 1, NOW() - INTERVAL '9 days'),
  ('3a3e9795-5c39-421f-a4c5-cd07625426ee', '9ebda4b2-3bce-4124-b136-31f5e46e3ad0', '申命記', 2, NOW() - INTERVAL '9 days'),
  ('3a3e9795-5c39-421f-a4c5-cd07625426ee', '9ebda4b2-3bce-4124-b136-31f5e46e3ad0', '申命記', 3, NOW() - INTERVAL '9 days'),
  ('3a3e9795-5c39-421f-a4c5-cd07625426ee', '9ebda4b2-3bce-4124-b136-31f5e46e3ad0', '申命記', 4, NOW() - INTERVAL '9 days'),
  ('3a3e9795-5c39-421f-a4c5-cd07625426ee', '9ebda4b2-3bce-4124-b136-31f5e46e3ad0', '申命記', 5, NOW() - INTERVAL '9 days'),
  ('3a3e9795-5c39-421f-a4c5-cd07625426ee', '9ebda4b2-3bce-4124-b136-31f5e46e3ad0', '申命記', 6, NOW() - INTERVAL '8 days'),
  ('3a3e9795-5c39-421f-a4c5-cd07625426ee', '9ebda4b2-3bce-4124-b136-31f5e46e3ad0', '申命記', 7, NOW() - INTERVAL '8 days'),
  ('3a3e9795-5c39-421f-a4c5-cd07625426ee', '9ebda4b2-3bce-4124-b136-31f5e46e3ad0', '申命記', 8, NOW() - INTERVAL '8 days'),
  ('3a3e9795-5c39-421f-a4c5-cd07625426ee', '9ebda4b2-3bce-4124-b136-31f5e46e3ad0', '申命記', 9, NOW() - INTERVAL '8 days'),
  ('3a3e9795-5c39-421f-a4c5-cd07625426ee', '9ebda4b2-3bce-4124-b136-31f5e46e3ad0', '申命記', 10, NOW() - INTERVAL '8 days'),
  ('3a3e9795-5c39-421f-a4c5-cd07625426ee', '9ebda4b2-3bce-4124-b136-31f5e46e3ad0', '申命記', 11, NOW() - INTERVAL '7 days'),
  ('3a3e9795-5c39-421f-a4c5-cd07625426ee', '9ebda4b2-3bce-4124-b136-31f5e46e3ad0', '申命記', 12, NOW() - INTERVAL '7 days'),
  ('3a3e9795-5c39-421f-a4c5-cd07625426ee', '9ebda4b2-3bce-4124-b136-31f5e46e3ad0', '申命記', 13, NOW() - INTERVAL '7 days'),
  ('3a3e9795-5c39-421f-a4c5-cd07625426ee', '9ebda4b2-3bce-4124-b136-31f5e46e3ad0', '申命記', 14, NOW() - INTERVAL '7 days'),
  ('3a3e9795-5c39-421f-a4c5-cd07625426ee', '9ebda4b2-3bce-4124-b136-31f5e46e3ad0', '申命記', 15, NOW() - INTERVAL '7 days'),
  ('3a3e9795-5c39-421f-a4c5-cd07625426ee', '9ebda4b2-3bce-4124-b136-31f5e46e3ad0', '申命記', 16, NOW() - INTERVAL '6 days'),
  ('3a3e9795-5c39-421f-a4c5-cd07625426ee', '9ebda4b2-3bce-4124-b136-31f5e46e3ad0', '申命記', 17, NOW() - INTERVAL '6 days'),
  ('3a3e9795-5c39-421f-a4c5-cd07625426ee', '9ebda4b2-3bce-4124-b136-31f5e46e3ad0', '申命記', 18, NOW() - INTERVAL '6 days'),
  ('3a3e9795-5c39-421f-a4c5-cd07625426ee', '9ebda4b2-3bce-4124-b136-31f5e46e3ad0', '申命記', 19, NOW() - INTERVAL '6 days'),
  ('3a3e9795-5c39-421f-a4c5-cd07625426ee', '9ebda4b2-3bce-4124-b136-31f5e46e3ad0', '申命記', 20, NOW() - INTERVAL '6 days'),
  ('3a3e9795-5c39-421f-a4c5-cd07625426ee', '9ebda4b2-3bce-4124-b136-31f5e46e3ad0', '申命記', 21, NOW() - INTERVAL '5 days'),
  ('3a3e9795-5c39-421f-a4c5-cd07625426ee', '9ebda4b2-3bce-4124-b136-31f5e46e3ad0', '申命記', 22, NOW() - INTERVAL '5 days'),
  ('3a3e9795-5c39-421f-a4c5-cd07625426ee', '9ebda4b2-3bce-4124-b136-31f5e46e3ad0', '申命記', 23, NOW() - INTERVAL '5 days'),
  ('3a3e9795-5c39-421f-a4c5-cd07625426ee', '9ebda4b2-3bce-4124-b136-31f5e46e3ad0', '申命記', 24, NOW() - INTERVAL '5 days'),
  ('3a3e9795-5c39-421f-a4c5-cd07625426ee', '9ebda4b2-3bce-4124-b136-31f5e46e3ad0', '申命記', 25, NOW() - INTERVAL '5 days'),
  ('3a3e9795-5c39-421f-a4c5-cd07625426ee', '9ebda4b2-3bce-4124-b136-31f5e46e3ad0', '申命記', 26, NOW() - INTERVAL '4 days'),
  ('3a3e9795-5c39-421f-a4c5-cd07625426ee', '9ebda4b2-3bce-4124-b136-31f5e46e3ad0', '申命記', 27, NOW() - INTERVAL '4 days'),
  ('3a3e9795-5c39-421f-a4c5-cd07625426ee', '9ebda4b2-3bce-4124-b136-31f5e46e3ad0', '申命記', 28, NOW() - INTERVAL '4 days'),
  ('3a3e9795-5c39-421f-a4c5-cd07625426ee', '9ebda4b2-3bce-4124-b136-31f5e46e3ad0', '申命記', 29, NOW() - INTERVAL '4 days'),
  ('3a3e9795-5c39-421f-a4c5-cd07625426ee', '9ebda4b2-3bce-4124-b136-31f5e46e3ad0', '申命記', 30, NOW() - INTERVAL '4 days'),
  ('3a3e9795-5c39-421f-a4c5-cd07625426ee', '9ebda4b2-3bce-4124-b136-31f5e46e3ad0', '申命記', 31, NOW() - INTERVAL '3 days'),
  ('3a3e9795-5c39-421f-a4c5-cd07625426ee', '9ebda4b2-3bce-4124-b136-31f5e46e3ad0', '申命記', 32, NOW() - INTERVAL '3 days'),
  ('3a3e9795-5c39-421f-a4c5-cd07625426ee', '9ebda4b2-3bce-4124-b136-31f5e46e3ad0', '申命記', 33, NOW() - INTERVAL '3 days'),
  ('3a3e9795-5c39-421f-a4c5-cd07625426ee', '9ebda4b2-3bce-4124-b136-31f5e46e3ad0', '申命記', 34, NOW() - INTERVAL '3 days'),
  ('3a3e9795-5c39-421f-a4c5-cd07625426ee', '9ebda4b2-3bce-4124-b136-31f5e46e3ad0', '使徒行傳', 1, NOW() - INTERVAL '3 days'),
  ('3a3e9795-5c39-421f-a4c5-cd07625426ee', '9ebda4b2-3bce-4124-b136-31f5e46e3ad0', '使徒行傳', 2, NOW() - INTERVAL '2 days'),
  ('3a3e9795-5c39-421f-a4c5-cd07625426ee', '9ebda4b2-3bce-4124-b136-31f5e46e3ad0', '使徒行傳', 3, NOW() - INTERVAL '2 days'),
  ('3a3e9795-5c39-421f-a4c5-cd07625426ee', '9ebda4b2-3bce-4124-b136-31f5e46e3ad0', '使徒行傳', 4, NOW() - INTERVAL '2 days'),
  ('3a3e9795-5c39-421f-a4c5-cd07625426ee', '9ebda4b2-3bce-4124-b136-31f5e46e3ad0', '使徒行傳', 5, NOW() - INTERVAL '2 days'),
  ('3a3e9795-5c39-421f-a4c5-cd07625426ee', '9ebda4b2-3bce-4124-b136-31f5e46e3ad0', '使徒行傳', 6, NOW() - INTERVAL '2 days'),
  ('3a3e9795-5c39-421f-a4c5-cd07625426ee', '9ebda4b2-3bce-4124-b136-31f5e46e3ad0', '使徒行傳', 7, NOW() - INTERVAL '1 days'),
  ('3a3e9795-5c39-421f-a4c5-cd07625426ee', '9ebda4b2-3bce-4124-b136-31f5e46e3ad0', '使徒行傳', 8, NOW() - INTERVAL '1 days'),
  ('3a3e9795-5c39-421f-a4c5-cd07625426ee', '9ebda4b2-3bce-4124-b136-31f5e46e3ad0', '使徒行傳', 9, NOW() - INTERVAL '1 days'),
  ('3a3e9795-5c39-421f-a4c5-cd07625426ee', '9ebda4b2-3bce-4124-b136-31f5e46e3ad0', '使徒行傳', 10, NOW() - INTERVAL '1 days'),
  ('3a3e9795-5c39-421f-a4c5-cd07625426ee', '9ebda4b2-3bce-4124-b136-31f5e46e3ad0', '使徒行傳', 11, NOW() - INTERVAL '1 days'),
  ('3a3e9795-5c39-421f-a4c5-cd07625426ee', '9ebda4b2-3bce-4124-b136-31f5e46e3ad0', '使徒行傳', 12, NOW() - INTERVAL '0 days'),
  ('3a3e9795-5c39-421f-a4c5-cd07625426ee', '9ebda4b2-3bce-4124-b136-31f5e46e3ad0', '使徒行傳', 13, NOW() - INTERVAL '0 days'),
  ('3a3e9795-5c39-421f-a4c5-cd07625426ee', '9ebda4b2-3bce-4124-b136-31f5e46e3ad0', '使徒行傳', 14, NOW() - INTERVAL '0 days'),
  ('3a3e9795-5c39-421f-a4c5-cd07625426ee', '9ebda4b2-3bce-4124-b136-31f5e46e3ad0', '使徒行傳', 15, NOW() - INTERVAL '0 days');

--------------------------------------------------

-- 使用者: 示範組員一
INSERT INTO auth.users (id, email, raw_user_meta_data, created_at, updated_at, instance_id, aud, role, encrypted_password)
VALUES (
  '13274302-16e7-4e9f-8aeb-d104919a9c09',
  '13274302@church-bible.com',
  '{"full_name": "示範組員一"}',
  NOW() - INTERVAL '11 days',
  NOW(),
  '00000000-0000-0000-0000-000000000000',
  'authenticated',
  'authenticated',
  '$2a$10$abcdefghijklmnopqrstuv' -- Dummy bcrypt hash
) ON CONFLICT (id) DO NOTHING;

INSERT INTO public.profiles (id, name, great_region, pastoral_zone, small_group, role, is_demo, updated_at)
VALUES (
  '13274302-16e7-4e9f-8aeb-d104919a9c09',
  '示範組員一',
  '示範大區A',
  '示範牧區甲',
  '示範小組1',
  'member',
  TRUE,
  NOW()
) ON CONFLICT (id) DO NOTHING;

INSERT INTO public.reading_plans (id, user_id, name, start_date, end_date, target_books)
VALUES (
  'c1e88792-5da7-4d5a-8add-3074624fafda',
  '13274302-16e7-4e9f-8aeb-d104919a9c09',
  '第一季速讀：2026年7月~9月',
  '2026-07-01',
  '2026-09-30',
  ARRAY['創世記', '馬太福音', '列王紀下', '雅各書', '出埃及記', '馬可福音', '約伯記', '加拉太書', '哈巴谷書', '猶大書', '利未記', '路加福音', '歷代志下', '帖撒羅尼迦前書', '約拿書', '約翰二書', '彌迦書', '約翰三書']
) ON CONFLICT (id) DO NOTHING;

INSERT INTO public.reading_logs (user_id, plan_id, book, chapter, read_at)
VALUES
  ('13274302-16e7-4e9f-8aeb-d104919a9c09', 'c1e88792-5da7-4d5a-8add-3074624fafda', '創世記', 1, NOW() - INTERVAL '42 days'),
  ('13274302-16e7-4e9f-8aeb-d104919a9c09', 'c1e88792-5da7-4d5a-8add-3074624fafda', '創世記', 2, NOW() - INTERVAL '41 days'),
  ('13274302-16e7-4e9f-8aeb-d104919a9c09', 'c1e88792-5da7-4d5a-8add-3074624fafda', '創世記', 3, NOW() - INTERVAL '41 days'),
  ('13274302-16e7-4e9f-8aeb-d104919a9c09', 'c1e88792-5da7-4d5a-8add-3074624fafda', '創世記', 4, NOW() - INTERVAL '41 days'),
  ('13274302-16e7-4e9f-8aeb-d104919a9c09', 'c1e88792-5da7-4d5a-8add-3074624fafda', '創世記', 5, NOW() - INTERVAL '41 days'),
  ('13274302-16e7-4e9f-8aeb-d104919a9c09', 'c1e88792-5da7-4d5a-8add-3074624fafda', '創世記', 6, NOW() - INTERVAL '41 days'),
  ('13274302-16e7-4e9f-8aeb-d104919a9c09', 'c1e88792-5da7-4d5a-8add-3074624fafda', '創世記', 7, NOW() - INTERVAL '40 days'),
  ('13274302-16e7-4e9f-8aeb-d104919a9c09', 'c1e88792-5da7-4d5a-8add-3074624fafda', '創世記', 8, NOW() - INTERVAL '40 days'),
  ('13274302-16e7-4e9f-8aeb-d104919a9c09', 'c1e88792-5da7-4d5a-8add-3074624fafda', '創世記', 9, NOW() - INTERVAL '40 days'),
  ('13274302-16e7-4e9f-8aeb-d104919a9c09', 'c1e88792-5da7-4d5a-8add-3074624fafda', '創世記', 10, NOW() - INTERVAL '40 days'),
  ('13274302-16e7-4e9f-8aeb-d104919a9c09', 'c1e88792-5da7-4d5a-8add-3074624fafda', '創世記', 11, NOW() - INTERVAL '40 days'),
  ('13274302-16e7-4e9f-8aeb-d104919a9c09', 'c1e88792-5da7-4d5a-8add-3074624fafda', '創世記', 12, NOW() - INTERVAL '39 days'),
  ('13274302-16e7-4e9f-8aeb-d104919a9c09', 'c1e88792-5da7-4d5a-8add-3074624fafda', '創世記', 13, NOW() - INTERVAL '39 days'),
  ('13274302-16e7-4e9f-8aeb-d104919a9c09', 'c1e88792-5da7-4d5a-8add-3074624fafda', '創世記', 14, NOW() - INTERVAL '39 days'),
  ('13274302-16e7-4e9f-8aeb-d104919a9c09', 'c1e88792-5da7-4d5a-8add-3074624fafda', '創世記', 15, NOW() - INTERVAL '39 days'),
  ('13274302-16e7-4e9f-8aeb-d104919a9c09', 'c1e88792-5da7-4d5a-8add-3074624fafda', '創世記', 16, NOW() - INTERVAL '39 days'),
  ('13274302-16e7-4e9f-8aeb-d104919a9c09', 'c1e88792-5da7-4d5a-8add-3074624fafda', '創世記', 17, NOW() - INTERVAL '38 days'),
  ('13274302-16e7-4e9f-8aeb-d104919a9c09', 'c1e88792-5da7-4d5a-8add-3074624fafda', '創世記', 18, NOW() - INTERVAL '38 days'),
  ('13274302-16e7-4e9f-8aeb-d104919a9c09', 'c1e88792-5da7-4d5a-8add-3074624fafda', '創世記', 19, NOW() - INTERVAL '38 days'),
  ('13274302-16e7-4e9f-8aeb-d104919a9c09', 'c1e88792-5da7-4d5a-8add-3074624fafda', '創世記', 20, NOW() - INTERVAL '38 days'),
  ('13274302-16e7-4e9f-8aeb-d104919a9c09', 'c1e88792-5da7-4d5a-8add-3074624fafda', '創世記', 21, NOW() - INTERVAL '38 days'),
  ('13274302-16e7-4e9f-8aeb-d104919a9c09', 'c1e88792-5da7-4d5a-8add-3074624fafda', '創世記', 22, NOW() - INTERVAL '37 days'),
  ('13274302-16e7-4e9f-8aeb-d104919a9c09', 'c1e88792-5da7-4d5a-8add-3074624fafda', '創世記', 23, NOW() - INTERVAL '37 days'),
  ('13274302-16e7-4e9f-8aeb-d104919a9c09', 'c1e88792-5da7-4d5a-8add-3074624fafda', '創世記', 24, NOW() - INTERVAL '37 days'),
  ('13274302-16e7-4e9f-8aeb-d104919a9c09', 'c1e88792-5da7-4d5a-8add-3074624fafda', '創世記', 25, NOW() - INTERVAL '37 days'),
  ('13274302-16e7-4e9f-8aeb-d104919a9c09', 'c1e88792-5da7-4d5a-8add-3074624fafda', '創世記', 26, NOW() - INTERVAL '37 days'),
  ('13274302-16e7-4e9f-8aeb-d104919a9c09', 'c1e88792-5da7-4d5a-8add-3074624fafda', '創世記', 27, NOW() - INTERVAL '36 days'),
  ('13274302-16e7-4e9f-8aeb-d104919a9c09', 'c1e88792-5da7-4d5a-8add-3074624fafda', '創世記', 28, NOW() - INTERVAL '36 days'),
  ('13274302-16e7-4e9f-8aeb-d104919a9c09', 'c1e88792-5da7-4d5a-8add-3074624fafda', '創世記', 29, NOW() - INTERVAL '36 days'),
  ('13274302-16e7-4e9f-8aeb-d104919a9c09', 'c1e88792-5da7-4d5a-8add-3074624fafda', '創世記', 30, NOW() - INTERVAL '36 days'),
  ('13274302-16e7-4e9f-8aeb-d104919a9c09', 'c1e88792-5da7-4d5a-8add-3074624fafda', '創世記', 31, NOW() - INTERVAL '36 days'),
  ('13274302-16e7-4e9f-8aeb-d104919a9c09', 'c1e88792-5da7-4d5a-8add-3074624fafda', '創世記', 32, NOW() - INTERVAL '35 days'),
  ('13274302-16e7-4e9f-8aeb-d104919a9c09', 'c1e88792-5da7-4d5a-8add-3074624fafda', '創世記', 33, NOW() - INTERVAL '35 days'),
  ('13274302-16e7-4e9f-8aeb-d104919a9c09', 'c1e88792-5da7-4d5a-8add-3074624fafda', '創世記', 34, NOW() - INTERVAL '35 days'),
  ('13274302-16e7-4e9f-8aeb-d104919a9c09', 'c1e88792-5da7-4d5a-8add-3074624fafda', '創世記', 35, NOW() - INTERVAL '35 days'),
  ('13274302-16e7-4e9f-8aeb-d104919a9c09', 'c1e88792-5da7-4d5a-8add-3074624fafda', '創世記', 36, NOW() - INTERVAL '35 days'),
  ('13274302-16e7-4e9f-8aeb-d104919a9c09', 'c1e88792-5da7-4d5a-8add-3074624fafda', '創世記', 37, NOW() - INTERVAL '34 days'),
  ('13274302-16e7-4e9f-8aeb-d104919a9c09', 'c1e88792-5da7-4d5a-8add-3074624fafda', '創世記', 38, NOW() - INTERVAL '34 days'),
  ('13274302-16e7-4e9f-8aeb-d104919a9c09', 'c1e88792-5da7-4d5a-8add-3074624fafda', '創世記', 39, NOW() - INTERVAL '34 days'),
  ('13274302-16e7-4e9f-8aeb-d104919a9c09', 'c1e88792-5da7-4d5a-8add-3074624fafda', '創世記', 40, NOW() - INTERVAL '34 days'),
  ('13274302-16e7-4e9f-8aeb-d104919a9c09', 'c1e88792-5da7-4d5a-8add-3074624fafda', '創世記', 41, NOW() - INTERVAL '34 days'),
  ('13274302-16e7-4e9f-8aeb-d104919a9c09', 'c1e88792-5da7-4d5a-8add-3074624fafda', '創世記', 42, NOW() - INTERVAL '33 days'),
  ('13274302-16e7-4e9f-8aeb-d104919a9c09', 'c1e88792-5da7-4d5a-8add-3074624fafda', '創世記', 43, NOW() - INTERVAL '33 days'),
  ('13274302-16e7-4e9f-8aeb-d104919a9c09', 'c1e88792-5da7-4d5a-8add-3074624fafda', '創世記', 44, NOW() - INTERVAL '33 days'),
  ('13274302-16e7-4e9f-8aeb-d104919a9c09', 'c1e88792-5da7-4d5a-8add-3074624fafda', '創世記', 45, NOW() - INTERVAL '33 days'),
  ('13274302-16e7-4e9f-8aeb-d104919a9c09', 'c1e88792-5da7-4d5a-8add-3074624fafda', '創世記', 46, NOW() - INTERVAL '33 days'),
  ('13274302-16e7-4e9f-8aeb-d104919a9c09', 'c1e88792-5da7-4d5a-8add-3074624fafda', '創世記', 47, NOW() - INTERVAL '32 days'),
  ('13274302-16e7-4e9f-8aeb-d104919a9c09', 'c1e88792-5da7-4d5a-8add-3074624fafda', '創世記', 48, NOW() - INTERVAL '32 days'),
  ('13274302-16e7-4e9f-8aeb-d104919a9c09', 'c1e88792-5da7-4d5a-8add-3074624fafda', '創世記', 49, NOW() - INTERVAL '32 days'),
  ('13274302-16e7-4e9f-8aeb-d104919a9c09', 'c1e88792-5da7-4d5a-8add-3074624fafda', '創世記', 50, NOW() - INTERVAL '32 days'),
  ('13274302-16e7-4e9f-8aeb-d104919a9c09', 'c1e88792-5da7-4d5a-8add-3074624fafda', '馬太福音', 1, NOW() - INTERVAL '32 days'),
  ('13274302-16e7-4e9f-8aeb-d104919a9c09', 'c1e88792-5da7-4d5a-8add-3074624fafda', '馬太福音', 2, NOW() - INTERVAL '31 days'),
  ('13274302-16e7-4e9f-8aeb-d104919a9c09', 'c1e88792-5da7-4d5a-8add-3074624fafda', '馬太福音', 3, NOW() - INTERVAL '31 days'),
  ('13274302-16e7-4e9f-8aeb-d104919a9c09', 'c1e88792-5da7-4d5a-8add-3074624fafda', '馬太福音', 4, NOW() - INTERVAL '31 days'),
  ('13274302-16e7-4e9f-8aeb-d104919a9c09', 'c1e88792-5da7-4d5a-8add-3074624fafda', '馬太福音', 5, NOW() - INTERVAL '31 days'),
  ('13274302-16e7-4e9f-8aeb-d104919a9c09', 'c1e88792-5da7-4d5a-8add-3074624fafda', '馬太福音', 6, NOW() - INTERVAL '31 days'),
  ('13274302-16e7-4e9f-8aeb-d104919a9c09', 'c1e88792-5da7-4d5a-8add-3074624fafda', '馬太福音', 7, NOW() - INTERVAL '30 days'),
  ('13274302-16e7-4e9f-8aeb-d104919a9c09', 'c1e88792-5da7-4d5a-8add-3074624fafda', '馬太福音', 8, NOW() - INTERVAL '30 days'),
  ('13274302-16e7-4e9f-8aeb-d104919a9c09', 'c1e88792-5da7-4d5a-8add-3074624fafda', '馬太福音', 9, NOW() - INTERVAL '30 days'),
  ('13274302-16e7-4e9f-8aeb-d104919a9c09', 'c1e88792-5da7-4d5a-8add-3074624fafda', '馬太福音', 10, NOW() - INTERVAL '30 days'),
  ('13274302-16e7-4e9f-8aeb-d104919a9c09', 'c1e88792-5da7-4d5a-8add-3074624fafda', '馬太福音', 11, NOW() - INTERVAL '30 days'),
  ('13274302-16e7-4e9f-8aeb-d104919a9c09', 'c1e88792-5da7-4d5a-8add-3074624fafda', '馬太福音', 12, NOW() - INTERVAL '29 days'),
  ('13274302-16e7-4e9f-8aeb-d104919a9c09', 'c1e88792-5da7-4d5a-8add-3074624fafda', '馬太福音', 13, NOW() - INTERVAL '29 days'),
  ('13274302-16e7-4e9f-8aeb-d104919a9c09', 'c1e88792-5da7-4d5a-8add-3074624fafda', '馬太福音', 14, NOW() - INTERVAL '29 days'),
  ('13274302-16e7-4e9f-8aeb-d104919a9c09', 'c1e88792-5da7-4d5a-8add-3074624fafda', '馬太福音', 15, NOW() - INTERVAL '29 days'),
  ('13274302-16e7-4e9f-8aeb-d104919a9c09', 'c1e88792-5da7-4d5a-8add-3074624fafda', '馬太福音', 16, NOW() - INTERVAL '29 days'),
  ('13274302-16e7-4e9f-8aeb-d104919a9c09', 'c1e88792-5da7-4d5a-8add-3074624fafda', '馬太福音', 17, NOW() - INTERVAL '28 days'),
  ('13274302-16e7-4e9f-8aeb-d104919a9c09', 'c1e88792-5da7-4d5a-8add-3074624fafda', '馬太福音', 18, NOW() - INTERVAL '28 days'),
  ('13274302-16e7-4e9f-8aeb-d104919a9c09', 'c1e88792-5da7-4d5a-8add-3074624fafda', '馬太福音', 19, NOW() - INTERVAL '28 days'),
  ('13274302-16e7-4e9f-8aeb-d104919a9c09', 'c1e88792-5da7-4d5a-8add-3074624fafda', '馬太福音', 20, NOW() - INTERVAL '28 days'),
  ('13274302-16e7-4e9f-8aeb-d104919a9c09', 'c1e88792-5da7-4d5a-8add-3074624fafda', '馬太福音', 21, NOW() - INTERVAL '28 days'),
  ('13274302-16e7-4e9f-8aeb-d104919a9c09', 'c1e88792-5da7-4d5a-8add-3074624fafda', '馬太福音', 22, NOW() - INTERVAL '27 days'),
  ('13274302-16e7-4e9f-8aeb-d104919a9c09', 'c1e88792-5da7-4d5a-8add-3074624fafda', '馬太福音', 23, NOW() - INTERVAL '27 days'),
  ('13274302-16e7-4e9f-8aeb-d104919a9c09', 'c1e88792-5da7-4d5a-8add-3074624fafda', '馬太福音', 24, NOW() - INTERVAL '27 days'),
  ('13274302-16e7-4e9f-8aeb-d104919a9c09', 'c1e88792-5da7-4d5a-8add-3074624fafda', '馬太福音', 25, NOW() - INTERVAL '27 days'),
  ('13274302-16e7-4e9f-8aeb-d104919a9c09', 'c1e88792-5da7-4d5a-8add-3074624fafda', '馬太福音', 26, NOW() - INTERVAL '27 days'),
  ('13274302-16e7-4e9f-8aeb-d104919a9c09', 'c1e88792-5da7-4d5a-8add-3074624fafda', '馬太福音', 27, NOW() - INTERVAL '26 days'),
  ('13274302-16e7-4e9f-8aeb-d104919a9c09', 'c1e88792-5da7-4d5a-8add-3074624fafda', '馬太福音', 28, NOW() - INTERVAL '26 days'),
  ('13274302-16e7-4e9f-8aeb-d104919a9c09', 'c1e88792-5da7-4d5a-8add-3074624fafda', '列王紀下', 1, NOW() - INTERVAL '26 days'),
  ('13274302-16e7-4e9f-8aeb-d104919a9c09', 'c1e88792-5da7-4d5a-8add-3074624fafda', '列王紀下', 2, NOW() - INTERVAL '26 days'),
  ('13274302-16e7-4e9f-8aeb-d104919a9c09', 'c1e88792-5da7-4d5a-8add-3074624fafda', '列王紀下', 3, NOW() - INTERVAL '26 days'),
  ('13274302-16e7-4e9f-8aeb-d104919a9c09', 'c1e88792-5da7-4d5a-8add-3074624fafda', '列王紀下', 4, NOW() - INTERVAL '25 days'),
  ('13274302-16e7-4e9f-8aeb-d104919a9c09', 'c1e88792-5da7-4d5a-8add-3074624fafda', '列王紀下', 5, NOW() - INTERVAL '25 days'),
  ('13274302-16e7-4e9f-8aeb-d104919a9c09', 'c1e88792-5da7-4d5a-8add-3074624fafda', '列王紀下', 6, NOW() - INTERVAL '25 days'),
  ('13274302-16e7-4e9f-8aeb-d104919a9c09', 'c1e88792-5da7-4d5a-8add-3074624fafda', '列王紀下', 7, NOW() - INTERVAL '25 days'),
  ('13274302-16e7-4e9f-8aeb-d104919a9c09', 'c1e88792-5da7-4d5a-8add-3074624fafda', '列王紀下', 8, NOW() - INTERVAL '25 days'),
  ('13274302-16e7-4e9f-8aeb-d104919a9c09', 'c1e88792-5da7-4d5a-8add-3074624fafda', '列王紀下', 9, NOW() - INTERVAL '24 days'),
  ('13274302-16e7-4e9f-8aeb-d104919a9c09', 'c1e88792-5da7-4d5a-8add-3074624fafda', '列王紀下', 10, NOW() - INTERVAL '24 days'),
  ('13274302-16e7-4e9f-8aeb-d104919a9c09', 'c1e88792-5da7-4d5a-8add-3074624fafda', '列王紀下', 11, NOW() - INTERVAL '24 days'),
  ('13274302-16e7-4e9f-8aeb-d104919a9c09', 'c1e88792-5da7-4d5a-8add-3074624fafda', '列王紀下', 12, NOW() - INTERVAL '24 days'),
  ('13274302-16e7-4e9f-8aeb-d104919a9c09', 'c1e88792-5da7-4d5a-8add-3074624fafda', '列王紀下', 13, NOW() - INTERVAL '24 days'),
  ('13274302-16e7-4e9f-8aeb-d104919a9c09', 'c1e88792-5da7-4d5a-8add-3074624fafda', '列王紀下', 14, NOW() - INTERVAL '23 days'),
  ('13274302-16e7-4e9f-8aeb-d104919a9c09', 'c1e88792-5da7-4d5a-8add-3074624fafda', '列王紀下', 15, NOW() - INTERVAL '23 days'),
  ('13274302-16e7-4e9f-8aeb-d104919a9c09', 'c1e88792-5da7-4d5a-8add-3074624fafda', '列王紀下', 16, NOW() - INTERVAL '23 days'),
  ('13274302-16e7-4e9f-8aeb-d104919a9c09', 'c1e88792-5da7-4d5a-8add-3074624fafda', '列王紀下', 17, NOW() - INTERVAL '23 days'),
  ('13274302-16e7-4e9f-8aeb-d104919a9c09', 'c1e88792-5da7-4d5a-8add-3074624fafda', '列王紀下', 18, NOW() - INTERVAL '23 days'),
  ('13274302-16e7-4e9f-8aeb-d104919a9c09', 'c1e88792-5da7-4d5a-8add-3074624fafda', '列王紀下', 19, NOW() - INTERVAL '22 days'),
  ('13274302-16e7-4e9f-8aeb-d104919a9c09', 'c1e88792-5da7-4d5a-8add-3074624fafda', '列王紀下', 20, NOW() - INTERVAL '22 days'),
  ('13274302-16e7-4e9f-8aeb-d104919a9c09', 'c1e88792-5da7-4d5a-8add-3074624fafda', '列王紀下', 21, NOW() - INTERVAL '22 days'),
  ('13274302-16e7-4e9f-8aeb-d104919a9c09', 'c1e88792-5da7-4d5a-8add-3074624fafda', '列王紀下', 22, NOW() - INTERVAL '22 days'),
  ('13274302-16e7-4e9f-8aeb-d104919a9c09', 'c1e88792-5da7-4d5a-8add-3074624fafda', '列王紀下', 23, NOW() - INTERVAL '22 days'),
  ('13274302-16e7-4e9f-8aeb-d104919a9c09', 'c1e88792-5da7-4d5a-8add-3074624fafda', '列王紀下', 24, NOW() - INTERVAL '21 days'),
  ('13274302-16e7-4e9f-8aeb-d104919a9c09', 'c1e88792-5da7-4d5a-8add-3074624fafda', '列王紀下', 25, NOW() - INTERVAL '21 days'),
  ('13274302-16e7-4e9f-8aeb-d104919a9c09', 'c1e88792-5da7-4d5a-8add-3074624fafda', '雅各書', 1, NOW() - INTERVAL '21 days'),
  ('13274302-16e7-4e9f-8aeb-d104919a9c09', 'c1e88792-5da7-4d5a-8add-3074624fafda', '雅各書', 2, NOW() - INTERVAL '21 days'),
  ('13274302-16e7-4e9f-8aeb-d104919a9c09', 'c1e88792-5da7-4d5a-8add-3074624fafda', '雅各書', 3, NOW() - INTERVAL '21 days'),
  ('13274302-16e7-4e9f-8aeb-d104919a9c09', 'c1e88792-5da7-4d5a-8add-3074624fafda', '雅各書', 4, NOW() - INTERVAL '20 days'),
  ('13274302-16e7-4e9f-8aeb-d104919a9c09', 'c1e88792-5da7-4d5a-8add-3074624fafda', '雅各書', 5, NOW() - INTERVAL '20 days'),
  ('13274302-16e7-4e9f-8aeb-d104919a9c09', 'c1e88792-5da7-4d5a-8add-3074624fafda', '出埃及記', 1, NOW() - INTERVAL '20 days'),
  ('13274302-16e7-4e9f-8aeb-d104919a9c09', 'c1e88792-5da7-4d5a-8add-3074624fafda', '出埃及記', 2, NOW() - INTERVAL '20 days'),
  ('13274302-16e7-4e9f-8aeb-d104919a9c09', 'c1e88792-5da7-4d5a-8add-3074624fafda', '出埃及記', 3, NOW() - INTERVAL '20 days'),
  ('13274302-16e7-4e9f-8aeb-d104919a9c09', 'c1e88792-5da7-4d5a-8add-3074624fafda', '出埃及記', 4, NOW() - INTERVAL '19 days'),
  ('13274302-16e7-4e9f-8aeb-d104919a9c09', 'c1e88792-5da7-4d5a-8add-3074624fafda', '出埃及記', 5, NOW() - INTERVAL '19 days'),
  ('13274302-16e7-4e9f-8aeb-d104919a9c09', 'c1e88792-5da7-4d5a-8add-3074624fafda', '出埃及記', 6, NOW() - INTERVAL '19 days'),
  ('13274302-16e7-4e9f-8aeb-d104919a9c09', 'c1e88792-5da7-4d5a-8add-3074624fafda', '出埃及記', 7, NOW() - INTERVAL '19 days'),
  ('13274302-16e7-4e9f-8aeb-d104919a9c09', 'c1e88792-5da7-4d5a-8add-3074624fafda', '出埃及記', 8, NOW() - INTERVAL '19 days'),
  ('13274302-16e7-4e9f-8aeb-d104919a9c09', 'c1e88792-5da7-4d5a-8add-3074624fafda', '出埃及記', 9, NOW() - INTERVAL '18 days'),
  ('13274302-16e7-4e9f-8aeb-d104919a9c09', 'c1e88792-5da7-4d5a-8add-3074624fafda', '出埃及記', 10, NOW() - INTERVAL '18 days'),
  ('13274302-16e7-4e9f-8aeb-d104919a9c09', 'c1e88792-5da7-4d5a-8add-3074624fafda', '出埃及記', 11, NOW() - INTERVAL '18 days'),
  ('13274302-16e7-4e9f-8aeb-d104919a9c09', 'c1e88792-5da7-4d5a-8add-3074624fafda', '出埃及記', 12, NOW() - INTERVAL '18 days'),
  ('13274302-16e7-4e9f-8aeb-d104919a9c09', 'c1e88792-5da7-4d5a-8add-3074624fafda', '出埃及記', 13, NOW() - INTERVAL '18 days'),
  ('13274302-16e7-4e9f-8aeb-d104919a9c09', 'c1e88792-5da7-4d5a-8add-3074624fafda', '出埃及記', 14, NOW() - INTERVAL '17 days'),
  ('13274302-16e7-4e9f-8aeb-d104919a9c09', 'c1e88792-5da7-4d5a-8add-3074624fafda', '出埃及記', 15, NOW() - INTERVAL '17 days'),
  ('13274302-16e7-4e9f-8aeb-d104919a9c09', 'c1e88792-5da7-4d5a-8add-3074624fafda', '出埃及記', 16, NOW() - INTERVAL '17 days'),
  ('13274302-16e7-4e9f-8aeb-d104919a9c09', 'c1e88792-5da7-4d5a-8add-3074624fafda', '出埃及記', 17, NOW() - INTERVAL '17 days'),
  ('13274302-16e7-4e9f-8aeb-d104919a9c09', 'c1e88792-5da7-4d5a-8add-3074624fafda', '出埃及記', 18, NOW() - INTERVAL '17 days'),
  ('13274302-16e7-4e9f-8aeb-d104919a9c09', 'c1e88792-5da7-4d5a-8add-3074624fafda', '出埃及記', 19, NOW() - INTERVAL '16 days'),
  ('13274302-16e7-4e9f-8aeb-d104919a9c09', 'c1e88792-5da7-4d5a-8add-3074624fafda', '出埃及記', 20, NOW() - INTERVAL '16 days'),
  ('13274302-16e7-4e9f-8aeb-d104919a9c09', 'c1e88792-5da7-4d5a-8add-3074624fafda', '出埃及記', 21, NOW() - INTERVAL '16 days'),
  ('13274302-16e7-4e9f-8aeb-d104919a9c09', 'c1e88792-5da7-4d5a-8add-3074624fafda', '出埃及記', 22, NOW() - INTERVAL '16 days'),
  ('13274302-16e7-4e9f-8aeb-d104919a9c09', 'c1e88792-5da7-4d5a-8add-3074624fafda', '出埃及記', 23, NOW() - INTERVAL '16 days'),
  ('13274302-16e7-4e9f-8aeb-d104919a9c09', 'c1e88792-5da7-4d5a-8add-3074624fafda', '出埃及記', 24, NOW() - INTERVAL '15 days'),
  ('13274302-16e7-4e9f-8aeb-d104919a9c09', 'c1e88792-5da7-4d5a-8add-3074624fafda', '出埃及記', 25, NOW() - INTERVAL '15 days'),
  ('13274302-16e7-4e9f-8aeb-d104919a9c09', 'c1e88792-5da7-4d5a-8add-3074624fafda', '出埃及記', 26, NOW() - INTERVAL '15 days'),
  ('13274302-16e7-4e9f-8aeb-d104919a9c09', 'c1e88792-5da7-4d5a-8add-3074624fafda', '出埃及記', 27, NOW() - INTERVAL '15 days'),
  ('13274302-16e7-4e9f-8aeb-d104919a9c09', 'c1e88792-5da7-4d5a-8add-3074624fafda', '出埃及記', 28, NOW() - INTERVAL '15 days'),
  ('13274302-16e7-4e9f-8aeb-d104919a9c09', 'c1e88792-5da7-4d5a-8add-3074624fafda', '出埃及記', 29, NOW() - INTERVAL '14 days'),
  ('13274302-16e7-4e9f-8aeb-d104919a9c09', 'c1e88792-5da7-4d5a-8add-3074624fafda', '出埃及記', 30, NOW() - INTERVAL '14 days'),
  ('13274302-16e7-4e9f-8aeb-d104919a9c09', 'c1e88792-5da7-4d5a-8add-3074624fafda', '出埃及記', 31, NOW() - INTERVAL '14 days'),
  ('13274302-16e7-4e9f-8aeb-d104919a9c09', 'c1e88792-5da7-4d5a-8add-3074624fafda', '出埃及記', 32, NOW() - INTERVAL '14 days'),
  ('13274302-16e7-4e9f-8aeb-d104919a9c09', 'c1e88792-5da7-4d5a-8add-3074624fafda', '出埃及記', 33, NOW() - INTERVAL '14 days'),
  ('13274302-16e7-4e9f-8aeb-d104919a9c09', 'c1e88792-5da7-4d5a-8add-3074624fafda', '出埃及記', 34, NOW() - INTERVAL '13 days'),
  ('13274302-16e7-4e9f-8aeb-d104919a9c09', 'c1e88792-5da7-4d5a-8add-3074624fafda', '出埃及記', 35, NOW() - INTERVAL '13 days'),
  ('13274302-16e7-4e9f-8aeb-d104919a9c09', 'c1e88792-5da7-4d5a-8add-3074624fafda', '出埃及記', 36, NOW() - INTERVAL '13 days'),
  ('13274302-16e7-4e9f-8aeb-d104919a9c09', 'c1e88792-5da7-4d5a-8add-3074624fafda', '出埃及記', 37, NOW() - INTERVAL '13 days'),
  ('13274302-16e7-4e9f-8aeb-d104919a9c09', 'c1e88792-5da7-4d5a-8add-3074624fafda', '出埃及記', 38, NOW() - INTERVAL '13 days'),
  ('13274302-16e7-4e9f-8aeb-d104919a9c09', 'c1e88792-5da7-4d5a-8add-3074624fafda', '出埃及記', 39, NOW() - INTERVAL '12 days'),
  ('13274302-16e7-4e9f-8aeb-d104919a9c09', 'c1e88792-5da7-4d5a-8add-3074624fafda', '出埃及記', 40, NOW() - INTERVAL '12 days'),
  ('13274302-16e7-4e9f-8aeb-d104919a9c09', 'c1e88792-5da7-4d5a-8add-3074624fafda', '馬可福音', 1, NOW() - INTERVAL '12 days'),
  ('13274302-16e7-4e9f-8aeb-d104919a9c09', 'c1e88792-5da7-4d5a-8add-3074624fafda', '馬可福音', 2, NOW() - INTERVAL '12 days'),
  ('13274302-16e7-4e9f-8aeb-d104919a9c09', 'c1e88792-5da7-4d5a-8add-3074624fafda', '馬可福音', 3, NOW() - INTERVAL '12 days'),
  ('13274302-16e7-4e9f-8aeb-d104919a9c09', 'c1e88792-5da7-4d5a-8add-3074624fafda', '馬可福音', 4, NOW() - INTERVAL '11 days'),
  ('13274302-16e7-4e9f-8aeb-d104919a9c09', 'c1e88792-5da7-4d5a-8add-3074624fafda', '馬可福音', 5, NOW() - INTERVAL '11 days'),
  ('13274302-16e7-4e9f-8aeb-d104919a9c09', 'c1e88792-5da7-4d5a-8add-3074624fafda', '馬可福音', 6, NOW() - INTERVAL '11 days'),
  ('13274302-16e7-4e9f-8aeb-d104919a9c09', 'c1e88792-5da7-4d5a-8add-3074624fafda', '馬可福音', 7, NOW() - INTERVAL '11 days'),
  ('13274302-16e7-4e9f-8aeb-d104919a9c09', 'c1e88792-5da7-4d5a-8add-3074624fafda', '馬可福音', 8, NOW() - INTERVAL '11 days'),
  ('13274302-16e7-4e9f-8aeb-d104919a9c09', 'c1e88792-5da7-4d5a-8add-3074624fafda', '馬可福音', 9, NOW() - INTERVAL '10 days'),
  ('13274302-16e7-4e9f-8aeb-d104919a9c09', 'c1e88792-5da7-4d5a-8add-3074624fafda', '馬可福音', 10, NOW() - INTERVAL '10 days'),
  ('13274302-16e7-4e9f-8aeb-d104919a9c09', 'c1e88792-5da7-4d5a-8add-3074624fafda', '馬可福音', 11, NOW() - INTERVAL '10 days'),
  ('13274302-16e7-4e9f-8aeb-d104919a9c09', 'c1e88792-5da7-4d5a-8add-3074624fafda', '馬可福音', 12, NOW() - INTERVAL '10 days'),
  ('13274302-16e7-4e9f-8aeb-d104919a9c09', 'c1e88792-5da7-4d5a-8add-3074624fafda', '馬可福音', 13, NOW() - INTERVAL '10 days'),
  ('13274302-16e7-4e9f-8aeb-d104919a9c09', 'c1e88792-5da7-4d5a-8add-3074624fafda', '馬可福音', 14, NOW() - INTERVAL '9 days'),
  ('13274302-16e7-4e9f-8aeb-d104919a9c09', 'c1e88792-5da7-4d5a-8add-3074624fafda', '馬可福音', 15, NOW() - INTERVAL '9 days'),
  ('13274302-16e7-4e9f-8aeb-d104919a9c09', 'c1e88792-5da7-4d5a-8add-3074624fafda', '馬可福音', 16, NOW() - INTERVAL '9 days'),
  ('13274302-16e7-4e9f-8aeb-d104919a9c09', 'c1e88792-5da7-4d5a-8add-3074624fafda', '約伯記', 1, NOW() - INTERVAL '9 days'),
  ('13274302-16e7-4e9f-8aeb-d104919a9c09', 'c1e88792-5da7-4d5a-8add-3074624fafda', '約伯記', 2, NOW() - INTERVAL '9 days'),
  ('13274302-16e7-4e9f-8aeb-d104919a9c09', 'c1e88792-5da7-4d5a-8add-3074624fafda', '約伯記', 3, NOW() - INTERVAL '8 days'),
  ('13274302-16e7-4e9f-8aeb-d104919a9c09', 'c1e88792-5da7-4d5a-8add-3074624fafda', '約伯記', 4, NOW() - INTERVAL '8 days'),
  ('13274302-16e7-4e9f-8aeb-d104919a9c09', 'c1e88792-5da7-4d5a-8add-3074624fafda', '約伯記', 5, NOW() - INTERVAL '8 days'),
  ('13274302-16e7-4e9f-8aeb-d104919a9c09', 'c1e88792-5da7-4d5a-8add-3074624fafda', '約伯記', 6, NOW() - INTERVAL '8 days'),
  ('13274302-16e7-4e9f-8aeb-d104919a9c09', 'c1e88792-5da7-4d5a-8add-3074624fafda', '約伯記', 7, NOW() - INTERVAL '8 days'),
  ('13274302-16e7-4e9f-8aeb-d104919a9c09', 'c1e88792-5da7-4d5a-8add-3074624fafda', '約伯記', 8, NOW() - INTERVAL '7 days'),
  ('13274302-16e7-4e9f-8aeb-d104919a9c09', 'c1e88792-5da7-4d5a-8add-3074624fafda', '約伯記', 9, NOW() - INTERVAL '7 days'),
  ('13274302-16e7-4e9f-8aeb-d104919a9c09', 'c1e88792-5da7-4d5a-8add-3074624fafda', '約伯記', 10, NOW() - INTERVAL '7 days'),
  ('13274302-16e7-4e9f-8aeb-d104919a9c09', 'c1e88792-5da7-4d5a-8add-3074624fafda', '約伯記', 11, NOW() - INTERVAL '7 days'),
  ('13274302-16e7-4e9f-8aeb-d104919a9c09', 'c1e88792-5da7-4d5a-8add-3074624fafda', '約伯記', 12, NOW() - INTERVAL '7 days'),
  ('13274302-16e7-4e9f-8aeb-d104919a9c09', 'c1e88792-5da7-4d5a-8add-3074624fafda', '約伯記', 13, NOW() - INTERVAL '6 days'),
  ('13274302-16e7-4e9f-8aeb-d104919a9c09', 'c1e88792-5da7-4d5a-8add-3074624fafda', '約伯記', 14, NOW() - INTERVAL '6 days'),
  ('13274302-16e7-4e9f-8aeb-d104919a9c09', 'c1e88792-5da7-4d5a-8add-3074624fafda', '約伯記', 15, NOW() - INTERVAL '6 days'),
  ('13274302-16e7-4e9f-8aeb-d104919a9c09', 'c1e88792-5da7-4d5a-8add-3074624fafda', '約伯記', 16, NOW() - INTERVAL '6 days'),
  ('13274302-16e7-4e9f-8aeb-d104919a9c09', 'c1e88792-5da7-4d5a-8add-3074624fafda', '約伯記', 17, NOW() - INTERVAL '6 days'),
  ('13274302-16e7-4e9f-8aeb-d104919a9c09', 'c1e88792-5da7-4d5a-8add-3074624fafda', '約伯記', 18, NOW() - INTERVAL '5 days'),
  ('13274302-16e7-4e9f-8aeb-d104919a9c09', 'c1e88792-5da7-4d5a-8add-3074624fafda', '約伯記', 19, NOW() - INTERVAL '5 days'),
  ('13274302-16e7-4e9f-8aeb-d104919a9c09', 'c1e88792-5da7-4d5a-8add-3074624fafda', '約伯記', 20, NOW() - INTERVAL '5 days'),
  ('13274302-16e7-4e9f-8aeb-d104919a9c09', 'c1e88792-5da7-4d5a-8add-3074624fafda', '約伯記', 21, NOW() - INTERVAL '5 days'),
  ('13274302-16e7-4e9f-8aeb-d104919a9c09', 'c1e88792-5da7-4d5a-8add-3074624fafda', '約伯記', 22, NOW() - INTERVAL '5 days'),
  ('13274302-16e7-4e9f-8aeb-d104919a9c09', 'c1e88792-5da7-4d5a-8add-3074624fafda', '約伯記', 23, NOW() - INTERVAL '4 days'),
  ('13274302-16e7-4e9f-8aeb-d104919a9c09', 'c1e88792-5da7-4d5a-8add-3074624fafda', '約伯記', 24, NOW() - INTERVAL '4 days'),
  ('13274302-16e7-4e9f-8aeb-d104919a9c09', 'c1e88792-5da7-4d5a-8add-3074624fafda', '約伯記', 25, NOW() - INTERVAL '4 days'),
  ('13274302-16e7-4e9f-8aeb-d104919a9c09', 'c1e88792-5da7-4d5a-8add-3074624fafda', '約伯記', 26, NOW() - INTERVAL '4 days'),
  ('13274302-16e7-4e9f-8aeb-d104919a9c09', 'c1e88792-5da7-4d5a-8add-3074624fafda', '約伯記', 27, NOW() - INTERVAL '4 days'),
  ('13274302-16e7-4e9f-8aeb-d104919a9c09', 'c1e88792-5da7-4d5a-8add-3074624fafda', '約伯記', 28, NOW() - INTERVAL '3 days'),
  ('13274302-16e7-4e9f-8aeb-d104919a9c09', 'c1e88792-5da7-4d5a-8add-3074624fafda', '約伯記', 29, NOW() - INTERVAL '3 days'),
  ('13274302-16e7-4e9f-8aeb-d104919a9c09', 'c1e88792-5da7-4d5a-8add-3074624fafda', '約伯記', 30, NOW() - INTERVAL '3 days'),
  ('13274302-16e7-4e9f-8aeb-d104919a9c09', 'c1e88792-5da7-4d5a-8add-3074624fafda', '約伯記', 31, NOW() - INTERVAL '3 days'),
  ('13274302-16e7-4e9f-8aeb-d104919a9c09', 'c1e88792-5da7-4d5a-8add-3074624fafda', '約伯記', 32, NOW() - INTERVAL '3 days'),
  ('13274302-16e7-4e9f-8aeb-d104919a9c09', 'c1e88792-5da7-4d5a-8add-3074624fafda', '約伯記', 33, NOW() - INTERVAL '2 days'),
  ('13274302-16e7-4e9f-8aeb-d104919a9c09', 'c1e88792-5da7-4d5a-8add-3074624fafda', '約伯記', 34, NOW() - INTERVAL '2 days'),
  ('13274302-16e7-4e9f-8aeb-d104919a9c09', 'c1e88792-5da7-4d5a-8add-3074624fafda', '約伯記', 35, NOW() - INTERVAL '2 days'),
  ('13274302-16e7-4e9f-8aeb-d104919a9c09', 'c1e88792-5da7-4d5a-8add-3074624fafda', '約伯記', 36, NOW() - INTERVAL '2 days'),
  ('13274302-16e7-4e9f-8aeb-d104919a9c09', 'c1e88792-5da7-4d5a-8add-3074624fafda', '約伯記', 37, NOW() - INTERVAL '2 days'),
  ('13274302-16e7-4e9f-8aeb-d104919a9c09', 'c1e88792-5da7-4d5a-8add-3074624fafda', '約伯記', 38, NOW() - INTERVAL '1 days'),
  ('13274302-16e7-4e9f-8aeb-d104919a9c09', 'c1e88792-5da7-4d5a-8add-3074624fafda', '約伯記', 39, NOW() - INTERVAL '1 days'),
  ('13274302-16e7-4e9f-8aeb-d104919a9c09', 'c1e88792-5da7-4d5a-8add-3074624fafda', '約伯記', 40, NOW() - INTERVAL '1 days'),
  ('13274302-16e7-4e9f-8aeb-d104919a9c09', 'c1e88792-5da7-4d5a-8add-3074624fafda', '約伯記', 41, NOW() - INTERVAL '1 days'),
  ('13274302-16e7-4e9f-8aeb-d104919a9c09', 'c1e88792-5da7-4d5a-8add-3074624fafda', '約伯記', 42, NOW() - INTERVAL '1 days'),
  ('13274302-16e7-4e9f-8aeb-d104919a9c09', 'c1e88792-5da7-4d5a-8add-3074624fafda', '加拉太書', 1, NOW() - INTERVAL '0 days'),
  ('13274302-16e7-4e9f-8aeb-d104919a9c09', 'c1e88792-5da7-4d5a-8add-3074624fafda', '加拉太書', 2, NOW() - INTERVAL '0 days'),
  ('13274302-16e7-4e9f-8aeb-d104919a9c09', 'c1e88792-5da7-4d5a-8add-3074624fafda', '加拉太書', 3, NOW() - INTERVAL '0 days'),
  ('13274302-16e7-4e9f-8aeb-d104919a9c09', 'c1e88792-5da7-4d5a-8add-3074624fafda', '加拉太書', 4, NOW() - INTERVAL '0 days');

--------------------------------------------------

-- 使用者: 示範組員二
INSERT INTO auth.users (id, email, raw_user_meta_data, created_at, updated_at, instance_id, aud, role, encrypted_password)
VALUES (
  '5815fadf-b71f-4c8d-8d60-8b10c4b95f2f',
  '5815fadf@church-bible.com',
  '{"full_name": "示範組員二"}',
  NOW() - INTERVAL '21 days',
  NOW(),
  '00000000-0000-0000-0000-000000000000',
  'authenticated',
  'authenticated',
  '$2a$10$abcdefghijklmnopqrstuv' -- Dummy bcrypt hash
) ON CONFLICT (id) DO NOTHING;

INSERT INTO public.profiles (id, name, great_region, pastoral_zone, small_group, role, is_demo, updated_at)
VALUES (
  '5815fadf-b71f-4c8d-8d60-8b10c4b95f2f',
  '示範組員二',
  '示範大區A',
  '示範牧區甲',
  '示範小組2',
  'member',
  TRUE,
  NOW()
) ON CONFLICT (id) DO NOTHING;

INSERT INTO public.reading_plans (id, user_id, name, start_date, end_date, target_books)
VALUES (
  '1b66d81d-c59d-4abd-9604-11cd7f9eeebb',
  '5815fadf-b71f-4c8d-8d60-8b10c4b95f2f',
  '第一季速讀：2026年7月~9月',
  '2026-07-01',
  '2026-09-30',
  ARRAY['創世記', '馬太福音', '列王紀下', '雅各書', '出埃及記', '馬可福音', '約伯記', '加拉太書', '哈巴谷書', '猶大書', '利未記', '路加福音', '歷代志下', '帖撒羅尼迦前書', '約拿書', '約翰二書', '彌迦書', '約翰三書']
) ON CONFLICT (id) DO NOTHING;

INSERT INTO public.reading_logs (user_id, plan_id, book, chapter, read_at)
VALUES
  ('5815fadf-b71f-4c8d-8d60-8b10c4b95f2f', '1b66d81d-c59d-4abd-9604-11cd7f9eeebb', '創世記', 1, NOW() - INTERVAL '104 days'),
  ('5815fadf-b71f-4c8d-8d60-8b10c4b95f2f', '1b66d81d-c59d-4abd-9604-11cd7f9eeebb', '創世記', 2, NOW() - INTERVAL '103 days'),
  ('5815fadf-b71f-4c8d-8d60-8b10c4b95f2f', '1b66d81d-c59d-4abd-9604-11cd7f9eeebb', '創世記', 3, NOW() - INTERVAL '103 days'),
  ('5815fadf-b71f-4c8d-8d60-8b10c4b95f2f', '1b66d81d-c59d-4abd-9604-11cd7f9eeebb', '創世記', 4, NOW() - INTERVAL '103 days'),
  ('5815fadf-b71f-4c8d-8d60-8b10c4b95f2f', '1b66d81d-c59d-4abd-9604-11cd7f9eeebb', '創世記', 5, NOW() - INTERVAL '103 days'),
  ('5815fadf-b71f-4c8d-8d60-8b10c4b95f2f', '1b66d81d-c59d-4abd-9604-11cd7f9eeebb', '創世記', 6, NOW() - INTERVAL '103 days'),
  ('5815fadf-b71f-4c8d-8d60-8b10c4b95f2f', '1b66d81d-c59d-4abd-9604-11cd7f9eeebb', '創世記', 7, NOW() - INTERVAL '102 days'),
  ('5815fadf-b71f-4c8d-8d60-8b10c4b95f2f', '1b66d81d-c59d-4abd-9604-11cd7f9eeebb', '創世記', 8, NOW() - INTERVAL '102 days'),
  ('5815fadf-b71f-4c8d-8d60-8b10c4b95f2f', '1b66d81d-c59d-4abd-9604-11cd7f9eeebb', '創世記', 9, NOW() - INTERVAL '102 days'),
  ('5815fadf-b71f-4c8d-8d60-8b10c4b95f2f', '1b66d81d-c59d-4abd-9604-11cd7f9eeebb', '創世記', 10, NOW() - INTERVAL '102 days'),
  ('5815fadf-b71f-4c8d-8d60-8b10c4b95f2f', '1b66d81d-c59d-4abd-9604-11cd7f9eeebb', '創世記', 11, NOW() - INTERVAL '102 days'),
  ('5815fadf-b71f-4c8d-8d60-8b10c4b95f2f', '1b66d81d-c59d-4abd-9604-11cd7f9eeebb', '創世記', 12, NOW() - INTERVAL '101 days'),
  ('5815fadf-b71f-4c8d-8d60-8b10c4b95f2f', '1b66d81d-c59d-4abd-9604-11cd7f9eeebb', '創世記', 13, NOW() - INTERVAL '101 days'),
  ('5815fadf-b71f-4c8d-8d60-8b10c4b95f2f', '1b66d81d-c59d-4abd-9604-11cd7f9eeebb', '創世記', 14, NOW() - INTERVAL '101 days'),
  ('5815fadf-b71f-4c8d-8d60-8b10c4b95f2f', '1b66d81d-c59d-4abd-9604-11cd7f9eeebb', '創世記', 15, NOW() - INTERVAL '101 days'),
  ('5815fadf-b71f-4c8d-8d60-8b10c4b95f2f', '1b66d81d-c59d-4abd-9604-11cd7f9eeebb', '創世記', 16, NOW() - INTERVAL '101 days'),
  ('5815fadf-b71f-4c8d-8d60-8b10c4b95f2f', '1b66d81d-c59d-4abd-9604-11cd7f9eeebb', '創世記', 17, NOW() - INTERVAL '100 days'),
  ('5815fadf-b71f-4c8d-8d60-8b10c4b95f2f', '1b66d81d-c59d-4abd-9604-11cd7f9eeebb', '創世記', 18, NOW() - INTERVAL '100 days'),
  ('5815fadf-b71f-4c8d-8d60-8b10c4b95f2f', '1b66d81d-c59d-4abd-9604-11cd7f9eeebb', '創世記', 19, NOW() - INTERVAL '100 days'),
  ('5815fadf-b71f-4c8d-8d60-8b10c4b95f2f', '1b66d81d-c59d-4abd-9604-11cd7f9eeebb', '創世記', 20, NOW() - INTERVAL '100 days'),
  ('5815fadf-b71f-4c8d-8d60-8b10c4b95f2f', '1b66d81d-c59d-4abd-9604-11cd7f9eeebb', '創世記', 21, NOW() - INTERVAL '100 days'),
  ('5815fadf-b71f-4c8d-8d60-8b10c4b95f2f', '1b66d81d-c59d-4abd-9604-11cd7f9eeebb', '創世記', 22, NOW() - INTERVAL '99 days'),
  ('5815fadf-b71f-4c8d-8d60-8b10c4b95f2f', '1b66d81d-c59d-4abd-9604-11cd7f9eeebb', '創世記', 23, NOW() - INTERVAL '99 days'),
  ('5815fadf-b71f-4c8d-8d60-8b10c4b95f2f', '1b66d81d-c59d-4abd-9604-11cd7f9eeebb', '創世記', 24, NOW() - INTERVAL '99 days'),
  ('5815fadf-b71f-4c8d-8d60-8b10c4b95f2f', '1b66d81d-c59d-4abd-9604-11cd7f9eeebb', '創世記', 25, NOW() - INTERVAL '99 days'),
  ('5815fadf-b71f-4c8d-8d60-8b10c4b95f2f', '1b66d81d-c59d-4abd-9604-11cd7f9eeebb', '創世記', 26, NOW() - INTERVAL '99 days'),
  ('5815fadf-b71f-4c8d-8d60-8b10c4b95f2f', '1b66d81d-c59d-4abd-9604-11cd7f9eeebb', '創世記', 27, NOW() - INTERVAL '98 days'),
  ('5815fadf-b71f-4c8d-8d60-8b10c4b95f2f', '1b66d81d-c59d-4abd-9604-11cd7f9eeebb', '創世記', 28, NOW() - INTERVAL '98 days'),
  ('5815fadf-b71f-4c8d-8d60-8b10c4b95f2f', '1b66d81d-c59d-4abd-9604-11cd7f9eeebb', '創世記', 29, NOW() - INTERVAL '98 days'),
  ('5815fadf-b71f-4c8d-8d60-8b10c4b95f2f', '1b66d81d-c59d-4abd-9604-11cd7f9eeebb', '創世記', 30, NOW() - INTERVAL '98 days'),
  ('5815fadf-b71f-4c8d-8d60-8b10c4b95f2f', '1b66d81d-c59d-4abd-9604-11cd7f9eeebb', '創世記', 31, NOW() - INTERVAL '98 days'),
  ('5815fadf-b71f-4c8d-8d60-8b10c4b95f2f', '1b66d81d-c59d-4abd-9604-11cd7f9eeebb', '創世記', 32, NOW() - INTERVAL '97 days'),
  ('5815fadf-b71f-4c8d-8d60-8b10c4b95f2f', '1b66d81d-c59d-4abd-9604-11cd7f9eeebb', '創世記', 33, NOW() - INTERVAL '97 days'),
  ('5815fadf-b71f-4c8d-8d60-8b10c4b95f2f', '1b66d81d-c59d-4abd-9604-11cd7f9eeebb', '創世記', 34, NOW() - INTERVAL '97 days'),
  ('5815fadf-b71f-4c8d-8d60-8b10c4b95f2f', '1b66d81d-c59d-4abd-9604-11cd7f9eeebb', '創世記', 35, NOW() - INTERVAL '97 days'),
  ('5815fadf-b71f-4c8d-8d60-8b10c4b95f2f', '1b66d81d-c59d-4abd-9604-11cd7f9eeebb', '創世記', 36, NOW() - INTERVAL '97 days'),
  ('5815fadf-b71f-4c8d-8d60-8b10c4b95f2f', '1b66d81d-c59d-4abd-9604-11cd7f9eeebb', '創世記', 37, NOW() - INTERVAL '96 days'),
  ('5815fadf-b71f-4c8d-8d60-8b10c4b95f2f', '1b66d81d-c59d-4abd-9604-11cd7f9eeebb', '創世記', 38, NOW() - INTERVAL '96 days'),
  ('5815fadf-b71f-4c8d-8d60-8b10c4b95f2f', '1b66d81d-c59d-4abd-9604-11cd7f9eeebb', '創世記', 39, NOW() - INTERVAL '96 days'),
  ('5815fadf-b71f-4c8d-8d60-8b10c4b95f2f', '1b66d81d-c59d-4abd-9604-11cd7f9eeebb', '創世記', 40, NOW() - INTERVAL '96 days'),
  ('5815fadf-b71f-4c8d-8d60-8b10c4b95f2f', '1b66d81d-c59d-4abd-9604-11cd7f9eeebb', '創世記', 41, NOW() - INTERVAL '96 days'),
  ('5815fadf-b71f-4c8d-8d60-8b10c4b95f2f', '1b66d81d-c59d-4abd-9604-11cd7f9eeebb', '創世記', 42, NOW() - INTERVAL '95 days'),
  ('5815fadf-b71f-4c8d-8d60-8b10c4b95f2f', '1b66d81d-c59d-4abd-9604-11cd7f9eeebb', '創世記', 43, NOW() - INTERVAL '95 days'),
  ('5815fadf-b71f-4c8d-8d60-8b10c4b95f2f', '1b66d81d-c59d-4abd-9604-11cd7f9eeebb', '創世記', 44, NOW() - INTERVAL '95 days'),
  ('5815fadf-b71f-4c8d-8d60-8b10c4b95f2f', '1b66d81d-c59d-4abd-9604-11cd7f9eeebb', '創世記', 45, NOW() - INTERVAL '95 days'),
  ('5815fadf-b71f-4c8d-8d60-8b10c4b95f2f', '1b66d81d-c59d-4abd-9604-11cd7f9eeebb', '創世記', 46, NOW() - INTERVAL '95 days'),
  ('5815fadf-b71f-4c8d-8d60-8b10c4b95f2f', '1b66d81d-c59d-4abd-9604-11cd7f9eeebb', '創世記', 47, NOW() - INTERVAL '94 days'),
  ('5815fadf-b71f-4c8d-8d60-8b10c4b95f2f', '1b66d81d-c59d-4abd-9604-11cd7f9eeebb', '創世記', 48, NOW() - INTERVAL '94 days'),
  ('5815fadf-b71f-4c8d-8d60-8b10c4b95f2f', '1b66d81d-c59d-4abd-9604-11cd7f9eeebb', '創世記', 49, NOW() - INTERVAL '94 days'),
  ('5815fadf-b71f-4c8d-8d60-8b10c4b95f2f', '1b66d81d-c59d-4abd-9604-11cd7f9eeebb', '創世記', 50, NOW() - INTERVAL '94 days'),
  ('5815fadf-b71f-4c8d-8d60-8b10c4b95f2f', '1b66d81d-c59d-4abd-9604-11cd7f9eeebb', '馬太福音', 1, NOW() - INTERVAL '94 days'),
  ('5815fadf-b71f-4c8d-8d60-8b10c4b95f2f', '1b66d81d-c59d-4abd-9604-11cd7f9eeebb', '馬太福音', 2, NOW() - INTERVAL '93 days'),
  ('5815fadf-b71f-4c8d-8d60-8b10c4b95f2f', '1b66d81d-c59d-4abd-9604-11cd7f9eeebb', '馬太福音', 3, NOW() - INTERVAL '93 days'),
  ('5815fadf-b71f-4c8d-8d60-8b10c4b95f2f', '1b66d81d-c59d-4abd-9604-11cd7f9eeebb', '馬太福音', 4, NOW() - INTERVAL '93 days'),
  ('5815fadf-b71f-4c8d-8d60-8b10c4b95f2f', '1b66d81d-c59d-4abd-9604-11cd7f9eeebb', '馬太福音', 5, NOW() - INTERVAL '93 days'),
  ('5815fadf-b71f-4c8d-8d60-8b10c4b95f2f', '1b66d81d-c59d-4abd-9604-11cd7f9eeebb', '馬太福音', 6, NOW() - INTERVAL '93 days'),
  ('5815fadf-b71f-4c8d-8d60-8b10c4b95f2f', '1b66d81d-c59d-4abd-9604-11cd7f9eeebb', '馬太福音', 7, NOW() - INTERVAL '92 days'),
  ('5815fadf-b71f-4c8d-8d60-8b10c4b95f2f', '1b66d81d-c59d-4abd-9604-11cd7f9eeebb', '馬太福音', 8, NOW() - INTERVAL '92 days'),
  ('5815fadf-b71f-4c8d-8d60-8b10c4b95f2f', '1b66d81d-c59d-4abd-9604-11cd7f9eeebb', '馬太福音', 9, NOW() - INTERVAL '92 days'),
  ('5815fadf-b71f-4c8d-8d60-8b10c4b95f2f', '1b66d81d-c59d-4abd-9604-11cd7f9eeebb', '馬太福音', 10, NOW() - INTERVAL '92 days'),
  ('5815fadf-b71f-4c8d-8d60-8b10c4b95f2f', '1b66d81d-c59d-4abd-9604-11cd7f9eeebb', '馬太福音', 11, NOW() - INTERVAL '92 days'),
  ('5815fadf-b71f-4c8d-8d60-8b10c4b95f2f', '1b66d81d-c59d-4abd-9604-11cd7f9eeebb', '馬太福音', 12, NOW() - INTERVAL '91 days'),
  ('5815fadf-b71f-4c8d-8d60-8b10c4b95f2f', '1b66d81d-c59d-4abd-9604-11cd7f9eeebb', '馬太福音', 13, NOW() - INTERVAL '91 days'),
  ('5815fadf-b71f-4c8d-8d60-8b10c4b95f2f', '1b66d81d-c59d-4abd-9604-11cd7f9eeebb', '馬太福音', 14, NOW() - INTERVAL '91 days'),
  ('5815fadf-b71f-4c8d-8d60-8b10c4b95f2f', '1b66d81d-c59d-4abd-9604-11cd7f9eeebb', '馬太福音', 15, NOW() - INTERVAL '91 days'),
  ('5815fadf-b71f-4c8d-8d60-8b10c4b95f2f', '1b66d81d-c59d-4abd-9604-11cd7f9eeebb', '馬太福音', 16, NOW() - INTERVAL '91 days'),
  ('5815fadf-b71f-4c8d-8d60-8b10c4b95f2f', '1b66d81d-c59d-4abd-9604-11cd7f9eeebb', '馬太福音', 17, NOW() - INTERVAL '90 days'),
  ('5815fadf-b71f-4c8d-8d60-8b10c4b95f2f', '1b66d81d-c59d-4abd-9604-11cd7f9eeebb', '馬太福音', 18, NOW() - INTERVAL '90 days'),
  ('5815fadf-b71f-4c8d-8d60-8b10c4b95f2f', '1b66d81d-c59d-4abd-9604-11cd7f9eeebb', '馬太福音', 19, NOW() - INTERVAL '90 days'),
  ('5815fadf-b71f-4c8d-8d60-8b10c4b95f2f', '1b66d81d-c59d-4abd-9604-11cd7f9eeebb', '馬太福音', 20, NOW() - INTERVAL '90 days'),
  ('5815fadf-b71f-4c8d-8d60-8b10c4b95f2f', '1b66d81d-c59d-4abd-9604-11cd7f9eeebb', '馬太福音', 21, NOW() - INTERVAL '90 days'),
  ('5815fadf-b71f-4c8d-8d60-8b10c4b95f2f', '1b66d81d-c59d-4abd-9604-11cd7f9eeebb', '馬太福音', 22, NOW() - INTERVAL '89 days'),
  ('5815fadf-b71f-4c8d-8d60-8b10c4b95f2f', '1b66d81d-c59d-4abd-9604-11cd7f9eeebb', '馬太福音', 23, NOW() - INTERVAL '89 days'),
  ('5815fadf-b71f-4c8d-8d60-8b10c4b95f2f', '1b66d81d-c59d-4abd-9604-11cd7f9eeebb', '馬太福音', 24, NOW() - INTERVAL '89 days'),
  ('5815fadf-b71f-4c8d-8d60-8b10c4b95f2f', '1b66d81d-c59d-4abd-9604-11cd7f9eeebb', '馬太福音', 25, NOW() - INTERVAL '89 days'),
  ('5815fadf-b71f-4c8d-8d60-8b10c4b95f2f', '1b66d81d-c59d-4abd-9604-11cd7f9eeebb', '馬太福音', 26, NOW() - INTERVAL '89 days'),
  ('5815fadf-b71f-4c8d-8d60-8b10c4b95f2f', '1b66d81d-c59d-4abd-9604-11cd7f9eeebb', '馬太福音', 27, NOW() - INTERVAL '88 days'),
  ('5815fadf-b71f-4c8d-8d60-8b10c4b95f2f', '1b66d81d-c59d-4abd-9604-11cd7f9eeebb', '馬太福音', 28, NOW() - INTERVAL '88 days'),
  ('5815fadf-b71f-4c8d-8d60-8b10c4b95f2f', '1b66d81d-c59d-4abd-9604-11cd7f9eeebb', '列王紀下', 1, NOW() - INTERVAL '88 days'),
  ('5815fadf-b71f-4c8d-8d60-8b10c4b95f2f', '1b66d81d-c59d-4abd-9604-11cd7f9eeebb', '列王紀下', 2, NOW() - INTERVAL '88 days'),
  ('5815fadf-b71f-4c8d-8d60-8b10c4b95f2f', '1b66d81d-c59d-4abd-9604-11cd7f9eeebb', '列王紀下', 3, NOW() - INTERVAL '88 days'),
  ('5815fadf-b71f-4c8d-8d60-8b10c4b95f2f', '1b66d81d-c59d-4abd-9604-11cd7f9eeebb', '列王紀下', 4, NOW() - INTERVAL '87 days'),
  ('5815fadf-b71f-4c8d-8d60-8b10c4b95f2f', '1b66d81d-c59d-4abd-9604-11cd7f9eeebb', '列王紀下', 5, NOW() - INTERVAL '87 days'),
  ('5815fadf-b71f-4c8d-8d60-8b10c4b95f2f', '1b66d81d-c59d-4abd-9604-11cd7f9eeebb', '列王紀下', 6, NOW() - INTERVAL '87 days'),
  ('5815fadf-b71f-4c8d-8d60-8b10c4b95f2f', '1b66d81d-c59d-4abd-9604-11cd7f9eeebb', '列王紀下', 7, NOW() - INTERVAL '87 days'),
  ('5815fadf-b71f-4c8d-8d60-8b10c4b95f2f', '1b66d81d-c59d-4abd-9604-11cd7f9eeebb', '列王紀下', 8, NOW() - INTERVAL '87 days'),
  ('5815fadf-b71f-4c8d-8d60-8b10c4b95f2f', '1b66d81d-c59d-4abd-9604-11cd7f9eeebb', '列王紀下', 9, NOW() - INTERVAL '86 days'),
  ('5815fadf-b71f-4c8d-8d60-8b10c4b95f2f', '1b66d81d-c59d-4abd-9604-11cd7f9eeebb', '列王紀下', 10, NOW() - INTERVAL '86 days'),
  ('5815fadf-b71f-4c8d-8d60-8b10c4b95f2f', '1b66d81d-c59d-4abd-9604-11cd7f9eeebb', '列王紀下', 11, NOW() - INTERVAL '86 days'),
  ('5815fadf-b71f-4c8d-8d60-8b10c4b95f2f', '1b66d81d-c59d-4abd-9604-11cd7f9eeebb', '列王紀下', 12, NOW() - INTERVAL '86 days'),
  ('5815fadf-b71f-4c8d-8d60-8b10c4b95f2f', '1b66d81d-c59d-4abd-9604-11cd7f9eeebb', '列王紀下', 13, NOW() - INTERVAL '86 days'),
  ('5815fadf-b71f-4c8d-8d60-8b10c4b95f2f', '1b66d81d-c59d-4abd-9604-11cd7f9eeebb', '列王紀下', 14, NOW() - INTERVAL '85 days'),
  ('5815fadf-b71f-4c8d-8d60-8b10c4b95f2f', '1b66d81d-c59d-4abd-9604-11cd7f9eeebb', '列王紀下', 15, NOW() - INTERVAL '85 days'),
  ('5815fadf-b71f-4c8d-8d60-8b10c4b95f2f', '1b66d81d-c59d-4abd-9604-11cd7f9eeebb', '列王紀下', 16, NOW() - INTERVAL '85 days'),
  ('5815fadf-b71f-4c8d-8d60-8b10c4b95f2f', '1b66d81d-c59d-4abd-9604-11cd7f9eeebb', '列王紀下', 17, NOW() - INTERVAL '85 days'),
  ('5815fadf-b71f-4c8d-8d60-8b10c4b95f2f', '1b66d81d-c59d-4abd-9604-11cd7f9eeebb', '列王紀下', 18, NOW() - INTERVAL '85 days'),
  ('5815fadf-b71f-4c8d-8d60-8b10c4b95f2f', '1b66d81d-c59d-4abd-9604-11cd7f9eeebb', '列王紀下', 19, NOW() - INTERVAL '84 days'),
  ('5815fadf-b71f-4c8d-8d60-8b10c4b95f2f', '1b66d81d-c59d-4abd-9604-11cd7f9eeebb', '列王紀下', 20, NOW() - INTERVAL '84 days'),
  ('5815fadf-b71f-4c8d-8d60-8b10c4b95f2f', '1b66d81d-c59d-4abd-9604-11cd7f9eeebb', '列王紀下', 21, NOW() - INTERVAL '84 days'),
  ('5815fadf-b71f-4c8d-8d60-8b10c4b95f2f', '1b66d81d-c59d-4abd-9604-11cd7f9eeebb', '列王紀下', 22, NOW() - INTERVAL '84 days'),
  ('5815fadf-b71f-4c8d-8d60-8b10c4b95f2f', '1b66d81d-c59d-4abd-9604-11cd7f9eeebb', '列王紀下', 23, NOW() - INTERVAL '84 days'),
  ('5815fadf-b71f-4c8d-8d60-8b10c4b95f2f', '1b66d81d-c59d-4abd-9604-11cd7f9eeebb', '列王紀下', 24, NOW() - INTERVAL '83 days'),
  ('5815fadf-b71f-4c8d-8d60-8b10c4b95f2f', '1b66d81d-c59d-4abd-9604-11cd7f9eeebb', '列王紀下', 25, NOW() - INTERVAL '83 days'),
  ('5815fadf-b71f-4c8d-8d60-8b10c4b95f2f', '1b66d81d-c59d-4abd-9604-11cd7f9eeebb', '雅各書', 1, NOW() - INTERVAL '83 days'),
  ('5815fadf-b71f-4c8d-8d60-8b10c4b95f2f', '1b66d81d-c59d-4abd-9604-11cd7f9eeebb', '雅各書', 2, NOW() - INTERVAL '83 days'),
  ('5815fadf-b71f-4c8d-8d60-8b10c4b95f2f', '1b66d81d-c59d-4abd-9604-11cd7f9eeebb', '雅各書', 3, NOW() - INTERVAL '83 days'),
  ('5815fadf-b71f-4c8d-8d60-8b10c4b95f2f', '1b66d81d-c59d-4abd-9604-11cd7f9eeebb', '雅各書', 4, NOW() - INTERVAL '82 days'),
  ('5815fadf-b71f-4c8d-8d60-8b10c4b95f2f', '1b66d81d-c59d-4abd-9604-11cd7f9eeebb', '雅各書', 5, NOW() - INTERVAL '82 days'),
  ('5815fadf-b71f-4c8d-8d60-8b10c4b95f2f', '1b66d81d-c59d-4abd-9604-11cd7f9eeebb', '出埃及記', 1, NOW() - INTERVAL '82 days'),
  ('5815fadf-b71f-4c8d-8d60-8b10c4b95f2f', '1b66d81d-c59d-4abd-9604-11cd7f9eeebb', '出埃及記', 2, NOW() - INTERVAL '82 days'),
  ('5815fadf-b71f-4c8d-8d60-8b10c4b95f2f', '1b66d81d-c59d-4abd-9604-11cd7f9eeebb', '出埃及記', 3, NOW() - INTERVAL '82 days'),
  ('5815fadf-b71f-4c8d-8d60-8b10c4b95f2f', '1b66d81d-c59d-4abd-9604-11cd7f9eeebb', '出埃及記', 4, NOW() - INTERVAL '81 days'),
  ('5815fadf-b71f-4c8d-8d60-8b10c4b95f2f', '1b66d81d-c59d-4abd-9604-11cd7f9eeebb', '出埃及記', 5, NOW() - INTERVAL '81 days'),
  ('5815fadf-b71f-4c8d-8d60-8b10c4b95f2f', '1b66d81d-c59d-4abd-9604-11cd7f9eeebb', '出埃及記', 6, NOW() - INTERVAL '81 days'),
  ('5815fadf-b71f-4c8d-8d60-8b10c4b95f2f', '1b66d81d-c59d-4abd-9604-11cd7f9eeebb', '出埃及記', 7, NOW() - INTERVAL '81 days'),
  ('5815fadf-b71f-4c8d-8d60-8b10c4b95f2f', '1b66d81d-c59d-4abd-9604-11cd7f9eeebb', '出埃及記', 8, NOW() - INTERVAL '81 days'),
  ('5815fadf-b71f-4c8d-8d60-8b10c4b95f2f', '1b66d81d-c59d-4abd-9604-11cd7f9eeebb', '出埃及記', 9, NOW() - INTERVAL '80 days'),
  ('5815fadf-b71f-4c8d-8d60-8b10c4b95f2f', '1b66d81d-c59d-4abd-9604-11cd7f9eeebb', '出埃及記', 10, NOW() - INTERVAL '80 days'),
  ('5815fadf-b71f-4c8d-8d60-8b10c4b95f2f', '1b66d81d-c59d-4abd-9604-11cd7f9eeebb', '出埃及記', 11, NOW() - INTERVAL '80 days'),
  ('5815fadf-b71f-4c8d-8d60-8b10c4b95f2f', '1b66d81d-c59d-4abd-9604-11cd7f9eeebb', '出埃及記', 12, NOW() - INTERVAL '80 days'),
  ('5815fadf-b71f-4c8d-8d60-8b10c4b95f2f', '1b66d81d-c59d-4abd-9604-11cd7f9eeebb', '出埃及記', 13, NOW() - INTERVAL '80 days'),
  ('5815fadf-b71f-4c8d-8d60-8b10c4b95f2f', '1b66d81d-c59d-4abd-9604-11cd7f9eeebb', '出埃及記', 14, NOW() - INTERVAL '79 days'),
  ('5815fadf-b71f-4c8d-8d60-8b10c4b95f2f', '1b66d81d-c59d-4abd-9604-11cd7f9eeebb', '出埃及記', 15, NOW() - INTERVAL '79 days'),
  ('5815fadf-b71f-4c8d-8d60-8b10c4b95f2f', '1b66d81d-c59d-4abd-9604-11cd7f9eeebb', '出埃及記', 16, NOW() - INTERVAL '79 days'),
  ('5815fadf-b71f-4c8d-8d60-8b10c4b95f2f', '1b66d81d-c59d-4abd-9604-11cd7f9eeebb', '出埃及記', 17, NOW() - INTERVAL '79 days'),
  ('5815fadf-b71f-4c8d-8d60-8b10c4b95f2f', '1b66d81d-c59d-4abd-9604-11cd7f9eeebb', '出埃及記', 18, NOW() - INTERVAL '79 days'),
  ('5815fadf-b71f-4c8d-8d60-8b10c4b95f2f', '1b66d81d-c59d-4abd-9604-11cd7f9eeebb', '出埃及記', 19, NOW() - INTERVAL '78 days'),
  ('5815fadf-b71f-4c8d-8d60-8b10c4b95f2f', '1b66d81d-c59d-4abd-9604-11cd7f9eeebb', '出埃及記', 20, NOW() - INTERVAL '78 days'),
  ('5815fadf-b71f-4c8d-8d60-8b10c4b95f2f', '1b66d81d-c59d-4abd-9604-11cd7f9eeebb', '出埃及記', 21, NOW() - INTERVAL '78 days'),
  ('5815fadf-b71f-4c8d-8d60-8b10c4b95f2f', '1b66d81d-c59d-4abd-9604-11cd7f9eeebb', '出埃及記', 22, NOW() - INTERVAL '78 days'),
  ('5815fadf-b71f-4c8d-8d60-8b10c4b95f2f', '1b66d81d-c59d-4abd-9604-11cd7f9eeebb', '出埃及記', 23, NOW() - INTERVAL '78 days'),
  ('5815fadf-b71f-4c8d-8d60-8b10c4b95f2f', '1b66d81d-c59d-4abd-9604-11cd7f9eeebb', '出埃及記', 24, NOW() - INTERVAL '77 days'),
  ('5815fadf-b71f-4c8d-8d60-8b10c4b95f2f', '1b66d81d-c59d-4abd-9604-11cd7f9eeebb', '出埃及記', 25, NOW() - INTERVAL '77 days'),
  ('5815fadf-b71f-4c8d-8d60-8b10c4b95f2f', '1b66d81d-c59d-4abd-9604-11cd7f9eeebb', '出埃及記', 26, NOW() - INTERVAL '77 days'),
  ('5815fadf-b71f-4c8d-8d60-8b10c4b95f2f', '1b66d81d-c59d-4abd-9604-11cd7f9eeebb', '出埃及記', 27, NOW() - INTERVAL '77 days'),
  ('5815fadf-b71f-4c8d-8d60-8b10c4b95f2f', '1b66d81d-c59d-4abd-9604-11cd7f9eeebb', '出埃及記', 28, NOW() - INTERVAL '77 days'),
  ('5815fadf-b71f-4c8d-8d60-8b10c4b95f2f', '1b66d81d-c59d-4abd-9604-11cd7f9eeebb', '出埃及記', 29, NOW() - INTERVAL '76 days'),
  ('5815fadf-b71f-4c8d-8d60-8b10c4b95f2f', '1b66d81d-c59d-4abd-9604-11cd7f9eeebb', '出埃及記', 30, NOW() - INTERVAL '76 days'),
  ('5815fadf-b71f-4c8d-8d60-8b10c4b95f2f', '1b66d81d-c59d-4abd-9604-11cd7f9eeebb', '出埃及記', 31, NOW() - INTERVAL '76 days'),
  ('5815fadf-b71f-4c8d-8d60-8b10c4b95f2f', '1b66d81d-c59d-4abd-9604-11cd7f9eeebb', '出埃及記', 32, NOW() - INTERVAL '76 days'),
  ('5815fadf-b71f-4c8d-8d60-8b10c4b95f2f', '1b66d81d-c59d-4abd-9604-11cd7f9eeebb', '出埃及記', 33, NOW() - INTERVAL '76 days'),
  ('5815fadf-b71f-4c8d-8d60-8b10c4b95f2f', '1b66d81d-c59d-4abd-9604-11cd7f9eeebb', '出埃及記', 34, NOW() - INTERVAL '75 days'),
  ('5815fadf-b71f-4c8d-8d60-8b10c4b95f2f', '1b66d81d-c59d-4abd-9604-11cd7f9eeebb', '出埃及記', 35, NOW() - INTERVAL '75 days'),
  ('5815fadf-b71f-4c8d-8d60-8b10c4b95f2f', '1b66d81d-c59d-4abd-9604-11cd7f9eeebb', '出埃及記', 36, NOW() - INTERVAL '75 days'),
  ('5815fadf-b71f-4c8d-8d60-8b10c4b95f2f', '1b66d81d-c59d-4abd-9604-11cd7f9eeebb', '出埃及記', 37, NOW() - INTERVAL '75 days'),
  ('5815fadf-b71f-4c8d-8d60-8b10c4b95f2f', '1b66d81d-c59d-4abd-9604-11cd7f9eeebb', '出埃及記', 38, NOW() - INTERVAL '75 days'),
  ('5815fadf-b71f-4c8d-8d60-8b10c4b95f2f', '1b66d81d-c59d-4abd-9604-11cd7f9eeebb', '出埃及記', 39, NOW() - INTERVAL '74 days'),
  ('5815fadf-b71f-4c8d-8d60-8b10c4b95f2f', '1b66d81d-c59d-4abd-9604-11cd7f9eeebb', '出埃及記', 40, NOW() - INTERVAL '74 days'),
  ('5815fadf-b71f-4c8d-8d60-8b10c4b95f2f', '1b66d81d-c59d-4abd-9604-11cd7f9eeebb', '馬可福音', 1, NOW() - INTERVAL '74 days'),
  ('5815fadf-b71f-4c8d-8d60-8b10c4b95f2f', '1b66d81d-c59d-4abd-9604-11cd7f9eeebb', '馬可福音', 2, NOW() - INTERVAL '74 days'),
  ('5815fadf-b71f-4c8d-8d60-8b10c4b95f2f', '1b66d81d-c59d-4abd-9604-11cd7f9eeebb', '馬可福音', 3, NOW() - INTERVAL '74 days'),
  ('5815fadf-b71f-4c8d-8d60-8b10c4b95f2f', '1b66d81d-c59d-4abd-9604-11cd7f9eeebb', '馬可福音', 4, NOW() - INTERVAL '73 days'),
  ('5815fadf-b71f-4c8d-8d60-8b10c4b95f2f', '1b66d81d-c59d-4abd-9604-11cd7f9eeebb', '馬可福音', 5, NOW() - INTERVAL '73 days'),
  ('5815fadf-b71f-4c8d-8d60-8b10c4b95f2f', '1b66d81d-c59d-4abd-9604-11cd7f9eeebb', '馬可福音', 6, NOW() - INTERVAL '73 days'),
  ('5815fadf-b71f-4c8d-8d60-8b10c4b95f2f', '1b66d81d-c59d-4abd-9604-11cd7f9eeebb', '馬可福音', 7, NOW() - INTERVAL '73 days'),
  ('5815fadf-b71f-4c8d-8d60-8b10c4b95f2f', '1b66d81d-c59d-4abd-9604-11cd7f9eeebb', '馬可福音', 8, NOW() - INTERVAL '73 days'),
  ('5815fadf-b71f-4c8d-8d60-8b10c4b95f2f', '1b66d81d-c59d-4abd-9604-11cd7f9eeebb', '馬可福音', 9, NOW() - INTERVAL '72 days'),
  ('5815fadf-b71f-4c8d-8d60-8b10c4b95f2f', '1b66d81d-c59d-4abd-9604-11cd7f9eeebb', '馬可福音', 10, NOW() - INTERVAL '72 days'),
  ('5815fadf-b71f-4c8d-8d60-8b10c4b95f2f', '1b66d81d-c59d-4abd-9604-11cd7f9eeebb', '馬可福音', 11, NOW() - INTERVAL '72 days'),
  ('5815fadf-b71f-4c8d-8d60-8b10c4b95f2f', '1b66d81d-c59d-4abd-9604-11cd7f9eeebb', '馬可福音', 12, NOW() - INTERVAL '72 days'),
  ('5815fadf-b71f-4c8d-8d60-8b10c4b95f2f', '1b66d81d-c59d-4abd-9604-11cd7f9eeebb', '馬可福音', 13, NOW() - INTERVAL '72 days'),
  ('5815fadf-b71f-4c8d-8d60-8b10c4b95f2f', '1b66d81d-c59d-4abd-9604-11cd7f9eeebb', '馬可福音', 14, NOW() - INTERVAL '71 days'),
  ('5815fadf-b71f-4c8d-8d60-8b10c4b95f2f', '1b66d81d-c59d-4abd-9604-11cd7f9eeebb', '馬可福音', 15, NOW() - INTERVAL '71 days'),
  ('5815fadf-b71f-4c8d-8d60-8b10c4b95f2f', '1b66d81d-c59d-4abd-9604-11cd7f9eeebb', '馬可福音', 16, NOW() - INTERVAL '71 days'),
  ('5815fadf-b71f-4c8d-8d60-8b10c4b95f2f', '1b66d81d-c59d-4abd-9604-11cd7f9eeebb', '約伯記', 1, NOW() - INTERVAL '71 days'),
  ('5815fadf-b71f-4c8d-8d60-8b10c4b95f2f', '1b66d81d-c59d-4abd-9604-11cd7f9eeebb', '約伯記', 2, NOW() - INTERVAL '71 days'),
  ('5815fadf-b71f-4c8d-8d60-8b10c4b95f2f', '1b66d81d-c59d-4abd-9604-11cd7f9eeebb', '約伯記', 3, NOW() - INTERVAL '70 days'),
  ('5815fadf-b71f-4c8d-8d60-8b10c4b95f2f', '1b66d81d-c59d-4abd-9604-11cd7f9eeebb', '約伯記', 4, NOW() - INTERVAL '70 days'),
  ('5815fadf-b71f-4c8d-8d60-8b10c4b95f2f', '1b66d81d-c59d-4abd-9604-11cd7f9eeebb', '約伯記', 5, NOW() - INTERVAL '70 days'),
  ('5815fadf-b71f-4c8d-8d60-8b10c4b95f2f', '1b66d81d-c59d-4abd-9604-11cd7f9eeebb', '約伯記', 6, NOW() - INTERVAL '70 days'),
  ('5815fadf-b71f-4c8d-8d60-8b10c4b95f2f', '1b66d81d-c59d-4abd-9604-11cd7f9eeebb', '約伯記', 7, NOW() - INTERVAL '70 days'),
  ('5815fadf-b71f-4c8d-8d60-8b10c4b95f2f', '1b66d81d-c59d-4abd-9604-11cd7f9eeebb', '約伯記', 8, NOW() - INTERVAL '69 days'),
  ('5815fadf-b71f-4c8d-8d60-8b10c4b95f2f', '1b66d81d-c59d-4abd-9604-11cd7f9eeebb', '約伯記', 9, NOW() - INTERVAL '69 days'),
  ('5815fadf-b71f-4c8d-8d60-8b10c4b95f2f', '1b66d81d-c59d-4abd-9604-11cd7f9eeebb', '約伯記', 10, NOW() - INTERVAL '69 days'),
  ('5815fadf-b71f-4c8d-8d60-8b10c4b95f2f', '1b66d81d-c59d-4abd-9604-11cd7f9eeebb', '約伯記', 11, NOW() - INTERVAL '69 days'),
  ('5815fadf-b71f-4c8d-8d60-8b10c4b95f2f', '1b66d81d-c59d-4abd-9604-11cd7f9eeebb', '約伯記', 12, NOW() - INTERVAL '69 days'),
  ('5815fadf-b71f-4c8d-8d60-8b10c4b95f2f', '1b66d81d-c59d-4abd-9604-11cd7f9eeebb', '約伯記', 13, NOW() - INTERVAL '68 days'),
  ('5815fadf-b71f-4c8d-8d60-8b10c4b95f2f', '1b66d81d-c59d-4abd-9604-11cd7f9eeebb', '約伯記', 14, NOW() - INTERVAL '68 days'),
  ('5815fadf-b71f-4c8d-8d60-8b10c4b95f2f', '1b66d81d-c59d-4abd-9604-11cd7f9eeebb', '約伯記', 15, NOW() - INTERVAL '68 days'),
  ('5815fadf-b71f-4c8d-8d60-8b10c4b95f2f', '1b66d81d-c59d-4abd-9604-11cd7f9eeebb', '約伯記', 16, NOW() - INTERVAL '68 days'),
  ('5815fadf-b71f-4c8d-8d60-8b10c4b95f2f', '1b66d81d-c59d-4abd-9604-11cd7f9eeebb', '約伯記', 17, NOW() - INTERVAL '68 days'),
  ('5815fadf-b71f-4c8d-8d60-8b10c4b95f2f', '1b66d81d-c59d-4abd-9604-11cd7f9eeebb', '約伯記', 18, NOW() - INTERVAL '67 days'),
  ('5815fadf-b71f-4c8d-8d60-8b10c4b95f2f', '1b66d81d-c59d-4abd-9604-11cd7f9eeebb', '約伯記', 19, NOW() - INTERVAL '67 days'),
  ('5815fadf-b71f-4c8d-8d60-8b10c4b95f2f', '1b66d81d-c59d-4abd-9604-11cd7f9eeebb', '約伯記', 20, NOW() - INTERVAL '67 days'),
  ('5815fadf-b71f-4c8d-8d60-8b10c4b95f2f', '1b66d81d-c59d-4abd-9604-11cd7f9eeebb', '約伯記', 21, NOW() - INTERVAL '67 days'),
  ('5815fadf-b71f-4c8d-8d60-8b10c4b95f2f', '1b66d81d-c59d-4abd-9604-11cd7f9eeebb', '約伯記', 22, NOW() - INTERVAL '67 days'),
  ('5815fadf-b71f-4c8d-8d60-8b10c4b95f2f', '1b66d81d-c59d-4abd-9604-11cd7f9eeebb', '約伯記', 23, NOW() - INTERVAL '66 days'),
  ('5815fadf-b71f-4c8d-8d60-8b10c4b95f2f', '1b66d81d-c59d-4abd-9604-11cd7f9eeebb', '約伯記', 24, NOW() - INTERVAL '66 days'),
  ('5815fadf-b71f-4c8d-8d60-8b10c4b95f2f', '1b66d81d-c59d-4abd-9604-11cd7f9eeebb', '約伯記', 25, NOW() - INTERVAL '66 days'),
  ('5815fadf-b71f-4c8d-8d60-8b10c4b95f2f', '1b66d81d-c59d-4abd-9604-11cd7f9eeebb', '約伯記', 26, NOW() - INTERVAL '66 days'),
  ('5815fadf-b71f-4c8d-8d60-8b10c4b95f2f', '1b66d81d-c59d-4abd-9604-11cd7f9eeebb', '約伯記', 27, NOW() - INTERVAL '66 days'),
  ('5815fadf-b71f-4c8d-8d60-8b10c4b95f2f', '1b66d81d-c59d-4abd-9604-11cd7f9eeebb', '約伯記', 28, NOW() - INTERVAL '65 days'),
  ('5815fadf-b71f-4c8d-8d60-8b10c4b95f2f', '1b66d81d-c59d-4abd-9604-11cd7f9eeebb', '約伯記', 29, NOW() - INTERVAL '65 days'),
  ('5815fadf-b71f-4c8d-8d60-8b10c4b95f2f', '1b66d81d-c59d-4abd-9604-11cd7f9eeebb', '約伯記', 30, NOW() - INTERVAL '65 days'),
  ('5815fadf-b71f-4c8d-8d60-8b10c4b95f2f', '1b66d81d-c59d-4abd-9604-11cd7f9eeebb', '約伯記', 31, NOW() - INTERVAL '65 days'),
  ('5815fadf-b71f-4c8d-8d60-8b10c4b95f2f', '1b66d81d-c59d-4abd-9604-11cd7f9eeebb', '約伯記', 32, NOW() - INTERVAL '65 days'),
  ('5815fadf-b71f-4c8d-8d60-8b10c4b95f2f', '1b66d81d-c59d-4abd-9604-11cd7f9eeebb', '約伯記', 33, NOW() - INTERVAL '64 days'),
  ('5815fadf-b71f-4c8d-8d60-8b10c4b95f2f', '1b66d81d-c59d-4abd-9604-11cd7f9eeebb', '約伯記', 34, NOW() - INTERVAL '64 days'),
  ('5815fadf-b71f-4c8d-8d60-8b10c4b95f2f', '1b66d81d-c59d-4abd-9604-11cd7f9eeebb', '約伯記', 35, NOW() - INTERVAL '64 days'),
  ('5815fadf-b71f-4c8d-8d60-8b10c4b95f2f', '1b66d81d-c59d-4abd-9604-11cd7f9eeebb', '約伯記', 36, NOW() - INTERVAL '64 days'),
  ('5815fadf-b71f-4c8d-8d60-8b10c4b95f2f', '1b66d81d-c59d-4abd-9604-11cd7f9eeebb', '約伯記', 37, NOW() - INTERVAL '64 days'),
  ('5815fadf-b71f-4c8d-8d60-8b10c4b95f2f', '1b66d81d-c59d-4abd-9604-11cd7f9eeebb', '約伯記', 38, NOW() - INTERVAL '63 days'),
  ('5815fadf-b71f-4c8d-8d60-8b10c4b95f2f', '1b66d81d-c59d-4abd-9604-11cd7f9eeebb', '約伯記', 39, NOW() - INTERVAL '63 days'),
  ('5815fadf-b71f-4c8d-8d60-8b10c4b95f2f', '1b66d81d-c59d-4abd-9604-11cd7f9eeebb', '約伯記', 40, NOW() - INTERVAL '63 days'),
  ('5815fadf-b71f-4c8d-8d60-8b10c4b95f2f', '1b66d81d-c59d-4abd-9604-11cd7f9eeebb', '約伯記', 41, NOW() - INTERVAL '63 days'),
  ('5815fadf-b71f-4c8d-8d60-8b10c4b95f2f', '1b66d81d-c59d-4abd-9604-11cd7f9eeebb', '約伯記', 42, NOW() - INTERVAL '63 days'),
  ('5815fadf-b71f-4c8d-8d60-8b10c4b95f2f', '1b66d81d-c59d-4abd-9604-11cd7f9eeebb', '加拉太書', 1, NOW() - INTERVAL '62 days'),
  ('5815fadf-b71f-4c8d-8d60-8b10c4b95f2f', '1b66d81d-c59d-4abd-9604-11cd7f9eeebb', '加拉太書', 2, NOW() - INTERVAL '62 days'),
  ('5815fadf-b71f-4c8d-8d60-8b10c4b95f2f', '1b66d81d-c59d-4abd-9604-11cd7f9eeebb', '加拉太書', 3, NOW() - INTERVAL '62 days'),
  ('5815fadf-b71f-4c8d-8d60-8b10c4b95f2f', '1b66d81d-c59d-4abd-9604-11cd7f9eeebb', '加拉太書', 4, NOW() - INTERVAL '62 days'),
  ('5815fadf-b71f-4c8d-8d60-8b10c4b95f2f', '1b66d81d-c59d-4abd-9604-11cd7f9eeebb', '加拉太書', 5, NOW() - INTERVAL '62 days'),
  ('5815fadf-b71f-4c8d-8d60-8b10c4b95f2f', '1b66d81d-c59d-4abd-9604-11cd7f9eeebb', '加拉太書', 6, NOW() - INTERVAL '61 days'),
  ('5815fadf-b71f-4c8d-8d60-8b10c4b95f2f', '1b66d81d-c59d-4abd-9604-11cd7f9eeebb', '哈巴谷書', 1, NOW() - INTERVAL '61 days'),
  ('5815fadf-b71f-4c8d-8d60-8b10c4b95f2f', '1b66d81d-c59d-4abd-9604-11cd7f9eeebb', '哈巴谷書', 2, NOW() - INTERVAL '61 days'),
  ('5815fadf-b71f-4c8d-8d60-8b10c4b95f2f', '1b66d81d-c59d-4abd-9604-11cd7f9eeebb', '哈巴谷書', 3, NOW() - INTERVAL '61 days'),
  ('5815fadf-b71f-4c8d-8d60-8b10c4b95f2f', '1b66d81d-c59d-4abd-9604-11cd7f9eeebb', '猶大書', 1, NOW() - INTERVAL '61 days'),
  ('5815fadf-b71f-4c8d-8d60-8b10c4b95f2f', '1b66d81d-c59d-4abd-9604-11cd7f9eeebb', '利未記', 1, NOW() - INTERVAL '60 days'),
  ('5815fadf-b71f-4c8d-8d60-8b10c4b95f2f', '1b66d81d-c59d-4abd-9604-11cd7f9eeebb', '利未記', 2, NOW() - INTERVAL '60 days'),
  ('5815fadf-b71f-4c8d-8d60-8b10c4b95f2f', '1b66d81d-c59d-4abd-9604-11cd7f9eeebb', '利未記', 3, NOW() - INTERVAL '60 days'),
  ('5815fadf-b71f-4c8d-8d60-8b10c4b95f2f', '1b66d81d-c59d-4abd-9604-11cd7f9eeebb', '利未記', 4, NOW() - INTERVAL '60 days'),
  ('5815fadf-b71f-4c8d-8d60-8b10c4b95f2f', '1b66d81d-c59d-4abd-9604-11cd7f9eeebb', '利未記', 5, NOW() - INTERVAL '60 days'),
  ('5815fadf-b71f-4c8d-8d60-8b10c4b95f2f', '1b66d81d-c59d-4abd-9604-11cd7f9eeebb', '利未記', 6, NOW() - INTERVAL '59 days'),
  ('5815fadf-b71f-4c8d-8d60-8b10c4b95f2f', '1b66d81d-c59d-4abd-9604-11cd7f9eeebb', '利未記', 7, NOW() - INTERVAL '59 days'),
  ('5815fadf-b71f-4c8d-8d60-8b10c4b95f2f', '1b66d81d-c59d-4abd-9604-11cd7f9eeebb', '利未記', 8, NOW() - INTERVAL '59 days'),
  ('5815fadf-b71f-4c8d-8d60-8b10c4b95f2f', '1b66d81d-c59d-4abd-9604-11cd7f9eeebb', '利未記', 9, NOW() - INTERVAL '59 days'),
  ('5815fadf-b71f-4c8d-8d60-8b10c4b95f2f', '1b66d81d-c59d-4abd-9604-11cd7f9eeebb', '利未記', 10, NOW() - INTERVAL '59 days'),
  ('5815fadf-b71f-4c8d-8d60-8b10c4b95f2f', '1b66d81d-c59d-4abd-9604-11cd7f9eeebb', '利未記', 11, NOW() - INTERVAL '58 days'),
  ('5815fadf-b71f-4c8d-8d60-8b10c4b95f2f', '1b66d81d-c59d-4abd-9604-11cd7f9eeebb', '利未記', 12, NOW() - INTERVAL '58 days'),
  ('5815fadf-b71f-4c8d-8d60-8b10c4b95f2f', '1b66d81d-c59d-4abd-9604-11cd7f9eeebb', '利未記', 13, NOW() - INTERVAL '58 days'),
  ('5815fadf-b71f-4c8d-8d60-8b10c4b95f2f', '1b66d81d-c59d-4abd-9604-11cd7f9eeebb', '利未記', 14, NOW() - INTERVAL '58 days'),
  ('5815fadf-b71f-4c8d-8d60-8b10c4b95f2f', '1b66d81d-c59d-4abd-9604-11cd7f9eeebb', '利未記', 15, NOW() - INTERVAL '58 days'),
  ('5815fadf-b71f-4c8d-8d60-8b10c4b95f2f', '1b66d81d-c59d-4abd-9604-11cd7f9eeebb', '利未記', 16, NOW() - INTERVAL '57 days'),
  ('5815fadf-b71f-4c8d-8d60-8b10c4b95f2f', '1b66d81d-c59d-4abd-9604-11cd7f9eeebb', '利未記', 17, NOW() - INTERVAL '57 days'),
  ('5815fadf-b71f-4c8d-8d60-8b10c4b95f2f', '1b66d81d-c59d-4abd-9604-11cd7f9eeebb', '利未記', 18, NOW() - INTERVAL '57 days'),
  ('5815fadf-b71f-4c8d-8d60-8b10c4b95f2f', '1b66d81d-c59d-4abd-9604-11cd7f9eeebb', '利未記', 19, NOW() - INTERVAL '57 days'),
  ('5815fadf-b71f-4c8d-8d60-8b10c4b95f2f', '1b66d81d-c59d-4abd-9604-11cd7f9eeebb', '利未記', 20, NOW() - INTERVAL '57 days'),
  ('5815fadf-b71f-4c8d-8d60-8b10c4b95f2f', '1b66d81d-c59d-4abd-9604-11cd7f9eeebb', '利未記', 21, NOW() - INTERVAL '56 days'),
  ('5815fadf-b71f-4c8d-8d60-8b10c4b95f2f', '1b66d81d-c59d-4abd-9604-11cd7f9eeebb', '利未記', 22, NOW() - INTERVAL '56 days'),
  ('5815fadf-b71f-4c8d-8d60-8b10c4b95f2f', '1b66d81d-c59d-4abd-9604-11cd7f9eeebb', '利未記', 23, NOW() - INTERVAL '56 days'),
  ('5815fadf-b71f-4c8d-8d60-8b10c4b95f2f', '1b66d81d-c59d-4abd-9604-11cd7f9eeebb', '利未記', 24, NOW() - INTERVAL '56 days'),
  ('5815fadf-b71f-4c8d-8d60-8b10c4b95f2f', '1b66d81d-c59d-4abd-9604-11cd7f9eeebb', '利未記', 25, NOW() - INTERVAL '56 days'),
  ('5815fadf-b71f-4c8d-8d60-8b10c4b95f2f', '1b66d81d-c59d-4abd-9604-11cd7f9eeebb', '利未記', 26, NOW() - INTERVAL '55 days'),
  ('5815fadf-b71f-4c8d-8d60-8b10c4b95f2f', '1b66d81d-c59d-4abd-9604-11cd7f9eeebb', '利未記', 27, NOW() - INTERVAL '55 days'),
  ('5815fadf-b71f-4c8d-8d60-8b10c4b95f2f', '1b66d81d-c59d-4abd-9604-11cd7f9eeebb', '路加福音', 1, NOW() - INTERVAL '55 days'),
  ('5815fadf-b71f-4c8d-8d60-8b10c4b95f2f', '1b66d81d-c59d-4abd-9604-11cd7f9eeebb', '路加福音', 2, NOW() - INTERVAL '55 days'),
  ('5815fadf-b71f-4c8d-8d60-8b10c4b95f2f', '1b66d81d-c59d-4abd-9604-11cd7f9eeebb', '路加福音', 3, NOW() - INTERVAL '55 days'),
  ('5815fadf-b71f-4c8d-8d60-8b10c4b95f2f', '1b66d81d-c59d-4abd-9604-11cd7f9eeebb', '路加福音', 4, NOW() - INTERVAL '54 days'),
  ('5815fadf-b71f-4c8d-8d60-8b10c4b95f2f', '1b66d81d-c59d-4abd-9604-11cd7f9eeebb', '路加福音', 5, NOW() - INTERVAL '54 days'),
  ('5815fadf-b71f-4c8d-8d60-8b10c4b95f2f', '1b66d81d-c59d-4abd-9604-11cd7f9eeebb', '路加福音', 6, NOW() - INTERVAL '54 days'),
  ('5815fadf-b71f-4c8d-8d60-8b10c4b95f2f', '1b66d81d-c59d-4abd-9604-11cd7f9eeebb', '路加福音', 7, NOW() - INTERVAL '54 days'),
  ('5815fadf-b71f-4c8d-8d60-8b10c4b95f2f', '1b66d81d-c59d-4abd-9604-11cd7f9eeebb', '路加福音', 8, NOW() - INTERVAL '54 days'),
  ('5815fadf-b71f-4c8d-8d60-8b10c4b95f2f', '1b66d81d-c59d-4abd-9604-11cd7f9eeebb', '路加福音', 9, NOW() - INTERVAL '53 days'),
  ('5815fadf-b71f-4c8d-8d60-8b10c4b95f2f', '1b66d81d-c59d-4abd-9604-11cd7f9eeebb', '路加福音', 10, NOW() - INTERVAL '53 days'),
  ('5815fadf-b71f-4c8d-8d60-8b10c4b95f2f', '1b66d81d-c59d-4abd-9604-11cd7f9eeebb', '路加福音', 11, NOW() - INTERVAL '53 days'),
  ('5815fadf-b71f-4c8d-8d60-8b10c4b95f2f', '1b66d81d-c59d-4abd-9604-11cd7f9eeebb', '路加福音', 12, NOW() - INTERVAL '53 days'),
  ('5815fadf-b71f-4c8d-8d60-8b10c4b95f2f', '1b66d81d-c59d-4abd-9604-11cd7f9eeebb', '路加福音', 13, NOW() - INTERVAL '53 days'),
  ('5815fadf-b71f-4c8d-8d60-8b10c4b95f2f', '1b66d81d-c59d-4abd-9604-11cd7f9eeebb', '路加福音', 14, NOW() - INTERVAL '52 days'),
  ('5815fadf-b71f-4c8d-8d60-8b10c4b95f2f', '1b66d81d-c59d-4abd-9604-11cd7f9eeebb', '路加福音', 15, NOW() - INTERVAL '52 days'),
  ('5815fadf-b71f-4c8d-8d60-8b10c4b95f2f', '1b66d81d-c59d-4abd-9604-11cd7f9eeebb', '路加福音', 16, NOW() - INTERVAL '52 days'),
  ('5815fadf-b71f-4c8d-8d60-8b10c4b95f2f', '1b66d81d-c59d-4abd-9604-11cd7f9eeebb', '路加福音', 17, NOW() - INTERVAL '52 days'),
  ('5815fadf-b71f-4c8d-8d60-8b10c4b95f2f', '1b66d81d-c59d-4abd-9604-11cd7f9eeebb', '路加福音', 18, NOW() - INTERVAL '52 days'),
  ('5815fadf-b71f-4c8d-8d60-8b10c4b95f2f', '1b66d81d-c59d-4abd-9604-11cd7f9eeebb', '路加福音', 19, NOW() - INTERVAL '51 days'),
  ('5815fadf-b71f-4c8d-8d60-8b10c4b95f2f', '1b66d81d-c59d-4abd-9604-11cd7f9eeebb', '路加福音', 20, NOW() - INTERVAL '51 days'),
  ('5815fadf-b71f-4c8d-8d60-8b10c4b95f2f', '1b66d81d-c59d-4abd-9604-11cd7f9eeebb', '路加福音', 21, NOW() - INTERVAL '51 days'),
  ('5815fadf-b71f-4c8d-8d60-8b10c4b95f2f', '1b66d81d-c59d-4abd-9604-11cd7f9eeebb', '路加福音', 22, NOW() - INTERVAL '51 days'),
  ('5815fadf-b71f-4c8d-8d60-8b10c4b95f2f', '1b66d81d-c59d-4abd-9604-11cd7f9eeebb', '路加福音', 23, NOW() - INTERVAL '51 days'),
  ('5815fadf-b71f-4c8d-8d60-8b10c4b95f2f', '1b66d81d-c59d-4abd-9604-11cd7f9eeebb', '路加福音', 24, NOW() - INTERVAL '50 days'),
  ('5815fadf-b71f-4c8d-8d60-8b10c4b95f2f', '1b66d81d-c59d-4abd-9604-11cd7f9eeebb', '歷代志下', 1, NOW() - INTERVAL '50 days'),
  ('5815fadf-b71f-4c8d-8d60-8b10c4b95f2f', '1b66d81d-c59d-4abd-9604-11cd7f9eeebb', '歷代志下', 2, NOW() - INTERVAL '50 days'),
  ('5815fadf-b71f-4c8d-8d60-8b10c4b95f2f', '1b66d81d-c59d-4abd-9604-11cd7f9eeebb', '歷代志下', 3, NOW() - INTERVAL '50 days'),
  ('5815fadf-b71f-4c8d-8d60-8b10c4b95f2f', '1b66d81d-c59d-4abd-9604-11cd7f9eeebb', '歷代志下', 4, NOW() - INTERVAL '50 days'),
  ('5815fadf-b71f-4c8d-8d60-8b10c4b95f2f', '1b66d81d-c59d-4abd-9604-11cd7f9eeebb', '歷代志下', 5, NOW() - INTERVAL '49 days'),
  ('5815fadf-b71f-4c8d-8d60-8b10c4b95f2f', '1b66d81d-c59d-4abd-9604-11cd7f9eeebb', '歷代志下', 6, NOW() - INTERVAL '49 days'),
  ('5815fadf-b71f-4c8d-8d60-8b10c4b95f2f', '1b66d81d-c59d-4abd-9604-11cd7f9eeebb', '歷代志下', 7, NOW() - INTERVAL '49 days'),
  ('5815fadf-b71f-4c8d-8d60-8b10c4b95f2f', '1b66d81d-c59d-4abd-9604-11cd7f9eeebb', '歷代志下', 8, NOW() - INTERVAL '49 days'),
  ('5815fadf-b71f-4c8d-8d60-8b10c4b95f2f', '1b66d81d-c59d-4abd-9604-11cd7f9eeebb', '歷代志下', 9, NOW() - INTERVAL '49 days'),
  ('5815fadf-b71f-4c8d-8d60-8b10c4b95f2f', '1b66d81d-c59d-4abd-9604-11cd7f9eeebb', '歷代志下', 10, NOW() - INTERVAL '48 days'),
  ('5815fadf-b71f-4c8d-8d60-8b10c4b95f2f', '1b66d81d-c59d-4abd-9604-11cd7f9eeebb', '歷代志下', 11, NOW() - INTERVAL '48 days'),
  ('5815fadf-b71f-4c8d-8d60-8b10c4b95f2f', '1b66d81d-c59d-4abd-9604-11cd7f9eeebb', '歷代志下', 12, NOW() - INTERVAL '48 days'),
  ('5815fadf-b71f-4c8d-8d60-8b10c4b95f2f', '1b66d81d-c59d-4abd-9604-11cd7f9eeebb', '歷代志下', 13, NOW() - INTERVAL '48 days'),
  ('5815fadf-b71f-4c8d-8d60-8b10c4b95f2f', '1b66d81d-c59d-4abd-9604-11cd7f9eeebb', '歷代志下', 14, NOW() - INTERVAL '48 days'),
  ('5815fadf-b71f-4c8d-8d60-8b10c4b95f2f', '1b66d81d-c59d-4abd-9604-11cd7f9eeebb', '歷代志下', 15, NOW() - INTERVAL '47 days'),
  ('5815fadf-b71f-4c8d-8d60-8b10c4b95f2f', '1b66d81d-c59d-4abd-9604-11cd7f9eeebb', '歷代志下', 16, NOW() - INTERVAL '47 days'),
  ('5815fadf-b71f-4c8d-8d60-8b10c4b95f2f', '1b66d81d-c59d-4abd-9604-11cd7f9eeebb', '歷代志下', 17, NOW() - INTERVAL '47 days'),
  ('5815fadf-b71f-4c8d-8d60-8b10c4b95f2f', '1b66d81d-c59d-4abd-9604-11cd7f9eeebb', '歷代志下', 18, NOW() - INTERVAL '47 days'),
  ('5815fadf-b71f-4c8d-8d60-8b10c4b95f2f', '1b66d81d-c59d-4abd-9604-11cd7f9eeebb', '歷代志下', 19, NOW() - INTERVAL '47 days'),
  ('5815fadf-b71f-4c8d-8d60-8b10c4b95f2f', '1b66d81d-c59d-4abd-9604-11cd7f9eeebb', '歷代志下', 20, NOW() - INTERVAL '46 days'),
  ('5815fadf-b71f-4c8d-8d60-8b10c4b95f2f', '1b66d81d-c59d-4abd-9604-11cd7f9eeebb', '歷代志下', 21, NOW() - INTERVAL '46 days'),
  ('5815fadf-b71f-4c8d-8d60-8b10c4b95f2f', '1b66d81d-c59d-4abd-9604-11cd7f9eeebb', '歷代志下', 22, NOW() - INTERVAL '46 days'),
  ('5815fadf-b71f-4c8d-8d60-8b10c4b95f2f', '1b66d81d-c59d-4abd-9604-11cd7f9eeebb', '歷代志下', 23, NOW() - INTERVAL '46 days'),
  ('5815fadf-b71f-4c8d-8d60-8b10c4b95f2f', '1b66d81d-c59d-4abd-9604-11cd7f9eeebb', '歷代志下', 24, NOW() - INTERVAL '46 days'),
  ('5815fadf-b71f-4c8d-8d60-8b10c4b95f2f', '1b66d81d-c59d-4abd-9604-11cd7f9eeebb', '歷代志下', 25, NOW() - INTERVAL '45 days'),
  ('5815fadf-b71f-4c8d-8d60-8b10c4b95f2f', '1b66d81d-c59d-4abd-9604-11cd7f9eeebb', '歷代志下', 26, NOW() - INTERVAL '45 days'),
  ('5815fadf-b71f-4c8d-8d60-8b10c4b95f2f', '1b66d81d-c59d-4abd-9604-11cd7f9eeebb', '歷代志下', 27, NOW() - INTERVAL '45 days'),
  ('5815fadf-b71f-4c8d-8d60-8b10c4b95f2f', '1b66d81d-c59d-4abd-9604-11cd7f9eeebb', '歷代志下', 28, NOW() - INTERVAL '45 days'),
  ('5815fadf-b71f-4c8d-8d60-8b10c4b95f2f', '1b66d81d-c59d-4abd-9604-11cd7f9eeebb', '歷代志下', 29, NOW() - INTERVAL '45 days'),
  ('5815fadf-b71f-4c8d-8d60-8b10c4b95f2f', '1b66d81d-c59d-4abd-9604-11cd7f9eeebb', '歷代志下', 30, NOW() - INTERVAL '44 days'),
  ('5815fadf-b71f-4c8d-8d60-8b10c4b95f2f', '1b66d81d-c59d-4abd-9604-11cd7f9eeebb', '歷代志下', 31, NOW() - INTERVAL '44 days'),
  ('5815fadf-b71f-4c8d-8d60-8b10c4b95f2f', '1b66d81d-c59d-4abd-9604-11cd7f9eeebb', '歷代志下', 32, NOW() - INTERVAL '44 days'),
  ('5815fadf-b71f-4c8d-8d60-8b10c4b95f2f', '1b66d81d-c59d-4abd-9604-11cd7f9eeebb', '歷代志下', 33, NOW() - INTERVAL '44 days'),
  ('5815fadf-b71f-4c8d-8d60-8b10c4b95f2f', '1b66d81d-c59d-4abd-9604-11cd7f9eeebb', '歷代志下', 34, NOW() - INTERVAL '44 days'),
  ('5815fadf-b71f-4c8d-8d60-8b10c4b95f2f', '1b66d81d-c59d-4abd-9604-11cd7f9eeebb', '歷代志下', 35, NOW() - INTERVAL '43 days'),
  ('5815fadf-b71f-4c8d-8d60-8b10c4b95f2f', '1b66d81d-c59d-4abd-9604-11cd7f9eeebb', '歷代志下', 36, NOW() - INTERVAL '43 days'),
  ('5815fadf-b71f-4c8d-8d60-8b10c4b95f2f', '1b66d81d-c59d-4abd-9604-11cd7f9eeebb', '帖撒羅尼迦前書', 1, NOW() - INTERVAL '43 days'),
  ('5815fadf-b71f-4c8d-8d60-8b10c4b95f2f', '1b66d81d-c59d-4abd-9604-11cd7f9eeebb', '帖撒羅尼迦前書', 2, NOW() - INTERVAL '43 days'),
  ('5815fadf-b71f-4c8d-8d60-8b10c4b95f2f', '1b66d81d-c59d-4abd-9604-11cd7f9eeebb', '帖撒羅尼迦前書', 3, NOW() - INTERVAL '43 days'),
  ('5815fadf-b71f-4c8d-8d60-8b10c4b95f2f', '1b66d81d-c59d-4abd-9604-11cd7f9eeebb', '帖撒羅尼迦前書', 4, NOW() - INTERVAL '42 days'),
  ('5815fadf-b71f-4c8d-8d60-8b10c4b95f2f', '1b66d81d-c59d-4abd-9604-11cd7f9eeebb', '帖撒羅尼迦前書', 5, NOW() - INTERVAL '42 days'),
  ('5815fadf-b71f-4c8d-8d60-8b10c4b95f2f', '1b66d81d-c59d-4abd-9604-11cd7f9eeebb', '約拿書', 1, NOW() - INTERVAL '42 days'),
  ('5815fadf-b71f-4c8d-8d60-8b10c4b95f2f', '1b66d81d-c59d-4abd-9604-11cd7f9eeebb', '約拿書', 2, NOW() - INTERVAL '42 days'),
  ('5815fadf-b71f-4c8d-8d60-8b10c4b95f2f', '1b66d81d-c59d-4abd-9604-11cd7f9eeebb', '約拿書', 3, NOW() - INTERVAL '42 days'),
  ('5815fadf-b71f-4c8d-8d60-8b10c4b95f2f', '1b66d81d-c59d-4abd-9604-11cd7f9eeebb', '約拿書', 4, NOW() - INTERVAL '41 days'),
  ('5815fadf-b71f-4c8d-8d60-8b10c4b95f2f', '1b66d81d-c59d-4abd-9604-11cd7f9eeebb', '約翰二書', 1, NOW() - INTERVAL '41 days'),
  ('5815fadf-b71f-4c8d-8d60-8b10c4b95f2f', '1b66d81d-c59d-4abd-9604-11cd7f9eeebb', '彌迦書', 1, NOW() - INTERVAL '41 days'),
  ('5815fadf-b71f-4c8d-8d60-8b10c4b95f2f', '1b66d81d-c59d-4abd-9604-11cd7f9eeebb', '彌迦書', 2, NOW() - INTERVAL '41 days'),
  ('5815fadf-b71f-4c8d-8d60-8b10c4b95f2f', '1b66d81d-c59d-4abd-9604-11cd7f9eeebb', '彌迦書', 3, NOW() - INTERVAL '41 days'),
  ('5815fadf-b71f-4c8d-8d60-8b10c4b95f2f', '1b66d81d-c59d-4abd-9604-11cd7f9eeebb', '彌迦書', 4, NOW() - INTERVAL '40 days'),
  ('5815fadf-b71f-4c8d-8d60-8b10c4b95f2f', '1b66d81d-c59d-4abd-9604-11cd7f9eeebb', '彌迦書', 5, NOW() - INTERVAL '40 days'),
  ('5815fadf-b71f-4c8d-8d60-8b10c4b95f2f', '1b66d81d-c59d-4abd-9604-11cd7f9eeebb', '彌迦書', 6, NOW() - INTERVAL '40 days'),
  ('5815fadf-b71f-4c8d-8d60-8b10c4b95f2f', '1b66d81d-c59d-4abd-9604-11cd7f9eeebb', '彌迦書', 7, NOW() - INTERVAL '40 days'),
  ('5815fadf-b71f-4c8d-8d60-8b10c4b95f2f', '1b66d81d-c59d-4abd-9604-11cd7f9eeebb', '約翰三書', 1, NOW() - INTERVAL '40 days'),
  ('5815fadf-b71f-4c8d-8d60-8b10c4b95f2f', '1b66d81d-c59d-4abd-9604-11cd7f9eeebb', '民數記', 1, NOW() - INTERVAL '39 days'),
  ('5815fadf-b71f-4c8d-8d60-8b10c4b95f2f', '1b66d81d-c59d-4abd-9604-11cd7f9eeebb', '民數記', 2, NOW() - INTERVAL '39 days'),
  ('5815fadf-b71f-4c8d-8d60-8b10c4b95f2f', '1b66d81d-c59d-4abd-9604-11cd7f9eeebb', '民數記', 3, NOW() - INTERVAL '39 days'),
  ('5815fadf-b71f-4c8d-8d60-8b10c4b95f2f', '1b66d81d-c59d-4abd-9604-11cd7f9eeebb', '民數記', 4, NOW() - INTERVAL '39 days'),
  ('5815fadf-b71f-4c8d-8d60-8b10c4b95f2f', '1b66d81d-c59d-4abd-9604-11cd7f9eeebb', '民數記', 5, NOW() - INTERVAL '39 days'),
  ('5815fadf-b71f-4c8d-8d60-8b10c4b95f2f', '1b66d81d-c59d-4abd-9604-11cd7f9eeebb', '民數記', 6, NOW() - INTERVAL '38 days'),
  ('5815fadf-b71f-4c8d-8d60-8b10c4b95f2f', '1b66d81d-c59d-4abd-9604-11cd7f9eeebb', '民數記', 7, NOW() - INTERVAL '38 days'),
  ('5815fadf-b71f-4c8d-8d60-8b10c4b95f2f', '1b66d81d-c59d-4abd-9604-11cd7f9eeebb', '民數記', 8, NOW() - INTERVAL '38 days'),
  ('5815fadf-b71f-4c8d-8d60-8b10c4b95f2f', '1b66d81d-c59d-4abd-9604-11cd7f9eeebb', '民數記', 9, NOW() - INTERVAL '38 days'),
  ('5815fadf-b71f-4c8d-8d60-8b10c4b95f2f', '1b66d81d-c59d-4abd-9604-11cd7f9eeebb', '民數記', 10, NOW() - INTERVAL '38 days'),
  ('5815fadf-b71f-4c8d-8d60-8b10c4b95f2f', '1b66d81d-c59d-4abd-9604-11cd7f9eeebb', '民數記', 11, NOW() - INTERVAL '37 days'),
  ('5815fadf-b71f-4c8d-8d60-8b10c4b95f2f', '1b66d81d-c59d-4abd-9604-11cd7f9eeebb', '民數記', 12, NOW() - INTERVAL '37 days'),
  ('5815fadf-b71f-4c8d-8d60-8b10c4b95f2f', '1b66d81d-c59d-4abd-9604-11cd7f9eeebb', '民數記', 13, NOW() - INTERVAL '37 days'),
  ('5815fadf-b71f-4c8d-8d60-8b10c4b95f2f', '1b66d81d-c59d-4abd-9604-11cd7f9eeebb', '民數記', 14, NOW() - INTERVAL '37 days'),
  ('5815fadf-b71f-4c8d-8d60-8b10c4b95f2f', '1b66d81d-c59d-4abd-9604-11cd7f9eeebb', '民數記', 15, NOW() - INTERVAL '37 days'),
  ('5815fadf-b71f-4c8d-8d60-8b10c4b95f2f', '1b66d81d-c59d-4abd-9604-11cd7f9eeebb', '民數記', 16, NOW() - INTERVAL '36 days'),
  ('5815fadf-b71f-4c8d-8d60-8b10c4b95f2f', '1b66d81d-c59d-4abd-9604-11cd7f9eeebb', '民數記', 17, NOW() - INTERVAL '36 days'),
  ('5815fadf-b71f-4c8d-8d60-8b10c4b95f2f', '1b66d81d-c59d-4abd-9604-11cd7f9eeebb', '民數記', 18, NOW() - INTERVAL '36 days'),
  ('5815fadf-b71f-4c8d-8d60-8b10c4b95f2f', '1b66d81d-c59d-4abd-9604-11cd7f9eeebb', '民數記', 19, NOW() - INTERVAL '36 days'),
  ('5815fadf-b71f-4c8d-8d60-8b10c4b95f2f', '1b66d81d-c59d-4abd-9604-11cd7f9eeebb', '民數記', 20, NOW() - INTERVAL '36 days'),
  ('5815fadf-b71f-4c8d-8d60-8b10c4b95f2f', '1b66d81d-c59d-4abd-9604-11cd7f9eeebb', '民數記', 21, NOW() - INTERVAL '35 days'),
  ('5815fadf-b71f-4c8d-8d60-8b10c4b95f2f', '1b66d81d-c59d-4abd-9604-11cd7f9eeebb', '民數記', 22, NOW() - INTERVAL '35 days'),
  ('5815fadf-b71f-4c8d-8d60-8b10c4b95f2f', '1b66d81d-c59d-4abd-9604-11cd7f9eeebb', '民數記', 23, NOW() - INTERVAL '35 days'),
  ('5815fadf-b71f-4c8d-8d60-8b10c4b95f2f', '1b66d81d-c59d-4abd-9604-11cd7f9eeebb', '民數記', 24, NOW() - INTERVAL '35 days'),
  ('5815fadf-b71f-4c8d-8d60-8b10c4b95f2f', '1b66d81d-c59d-4abd-9604-11cd7f9eeebb', '民數記', 25, NOW() - INTERVAL '35 days'),
  ('5815fadf-b71f-4c8d-8d60-8b10c4b95f2f', '1b66d81d-c59d-4abd-9604-11cd7f9eeebb', '民數記', 26, NOW() - INTERVAL '34 days'),
  ('5815fadf-b71f-4c8d-8d60-8b10c4b95f2f', '1b66d81d-c59d-4abd-9604-11cd7f9eeebb', '民數記', 27, NOW() - INTERVAL '34 days'),
  ('5815fadf-b71f-4c8d-8d60-8b10c4b95f2f', '1b66d81d-c59d-4abd-9604-11cd7f9eeebb', '民數記', 28, NOW() - INTERVAL '34 days'),
  ('5815fadf-b71f-4c8d-8d60-8b10c4b95f2f', '1b66d81d-c59d-4abd-9604-11cd7f9eeebb', '民數記', 29, NOW() - INTERVAL '34 days'),
  ('5815fadf-b71f-4c8d-8d60-8b10c4b95f2f', '1b66d81d-c59d-4abd-9604-11cd7f9eeebb', '民數記', 30, NOW() - INTERVAL '34 days'),
  ('5815fadf-b71f-4c8d-8d60-8b10c4b95f2f', '1b66d81d-c59d-4abd-9604-11cd7f9eeebb', '民數記', 31, NOW() - INTERVAL '33 days'),
  ('5815fadf-b71f-4c8d-8d60-8b10c4b95f2f', '1b66d81d-c59d-4abd-9604-11cd7f9eeebb', '民數記', 32, NOW() - INTERVAL '33 days'),
  ('5815fadf-b71f-4c8d-8d60-8b10c4b95f2f', '1b66d81d-c59d-4abd-9604-11cd7f9eeebb', '民數記', 33, NOW() - INTERVAL '33 days'),
  ('5815fadf-b71f-4c8d-8d60-8b10c4b95f2f', '1b66d81d-c59d-4abd-9604-11cd7f9eeebb', '民數記', 34, NOW() - INTERVAL '33 days'),
  ('5815fadf-b71f-4c8d-8d60-8b10c4b95f2f', '1b66d81d-c59d-4abd-9604-11cd7f9eeebb', '民數記', 35, NOW() - INTERVAL '33 days'),
  ('5815fadf-b71f-4c8d-8d60-8b10c4b95f2f', '1b66d81d-c59d-4abd-9604-11cd7f9eeebb', '民數記', 36, NOW() - INTERVAL '32 days'),
  ('5815fadf-b71f-4c8d-8d60-8b10c4b95f2f', '1b66d81d-c59d-4abd-9604-11cd7f9eeebb', '約翰福音', 1, NOW() - INTERVAL '32 days'),
  ('5815fadf-b71f-4c8d-8d60-8b10c4b95f2f', '1b66d81d-c59d-4abd-9604-11cd7f9eeebb', '約翰福音', 2, NOW() - INTERVAL '32 days'),
  ('5815fadf-b71f-4c8d-8d60-8b10c4b95f2f', '1b66d81d-c59d-4abd-9604-11cd7f9eeebb', '約翰福音', 3, NOW() - INTERVAL '32 days'),
  ('5815fadf-b71f-4c8d-8d60-8b10c4b95f2f', '1b66d81d-c59d-4abd-9604-11cd7f9eeebb', '約翰福音', 4, NOW() - INTERVAL '32 days'),
  ('5815fadf-b71f-4c8d-8d60-8b10c4b95f2f', '1b66d81d-c59d-4abd-9604-11cd7f9eeebb', '約翰福音', 5, NOW() - INTERVAL '31 days'),
  ('5815fadf-b71f-4c8d-8d60-8b10c4b95f2f', '1b66d81d-c59d-4abd-9604-11cd7f9eeebb', '約翰福音', 6, NOW() - INTERVAL '31 days'),
  ('5815fadf-b71f-4c8d-8d60-8b10c4b95f2f', '1b66d81d-c59d-4abd-9604-11cd7f9eeebb', '約翰福音', 7, NOW() - INTERVAL '31 days'),
  ('5815fadf-b71f-4c8d-8d60-8b10c4b95f2f', '1b66d81d-c59d-4abd-9604-11cd7f9eeebb', '約翰福音', 8, NOW() - INTERVAL '31 days'),
  ('5815fadf-b71f-4c8d-8d60-8b10c4b95f2f', '1b66d81d-c59d-4abd-9604-11cd7f9eeebb', '約翰福音', 9, NOW() - INTERVAL '31 days'),
  ('5815fadf-b71f-4c8d-8d60-8b10c4b95f2f', '1b66d81d-c59d-4abd-9604-11cd7f9eeebb', '約翰福音', 10, NOW() - INTERVAL '30 days'),
  ('5815fadf-b71f-4c8d-8d60-8b10c4b95f2f', '1b66d81d-c59d-4abd-9604-11cd7f9eeebb', '約翰福音', 11, NOW() - INTERVAL '30 days'),
  ('5815fadf-b71f-4c8d-8d60-8b10c4b95f2f', '1b66d81d-c59d-4abd-9604-11cd7f9eeebb', '約翰福音', 12, NOW() - INTERVAL '30 days'),
  ('5815fadf-b71f-4c8d-8d60-8b10c4b95f2f', '1b66d81d-c59d-4abd-9604-11cd7f9eeebb', '約翰福音', 13, NOW() - INTERVAL '30 days'),
  ('5815fadf-b71f-4c8d-8d60-8b10c4b95f2f', '1b66d81d-c59d-4abd-9604-11cd7f9eeebb', '約翰福音', 14, NOW() - INTERVAL '30 days'),
  ('5815fadf-b71f-4c8d-8d60-8b10c4b95f2f', '1b66d81d-c59d-4abd-9604-11cd7f9eeebb', '約翰福音', 15, NOW() - INTERVAL '29 days'),
  ('5815fadf-b71f-4c8d-8d60-8b10c4b95f2f', '1b66d81d-c59d-4abd-9604-11cd7f9eeebb', '約翰福音', 16, NOW() - INTERVAL '29 days'),
  ('5815fadf-b71f-4c8d-8d60-8b10c4b95f2f', '1b66d81d-c59d-4abd-9604-11cd7f9eeebb', '約翰福音', 17, NOW() - INTERVAL '29 days'),
  ('5815fadf-b71f-4c8d-8d60-8b10c4b95f2f', '1b66d81d-c59d-4abd-9604-11cd7f9eeebb', '約翰福音', 18, NOW() - INTERVAL '29 days'),
  ('5815fadf-b71f-4c8d-8d60-8b10c4b95f2f', '1b66d81d-c59d-4abd-9604-11cd7f9eeebb', '約翰福音', 19, NOW() - INTERVAL '29 days'),
  ('5815fadf-b71f-4c8d-8d60-8b10c4b95f2f', '1b66d81d-c59d-4abd-9604-11cd7f9eeebb', '約翰福音', 20, NOW() - INTERVAL '28 days'),
  ('5815fadf-b71f-4c8d-8d60-8b10c4b95f2f', '1b66d81d-c59d-4abd-9604-11cd7f9eeebb', '約翰福音', 21, NOW() - INTERVAL '28 days'),
  ('5815fadf-b71f-4c8d-8d60-8b10c4b95f2f', '1b66d81d-c59d-4abd-9604-11cd7f9eeebb', '以西結書', 1, NOW() - INTERVAL '28 days'),
  ('5815fadf-b71f-4c8d-8d60-8b10c4b95f2f', '1b66d81d-c59d-4abd-9604-11cd7f9eeebb', '以西結書', 2, NOW() - INTERVAL '28 days'),
  ('5815fadf-b71f-4c8d-8d60-8b10c4b95f2f', '1b66d81d-c59d-4abd-9604-11cd7f9eeebb', '以西結書', 3, NOW() - INTERVAL '28 days'),
  ('5815fadf-b71f-4c8d-8d60-8b10c4b95f2f', '1b66d81d-c59d-4abd-9604-11cd7f9eeebb', '以西結書', 4, NOW() - INTERVAL '27 days'),
  ('5815fadf-b71f-4c8d-8d60-8b10c4b95f2f', '1b66d81d-c59d-4abd-9604-11cd7f9eeebb', '以西結書', 5, NOW() - INTERVAL '27 days'),
  ('5815fadf-b71f-4c8d-8d60-8b10c4b95f2f', '1b66d81d-c59d-4abd-9604-11cd7f9eeebb', '以西結書', 6, NOW() - INTERVAL '27 days'),
  ('5815fadf-b71f-4c8d-8d60-8b10c4b95f2f', '1b66d81d-c59d-4abd-9604-11cd7f9eeebb', '以西結書', 7, NOW() - INTERVAL '27 days'),
  ('5815fadf-b71f-4c8d-8d60-8b10c4b95f2f', '1b66d81d-c59d-4abd-9604-11cd7f9eeebb', '以西結書', 8, NOW() - INTERVAL '27 days'),
  ('5815fadf-b71f-4c8d-8d60-8b10c4b95f2f', '1b66d81d-c59d-4abd-9604-11cd7f9eeebb', '以西結書', 9, NOW() - INTERVAL '26 days'),
  ('5815fadf-b71f-4c8d-8d60-8b10c4b95f2f', '1b66d81d-c59d-4abd-9604-11cd7f9eeebb', '以西結書', 10, NOW() - INTERVAL '26 days'),
  ('5815fadf-b71f-4c8d-8d60-8b10c4b95f2f', '1b66d81d-c59d-4abd-9604-11cd7f9eeebb', '以西結書', 11, NOW() - INTERVAL '26 days'),
  ('5815fadf-b71f-4c8d-8d60-8b10c4b95f2f', '1b66d81d-c59d-4abd-9604-11cd7f9eeebb', '以西結書', 12, NOW() - INTERVAL '26 days'),
  ('5815fadf-b71f-4c8d-8d60-8b10c4b95f2f', '1b66d81d-c59d-4abd-9604-11cd7f9eeebb', '以西結書', 13, NOW() - INTERVAL '26 days'),
  ('5815fadf-b71f-4c8d-8d60-8b10c4b95f2f', '1b66d81d-c59d-4abd-9604-11cd7f9eeebb', '以西結書', 14, NOW() - INTERVAL '25 days'),
  ('5815fadf-b71f-4c8d-8d60-8b10c4b95f2f', '1b66d81d-c59d-4abd-9604-11cd7f9eeebb', '以西結書', 15, NOW() - INTERVAL '25 days'),
  ('5815fadf-b71f-4c8d-8d60-8b10c4b95f2f', '1b66d81d-c59d-4abd-9604-11cd7f9eeebb', '以西結書', 16, NOW() - INTERVAL '25 days'),
  ('5815fadf-b71f-4c8d-8d60-8b10c4b95f2f', '1b66d81d-c59d-4abd-9604-11cd7f9eeebb', '以西結書', 17, NOW() - INTERVAL '25 days'),
  ('5815fadf-b71f-4c8d-8d60-8b10c4b95f2f', '1b66d81d-c59d-4abd-9604-11cd7f9eeebb', '以西結書', 18, NOW() - INTERVAL '25 days'),
  ('5815fadf-b71f-4c8d-8d60-8b10c4b95f2f', '1b66d81d-c59d-4abd-9604-11cd7f9eeebb', '以西結書', 19, NOW() - INTERVAL '24 days'),
  ('5815fadf-b71f-4c8d-8d60-8b10c4b95f2f', '1b66d81d-c59d-4abd-9604-11cd7f9eeebb', '以西結書', 20, NOW() - INTERVAL '24 days'),
  ('5815fadf-b71f-4c8d-8d60-8b10c4b95f2f', '1b66d81d-c59d-4abd-9604-11cd7f9eeebb', '以西結書', 21, NOW() - INTERVAL '24 days'),
  ('5815fadf-b71f-4c8d-8d60-8b10c4b95f2f', '1b66d81d-c59d-4abd-9604-11cd7f9eeebb', '以西結書', 22, NOW() - INTERVAL '24 days'),
  ('5815fadf-b71f-4c8d-8d60-8b10c4b95f2f', '1b66d81d-c59d-4abd-9604-11cd7f9eeebb', '以西結書', 23, NOW() - INTERVAL '24 days'),
  ('5815fadf-b71f-4c8d-8d60-8b10c4b95f2f', '1b66d81d-c59d-4abd-9604-11cd7f9eeebb', '以西結書', 24, NOW() - INTERVAL '23 days'),
  ('5815fadf-b71f-4c8d-8d60-8b10c4b95f2f', '1b66d81d-c59d-4abd-9604-11cd7f9eeebb', '以西結書', 25, NOW() - INTERVAL '23 days'),
  ('5815fadf-b71f-4c8d-8d60-8b10c4b95f2f', '1b66d81d-c59d-4abd-9604-11cd7f9eeebb', '以西結書', 26, NOW() - INTERVAL '23 days'),
  ('5815fadf-b71f-4c8d-8d60-8b10c4b95f2f', '1b66d81d-c59d-4abd-9604-11cd7f9eeebb', '以西結書', 27, NOW() - INTERVAL '23 days'),
  ('5815fadf-b71f-4c8d-8d60-8b10c4b95f2f', '1b66d81d-c59d-4abd-9604-11cd7f9eeebb', '以西結書', 28, NOW() - INTERVAL '23 days'),
  ('5815fadf-b71f-4c8d-8d60-8b10c4b95f2f', '1b66d81d-c59d-4abd-9604-11cd7f9eeebb', '以西結書', 29, NOW() - INTERVAL '22 days'),
  ('5815fadf-b71f-4c8d-8d60-8b10c4b95f2f', '1b66d81d-c59d-4abd-9604-11cd7f9eeebb', '以西結書', 30, NOW() - INTERVAL '22 days'),
  ('5815fadf-b71f-4c8d-8d60-8b10c4b95f2f', '1b66d81d-c59d-4abd-9604-11cd7f9eeebb', '以西結書', 31, NOW() - INTERVAL '22 days'),
  ('5815fadf-b71f-4c8d-8d60-8b10c4b95f2f', '1b66d81d-c59d-4abd-9604-11cd7f9eeebb', '以西結書', 32, NOW() - INTERVAL '22 days'),
  ('5815fadf-b71f-4c8d-8d60-8b10c4b95f2f', '1b66d81d-c59d-4abd-9604-11cd7f9eeebb', '以西結書', 33, NOW() - INTERVAL '22 days'),
  ('5815fadf-b71f-4c8d-8d60-8b10c4b95f2f', '1b66d81d-c59d-4abd-9604-11cd7f9eeebb', '以西結書', 34, NOW() - INTERVAL '21 days'),
  ('5815fadf-b71f-4c8d-8d60-8b10c4b95f2f', '1b66d81d-c59d-4abd-9604-11cd7f9eeebb', '以西結書', 35, NOW() - INTERVAL '21 days'),
  ('5815fadf-b71f-4c8d-8d60-8b10c4b95f2f', '1b66d81d-c59d-4abd-9604-11cd7f9eeebb', '以西結書', 36, NOW() - INTERVAL '21 days'),
  ('5815fadf-b71f-4c8d-8d60-8b10c4b95f2f', '1b66d81d-c59d-4abd-9604-11cd7f9eeebb', '以西結書', 37, NOW() - INTERVAL '21 days'),
  ('5815fadf-b71f-4c8d-8d60-8b10c4b95f2f', '1b66d81d-c59d-4abd-9604-11cd7f9eeebb', '以西結書', 38, NOW() - INTERVAL '21 days'),
  ('5815fadf-b71f-4c8d-8d60-8b10c4b95f2f', '1b66d81d-c59d-4abd-9604-11cd7f9eeebb', '以西結書', 39, NOW() - INTERVAL '20 days'),
  ('5815fadf-b71f-4c8d-8d60-8b10c4b95f2f', '1b66d81d-c59d-4abd-9604-11cd7f9eeebb', '以西結書', 40, NOW() - INTERVAL '20 days'),
  ('5815fadf-b71f-4c8d-8d60-8b10c4b95f2f', '1b66d81d-c59d-4abd-9604-11cd7f9eeebb', '以西結書', 41, NOW() - INTERVAL '20 days'),
  ('5815fadf-b71f-4c8d-8d60-8b10c4b95f2f', '1b66d81d-c59d-4abd-9604-11cd7f9eeebb', '以西結書', 42, NOW() - INTERVAL '20 days'),
  ('5815fadf-b71f-4c8d-8d60-8b10c4b95f2f', '1b66d81d-c59d-4abd-9604-11cd7f9eeebb', '以西結書', 43, NOW() - INTERVAL '20 days'),
  ('5815fadf-b71f-4c8d-8d60-8b10c4b95f2f', '1b66d81d-c59d-4abd-9604-11cd7f9eeebb', '以西結書', 44, NOW() - INTERVAL '19 days'),
  ('5815fadf-b71f-4c8d-8d60-8b10c4b95f2f', '1b66d81d-c59d-4abd-9604-11cd7f9eeebb', '以西結書', 45, NOW() - INTERVAL '19 days'),
  ('5815fadf-b71f-4c8d-8d60-8b10c4b95f2f', '1b66d81d-c59d-4abd-9604-11cd7f9eeebb', '以西結書', 46, NOW() - INTERVAL '19 days'),
  ('5815fadf-b71f-4c8d-8d60-8b10c4b95f2f', '1b66d81d-c59d-4abd-9604-11cd7f9eeebb', '以西結書', 47, NOW() - INTERVAL '19 days'),
  ('5815fadf-b71f-4c8d-8d60-8b10c4b95f2f', '1b66d81d-c59d-4abd-9604-11cd7f9eeebb', '以西結書', 48, NOW() - INTERVAL '19 days'),
  ('5815fadf-b71f-4c8d-8d60-8b10c4b95f2f', '1b66d81d-c59d-4abd-9604-11cd7f9eeebb', '約翰一書', 1, NOW() - INTERVAL '18 days'),
  ('5815fadf-b71f-4c8d-8d60-8b10c4b95f2f', '1b66d81d-c59d-4abd-9604-11cd7f9eeebb', '約翰一書', 2, NOW() - INTERVAL '18 days'),
  ('5815fadf-b71f-4c8d-8d60-8b10c4b95f2f', '1b66d81d-c59d-4abd-9604-11cd7f9eeebb', '約翰一書', 3, NOW() - INTERVAL '18 days'),
  ('5815fadf-b71f-4c8d-8d60-8b10c4b95f2f', '1b66d81d-c59d-4abd-9604-11cd7f9eeebb', '約翰一書', 4, NOW() - INTERVAL '18 days'),
  ('5815fadf-b71f-4c8d-8d60-8b10c4b95f2f', '1b66d81d-c59d-4abd-9604-11cd7f9eeebb', '約翰一書', 5, NOW() - INTERVAL '18 days'),
  ('5815fadf-b71f-4c8d-8d60-8b10c4b95f2f', '1b66d81d-c59d-4abd-9604-11cd7f9eeebb', '申命記', 1, NOW() - INTERVAL '17 days'),
  ('5815fadf-b71f-4c8d-8d60-8b10c4b95f2f', '1b66d81d-c59d-4abd-9604-11cd7f9eeebb', '申命記', 2, NOW() - INTERVAL '17 days'),
  ('5815fadf-b71f-4c8d-8d60-8b10c4b95f2f', '1b66d81d-c59d-4abd-9604-11cd7f9eeebb', '申命記', 3, NOW() - INTERVAL '17 days'),
  ('5815fadf-b71f-4c8d-8d60-8b10c4b95f2f', '1b66d81d-c59d-4abd-9604-11cd7f9eeebb', '申命記', 4, NOW() - INTERVAL '17 days'),
  ('5815fadf-b71f-4c8d-8d60-8b10c4b95f2f', '1b66d81d-c59d-4abd-9604-11cd7f9eeebb', '申命記', 5, NOW() - INTERVAL '17 days'),
  ('5815fadf-b71f-4c8d-8d60-8b10c4b95f2f', '1b66d81d-c59d-4abd-9604-11cd7f9eeebb', '申命記', 6, NOW() - INTERVAL '16 days'),
  ('5815fadf-b71f-4c8d-8d60-8b10c4b95f2f', '1b66d81d-c59d-4abd-9604-11cd7f9eeebb', '申命記', 7, NOW() - INTERVAL '16 days'),
  ('5815fadf-b71f-4c8d-8d60-8b10c4b95f2f', '1b66d81d-c59d-4abd-9604-11cd7f9eeebb', '申命記', 8, NOW() - INTERVAL '16 days'),
  ('5815fadf-b71f-4c8d-8d60-8b10c4b95f2f', '1b66d81d-c59d-4abd-9604-11cd7f9eeebb', '申命記', 9, NOW() - INTERVAL '16 days'),
  ('5815fadf-b71f-4c8d-8d60-8b10c4b95f2f', '1b66d81d-c59d-4abd-9604-11cd7f9eeebb', '申命記', 10, NOW() - INTERVAL '16 days'),
  ('5815fadf-b71f-4c8d-8d60-8b10c4b95f2f', '1b66d81d-c59d-4abd-9604-11cd7f9eeebb', '申命記', 11, NOW() - INTERVAL '15 days'),
  ('5815fadf-b71f-4c8d-8d60-8b10c4b95f2f', '1b66d81d-c59d-4abd-9604-11cd7f9eeebb', '申命記', 12, NOW() - INTERVAL '15 days'),
  ('5815fadf-b71f-4c8d-8d60-8b10c4b95f2f', '1b66d81d-c59d-4abd-9604-11cd7f9eeebb', '申命記', 13, NOW() - INTERVAL '15 days'),
  ('5815fadf-b71f-4c8d-8d60-8b10c4b95f2f', '1b66d81d-c59d-4abd-9604-11cd7f9eeebb', '申命記', 14, NOW() - INTERVAL '15 days'),
  ('5815fadf-b71f-4c8d-8d60-8b10c4b95f2f', '1b66d81d-c59d-4abd-9604-11cd7f9eeebb', '申命記', 15, NOW() - INTERVAL '15 days'),
  ('5815fadf-b71f-4c8d-8d60-8b10c4b95f2f', '1b66d81d-c59d-4abd-9604-11cd7f9eeebb', '申命記', 16, NOW() - INTERVAL '14 days'),
  ('5815fadf-b71f-4c8d-8d60-8b10c4b95f2f', '1b66d81d-c59d-4abd-9604-11cd7f9eeebb', '申命記', 17, NOW() - INTERVAL '14 days'),
  ('5815fadf-b71f-4c8d-8d60-8b10c4b95f2f', '1b66d81d-c59d-4abd-9604-11cd7f9eeebb', '申命記', 18, NOW() - INTERVAL '14 days'),
  ('5815fadf-b71f-4c8d-8d60-8b10c4b95f2f', '1b66d81d-c59d-4abd-9604-11cd7f9eeebb', '申命記', 19, NOW() - INTERVAL '14 days'),
  ('5815fadf-b71f-4c8d-8d60-8b10c4b95f2f', '1b66d81d-c59d-4abd-9604-11cd7f9eeebb', '申命記', 20, NOW() - INTERVAL '14 days'),
  ('5815fadf-b71f-4c8d-8d60-8b10c4b95f2f', '1b66d81d-c59d-4abd-9604-11cd7f9eeebb', '申命記', 21, NOW() - INTERVAL '13 days'),
  ('5815fadf-b71f-4c8d-8d60-8b10c4b95f2f', '1b66d81d-c59d-4abd-9604-11cd7f9eeebb', '申命記', 22, NOW() - INTERVAL '13 days'),
  ('5815fadf-b71f-4c8d-8d60-8b10c4b95f2f', '1b66d81d-c59d-4abd-9604-11cd7f9eeebb', '申命記', 23, NOW() - INTERVAL '13 days'),
  ('5815fadf-b71f-4c8d-8d60-8b10c4b95f2f', '1b66d81d-c59d-4abd-9604-11cd7f9eeebb', '申命記', 24, NOW() - INTERVAL '13 days'),
  ('5815fadf-b71f-4c8d-8d60-8b10c4b95f2f', '1b66d81d-c59d-4abd-9604-11cd7f9eeebb', '申命記', 25, NOW() - INTERVAL '13 days'),
  ('5815fadf-b71f-4c8d-8d60-8b10c4b95f2f', '1b66d81d-c59d-4abd-9604-11cd7f9eeebb', '申命記', 26, NOW() - INTERVAL '12 days'),
  ('5815fadf-b71f-4c8d-8d60-8b10c4b95f2f', '1b66d81d-c59d-4abd-9604-11cd7f9eeebb', '申命記', 27, NOW() - INTERVAL '12 days'),
  ('5815fadf-b71f-4c8d-8d60-8b10c4b95f2f', '1b66d81d-c59d-4abd-9604-11cd7f9eeebb', '申命記', 28, NOW() - INTERVAL '12 days'),
  ('5815fadf-b71f-4c8d-8d60-8b10c4b95f2f', '1b66d81d-c59d-4abd-9604-11cd7f9eeebb', '申命記', 29, NOW() - INTERVAL '12 days'),
  ('5815fadf-b71f-4c8d-8d60-8b10c4b95f2f', '1b66d81d-c59d-4abd-9604-11cd7f9eeebb', '申命記', 30, NOW() - INTERVAL '12 days'),
  ('5815fadf-b71f-4c8d-8d60-8b10c4b95f2f', '1b66d81d-c59d-4abd-9604-11cd7f9eeebb', '申命記', 31, NOW() - INTERVAL '11 days'),
  ('5815fadf-b71f-4c8d-8d60-8b10c4b95f2f', '1b66d81d-c59d-4abd-9604-11cd7f9eeebb', '申命記', 32, NOW() - INTERVAL '11 days'),
  ('5815fadf-b71f-4c8d-8d60-8b10c4b95f2f', '1b66d81d-c59d-4abd-9604-11cd7f9eeebb', '申命記', 33, NOW() - INTERVAL '11 days'),
  ('5815fadf-b71f-4c8d-8d60-8b10c4b95f2f', '1b66d81d-c59d-4abd-9604-11cd7f9eeebb', '申命記', 34, NOW() - INTERVAL '11 days'),
  ('5815fadf-b71f-4c8d-8d60-8b10c4b95f2f', '1b66d81d-c59d-4abd-9604-11cd7f9eeebb', '使徒行傳', 1, NOW() - INTERVAL '11 days'),
  ('5815fadf-b71f-4c8d-8d60-8b10c4b95f2f', '1b66d81d-c59d-4abd-9604-11cd7f9eeebb', '使徒行傳', 2, NOW() - INTERVAL '10 days'),
  ('5815fadf-b71f-4c8d-8d60-8b10c4b95f2f', '1b66d81d-c59d-4abd-9604-11cd7f9eeebb', '使徒行傳', 3, NOW() - INTERVAL '10 days'),
  ('5815fadf-b71f-4c8d-8d60-8b10c4b95f2f', '1b66d81d-c59d-4abd-9604-11cd7f9eeebb', '使徒行傳', 4, NOW() - INTERVAL '10 days'),
  ('5815fadf-b71f-4c8d-8d60-8b10c4b95f2f', '1b66d81d-c59d-4abd-9604-11cd7f9eeebb', '使徒行傳', 5, NOW() - INTERVAL '10 days'),
  ('5815fadf-b71f-4c8d-8d60-8b10c4b95f2f', '1b66d81d-c59d-4abd-9604-11cd7f9eeebb', '使徒行傳', 6, NOW() - INTERVAL '10 days'),
  ('5815fadf-b71f-4c8d-8d60-8b10c4b95f2f', '1b66d81d-c59d-4abd-9604-11cd7f9eeebb', '使徒行傳', 7, NOW() - INTERVAL '9 days'),
  ('5815fadf-b71f-4c8d-8d60-8b10c4b95f2f', '1b66d81d-c59d-4abd-9604-11cd7f9eeebb', '使徒行傳', 8, NOW() - INTERVAL '9 days'),
  ('5815fadf-b71f-4c8d-8d60-8b10c4b95f2f', '1b66d81d-c59d-4abd-9604-11cd7f9eeebb', '使徒行傳', 9, NOW() - INTERVAL '9 days'),
  ('5815fadf-b71f-4c8d-8d60-8b10c4b95f2f', '1b66d81d-c59d-4abd-9604-11cd7f9eeebb', '使徒行傳', 10, NOW() - INTERVAL '9 days'),
  ('5815fadf-b71f-4c8d-8d60-8b10c4b95f2f', '1b66d81d-c59d-4abd-9604-11cd7f9eeebb', '使徒行傳', 11, NOW() - INTERVAL '9 days'),
  ('5815fadf-b71f-4c8d-8d60-8b10c4b95f2f', '1b66d81d-c59d-4abd-9604-11cd7f9eeebb', '使徒行傳', 12, NOW() - INTERVAL '8 days'),
  ('5815fadf-b71f-4c8d-8d60-8b10c4b95f2f', '1b66d81d-c59d-4abd-9604-11cd7f9eeebb', '使徒行傳', 13, NOW() - INTERVAL '8 days'),
  ('5815fadf-b71f-4c8d-8d60-8b10c4b95f2f', '1b66d81d-c59d-4abd-9604-11cd7f9eeebb', '使徒行傳', 14, NOW() - INTERVAL '8 days'),
  ('5815fadf-b71f-4c8d-8d60-8b10c4b95f2f', '1b66d81d-c59d-4abd-9604-11cd7f9eeebb', '使徒行傳', 15, NOW() - INTERVAL '8 days'),
  ('5815fadf-b71f-4c8d-8d60-8b10c4b95f2f', '1b66d81d-c59d-4abd-9604-11cd7f9eeebb', '使徒行傳', 16, NOW() - INTERVAL '8 days'),
  ('5815fadf-b71f-4c8d-8d60-8b10c4b95f2f', '1b66d81d-c59d-4abd-9604-11cd7f9eeebb', '使徒行傳', 17, NOW() - INTERVAL '7 days'),
  ('5815fadf-b71f-4c8d-8d60-8b10c4b95f2f', '1b66d81d-c59d-4abd-9604-11cd7f9eeebb', '使徒行傳', 18, NOW() - INTERVAL '7 days'),
  ('5815fadf-b71f-4c8d-8d60-8b10c4b95f2f', '1b66d81d-c59d-4abd-9604-11cd7f9eeebb', '使徒行傳', 19, NOW() - INTERVAL '7 days'),
  ('5815fadf-b71f-4c8d-8d60-8b10c4b95f2f', '1b66d81d-c59d-4abd-9604-11cd7f9eeebb', '使徒行傳', 20, NOW() - INTERVAL '7 days'),
  ('5815fadf-b71f-4c8d-8d60-8b10c4b95f2f', '1b66d81d-c59d-4abd-9604-11cd7f9eeebb', '使徒行傳', 21, NOW() - INTERVAL '7 days'),
  ('5815fadf-b71f-4c8d-8d60-8b10c4b95f2f', '1b66d81d-c59d-4abd-9604-11cd7f9eeebb', '使徒行傳', 22, NOW() - INTERVAL '6 days'),
  ('5815fadf-b71f-4c8d-8d60-8b10c4b95f2f', '1b66d81d-c59d-4abd-9604-11cd7f9eeebb', '使徒行傳', 23, NOW() - INTERVAL '6 days'),
  ('5815fadf-b71f-4c8d-8d60-8b10c4b95f2f', '1b66d81d-c59d-4abd-9604-11cd7f9eeebb', '使徒行傳', 24, NOW() - INTERVAL '6 days'),
  ('5815fadf-b71f-4c8d-8d60-8b10c4b95f2f', '1b66d81d-c59d-4abd-9604-11cd7f9eeebb', '使徒行傳', 25, NOW() - INTERVAL '6 days'),
  ('5815fadf-b71f-4c8d-8d60-8b10c4b95f2f', '1b66d81d-c59d-4abd-9604-11cd7f9eeebb', '使徒行傳', 26, NOW() - INTERVAL '6 days'),
  ('5815fadf-b71f-4c8d-8d60-8b10c4b95f2f', '1b66d81d-c59d-4abd-9604-11cd7f9eeebb', '使徒行傳', 27, NOW() - INTERVAL '5 days'),
  ('5815fadf-b71f-4c8d-8d60-8b10c4b95f2f', '1b66d81d-c59d-4abd-9604-11cd7f9eeebb', '使徒行傳', 28, NOW() - INTERVAL '5 days'),
  ('5815fadf-b71f-4c8d-8d60-8b10c4b95f2f', '1b66d81d-c59d-4abd-9604-11cd7f9eeebb', '箴言', 1, NOW() - INTERVAL '5 days'),
  ('5815fadf-b71f-4c8d-8d60-8b10c4b95f2f', '1b66d81d-c59d-4abd-9604-11cd7f9eeebb', '箴言', 2, NOW() - INTERVAL '5 days'),
  ('5815fadf-b71f-4c8d-8d60-8b10c4b95f2f', '1b66d81d-c59d-4abd-9604-11cd7f9eeebb', '箴言', 3, NOW() - INTERVAL '5 days'),
  ('5815fadf-b71f-4c8d-8d60-8b10c4b95f2f', '1b66d81d-c59d-4abd-9604-11cd7f9eeebb', '箴言', 4, NOW() - INTERVAL '4 days'),
  ('5815fadf-b71f-4c8d-8d60-8b10c4b95f2f', '1b66d81d-c59d-4abd-9604-11cd7f9eeebb', '箴言', 5, NOW() - INTERVAL '4 days'),
  ('5815fadf-b71f-4c8d-8d60-8b10c4b95f2f', '1b66d81d-c59d-4abd-9604-11cd7f9eeebb', '箴言', 6, NOW() - INTERVAL '4 days'),
  ('5815fadf-b71f-4c8d-8d60-8b10c4b95f2f', '1b66d81d-c59d-4abd-9604-11cd7f9eeebb', '箴言', 7, NOW() - INTERVAL '4 days'),
  ('5815fadf-b71f-4c8d-8d60-8b10c4b95f2f', '1b66d81d-c59d-4abd-9604-11cd7f9eeebb', '箴言', 8, NOW() - INTERVAL '4 days'),
  ('5815fadf-b71f-4c8d-8d60-8b10c4b95f2f', '1b66d81d-c59d-4abd-9604-11cd7f9eeebb', '箴言', 9, NOW() - INTERVAL '3 days'),
  ('5815fadf-b71f-4c8d-8d60-8b10c4b95f2f', '1b66d81d-c59d-4abd-9604-11cd7f9eeebb', '箴言', 10, NOW() - INTERVAL '3 days'),
  ('5815fadf-b71f-4c8d-8d60-8b10c4b95f2f', '1b66d81d-c59d-4abd-9604-11cd7f9eeebb', '箴言', 11, NOW() - INTERVAL '3 days'),
  ('5815fadf-b71f-4c8d-8d60-8b10c4b95f2f', '1b66d81d-c59d-4abd-9604-11cd7f9eeebb', '箴言', 12, NOW() - INTERVAL '3 days'),
  ('5815fadf-b71f-4c8d-8d60-8b10c4b95f2f', '1b66d81d-c59d-4abd-9604-11cd7f9eeebb', '箴言', 13, NOW() - INTERVAL '3 days'),
  ('5815fadf-b71f-4c8d-8d60-8b10c4b95f2f', '1b66d81d-c59d-4abd-9604-11cd7f9eeebb', '箴言', 14, NOW() - INTERVAL '2 days'),
  ('5815fadf-b71f-4c8d-8d60-8b10c4b95f2f', '1b66d81d-c59d-4abd-9604-11cd7f9eeebb', '箴言', 15, NOW() - INTERVAL '2 days'),
  ('5815fadf-b71f-4c8d-8d60-8b10c4b95f2f', '1b66d81d-c59d-4abd-9604-11cd7f9eeebb', '箴言', 16, NOW() - INTERVAL '2 days'),
  ('5815fadf-b71f-4c8d-8d60-8b10c4b95f2f', '1b66d81d-c59d-4abd-9604-11cd7f9eeebb', '箴言', 17, NOW() - INTERVAL '2 days'),
  ('5815fadf-b71f-4c8d-8d60-8b10c4b95f2f', '1b66d81d-c59d-4abd-9604-11cd7f9eeebb', '箴言', 18, NOW() - INTERVAL '2 days'),
  ('5815fadf-b71f-4c8d-8d60-8b10c4b95f2f', '1b66d81d-c59d-4abd-9604-11cd7f9eeebb', '箴言', 19, NOW() - INTERVAL '1 days'),
  ('5815fadf-b71f-4c8d-8d60-8b10c4b95f2f', '1b66d81d-c59d-4abd-9604-11cd7f9eeebb', '箴言', 20, NOW() - INTERVAL '1 days'),
  ('5815fadf-b71f-4c8d-8d60-8b10c4b95f2f', '1b66d81d-c59d-4abd-9604-11cd7f9eeebb', '箴言', 21, NOW() - INTERVAL '1 days'),
  ('5815fadf-b71f-4c8d-8d60-8b10c4b95f2f', '1b66d81d-c59d-4abd-9604-11cd7f9eeebb', '箴言', 22, NOW() - INTERVAL '1 days'),
  ('5815fadf-b71f-4c8d-8d60-8b10c4b95f2f', '1b66d81d-c59d-4abd-9604-11cd7f9eeebb', '箴言', 23, NOW() - INTERVAL '1 days'),
  ('5815fadf-b71f-4c8d-8d60-8b10c4b95f2f', '1b66d81d-c59d-4abd-9604-11cd7f9eeebb', '箴言', 24, NOW() - INTERVAL '0 days'),
  ('5815fadf-b71f-4c8d-8d60-8b10c4b95f2f', '1b66d81d-c59d-4abd-9604-11cd7f9eeebb', '箴言', 25, NOW() - INTERVAL '0 days'),
  ('5815fadf-b71f-4c8d-8d60-8b10c4b95f2f', '1b66d81d-c59d-4abd-9604-11cd7f9eeebb', '箴言', 26, NOW() - INTERVAL '0 days'),
  ('5815fadf-b71f-4c8d-8d60-8b10c4b95f2f', '1b66d81d-c59d-4abd-9604-11cd7f9eeebb', '箴言', 27, NOW() - INTERVAL '0 days');

--------------------------------------------------

-- 使用者: 示範組長乙
INSERT INTO auth.users (id, email, raw_user_meta_data, created_at, updated_at, instance_id, aud, role, encrypted_password)
VALUES (
  '11760382-6508-4d4a-820b-e6b1ac2d7345',
  '11760382@church-bible.com',
  '{"full_name": "示範組長乙"}',
  NOW() - INTERVAL '51 days',
  NOW(),
  '00000000-0000-0000-0000-000000000000',
  'authenticated',
  'authenticated',
  '$2a$10$abcdefghijklmnopqrstuv' -- Dummy bcrypt hash
) ON CONFLICT (id) DO NOTHING;

INSERT INTO public.profiles (id, name, great_region, pastoral_zone, small_group, role, is_demo, updated_at)
VALUES (
  '11760382-6508-4d4a-820b-e6b1ac2d7345',
  '示範組長乙',
  '示範大區A',
  '示範牧區乙',
  '示範小組3',
  'group_leader',
  TRUE,
  NOW()
) ON CONFLICT (id) DO NOTHING;

INSERT INTO public.reading_plans (id, user_id, name, start_date, end_date, target_books)
VALUES (
  '1c1fd8e9-26c9-48d3-81c9-c6a7dd8da5bb',
  '11760382-6508-4d4a-820b-e6b1ac2d7345',
  '第一季速讀：2026年7月~9月',
  '2026-07-01',
  '2026-09-30',
  ARRAY['創世記', '馬太福音', '列王紀下', '雅各書', '出埃及記', '馬可福音', '約伯記', '加拉太書', '哈巴谷書', '猶大書', '利未記', '路加福音', '歷代志下', '帖撒羅尼迦前書', '約拿書', '約翰二書', '彌迦書', '約翰三書']
) ON CONFLICT (id) DO NOTHING;

INSERT INTO public.reading_logs (user_id, plan_id, book, chapter, read_at)
VALUES
  ('11760382-6508-4d4a-820b-e6b1ac2d7345', '1c1fd8e9-26c9-48d3-81c9-c6a7dd8da5bb', '創世記', 1, NOW() - INTERVAL '130 days'),
  ('11760382-6508-4d4a-820b-e6b1ac2d7345', '1c1fd8e9-26c9-48d3-81c9-c6a7dd8da5bb', '創世記', 2, NOW() - INTERVAL '129 days'),
  ('11760382-6508-4d4a-820b-e6b1ac2d7345', '1c1fd8e9-26c9-48d3-81c9-c6a7dd8da5bb', '創世記', 3, NOW() - INTERVAL '129 days'),
  ('11760382-6508-4d4a-820b-e6b1ac2d7345', '1c1fd8e9-26c9-48d3-81c9-c6a7dd8da5bb', '創世記', 4, NOW() - INTERVAL '129 days'),
  ('11760382-6508-4d4a-820b-e6b1ac2d7345', '1c1fd8e9-26c9-48d3-81c9-c6a7dd8da5bb', '創世記', 5, NOW() - INTERVAL '129 days'),
  ('11760382-6508-4d4a-820b-e6b1ac2d7345', '1c1fd8e9-26c9-48d3-81c9-c6a7dd8da5bb', '創世記', 6, NOW() - INTERVAL '129 days'),
  ('11760382-6508-4d4a-820b-e6b1ac2d7345', '1c1fd8e9-26c9-48d3-81c9-c6a7dd8da5bb', '創世記', 7, NOW() - INTERVAL '128 days'),
  ('11760382-6508-4d4a-820b-e6b1ac2d7345', '1c1fd8e9-26c9-48d3-81c9-c6a7dd8da5bb', '創世記', 8, NOW() - INTERVAL '128 days'),
  ('11760382-6508-4d4a-820b-e6b1ac2d7345', '1c1fd8e9-26c9-48d3-81c9-c6a7dd8da5bb', '創世記', 9, NOW() - INTERVAL '128 days'),
  ('11760382-6508-4d4a-820b-e6b1ac2d7345', '1c1fd8e9-26c9-48d3-81c9-c6a7dd8da5bb', '創世記', 10, NOW() - INTERVAL '128 days'),
  ('11760382-6508-4d4a-820b-e6b1ac2d7345', '1c1fd8e9-26c9-48d3-81c9-c6a7dd8da5bb', '創世記', 11, NOW() - INTERVAL '128 days'),
  ('11760382-6508-4d4a-820b-e6b1ac2d7345', '1c1fd8e9-26c9-48d3-81c9-c6a7dd8da5bb', '創世記', 12, NOW() - INTERVAL '127 days'),
  ('11760382-6508-4d4a-820b-e6b1ac2d7345', '1c1fd8e9-26c9-48d3-81c9-c6a7dd8da5bb', '創世記', 13, NOW() - INTERVAL '127 days'),
  ('11760382-6508-4d4a-820b-e6b1ac2d7345', '1c1fd8e9-26c9-48d3-81c9-c6a7dd8da5bb', '創世記', 14, NOW() - INTERVAL '127 days'),
  ('11760382-6508-4d4a-820b-e6b1ac2d7345', '1c1fd8e9-26c9-48d3-81c9-c6a7dd8da5bb', '創世記', 15, NOW() - INTERVAL '127 days'),
  ('11760382-6508-4d4a-820b-e6b1ac2d7345', '1c1fd8e9-26c9-48d3-81c9-c6a7dd8da5bb', '創世記', 16, NOW() - INTERVAL '127 days'),
  ('11760382-6508-4d4a-820b-e6b1ac2d7345', '1c1fd8e9-26c9-48d3-81c9-c6a7dd8da5bb', '創世記', 17, NOW() - INTERVAL '126 days'),
  ('11760382-6508-4d4a-820b-e6b1ac2d7345', '1c1fd8e9-26c9-48d3-81c9-c6a7dd8da5bb', '創世記', 18, NOW() - INTERVAL '126 days'),
  ('11760382-6508-4d4a-820b-e6b1ac2d7345', '1c1fd8e9-26c9-48d3-81c9-c6a7dd8da5bb', '創世記', 19, NOW() - INTERVAL '126 days'),
  ('11760382-6508-4d4a-820b-e6b1ac2d7345', '1c1fd8e9-26c9-48d3-81c9-c6a7dd8da5bb', '創世記', 20, NOW() - INTERVAL '126 days'),
  ('11760382-6508-4d4a-820b-e6b1ac2d7345', '1c1fd8e9-26c9-48d3-81c9-c6a7dd8da5bb', '創世記', 21, NOW() - INTERVAL '126 days'),
  ('11760382-6508-4d4a-820b-e6b1ac2d7345', '1c1fd8e9-26c9-48d3-81c9-c6a7dd8da5bb', '創世記', 22, NOW() - INTERVAL '125 days'),
  ('11760382-6508-4d4a-820b-e6b1ac2d7345', '1c1fd8e9-26c9-48d3-81c9-c6a7dd8da5bb', '創世記', 23, NOW() - INTERVAL '125 days'),
  ('11760382-6508-4d4a-820b-e6b1ac2d7345', '1c1fd8e9-26c9-48d3-81c9-c6a7dd8da5bb', '創世記', 24, NOW() - INTERVAL '125 days'),
  ('11760382-6508-4d4a-820b-e6b1ac2d7345', '1c1fd8e9-26c9-48d3-81c9-c6a7dd8da5bb', '創世記', 25, NOW() - INTERVAL '125 days'),
  ('11760382-6508-4d4a-820b-e6b1ac2d7345', '1c1fd8e9-26c9-48d3-81c9-c6a7dd8da5bb', '創世記', 26, NOW() - INTERVAL '125 days'),
  ('11760382-6508-4d4a-820b-e6b1ac2d7345', '1c1fd8e9-26c9-48d3-81c9-c6a7dd8da5bb', '創世記', 27, NOW() - INTERVAL '124 days'),
  ('11760382-6508-4d4a-820b-e6b1ac2d7345', '1c1fd8e9-26c9-48d3-81c9-c6a7dd8da5bb', '創世記', 28, NOW() - INTERVAL '124 days'),
  ('11760382-6508-4d4a-820b-e6b1ac2d7345', '1c1fd8e9-26c9-48d3-81c9-c6a7dd8da5bb', '創世記', 29, NOW() - INTERVAL '124 days'),
  ('11760382-6508-4d4a-820b-e6b1ac2d7345', '1c1fd8e9-26c9-48d3-81c9-c6a7dd8da5bb', '創世記', 30, NOW() - INTERVAL '124 days'),
  ('11760382-6508-4d4a-820b-e6b1ac2d7345', '1c1fd8e9-26c9-48d3-81c9-c6a7dd8da5bb', '創世記', 31, NOW() - INTERVAL '124 days'),
  ('11760382-6508-4d4a-820b-e6b1ac2d7345', '1c1fd8e9-26c9-48d3-81c9-c6a7dd8da5bb', '創世記', 32, NOW() - INTERVAL '123 days'),
  ('11760382-6508-4d4a-820b-e6b1ac2d7345', '1c1fd8e9-26c9-48d3-81c9-c6a7dd8da5bb', '創世記', 33, NOW() - INTERVAL '123 days'),
  ('11760382-6508-4d4a-820b-e6b1ac2d7345', '1c1fd8e9-26c9-48d3-81c9-c6a7dd8da5bb', '創世記', 34, NOW() - INTERVAL '123 days'),
  ('11760382-6508-4d4a-820b-e6b1ac2d7345', '1c1fd8e9-26c9-48d3-81c9-c6a7dd8da5bb', '創世記', 35, NOW() - INTERVAL '123 days'),
  ('11760382-6508-4d4a-820b-e6b1ac2d7345', '1c1fd8e9-26c9-48d3-81c9-c6a7dd8da5bb', '創世記', 36, NOW() - INTERVAL '123 days'),
  ('11760382-6508-4d4a-820b-e6b1ac2d7345', '1c1fd8e9-26c9-48d3-81c9-c6a7dd8da5bb', '創世記', 37, NOW() - INTERVAL '122 days'),
  ('11760382-6508-4d4a-820b-e6b1ac2d7345', '1c1fd8e9-26c9-48d3-81c9-c6a7dd8da5bb', '創世記', 38, NOW() - INTERVAL '122 days'),
  ('11760382-6508-4d4a-820b-e6b1ac2d7345', '1c1fd8e9-26c9-48d3-81c9-c6a7dd8da5bb', '創世記', 39, NOW() - INTERVAL '122 days'),
  ('11760382-6508-4d4a-820b-e6b1ac2d7345', '1c1fd8e9-26c9-48d3-81c9-c6a7dd8da5bb', '創世記', 40, NOW() - INTERVAL '122 days'),
  ('11760382-6508-4d4a-820b-e6b1ac2d7345', '1c1fd8e9-26c9-48d3-81c9-c6a7dd8da5bb', '創世記', 41, NOW() - INTERVAL '122 days'),
  ('11760382-6508-4d4a-820b-e6b1ac2d7345', '1c1fd8e9-26c9-48d3-81c9-c6a7dd8da5bb', '創世記', 42, NOW() - INTERVAL '121 days'),
  ('11760382-6508-4d4a-820b-e6b1ac2d7345', '1c1fd8e9-26c9-48d3-81c9-c6a7dd8da5bb', '創世記', 43, NOW() - INTERVAL '121 days'),
  ('11760382-6508-4d4a-820b-e6b1ac2d7345', '1c1fd8e9-26c9-48d3-81c9-c6a7dd8da5bb', '創世記', 44, NOW() - INTERVAL '121 days'),
  ('11760382-6508-4d4a-820b-e6b1ac2d7345', '1c1fd8e9-26c9-48d3-81c9-c6a7dd8da5bb', '創世記', 45, NOW() - INTERVAL '121 days'),
  ('11760382-6508-4d4a-820b-e6b1ac2d7345', '1c1fd8e9-26c9-48d3-81c9-c6a7dd8da5bb', '創世記', 46, NOW() - INTERVAL '121 days'),
  ('11760382-6508-4d4a-820b-e6b1ac2d7345', '1c1fd8e9-26c9-48d3-81c9-c6a7dd8da5bb', '創世記', 47, NOW() - INTERVAL '120 days'),
  ('11760382-6508-4d4a-820b-e6b1ac2d7345', '1c1fd8e9-26c9-48d3-81c9-c6a7dd8da5bb', '創世記', 48, NOW() - INTERVAL '120 days'),
  ('11760382-6508-4d4a-820b-e6b1ac2d7345', '1c1fd8e9-26c9-48d3-81c9-c6a7dd8da5bb', '創世記', 49, NOW() - INTERVAL '120 days'),
  ('11760382-6508-4d4a-820b-e6b1ac2d7345', '1c1fd8e9-26c9-48d3-81c9-c6a7dd8da5bb', '創世記', 50, NOW() - INTERVAL '120 days'),
  ('11760382-6508-4d4a-820b-e6b1ac2d7345', '1c1fd8e9-26c9-48d3-81c9-c6a7dd8da5bb', '馬太福音', 1, NOW() - INTERVAL '120 days'),
  ('11760382-6508-4d4a-820b-e6b1ac2d7345', '1c1fd8e9-26c9-48d3-81c9-c6a7dd8da5bb', '馬太福音', 2, NOW() - INTERVAL '119 days'),
  ('11760382-6508-4d4a-820b-e6b1ac2d7345', '1c1fd8e9-26c9-48d3-81c9-c6a7dd8da5bb', '馬太福音', 3, NOW() - INTERVAL '119 days'),
  ('11760382-6508-4d4a-820b-e6b1ac2d7345', '1c1fd8e9-26c9-48d3-81c9-c6a7dd8da5bb', '馬太福音', 4, NOW() - INTERVAL '119 days'),
  ('11760382-6508-4d4a-820b-e6b1ac2d7345', '1c1fd8e9-26c9-48d3-81c9-c6a7dd8da5bb', '馬太福音', 5, NOW() - INTERVAL '119 days'),
  ('11760382-6508-4d4a-820b-e6b1ac2d7345', '1c1fd8e9-26c9-48d3-81c9-c6a7dd8da5bb', '馬太福音', 6, NOW() - INTERVAL '119 days'),
  ('11760382-6508-4d4a-820b-e6b1ac2d7345', '1c1fd8e9-26c9-48d3-81c9-c6a7dd8da5bb', '馬太福音', 7, NOW() - INTERVAL '118 days'),
  ('11760382-6508-4d4a-820b-e6b1ac2d7345', '1c1fd8e9-26c9-48d3-81c9-c6a7dd8da5bb', '馬太福音', 8, NOW() - INTERVAL '118 days'),
  ('11760382-6508-4d4a-820b-e6b1ac2d7345', '1c1fd8e9-26c9-48d3-81c9-c6a7dd8da5bb', '馬太福音', 9, NOW() - INTERVAL '118 days'),
  ('11760382-6508-4d4a-820b-e6b1ac2d7345', '1c1fd8e9-26c9-48d3-81c9-c6a7dd8da5bb', '馬太福音', 10, NOW() - INTERVAL '118 days'),
  ('11760382-6508-4d4a-820b-e6b1ac2d7345', '1c1fd8e9-26c9-48d3-81c9-c6a7dd8da5bb', '馬太福音', 11, NOW() - INTERVAL '118 days'),
  ('11760382-6508-4d4a-820b-e6b1ac2d7345', '1c1fd8e9-26c9-48d3-81c9-c6a7dd8da5bb', '馬太福音', 12, NOW() - INTERVAL '117 days'),
  ('11760382-6508-4d4a-820b-e6b1ac2d7345', '1c1fd8e9-26c9-48d3-81c9-c6a7dd8da5bb', '馬太福音', 13, NOW() - INTERVAL '117 days'),
  ('11760382-6508-4d4a-820b-e6b1ac2d7345', '1c1fd8e9-26c9-48d3-81c9-c6a7dd8da5bb', '馬太福音', 14, NOW() - INTERVAL '117 days'),
  ('11760382-6508-4d4a-820b-e6b1ac2d7345', '1c1fd8e9-26c9-48d3-81c9-c6a7dd8da5bb', '馬太福音', 15, NOW() - INTERVAL '117 days'),
  ('11760382-6508-4d4a-820b-e6b1ac2d7345', '1c1fd8e9-26c9-48d3-81c9-c6a7dd8da5bb', '馬太福音', 16, NOW() - INTERVAL '117 days'),
  ('11760382-6508-4d4a-820b-e6b1ac2d7345', '1c1fd8e9-26c9-48d3-81c9-c6a7dd8da5bb', '馬太福音', 17, NOW() - INTERVAL '116 days'),
  ('11760382-6508-4d4a-820b-e6b1ac2d7345', '1c1fd8e9-26c9-48d3-81c9-c6a7dd8da5bb', '馬太福音', 18, NOW() - INTERVAL '116 days'),
  ('11760382-6508-4d4a-820b-e6b1ac2d7345', '1c1fd8e9-26c9-48d3-81c9-c6a7dd8da5bb', '馬太福音', 19, NOW() - INTERVAL '116 days'),
  ('11760382-6508-4d4a-820b-e6b1ac2d7345', '1c1fd8e9-26c9-48d3-81c9-c6a7dd8da5bb', '馬太福音', 20, NOW() - INTERVAL '116 days'),
  ('11760382-6508-4d4a-820b-e6b1ac2d7345', '1c1fd8e9-26c9-48d3-81c9-c6a7dd8da5bb', '馬太福音', 21, NOW() - INTERVAL '116 days'),
  ('11760382-6508-4d4a-820b-e6b1ac2d7345', '1c1fd8e9-26c9-48d3-81c9-c6a7dd8da5bb', '馬太福音', 22, NOW() - INTERVAL '115 days'),
  ('11760382-6508-4d4a-820b-e6b1ac2d7345', '1c1fd8e9-26c9-48d3-81c9-c6a7dd8da5bb', '馬太福音', 23, NOW() - INTERVAL '115 days'),
  ('11760382-6508-4d4a-820b-e6b1ac2d7345', '1c1fd8e9-26c9-48d3-81c9-c6a7dd8da5bb', '馬太福音', 24, NOW() - INTERVAL '115 days'),
  ('11760382-6508-4d4a-820b-e6b1ac2d7345', '1c1fd8e9-26c9-48d3-81c9-c6a7dd8da5bb', '馬太福音', 25, NOW() - INTERVAL '115 days'),
  ('11760382-6508-4d4a-820b-e6b1ac2d7345', '1c1fd8e9-26c9-48d3-81c9-c6a7dd8da5bb', '馬太福音', 26, NOW() - INTERVAL '115 days'),
  ('11760382-6508-4d4a-820b-e6b1ac2d7345', '1c1fd8e9-26c9-48d3-81c9-c6a7dd8da5bb', '馬太福音', 27, NOW() - INTERVAL '114 days'),
  ('11760382-6508-4d4a-820b-e6b1ac2d7345', '1c1fd8e9-26c9-48d3-81c9-c6a7dd8da5bb', '馬太福音', 28, NOW() - INTERVAL '114 days'),
  ('11760382-6508-4d4a-820b-e6b1ac2d7345', '1c1fd8e9-26c9-48d3-81c9-c6a7dd8da5bb', '列王紀下', 1, NOW() - INTERVAL '114 days'),
  ('11760382-6508-4d4a-820b-e6b1ac2d7345', '1c1fd8e9-26c9-48d3-81c9-c6a7dd8da5bb', '列王紀下', 2, NOW() - INTERVAL '114 days'),
  ('11760382-6508-4d4a-820b-e6b1ac2d7345', '1c1fd8e9-26c9-48d3-81c9-c6a7dd8da5bb', '列王紀下', 3, NOW() - INTERVAL '114 days'),
  ('11760382-6508-4d4a-820b-e6b1ac2d7345', '1c1fd8e9-26c9-48d3-81c9-c6a7dd8da5bb', '列王紀下', 4, NOW() - INTERVAL '113 days'),
  ('11760382-6508-4d4a-820b-e6b1ac2d7345', '1c1fd8e9-26c9-48d3-81c9-c6a7dd8da5bb', '列王紀下', 5, NOW() - INTERVAL '113 days'),
  ('11760382-6508-4d4a-820b-e6b1ac2d7345', '1c1fd8e9-26c9-48d3-81c9-c6a7dd8da5bb', '列王紀下', 6, NOW() - INTERVAL '113 days'),
  ('11760382-6508-4d4a-820b-e6b1ac2d7345', '1c1fd8e9-26c9-48d3-81c9-c6a7dd8da5bb', '列王紀下', 7, NOW() - INTERVAL '113 days'),
  ('11760382-6508-4d4a-820b-e6b1ac2d7345', '1c1fd8e9-26c9-48d3-81c9-c6a7dd8da5bb', '列王紀下', 8, NOW() - INTERVAL '113 days'),
  ('11760382-6508-4d4a-820b-e6b1ac2d7345', '1c1fd8e9-26c9-48d3-81c9-c6a7dd8da5bb', '列王紀下', 9, NOW() - INTERVAL '112 days'),
  ('11760382-6508-4d4a-820b-e6b1ac2d7345', '1c1fd8e9-26c9-48d3-81c9-c6a7dd8da5bb', '列王紀下', 10, NOW() - INTERVAL '112 days'),
  ('11760382-6508-4d4a-820b-e6b1ac2d7345', '1c1fd8e9-26c9-48d3-81c9-c6a7dd8da5bb', '列王紀下', 11, NOW() - INTERVAL '112 days'),
  ('11760382-6508-4d4a-820b-e6b1ac2d7345', '1c1fd8e9-26c9-48d3-81c9-c6a7dd8da5bb', '列王紀下', 12, NOW() - INTERVAL '112 days'),
  ('11760382-6508-4d4a-820b-e6b1ac2d7345', '1c1fd8e9-26c9-48d3-81c9-c6a7dd8da5bb', '列王紀下', 13, NOW() - INTERVAL '112 days'),
  ('11760382-6508-4d4a-820b-e6b1ac2d7345', '1c1fd8e9-26c9-48d3-81c9-c6a7dd8da5bb', '列王紀下', 14, NOW() - INTERVAL '111 days'),
  ('11760382-6508-4d4a-820b-e6b1ac2d7345', '1c1fd8e9-26c9-48d3-81c9-c6a7dd8da5bb', '列王紀下', 15, NOW() - INTERVAL '111 days'),
  ('11760382-6508-4d4a-820b-e6b1ac2d7345', '1c1fd8e9-26c9-48d3-81c9-c6a7dd8da5bb', '列王紀下', 16, NOW() - INTERVAL '111 days'),
  ('11760382-6508-4d4a-820b-e6b1ac2d7345', '1c1fd8e9-26c9-48d3-81c9-c6a7dd8da5bb', '列王紀下', 17, NOW() - INTERVAL '111 days'),
  ('11760382-6508-4d4a-820b-e6b1ac2d7345', '1c1fd8e9-26c9-48d3-81c9-c6a7dd8da5bb', '列王紀下', 18, NOW() - INTERVAL '111 days'),
  ('11760382-6508-4d4a-820b-e6b1ac2d7345', '1c1fd8e9-26c9-48d3-81c9-c6a7dd8da5bb', '列王紀下', 19, NOW() - INTERVAL '110 days'),
  ('11760382-6508-4d4a-820b-e6b1ac2d7345', '1c1fd8e9-26c9-48d3-81c9-c6a7dd8da5bb', '列王紀下', 20, NOW() - INTERVAL '110 days'),
  ('11760382-6508-4d4a-820b-e6b1ac2d7345', '1c1fd8e9-26c9-48d3-81c9-c6a7dd8da5bb', '列王紀下', 21, NOW() - INTERVAL '110 days'),
  ('11760382-6508-4d4a-820b-e6b1ac2d7345', '1c1fd8e9-26c9-48d3-81c9-c6a7dd8da5bb', '列王紀下', 22, NOW() - INTERVAL '110 days'),
  ('11760382-6508-4d4a-820b-e6b1ac2d7345', '1c1fd8e9-26c9-48d3-81c9-c6a7dd8da5bb', '列王紀下', 23, NOW() - INTERVAL '110 days'),
  ('11760382-6508-4d4a-820b-e6b1ac2d7345', '1c1fd8e9-26c9-48d3-81c9-c6a7dd8da5bb', '列王紀下', 24, NOW() - INTERVAL '109 days'),
  ('11760382-6508-4d4a-820b-e6b1ac2d7345', '1c1fd8e9-26c9-48d3-81c9-c6a7dd8da5bb', '列王紀下', 25, NOW() - INTERVAL '109 days'),
  ('11760382-6508-4d4a-820b-e6b1ac2d7345', '1c1fd8e9-26c9-48d3-81c9-c6a7dd8da5bb', '雅各書', 1, NOW() - INTERVAL '109 days'),
  ('11760382-6508-4d4a-820b-e6b1ac2d7345', '1c1fd8e9-26c9-48d3-81c9-c6a7dd8da5bb', '雅各書', 2, NOW() - INTERVAL '109 days'),
  ('11760382-6508-4d4a-820b-e6b1ac2d7345', '1c1fd8e9-26c9-48d3-81c9-c6a7dd8da5bb', '雅各書', 3, NOW() - INTERVAL '109 days'),
  ('11760382-6508-4d4a-820b-e6b1ac2d7345', '1c1fd8e9-26c9-48d3-81c9-c6a7dd8da5bb', '雅各書', 4, NOW() - INTERVAL '108 days'),
  ('11760382-6508-4d4a-820b-e6b1ac2d7345', '1c1fd8e9-26c9-48d3-81c9-c6a7dd8da5bb', '雅各書', 5, NOW() - INTERVAL '108 days'),
  ('11760382-6508-4d4a-820b-e6b1ac2d7345', '1c1fd8e9-26c9-48d3-81c9-c6a7dd8da5bb', '出埃及記', 1, NOW() - INTERVAL '108 days'),
  ('11760382-6508-4d4a-820b-e6b1ac2d7345', '1c1fd8e9-26c9-48d3-81c9-c6a7dd8da5bb', '出埃及記', 2, NOW() - INTERVAL '108 days'),
  ('11760382-6508-4d4a-820b-e6b1ac2d7345', '1c1fd8e9-26c9-48d3-81c9-c6a7dd8da5bb', '出埃及記', 3, NOW() - INTERVAL '108 days'),
  ('11760382-6508-4d4a-820b-e6b1ac2d7345', '1c1fd8e9-26c9-48d3-81c9-c6a7dd8da5bb', '出埃及記', 4, NOW() - INTERVAL '107 days'),
  ('11760382-6508-4d4a-820b-e6b1ac2d7345', '1c1fd8e9-26c9-48d3-81c9-c6a7dd8da5bb', '出埃及記', 5, NOW() - INTERVAL '107 days'),
  ('11760382-6508-4d4a-820b-e6b1ac2d7345', '1c1fd8e9-26c9-48d3-81c9-c6a7dd8da5bb', '出埃及記', 6, NOW() - INTERVAL '107 days'),
  ('11760382-6508-4d4a-820b-e6b1ac2d7345', '1c1fd8e9-26c9-48d3-81c9-c6a7dd8da5bb', '出埃及記', 7, NOW() - INTERVAL '107 days'),
  ('11760382-6508-4d4a-820b-e6b1ac2d7345', '1c1fd8e9-26c9-48d3-81c9-c6a7dd8da5bb', '出埃及記', 8, NOW() - INTERVAL '107 days'),
  ('11760382-6508-4d4a-820b-e6b1ac2d7345', '1c1fd8e9-26c9-48d3-81c9-c6a7dd8da5bb', '出埃及記', 9, NOW() - INTERVAL '106 days'),
  ('11760382-6508-4d4a-820b-e6b1ac2d7345', '1c1fd8e9-26c9-48d3-81c9-c6a7dd8da5bb', '出埃及記', 10, NOW() - INTERVAL '106 days'),
  ('11760382-6508-4d4a-820b-e6b1ac2d7345', '1c1fd8e9-26c9-48d3-81c9-c6a7dd8da5bb', '出埃及記', 11, NOW() - INTERVAL '106 days'),
  ('11760382-6508-4d4a-820b-e6b1ac2d7345', '1c1fd8e9-26c9-48d3-81c9-c6a7dd8da5bb', '出埃及記', 12, NOW() - INTERVAL '106 days'),
  ('11760382-6508-4d4a-820b-e6b1ac2d7345', '1c1fd8e9-26c9-48d3-81c9-c6a7dd8da5bb', '出埃及記', 13, NOW() - INTERVAL '106 days'),
  ('11760382-6508-4d4a-820b-e6b1ac2d7345', '1c1fd8e9-26c9-48d3-81c9-c6a7dd8da5bb', '出埃及記', 14, NOW() - INTERVAL '105 days'),
  ('11760382-6508-4d4a-820b-e6b1ac2d7345', '1c1fd8e9-26c9-48d3-81c9-c6a7dd8da5bb', '出埃及記', 15, NOW() - INTERVAL '105 days'),
  ('11760382-6508-4d4a-820b-e6b1ac2d7345', '1c1fd8e9-26c9-48d3-81c9-c6a7dd8da5bb', '出埃及記', 16, NOW() - INTERVAL '105 days'),
  ('11760382-6508-4d4a-820b-e6b1ac2d7345', '1c1fd8e9-26c9-48d3-81c9-c6a7dd8da5bb', '出埃及記', 17, NOW() - INTERVAL '105 days'),
  ('11760382-6508-4d4a-820b-e6b1ac2d7345', '1c1fd8e9-26c9-48d3-81c9-c6a7dd8da5bb', '出埃及記', 18, NOW() - INTERVAL '105 days'),
  ('11760382-6508-4d4a-820b-e6b1ac2d7345', '1c1fd8e9-26c9-48d3-81c9-c6a7dd8da5bb', '出埃及記', 19, NOW() - INTERVAL '104 days'),
  ('11760382-6508-4d4a-820b-e6b1ac2d7345', '1c1fd8e9-26c9-48d3-81c9-c6a7dd8da5bb', '出埃及記', 20, NOW() - INTERVAL '104 days'),
  ('11760382-6508-4d4a-820b-e6b1ac2d7345', '1c1fd8e9-26c9-48d3-81c9-c6a7dd8da5bb', '出埃及記', 21, NOW() - INTERVAL '104 days'),
  ('11760382-6508-4d4a-820b-e6b1ac2d7345', '1c1fd8e9-26c9-48d3-81c9-c6a7dd8da5bb', '出埃及記', 22, NOW() - INTERVAL '104 days'),
  ('11760382-6508-4d4a-820b-e6b1ac2d7345', '1c1fd8e9-26c9-48d3-81c9-c6a7dd8da5bb', '出埃及記', 23, NOW() - INTERVAL '104 days'),
  ('11760382-6508-4d4a-820b-e6b1ac2d7345', '1c1fd8e9-26c9-48d3-81c9-c6a7dd8da5bb', '出埃及記', 24, NOW() - INTERVAL '103 days'),
  ('11760382-6508-4d4a-820b-e6b1ac2d7345', '1c1fd8e9-26c9-48d3-81c9-c6a7dd8da5bb', '出埃及記', 25, NOW() - INTERVAL '103 days'),
  ('11760382-6508-4d4a-820b-e6b1ac2d7345', '1c1fd8e9-26c9-48d3-81c9-c6a7dd8da5bb', '出埃及記', 26, NOW() - INTERVAL '103 days'),
  ('11760382-6508-4d4a-820b-e6b1ac2d7345', '1c1fd8e9-26c9-48d3-81c9-c6a7dd8da5bb', '出埃及記', 27, NOW() - INTERVAL '103 days'),
  ('11760382-6508-4d4a-820b-e6b1ac2d7345', '1c1fd8e9-26c9-48d3-81c9-c6a7dd8da5bb', '出埃及記', 28, NOW() - INTERVAL '103 days'),
  ('11760382-6508-4d4a-820b-e6b1ac2d7345', '1c1fd8e9-26c9-48d3-81c9-c6a7dd8da5bb', '出埃及記', 29, NOW() - INTERVAL '102 days'),
  ('11760382-6508-4d4a-820b-e6b1ac2d7345', '1c1fd8e9-26c9-48d3-81c9-c6a7dd8da5bb', '出埃及記', 30, NOW() - INTERVAL '102 days'),
  ('11760382-6508-4d4a-820b-e6b1ac2d7345', '1c1fd8e9-26c9-48d3-81c9-c6a7dd8da5bb', '出埃及記', 31, NOW() - INTERVAL '102 days'),
  ('11760382-6508-4d4a-820b-e6b1ac2d7345', '1c1fd8e9-26c9-48d3-81c9-c6a7dd8da5bb', '出埃及記', 32, NOW() - INTERVAL '102 days'),
  ('11760382-6508-4d4a-820b-e6b1ac2d7345', '1c1fd8e9-26c9-48d3-81c9-c6a7dd8da5bb', '出埃及記', 33, NOW() - INTERVAL '102 days'),
  ('11760382-6508-4d4a-820b-e6b1ac2d7345', '1c1fd8e9-26c9-48d3-81c9-c6a7dd8da5bb', '出埃及記', 34, NOW() - INTERVAL '101 days'),
  ('11760382-6508-4d4a-820b-e6b1ac2d7345', '1c1fd8e9-26c9-48d3-81c9-c6a7dd8da5bb', '出埃及記', 35, NOW() - INTERVAL '101 days'),
  ('11760382-6508-4d4a-820b-e6b1ac2d7345', '1c1fd8e9-26c9-48d3-81c9-c6a7dd8da5bb', '出埃及記', 36, NOW() - INTERVAL '101 days'),
  ('11760382-6508-4d4a-820b-e6b1ac2d7345', '1c1fd8e9-26c9-48d3-81c9-c6a7dd8da5bb', '出埃及記', 37, NOW() - INTERVAL '101 days'),
  ('11760382-6508-4d4a-820b-e6b1ac2d7345', '1c1fd8e9-26c9-48d3-81c9-c6a7dd8da5bb', '出埃及記', 38, NOW() - INTERVAL '101 days'),
  ('11760382-6508-4d4a-820b-e6b1ac2d7345', '1c1fd8e9-26c9-48d3-81c9-c6a7dd8da5bb', '出埃及記', 39, NOW() - INTERVAL '100 days'),
  ('11760382-6508-4d4a-820b-e6b1ac2d7345', '1c1fd8e9-26c9-48d3-81c9-c6a7dd8da5bb', '出埃及記', 40, NOW() - INTERVAL '100 days'),
  ('11760382-6508-4d4a-820b-e6b1ac2d7345', '1c1fd8e9-26c9-48d3-81c9-c6a7dd8da5bb', '馬可福音', 1, NOW() - INTERVAL '100 days'),
  ('11760382-6508-4d4a-820b-e6b1ac2d7345', '1c1fd8e9-26c9-48d3-81c9-c6a7dd8da5bb', '馬可福音', 2, NOW() - INTERVAL '100 days'),
  ('11760382-6508-4d4a-820b-e6b1ac2d7345', '1c1fd8e9-26c9-48d3-81c9-c6a7dd8da5bb', '馬可福音', 3, NOW() - INTERVAL '100 days'),
  ('11760382-6508-4d4a-820b-e6b1ac2d7345', '1c1fd8e9-26c9-48d3-81c9-c6a7dd8da5bb', '馬可福音', 4, NOW() - INTERVAL '99 days'),
  ('11760382-6508-4d4a-820b-e6b1ac2d7345', '1c1fd8e9-26c9-48d3-81c9-c6a7dd8da5bb', '馬可福音', 5, NOW() - INTERVAL '99 days'),
  ('11760382-6508-4d4a-820b-e6b1ac2d7345', '1c1fd8e9-26c9-48d3-81c9-c6a7dd8da5bb', '馬可福音', 6, NOW() - INTERVAL '99 days'),
  ('11760382-6508-4d4a-820b-e6b1ac2d7345', '1c1fd8e9-26c9-48d3-81c9-c6a7dd8da5bb', '馬可福音', 7, NOW() - INTERVAL '99 days'),
  ('11760382-6508-4d4a-820b-e6b1ac2d7345', '1c1fd8e9-26c9-48d3-81c9-c6a7dd8da5bb', '馬可福音', 8, NOW() - INTERVAL '99 days'),
  ('11760382-6508-4d4a-820b-e6b1ac2d7345', '1c1fd8e9-26c9-48d3-81c9-c6a7dd8da5bb', '馬可福音', 9, NOW() - INTERVAL '98 days'),
  ('11760382-6508-4d4a-820b-e6b1ac2d7345', '1c1fd8e9-26c9-48d3-81c9-c6a7dd8da5bb', '馬可福音', 10, NOW() - INTERVAL '98 days'),
  ('11760382-6508-4d4a-820b-e6b1ac2d7345', '1c1fd8e9-26c9-48d3-81c9-c6a7dd8da5bb', '馬可福音', 11, NOW() - INTERVAL '98 days'),
  ('11760382-6508-4d4a-820b-e6b1ac2d7345', '1c1fd8e9-26c9-48d3-81c9-c6a7dd8da5bb', '馬可福音', 12, NOW() - INTERVAL '98 days'),
  ('11760382-6508-4d4a-820b-e6b1ac2d7345', '1c1fd8e9-26c9-48d3-81c9-c6a7dd8da5bb', '馬可福音', 13, NOW() - INTERVAL '98 days'),
  ('11760382-6508-4d4a-820b-e6b1ac2d7345', '1c1fd8e9-26c9-48d3-81c9-c6a7dd8da5bb', '馬可福音', 14, NOW() - INTERVAL '97 days'),
  ('11760382-6508-4d4a-820b-e6b1ac2d7345', '1c1fd8e9-26c9-48d3-81c9-c6a7dd8da5bb', '馬可福音', 15, NOW() - INTERVAL '97 days'),
  ('11760382-6508-4d4a-820b-e6b1ac2d7345', '1c1fd8e9-26c9-48d3-81c9-c6a7dd8da5bb', '馬可福音', 16, NOW() - INTERVAL '97 days'),
  ('11760382-6508-4d4a-820b-e6b1ac2d7345', '1c1fd8e9-26c9-48d3-81c9-c6a7dd8da5bb', '約伯記', 1, NOW() - INTERVAL '97 days'),
  ('11760382-6508-4d4a-820b-e6b1ac2d7345', '1c1fd8e9-26c9-48d3-81c9-c6a7dd8da5bb', '約伯記', 2, NOW() - INTERVAL '97 days'),
  ('11760382-6508-4d4a-820b-e6b1ac2d7345', '1c1fd8e9-26c9-48d3-81c9-c6a7dd8da5bb', '約伯記', 3, NOW() - INTERVAL '96 days'),
  ('11760382-6508-4d4a-820b-e6b1ac2d7345', '1c1fd8e9-26c9-48d3-81c9-c6a7dd8da5bb', '約伯記', 4, NOW() - INTERVAL '96 days'),
  ('11760382-6508-4d4a-820b-e6b1ac2d7345', '1c1fd8e9-26c9-48d3-81c9-c6a7dd8da5bb', '約伯記', 5, NOW() - INTERVAL '96 days'),
  ('11760382-6508-4d4a-820b-e6b1ac2d7345', '1c1fd8e9-26c9-48d3-81c9-c6a7dd8da5bb', '約伯記', 6, NOW() - INTERVAL '96 days'),
  ('11760382-6508-4d4a-820b-e6b1ac2d7345', '1c1fd8e9-26c9-48d3-81c9-c6a7dd8da5bb', '約伯記', 7, NOW() - INTERVAL '96 days'),
  ('11760382-6508-4d4a-820b-e6b1ac2d7345', '1c1fd8e9-26c9-48d3-81c9-c6a7dd8da5bb', '約伯記', 8, NOW() - INTERVAL '95 days'),
  ('11760382-6508-4d4a-820b-e6b1ac2d7345', '1c1fd8e9-26c9-48d3-81c9-c6a7dd8da5bb', '約伯記', 9, NOW() - INTERVAL '95 days'),
  ('11760382-6508-4d4a-820b-e6b1ac2d7345', '1c1fd8e9-26c9-48d3-81c9-c6a7dd8da5bb', '約伯記', 10, NOW() - INTERVAL '95 days'),
  ('11760382-6508-4d4a-820b-e6b1ac2d7345', '1c1fd8e9-26c9-48d3-81c9-c6a7dd8da5bb', '約伯記', 11, NOW() - INTERVAL '95 days'),
  ('11760382-6508-4d4a-820b-e6b1ac2d7345', '1c1fd8e9-26c9-48d3-81c9-c6a7dd8da5bb', '約伯記', 12, NOW() - INTERVAL '95 days'),
  ('11760382-6508-4d4a-820b-e6b1ac2d7345', '1c1fd8e9-26c9-48d3-81c9-c6a7dd8da5bb', '約伯記', 13, NOW() - INTERVAL '94 days'),
  ('11760382-6508-4d4a-820b-e6b1ac2d7345', '1c1fd8e9-26c9-48d3-81c9-c6a7dd8da5bb', '約伯記', 14, NOW() - INTERVAL '94 days'),
  ('11760382-6508-4d4a-820b-e6b1ac2d7345', '1c1fd8e9-26c9-48d3-81c9-c6a7dd8da5bb', '約伯記', 15, NOW() - INTERVAL '94 days'),
  ('11760382-6508-4d4a-820b-e6b1ac2d7345', '1c1fd8e9-26c9-48d3-81c9-c6a7dd8da5bb', '約伯記', 16, NOW() - INTERVAL '94 days'),
  ('11760382-6508-4d4a-820b-e6b1ac2d7345', '1c1fd8e9-26c9-48d3-81c9-c6a7dd8da5bb', '約伯記', 17, NOW() - INTERVAL '94 days'),
  ('11760382-6508-4d4a-820b-e6b1ac2d7345', '1c1fd8e9-26c9-48d3-81c9-c6a7dd8da5bb', '約伯記', 18, NOW() - INTERVAL '93 days'),
  ('11760382-6508-4d4a-820b-e6b1ac2d7345', '1c1fd8e9-26c9-48d3-81c9-c6a7dd8da5bb', '約伯記', 19, NOW() - INTERVAL '93 days'),
  ('11760382-6508-4d4a-820b-e6b1ac2d7345', '1c1fd8e9-26c9-48d3-81c9-c6a7dd8da5bb', '約伯記', 20, NOW() - INTERVAL '93 days'),
  ('11760382-6508-4d4a-820b-e6b1ac2d7345', '1c1fd8e9-26c9-48d3-81c9-c6a7dd8da5bb', '約伯記', 21, NOW() - INTERVAL '93 days'),
  ('11760382-6508-4d4a-820b-e6b1ac2d7345', '1c1fd8e9-26c9-48d3-81c9-c6a7dd8da5bb', '約伯記', 22, NOW() - INTERVAL '93 days'),
  ('11760382-6508-4d4a-820b-e6b1ac2d7345', '1c1fd8e9-26c9-48d3-81c9-c6a7dd8da5bb', '約伯記', 23, NOW() - INTERVAL '92 days'),
  ('11760382-6508-4d4a-820b-e6b1ac2d7345', '1c1fd8e9-26c9-48d3-81c9-c6a7dd8da5bb', '約伯記', 24, NOW() - INTERVAL '92 days'),
  ('11760382-6508-4d4a-820b-e6b1ac2d7345', '1c1fd8e9-26c9-48d3-81c9-c6a7dd8da5bb', '約伯記', 25, NOW() - INTERVAL '92 days'),
  ('11760382-6508-4d4a-820b-e6b1ac2d7345', '1c1fd8e9-26c9-48d3-81c9-c6a7dd8da5bb', '約伯記', 26, NOW() - INTERVAL '92 days'),
  ('11760382-6508-4d4a-820b-e6b1ac2d7345', '1c1fd8e9-26c9-48d3-81c9-c6a7dd8da5bb', '約伯記', 27, NOW() - INTERVAL '92 days'),
  ('11760382-6508-4d4a-820b-e6b1ac2d7345', '1c1fd8e9-26c9-48d3-81c9-c6a7dd8da5bb', '約伯記', 28, NOW() - INTERVAL '91 days'),
  ('11760382-6508-4d4a-820b-e6b1ac2d7345', '1c1fd8e9-26c9-48d3-81c9-c6a7dd8da5bb', '約伯記', 29, NOW() - INTERVAL '91 days'),
  ('11760382-6508-4d4a-820b-e6b1ac2d7345', '1c1fd8e9-26c9-48d3-81c9-c6a7dd8da5bb', '約伯記', 30, NOW() - INTERVAL '91 days'),
  ('11760382-6508-4d4a-820b-e6b1ac2d7345', '1c1fd8e9-26c9-48d3-81c9-c6a7dd8da5bb', '約伯記', 31, NOW() - INTERVAL '91 days'),
  ('11760382-6508-4d4a-820b-e6b1ac2d7345', '1c1fd8e9-26c9-48d3-81c9-c6a7dd8da5bb', '約伯記', 32, NOW() - INTERVAL '91 days'),
  ('11760382-6508-4d4a-820b-e6b1ac2d7345', '1c1fd8e9-26c9-48d3-81c9-c6a7dd8da5bb', '約伯記', 33, NOW() - INTERVAL '90 days'),
  ('11760382-6508-4d4a-820b-e6b1ac2d7345', '1c1fd8e9-26c9-48d3-81c9-c6a7dd8da5bb', '約伯記', 34, NOW() - INTERVAL '90 days'),
  ('11760382-6508-4d4a-820b-e6b1ac2d7345', '1c1fd8e9-26c9-48d3-81c9-c6a7dd8da5bb', '約伯記', 35, NOW() - INTERVAL '90 days'),
  ('11760382-6508-4d4a-820b-e6b1ac2d7345', '1c1fd8e9-26c9-48d3-81c9-c6a7dd8da5bb', '約伯記', 36, NOW() - INTERVAL '90 days'),
  ('11760382-6508-4d4a-820b-e6b1ac2d7345', '1c1fd8e9-26c9-48d3-81c9-c6a7dd8da5bb', '約伯記', 37, NOW() - INTERVAL '90 days'),
  ('11760382-6508-4d4a-820b-e6b1ac2d7345', '1c1fd8e9-26c9-48d3-81c9-c6a7dd8da5bb', '約伯記', 38, NOW() - INTERVAL '89 days'),
  ('11760382-6508-4d4a-820b-e6b1ac2d7345', '1c1fd8e9-26c9-48d3-81c9-c6a7dd8da5bb', '約伯記', 39, NOW() - INTERVAL '89 days'),
  ('11760382-6508-4d4a-820b-e6b1ac2d7345', '1c1fd8e9-26c9-48d3-81c9-c6a7dd8da5bb', '約伯記', 40, NOW() - INTERVAL '89 days'),
  ('11760382-6508-4d4a-820b-e6b1ac2d7345', '1c1fd8e9-26c9-48d3-81c9-c6a7dd8da5bb', '約伯記', 41, NOW() - INTERVAL '89 days'),
  ('11760382-6508-4d4a-820b-e6b1ac2d7345', '1c1fd8e9-26c9-48d3-81c9-c6a7dd8da5bb', '約伯記', 42, NOW() - INTERVAL '89 days'),
  ('11760382-6508-4d4a-820b-e6b1ac2d7345', '1c1fd8e9-26c9-48d3-81c9-c6a7dd8da5bb', '加拉太書', 1, NOW() - INTERVAL '88 days'),
  ('11760382-6508-4d4a-820b-e6b1ac2d7345', '1c1fd8e9-26c9-48d3-81c9-c6a7dd8da5bb', '加拉太書', 2, NOW() - INTERVAL '88 days'),
  ('11760382-6508-4d4a-820b-e6b1ac2d7345', '1c1fd8e9-26c9-48d3-81c9-c6a7dd8da5bb', '加拉太書', 3, NOW() - INTERVAL '88 days'),
  ('11760382-6508-4d4a-820b-e6b1ac2d7345', '1c1fd8e9-26c9-48d3-81c9-c6a7dd8da5bb', '加拉太書', 4, NOW() - INTERVAL '88 days'),
  ('11760382-6508-4d4a-820b-e6b1ac2d7345', '1c1fd8e9-26c9-48d3-81c9-c6a7dd8da5bb', '加拉太書', 5, NOW() - INTERVAL '88 days'),
  ('11760382-6508-4d4a-820b-e6b1ac2d7345', '1c1fd8e9-26c9-48d3-81c9-c6a7dd8da5bb', '加拉太書', 6, NOW() - INTERVAL '87 days'),
  ('11760382-6508-4d4a-820b-e6b1ac2d7345', '1c1fd8e9-26c9-48d3-81c9-c6a7dd8da5bb', '哈巴谷書', 1, NOW() - INTERVAL '87 days'),
  ('11760382-6508-4d4a-820b-e6b1ac2d7345', '1c1fd8e9-26c9-48d3-81c9-c6a7dd8da5bb', '哈巴谷書', 2, NOW() - INTERVAL '87 days'),
  ('11760382-6508-4d4a-820b-e6b1ac2d7345', '1c1fd8e9-26c9-48d3-81c9-c6a7dd8da5bb', '哈巴谷書', 3, NOW() - INTERVAL '87 days'),
  ('11760382-6508-4d4a-820b-e6b1ac2d7345', '1c1fd8e9-26c9-48d3-81c9-c6a7dd8da5bb', '猶大書', 1, NOW() - INTERVAL '87 days'),
  ('11760382-6508-4d4a-820b-e6b1ac2d7345', '1c1fd8e9-26c9-48d3-81c9-c6a7dd8da5bb', '利未記', 1, NOW() - INTERVAL '86 days'),
  ('11760382-6508-4d4a-820b-e6b1ac2d7345', '1c1fd8e9-26c9-48d3-81c9-c6a7dd8da5bb', '利未記', 2, NOW() - INTERVAL '86 days'),
  ('11760382-6508-4d4a-820b-e6b1ac2d7345', '1c1fd8e9-26c9-48d3-81c9-c6a7dd8da5bb', '利未記', 3, NOW() - INTERVAL '86 days'),
  ('11760382-6508-4d4a-820b-e6b1ac2d7345', '1c1fd8e9-26c9-48d3-81c9-c6a7dd8da5bb', '利未記', 4, NOW() - INTERVAL '86 days'),
  ('11760382-6508-4d4a-820b-e6b1ac2d7345', '1c1fd8e9-26c9-48d3-81c9-c6a7dd8da5bb', '利未記', 5, NOW() - INTERVAL '86 days'),
  ('11760382-6508-4d4a-820b-e6b1ac2d7345', '1c1fd8e9-26c9-48d3-81c9-c6a7dd8da5bb', '利未記', 6, NOW() - INTERVAL '85 days'),
  ('11760382-6508-4d4a-820b-e6b1ac2d7345', '1c1fd8e9-26c9-48d3-81c9-c6a7dd8da5bb', '利未記', 7, NOW() - INTERVAL '85 days'),
  ('11760382-6508-4d4a-820b-e6b1ac2d7345', '1c1fd8e9-26c9-48d3-81c9-c6a7dd8da5bb', '利未記', 8, NOW() - INTERVAL '85 days'),
  ('11760382-6508-4d4a-820b-e6b1ac2d7345', '1c1fd8e9-26c9-48d3-81c9-c6a7dd8da5bb', '利未記', 9, NOW() - INTERVAL '85 days'),
  ('11760382-6508-4d4a-820b-e6b1ac2d7345', '1c1fd8e9-26c9-48d3-81c9-c6a7dd8da5bb', '利未記', 10, NOW() - INTERVAL '85 days'),
  ('11760382-6508-4d4a-820b-e6b1ac2d7345', '1c1fd8e9-26c9-48d3-81c9-c6a7dd8da5bb', '利未記', 11, NOW() - INTERVAL '84 days'),
  ('11760382-6508-4d4a-820b-e6b1ac2d7345', '1c1fd8e9-26c9-48d3-81c9-c6a7dd8da5bb', '利未記', 12, NOW() - INTERVAL '84 days'),
  ('11760382-6508-4d4a-820b-e6b1ac2d7345', '1c1fd8e9-26c9-48d3-81c9-c6a7dd8da5bb', '利未記', 13, NOW() - INTERVAL '84 days'),
  ('11760382-6508-4d4a-820b-e6b1ac2d7345', '1c1fd8e9-26c9-48d3-81c9-c6a7dd8da5bb', '利未記', 14, NOW() - INTERVAL '84 days'),
  ('11760382-6508-4d4a-820b-e6b1ac2d7345', '1c1fd8e9-26c9-48d3-81c9-c6a7dd8da5bb', '利未記', 15, NOW() - INTERVAL '84 days'),
  ('11760382-6508-4d4a-820b-e6b1ac2d7345', '1c1fd8e9-26c9-48d3-81c9-c6a7dd8da5bb', '利未記', 16, NOW() - INTERVAL '83 days'),
  ('11760382-6508-4d4a-820b-e6b1ac2d7345', '1c1fd8e9-26c9-48d3-81c9-c6a7dd8da5bb', '利未記', 17, NOW() - INTERVAL '83 days'),
  ('11760382-6508-4d4a-820b-e6b1ac2d7345', '1c1fd8e9-26c9-48d3-81c9-c6a7dd8da5bb', '利未記', 18, NOW() - INTERVAL '83 days'),
  ('11760382-6508-4d4a-820b-e6b1ac2d7345', '1c1fd8e9-26c9-48d3-81c9-c6a7dd8da5bb', '利未記', 19, NOW() - INTERVAL '83 days'),
  ('11760382-6508-4d4a-820b-e6b1ac2d7345', '1c1fd8e9-26c9-48d3-81c9-c6a7dd8da5bb', '利未記', 20, NOW() - INTERVAL '83 days'),
  ('11760382-6508-4d4a-820b-e6b1ac2d7345', '1c1fd8e9-26c9-48d3-81c9-c6a7dd8da5bb', '利未記', 21, NOW() - INTERVAL '82 days'),
  ('11760382-6508-4d4a-820b-e6b1ac2d7345', '1c1fd8e9-26c9-48d3-81c9-c6a7dd8da5bb', '利未記', 22, NOW() - INTERVAL '82 days'),
  ('11760382-6508-4d4a-820b-e6b1ac2d7345', '1c1fd8e9-26c9-48d3-81c9-c6a7dd8da5bb', '利未記', 23, NOW() - INTERVAL '82 days'),
  ('11760382-6508-4d4a-820b-e6b1ac2d7345', '1c1fd8e9-26c9-48d3-81c9-c6a7dd8da5bb', '利未記', 24, NOW() - INTERVAL '82 days'),
  ('11760382-6508-4d4a-820b-e6b1ac2d7345', '1c1fd8e9-26c9-48d3-81c9-c6a7dd8da5bb', '利未記', 25, NOW() - INTERVAL '82 days'),
  ('11760382-6508-4d4a-820b-e6b1ac2d7345', '1c1fd8e9-26c9-48d3-81c9-c6a7dd8da5bb', '利未記', 26, NOW() - INTERVAL '81 days'),
  ('11760382-6508-4d4a-820b-e6b1ac2d7345', '1c1fd8e9-26c9-48d3-81c9-c6a7dd8da5bb', '利未記', 27, NOW() - INTERVAL '81 days'),
  ('11760382-6508-4d4a-820b-e6b1ac2d7345', '1c1fd8e9-26c9-48d3-81c9-c6a7dd8da5bb', '路加福音', 1, NOW() - INTERVAL '81 days'),
  ('11760382-6508-4d4a-820b-e6b1ac2d7345', '1c1fd8e9-26c9-48d3-81c9-c6a7dd8da5bb', '路加福音', 2, NOW() - INTERVAL '81 days'),
  ('11760382-6508-4d4a-820b-e6b1ac2d7345', '1c1fd8e9-26c9-48d3-81c9-c6a7dd8da5bb', '路加福音', 3, NOW() - INTERVAL '81 days'),
  ('11760382-6508-4d4a-820b-e6b1ac2d7345', '1c1fd8e9-26c9-48d3-81c9-c6a7dd8da5bb', '路加福音', 4, NOW() - INTERVAL '80 days'),
  ('11760382-6508-4d4a-820b-e6b1ac2d7345', '1c1fd8e9-26c9-48d3-81c9-c6a7dd8da5bb', '路加福音', 5, NOW() - INTERVAL '80 days'),
  ('11760382-6508-4d4a-820b-e6b1ac2d7345', '1c1fd8e9-26c9-48d3-81c9-c6a7dd8da5bb', '路加福音', 6, NOW() - INTERVAL '80 days'),
  ('11760382-6508-4d4a-820b-e6b1ac2d7345', '1c1fd8e9-26c9-48d3-81c9-c6a7dd8da5bb', '路加福音', 7, NOW() - INTERVAL '80 days'),
  ('11760382-6508-4d4a-820b-e6b1ac2d7345', '1c1fd8e9-26c9-48d3-81c9-c6a7dd8da5bb', '路加福音', 8, NOW() - INTERVAL '80 days'),
  ('11760382-6508-4d4a-820b-e6b1ac2d7345', '1c1fd8e9-26c9-48d3-81c9-c6a7dd8da5bb', '路加福音', 9, NOW() - INTERVAL '79 days'),
  ('11760382-6508-4d4a-820b-e6b1ac2d7345', '1c1fd8e9-26c9-48d3-81c9-c6a7dd8da5bb', '路加福音', 10, NOW() - INTERVAL '79 days'),
  ('11760382-6508-4d4a-820b-e6b1ac2d7345', '1c1fd8e9-26c9-48d3-81c9-c6a7dd8da5bb', '路加福音', 11, NOW() - INTERVAL '79 days'),
  ('11760382-6508-4d4a-820b-e6b1ac2d7345', '1c1fd8e9-26c9-48d3-81c9-c6a7dd8da5bb', '路加福音', 12, NOW() - INTERVAL '79 days'),
  ('11760382-6508-4d4a-820b-e6b1ac2d7345', '1c1fd8e9-26c9-48d3-81c9-c6a7dd8da5bb', '路加福音', 13, NOW() - INTERVAL '79 days'),
  ('11760382-6508-4d4a-820b-e6b1ac2d7345', '1c1fd8e9-26c9-48d3-81c9-c6a7dd8da5bb', '路加福音', 14, NOW() - INTERVAL '78 days'),
  ('11760382-6508-4d4a-820b-e6b1ac2d7345', '1c1fd8e9-26c9-48d3-81c9-c6a7dd8da5bb', '路加福音', 15, NOW() - INTERVAL '78 days'),
  ('11760382-6508-4d4a-820b-e6b1ac2d7345', '1c1fd8e9-26c9-48d3-81c9-c6a7dd8da5bb', '路加福音', 16, NOW() - INTERVAL '78 days'),
  ('11760382-6508-4d4a-820b-e6b1ac2d7345', '1c1fd8e9-26c9-48d3-81c9-c6a7dd8da5bb', '路加福音', 17, NOW() - INTERVAL '78 days'),
  ('11760382-6508-4d4a-820b-e6b1ac2d7345', '1c1fd8e9-26c9-48d3-81c9-c6a7dd8da5bb', '路加福音', 18, NOW() - INTERVAL '78 days'),
  ('11760382-6508-4d4a-820b-e6b1ac2d7345', '1c1fd8e9-26c9-48d3-81c9-c6a7dd8da5bb', '路加福音', 19, NOW() - INTERVAL '77 days'),
  ('11760382-6508-4d4a-820b-e6b1ac2d7345', '1c1fd8e9-26c9-48d3-81c9-c6a7dd8da5bb', '路加福音', 20, NOW() - INTERVAL '77 days'),
  ('11760382-6508-4d4a-820b-e6b1ac2d7345', '1c1fd8e9-26c9-48d3-81c9-c6a7dd8da5bb', '路加福音', 21, NOW() - INTERVAL '77 days'),
  ('11760382-6508-4d4a-820b-e6b1ac2d7345', '1c1fd8e9-26c9-48d3-81c9-c6a7dd8da5bb', '路加福音', 22, NOW() - INTERVAL '77 days'),
  ('11760382-6508-4d4a-820b-e6b1ac2d7345', '1c1fd8e9-26c9-48d3-81c9-c6a7dd8da5bb', '路加福音', 23, NOW() - INTERVAL '77 days'),
  ('11760382-6508-4d4a-820b-e6b1ac2d7345', '1c1fd8e9-26c9-48d3-81c9-c6a7dd8da5bb', '路加福音', 24, NOW() - INTERVAL '76 days'),
  ('11760382-6508-4d4a-820b-e6b1ac2d7345', '1c1fd8e9-26c9-48d3-81c9-c6a7dd8da5bb', '歷代志下', 1, NOW() - INTERVAL '76 days'),
  ('11760382-6508-4d4a-820b-e6b1ac2d7345', '1c1fd8e9-26c9-48d3-81c9-c6a7dd8da5bb', '歷代志下', 2, NOW() - INTERVAL '76 days'),
  ('11760382-6508-4d4a-820b-e6b1ac2d7345', '1c1fd8e9-26c9-48d3-81c9-c6a7dd8da5bb', '歷代志下', 3, NOW() - INTERVAL '76 days'),
  ('11760382-6508-4d4a-820b-e6b1ac2d7345', '1c1fd8e9-26c9-48d3-81c9-c6a7dd8da5bb', '歷代志下', 4, NOW() - INTERVAL '76 days'),
  ('11760382-6508-4d4a-820b-e6b1ac2d7345', '1c1fd8e9-26c9-48d3-81c9-c6a7dd8da5bb', '歷代志下', 5, NOW() - INTERVAL '75 days'),
  ('11760382-6508-4d4a-820b-e6b1ac2d7345', '1c1fd8e9-26c9-48d3-81c9-c6a7dd8da5bb', '歷代志下', 6, NOW() - INTERVAL '75 days'),
  ('11760382-6508-4d4a-820b-e6b1ac2d7345', '1c1fd8e9-26c9-48d3-81c9-c6a7dd8da5bb', '歷代志下', 7, NOW() - INTERVAL '75 days'),
  ('11760382-6508-4d4a-820b-e6b1ac2d7345', '1c1fd8e9-26c9-48d3-81c9-c6a7dd8da5bb', '歷代志下', 8, NOW() - INTERVAL '75 days'),
  ('11760382-6508-4d4a-820b-e6b1ac2d7345', '1c1fd8e9-26c9-48d3-81c9-c6a7dd8da5bb', '歷代志下', 9, NOW() - INTERVAL '75 days'),
  ('11760382-6508-4d4a-820b-e6b1ac2d7345', '1c1fd8e9-26c9-48d3-81c9-c6a7dd8da5bb', '歷代志下', 10, NOW() - INTERVAL '74 days'),
  ('11760382-6508-4d4a-820b-e6b1ac2d7345', '1c1fd8e9-26c9-48d3-81c9-c6a7dd8da5bb', '歷代志下', 11, NOW() - INTERVAL '74 days'),
  ('11760382-6508-4d4a-820b-e6b1ac2d7345', '1c1fd8e9-26c9-48d3-81c9-c6a7dd8da5bb', '歷代志下', 12, NOW() - INTERVAL '74 days'),
  ('11760382-6508-4d4a-820b-e6b1ac2d7345', '1c1fd8e9-26c9-48d3-81c9-c6a7dd8da5bb', '歷代志下', 13, NOW() - INTERVAL '74 days'),
  ('11760382-6508-4d4a-820b-e6b1ac2d7345', '1c1fd8e9-26c9-48d3-81c9-c6a7dd8da5bb', '歷代志下', 14, NOW() - INTERVAL '74 days'),
  ('11760382-6508-4d4a-820b-e6b1ac2d7345', '1c1fd8e9-26c9-48d3-81c9-c6a7dd8da5bb', '歷代志下', 15, NOW() - INTERVAL '73 days'),
  ('11760382-6508-4d4a-820b-e6b1ac2d7345', '1c1fd8e9-26c9-48d3-81c9-c6a7dd8da5bb', '歷代志下', 16, NOW() - INTERVAL '73 days'),
  ('11760382-6508-4d4a-820b-e6b1ac2d7345', '1c1fd8e9-26c9-48d3-81c9-c6a7dd8da5bb', '歷代志下', 17, NOW() - INTERVAL '73 days'),
  ('11760382-6508-4d4a-820b-e6b1ac2d7345', '1c1fd8e9-26c9-48d3-81c9-c6a7dd8da5bb', '歷代志下', 18, NOW() - INTERVAL '73 days'),
  ('11760382-6508-4d4a-820b-e6b1ac2d7345', '1c1fd8e9-26c9-48d3-81c9-c6a7dd8da5bb', '歷代志下', 19, NOW() - INTERVAL '73 days'),
  ('11760382-6508-4d4a-820b-e6b1ac2d7345', '1c1fd8e9-26c9-48d3-81c9-c6a7dd8da5bb', '歷代志下', 20, NOW() - INTERVAL '72 days'),
  ('11760382-6508-4d4a-820b-e6b1ac2d7345', '1c1fd8e9-26c9-48d3-81c9-c6a7dd8da5bb', '歷代志下', 21, NOW() - INTERVAL '72 days'),
  ('11760382-6508-4d4a-820b-e6b1ac2d7345', '1c1fd8e9-26c9-48d3-81c9-c6a7dd8da5bb', '歷代志下', 22, NOW() - INTERVAL '72 days'),
  ('11760382-6508-4d4a-820b-e6b1ac2d7345', '1c1fd8e9-26c9-48d3-81c9-c6a7dd8da5bb', '歷代志下', 23, NOW() - INTERVAL '72 days'),
  ('11760382-6508-4d4a-820b-e6b1ac2d7345', '1c1fd8e9-26c9-48d3-81c9-c6a7dd8da5bb', '歷代志下', 24, NOW() - INTERVAL '72 days'),
  ('11760382-6508-4d4a-820b-e6b1ac2d7345', '1c1fd8e9-26c9-48d3-81c9-c6a7dd8da5bb', '歷代志下', 25, NOW() - INTERVAL '71 days'),
  ('11760382-6508-4d4a-820b-e6b1ac2d7345', '1c1fd8e9-26c9-48d3-81c9-c6a7dd8da5bb', '歷代志下', 26, NOW() - INTERVAL '71 days'),
  ('11760382-6508-4d4a-820b-e6b1ac2d7345', '1c1fd8e9-26c9-48d3-81c9-c6a7dd8da5bb', '歷代志下', 27, NOW() - INTERVAL '71 days'),
  ('11760382-6508-4d4a-820b-e6b1ac2d7345', '1c1fd8e9-26c9-48d3-81c9-c6a7dd8da5bb', '歷代志下', 28, NOW() - INTERVAL '71 days'),
  ('11760382-6508-4d4a-820b-e6b1ac2d7345', '1c1fd8e9-26c9-48d3-81c9-c6a7dd8da5bb', '歷代志下', 29, NOW() - INTERVAL '71 days'),
  ('11760382-6508-4d4a-820b-e6b1ac2d7345', '1c1fd8e9-26c9-48d3-81c9-c6a7dd8da5bb', '歷代志下', 30, NOW() - INTERVAL '70 days'),
  ('11760382-6508-4d4a-820b-e6b1ac2d7345', '1c1fd8e9-26c9-48d3-81c9-c6a7dd8da5bb', '歷代志下', 31, NOW() - INTERVAL '70 days'),
  ('11760382-6508-4d4a-820b-e6b1ac2d7345', '1c1fd8e9-26c9-48d3-81c9-c6a7dd8da5bb', '歷代志下', 32, NOW() - INTERVAL '70 days'),
  ('11760382-6508-4d4a-820b-e6b1ac2d7345', '1c1fd8e9-26c9-48d3-81c9-c6a7dd8da5bb', '歷代志下', 33, NOW() - INTERVAL '70 days'),
  ('11760382-6508-4d4a-820b-e6b1ac2d7345', '1c1fd8e9-26c9-48d3-81c9-c6a7dd8da5bb', '歷代志下', 34, NOW() - INTERVAL '70 days'),
  ('11760382-6508-4d4a-820b-e6b1ac2d7345', '1c1fd8e9-26c9-48d3-81c9-c6a7dd8da5bb', '歷代志下', 35, NOW() - INTERVAL '69 days'),
  ('11760382-6508-4d4a-820b-e6b1ac2d7345', '1c1fd8e9-26c9-48d3-81c9-c6a7dd8da5bb', '歷代志下', 36, NOW() - INTERVAL '69 days'),
  ('11760382-6508-4d4a-820b-e6b1ac2d7345', '1c1fd8e9-26c9-48d3-81c9-c6a7dd8da5bb', '帖撒羅尼迦前書', 1, NOW() - INTERVAL '69 days'),
  ('11760382-6508-4d4a-820b-e6b1ac2d7345', '1c1fd8e9-26c9-48d3-81c9-c6a7dd8da5bb', '帖撒羅尼迦前書', 2, NOW() - INTERVAL '69 days'),
  ('11760382-6508-4d4a-820b-e6b1ac2d7345', '1c1fd8e9-26c9-48d3-81c9-c6a7dd8da5bb', '帖撒羅尼迦前書', 3, NOW() - INTERVAL '69 days'),
  ('11760382-6508-4d4a-820b-e6b1ac2d7345', '1c1fd8e9-26c9-48d3-81c9-c6a7dd8da5bb', '帖撒羅尼迦前書', 4, NOW() - INTERVAL '68 days'),
  ('11760382-6508-4d4a-820b-e6b1ac2d7345', '1c1fd8e9-26c9-48d3-81c9-c6a7dd8da5bb', '帖撒羅尼迦前書', 5, NOW() - INTERVAL '68 days'),
  ('11760382-6508-4d4a-820b-e6b1ac2d7345', '1c1fd8e9-26c9-48d3-81c9-c6a7dd8da5bb', '約拿書', 1, NOW() - INTERVAL '68 days'),
  ('11760382-6508-4d4a-820b-e6b1ac2d7345', '1c1fd8e9-26c9-48d3-81c9-c6a7dd8da5bb', '約拿書', 2, NOW() - INTERVAL '68 days'),
  ('11760382-6508-4d4a-820b-e6b1ac2d7345', '1c1fd8e9-26c9-48d3-81c9-c6a7dd8da5bb', '約拿書', 3, NOW() - INTERVAL '68 days'),
  ('11760382-6508-4d4a-820b-e6b1ac2d7345', '1c1fd8e9-26c9-48d3-81c9-c6a7dd8da5bb', '約拿書', 4, NOW() - INTERVAL '67 days'),
  ('11760382-6508-4d4a-820b-e6b1ac2d7345', '1c1fd8e9-26c9-48d3-81c9-c6a7dd8da5bb', '約翰二書', 1, NOW() - INTERVAL '67 days'),
  ('11760382-6508-4d4a-820b-e6b1ac2d7345', '1c1fd8e9-26c9-48d3-81c9-c6a7dd8da5bb', '彌迦書', 1, NOW() - INTERVAL '67 days'),
  ('11760382-6508-4d4a-820b-e6b1ac2d7345', '1c1fd8e9-26c9-48d3-81c9-c6a7dd8da5bb', '彌迦書', 2, NOW() - INTERVAL '67 days'),
  ('11760382-6508-4d4a-820b-e6b1ac2d7345', '1c1fd8e9-26c9-48d3-81c9-c6a7dd8da5bb', '彌迦書', 3, NOW() - INTERVAL '67 days'),
  ('11760382-6508-4d4a-820b-e6b1ac2d7345', '1c1fd8e9-26c9-48d3-81c9-c6a7dd8da5bb', '彌迦書', 4, NOW() - INTERVAL '66 days'),
  ('11760382-6508-4d4a-820b-e6b1ac2d7345', '1c1fd8e9-26c9-48d3-81c9-c6a7dd8da5bb', '彌迦書', 5, NOW() - INTERVAL '66 days'),
  ('11760382-6508-4d4a-820b-e6b1ac2d7345', '1c1fd8e9-26c9-48d3-81c9-c6a7dd8da5bb', '彌迦書', 6, NOW() - INTERVAL '66 days'),
  ('11760382-6508-4d4a-820b-e6b1ac2d7345', '1c1fd8e9-26c9-48d3-81c9-c6a7dd8da5bb', '彌迦書', 7, NOW() - INTERVAL '66 days'),
  ('11760382-6508-4d4a-820b-e6b1ac2d7345', '1c1fd8e9-26c9-48d3-81c9-c6a7dd8da5bb', '約翰三書', 1, NOW() - INTERVAL '66 days'),
  ('11760382-6508-4d4a-820b-e6b1ac2d7345', '1c1fd8e9-26c9-48d3-81c9-c6a7dd8da5bb', '民數記', 1, NOW() - INTERVAL '65 days'),
  ('11760382-6508-4d4a-820b-e6b1ac2d7345', '1c1fd8e9-26c9-48d3-81c9-c6a7dd8da5bb', '民數記', 2, NOW() - INTERVAL '65 days'),
  ('11760382-6508-4d4a-820b-e6b1ac2d7345', '1c1fd8e9-26c9-48d3-81c9-c6a7dd8da5bb', '民數記', 3, NOW() - INTERVAL '65 days'),
  ('11760382-6508-4d4a-820b-e6b1ac2d7345', '1c1fd8e9-26c9-48d3-81c9-c6a7dd8da5bb', '民數記', 4, NOW() - INTERVAL '65 days'),
  ('11760382-6508-4d4a-820b-e6b1ac2d7345', '1c1fd8e9-26c9-48d3-81c9-c6a7dd8da5bb', '民數記', 5, NOW() - INTERVAL '65 days'),
  ('11760382-6508-4d4a-820b-e6b1ac2d7345', '1c1fd8e9-26c9-48d3-81c9-c6a7dd8da5bb', '民數記', 6, NOW() - INTERVAL '64 days'),
  ('11760382-6508-4d4a-820b-e6b1ac2d7345', '1c1fd8e9-26c9-48d3-81c9-c6a7dd8da5bb', '民數記', 7, NOW() - INTERVAL '64 days'),
  ('11760382-6508-4d4a-820b-e6b1ac2d7345', '1c1fd8e9-26c9-48d3-81c9-c6a7dd8da5bb', '民數記', 8, NOW() - INTERVAL '64 days'),
  ('11760382-6508-4d4a-820b-e6b1ac2d7345', '1c1fd8e9-26c9-48d3-81c9-c6a7dd8da5bb', '民數記', 9, NOW() - INTERVAL '64 days'),
  ('11760382-6508-4d4a-820b-e6b1ac2d7345', '1c1fd8e9-26c9-48d3-81c9-c6a7dd8da5bb', '民數記', 10, NOW() - INTERVAL '64 days'),
  ('11760382-6508-4d4a-820b-e6b1ac2d7345', '1c1fd8e9-26c9-48d3-81c9-c6a7dd8da5bb', '民數記', 11, NOW() - INTERVAL '63 days'),
  ('11760382-6508-4d4a-820b-e6b1ac2d7345', '1c1fd8e9-26c9-48d3-81c9-c6a7dd8da5bb', '民數記', 12, NOW() - INTERVAL '63 days'),
  ('11760382-6508-4d4a-820b-e6b1ac2d7345', '1c1fd8e9-26c9-48d3-81c9-c6a7dd8da5bb', '民數記', 13, NOW() - INTERVAL '63 days'),
  ('11760382-6508-4d4a-820b-e6b1ac2d7345', '1c1fd8e9-26c9-48d3-81c9-c6a7dd8da5bb', '民數記', 14, NOW() - INTERVAL '63 days'),
  ('11760382-6508-4d4a-820b-e6b1ac2d7345', '1c1fd8e9-26c9-48d3-81c9-c6a7dd8da5bb', '民數記', 15, NOW() - INTERVAL '63 days'),
  ('11760382-6508-4d4a-820b-e6b1ac2d7345', '1c1fd8e9-26c9-48d3-81c9-c6a7dd8da5bb', '民數記', 16, NOW() - INTERVAL '62 days'),
  ('11760382-6508-4d4a-820b-e6b1ac2d7345', '1c1fd8e9-26c9-48d3-81c9-c6a7dd8da5bb', '民數記', 17, NOW() - INTERVAL '62 days'),
  ('11760382-6508-4d4a-820b-e6b1ac2d7345', '1c1fd8e9-26c9-48d3-81c9-c6a7dd8da5bb', '民數記', 18, NOW() - INTERVAL '62 days'),
  ('11760382-6508-4d4a-820b-e6b1ac2d7345', '1c1fd8e9-26c9-48d3-81c9-c6a7dd8da5bb', '民數記', 19, NOW() - INTERVAL '62 days'),
  ('11760382-6508-4d4a-820b-e6b1ac2d7345', '1c1fd8e9-26c9-48d3-81c9-c6a7dd8da5bb', '民數記', 20, NOW() - INTERVAL '62 days'),
  ('11760382-6508-4d4a-820b-e6b1ac2d7345', '1c1fd8e9-26c9-48d3-81c9-c6a7dd8da5bb', '民數記', 21, NOW() - INTERVAL '61 days'),
  ('11760382-6508-4d4a-820b-e6b1ac2d7345', '1c1fd8e9-26c9-48d3-81c9-c6a7dd8da5bb', '民數記', 22, NOW() - INTERVAL '61 days'),
  ('11760382-6508-4d4a-820b-e6b1ac2d7345', '1c1fd8e9-26c9-48d3-81c9-c6a7dd8da5bb', '民數記', 23, NOW() - INTERVAL '61 days'),
  ('11760382-6508-4d4a-820b-e6b1ac2d7345', '1c1fd8e9-26c9-48d3-81c9-c6a7dd8da5bb', '民數記', 24, NOW() - INTERVAL '61 days'),
  ('11760382-6508-4d4a-820b-e6b1ac2d7345', '1c1fd8e9-26c9-48d3-81c9-c6a7dd8da5bb', '民數記', 25, NOW() - INTERVAL '61 days'),
  ('11760382-6508-4d4a-820b-e6b1ac2d7345', '1c1fd8e9-26c9-48d3-81c9-c6a7dd8da5bb', '民數記', 26, NOW() - INTERVAL '60 days'),
  ('11760382-6508-4d4a-820b-e6b1ac2d7345', '1c1fd8e9-26c9-48d3-81c9-c6a7dd8da5bb', '民數記', 27, NOW() - INTERVAL '60 days'),
  ('11760382-6508-4d4a-820b-e6b1ac2d7345', '1c1fd8e9-26c9-48d3-81c9-c6a7dd8da5bb', '民數記', 28, NOW() - INTERVAL '60 days'),
  ('11760382-6508-4d4a-820b-e6b1ac2d7345', '1c1fd8e9-26c9-48d3-81c9-c6a7dd8da5bb', '民數記', 29, NOW() - INTERVAL '60 days'),
  ('11760382-6508-4d4a-820b-e6b1ac2d7345', '1c1fd8e9-26c9-48d3-81c9-c6a7dd8da5bb', '民數記', 30, NOW() - INTERVAL '60 days'),
  ('11760382-6508-4d4a-820b-e6b1ac2d7345', '1c1fd8e9-26c9-48d3-81c9-c6a7dd8da5bb', '民數記', 31, NOW() - INTERVAL '59 days'),
  ('11760382-6508-4d4a-820b-e6b1ac2d7345', '1c1fd8e9-26c9-48d3-81c9-c6a7dd8da5bb', '民數記', 32, NOW() - INTERVAL '59 days'),
  ('11760382-6508-4d4a-820b-e6b1ac2d7345', '1c1fd8e9-26c9-48d3-81c9-c6a7dd8da5bb', '民數記', 33, NOW() - INTERVAL '59 days'),
  ('11760382-6508-4d4a-820b-e6b1ac2d7345', '1c1fd8e9-26c9-48d3-81c9-c6a7dd8da5bb', '民數記', 34, NOW() - INTERVAL '59 days'),
  ('11760382-6508-4d4a-820b-e6b1ac2d7345', '1c1fd8e9-26c9-48d3-81c9-c6a7dd8da5bb', '民數記', 35, NOW() - INTERVAL '59 days'),
  ('11760382-6508-4d4a-820b-e6b1ac2d7345', '1c1fd8e9-26c9-48d3-81c9-c6a7dd8da5bb', '民數記', 36, NOW() - INTERVAL '58 days'),
  ('11760382-6508-4d4a-820b-e6b1ac2d7345', '1c1fd8e9-26c9-48d3-81c9-c6a7dd8da5bb', '約翰福音', 1, NOW() - INTERVAL '58 days'),
  ('11760382-6508-4d4a-820b-e6b1ac2d7345', '1c1fd8e9-26c9-48d3-81c9-c6a7dd8da5bb', '約翰福音', 2, NOW() - INTERVAL '58 days'),
  ('11760382-6508-4d4a-820b-e6b1ac2d7345', '1c1fd8e9-26c9-48d3-81c9-c6a7dd8da5bb', '約翰福音', 3, NOW() - INTERVAL '58 days'),
  ('11760382-6508-4d4a-820b-e6b1ac2d7345', '1c1fd8e9-26c9-48d3-81c9-c6a7dd8da5bb', '約翰福音', 4, NOW() - INTERVAL '58 days'),
  ('11760382-6508-4d4a-820b-e6b1ac2d7345', '1c1fd8e9-26c9-48d3-81c9-c6a7dd8da5bb', '約翰福音', 5, NOW() - INTERVAL '57 days'),
  ('11760382-6508-4d4a-820b-e6b1ac2d7345', '1c1fd8e9-26c9-48d3-81c9-c6a7dd8da5bb', '約翰福音', 6, NOW() - INTERVAL '57 days'),
  ('11760382-6508-4d4a-820b-e6b1ac2d7345', '1c1fd8e9-26c9-48d3-81c9-c6a7dd8da5bb', '約翰福音', 7, NOW() - INTERVAL '57 days'),
  ('11760382-6508-4d4a-820b-e6b1ac2d7345', '1c1fd8e9-26c9-48d3-81c9-c6a7dd8da5bb', '約翰福音', 8, NOW() - INTERVAL '57 days'),
  ('11760382-6508-4d4a-820b-e6b1ac2d7345', '1c1fd8e9-26c9-48d3-81c9-c6a7dd8da5bb', '約翰福音', 9, NOW() - INTERVAL '57 days'),
  ('11760382-6508-4d4a-820b-e6b1ac2d7345', '1c1fd8e9-26c9-48d3-81c9-c6a7dd8da5bb', '約翰福音', 10, NOW() - INTERVAL '56 days'),
  ('11760382-6508-4d4a-820b-e6b1ac2d7345', '1c1fd8e9-26c9-48d3-81c9-c6a7dd8da5bb', '約翰福音', 11, NOW() - INTERVAL '56 days'),
  ('11760382-6508-4d4a-820b-e6b1ac2d7345', '1c1fd8e9-26c9-48d3-81c9-c6a7dd8da5bb', '約翰福音', 12, NOW() - INTERVAL '56 days'),
  ('11760382-6508-4d4a-820b-e6b1ac2d7345', '1c1fd8e9-26c9-48d3-81c9-c6a7dd8da5bb', '約翰福音', 13, NOW() - INTERVAL '56 days'),
  ('11760382-6508-4d4a-820b-e6b1ac2d7345', '1c1fd8e9-26c9-48d3-81c9-c6a7dd8da5bb', '約翰福音', 14, NOW() - INTERVAL '56 days'),
  ('11760382-6508-4d4a-820b-e6b1ac2d7345', '1c1fd8e9-26c9-48d3-81c9-c6a7dd8da5bb', '約翰福音', 15, NOW() - INTERVAL '55 days'),
  ('11760382-6508-4d4a-820b-e6b1ac2d7345', '1c1fd8e9-26c9-48d3-81c9-c6a7dd8da5bb', '約翰福音', 16, NOW() - INTERVAL '55 days'),
  ('11760382-6508-4d4a-820b-e6b1ac2d7345', '1c1fd8e9-26c9-48d3-81c9-c6a7dd8da5bb', '約翰福音', 17, NOW() - INTERVAL '55 days'),
  ('11760382-6508-4d4a-820b-e6b1ac2d7345', '1c1fd8e9-26c9-48d3-81c9-c6a7dd8da5bb', '約翰福音', 18, NOW() - INTERVAL '55 days'),
  ('11760382-6508-4d4a-820b-e6b1ac2d7345', '1c1fd8e9-26c9-48d3-81c9-c6a7dd8da5bb', '約翰福音', 19, NOW() - INTERVAL '55 days'),
  ('11760382-6508-4d4a-820b-e6b1ac2d7345', '1c1fd8e9-26c9-48d3-81c9-c6a7dd8da5bb', '約翰福音', 20, NOW() - INTERVAL '54 days'),
  ('11760382-6508-4d4a-820b-e6b1ac2d7345', '1c1fd8e9-26c9-48d3-81c9-c6a7dd8da5bb', '約翰福音', 21, NOW() - INTERVAL '54 days'),
  ('11760382-6508-4d4a-820b-e6b1ac2d7345', '1c1fd8e9-26c9-48d3-81c9-c6a7dd8da5bb', '以西結書', 1, NOW() - INTERVAL '54 days'),
  ('11760382-6508-4d4a-820b-e6b1ac2d7345', '1c1fd8e9-26c9-48d3-81c9-c6a7dd8da5bb', '以西結書', 2, NOW() - INTERVAL '54 days'),
  ('11760382-6508-4d4a-820b-e6b1ac2d7345', '1c1fd8e9-26c9-48d3-81c9-c6a7dd8da5bb', '以西結書', 3, NOW() - INTERVAL '54 days'),
  ('11760382-6508-4d4a-820b-e6b1ac2d7345', '1c1fd8e9-26c9-48d3-81c9-c6a7dd8da5bb', '以西結書', 4, NOW() - INTERVAL '53 days'),
  ('11760382-6508-4d4a-820b-e6b1ac2d7345', '1c1fd8e9-26c9-48d3-81c9-c6a7dd8da5bb', '以西結書', 5, NOW() - INTERVAL '53 days'),
  ('11760382-6508-4d4a-820b-e6b1ac2d7345', '1c1fd8e9-26c9-48d3-81c9-c6a7dd8da5bb', '以西結書', 6, NOW() - INTERVAL '53 days'),
  ('11760382-6508-4d4a-820b-e6b1ac2d7345', '1c1fd8e9-26c9-48d3-81c9-c6a7dd8da5bb', '以西結書', 7, NOW() - INTERVAL '53 days'),
  ('11760382-6508-4d4a-820b-e6b1ac2d7345', '1c1fd8e9-26c9-48d3-81c9-c6a7dd8da5bb', '以西結書', 8, NOW() - INTERVAL '53 days'),
  ('11760382-6508-4d4a-820b-e6b1ac2d7345', '1c1fd8e9-26c9-48d3-81c9-c6a7dd8da5bb', '以西結書', 9, NOW() - INTERVAL '52 days'),
  ('11760382-6508-4d4a-820b-e6b1ac2d7345', '1c1fd8e9-26c9-48d3-81c9-c6a7dd8da5bb', '以西結書', 10, NOW() - INTERVAL '52 days'),
  ('11760382-6508-4d4a-820b-e6b1ac2d7345', '1c1fd8e9-26c9-48d3-81c9-c6a7dd8da5bb', '以西結書', 11, NOW() - INTERVAL '52 days'),
  ('11760382-6508-4d4a-820b-e6b1ac2d7345', '1c1fd8e9-26c9-48d3-81c9-c6a7dd8da5bb', '以西結書', 12, NOW() - INTERVAL '52 days'),
  ('11760382-6508-4d4a-820b-e6b1ac2d7345', '1c1fd8e9-26c9-48d3-81c9-c6a7dd8da5bb', '以西結書', 13, NOW() - INTERVAL '52 days'),
  ('11760382-6508-4d4a-820b-e6b1ac2d7345', '1c1fd8e9-26c9-48d3-81c9-c6a7dd8da5bb', '以西結書', 14, NOW() - INTERVAL '51 days'),
  ('11760382-6508-4d4a-820b-e6b1ac2d7345', '1c1fd8e9-26c9-48d3-81c9-c6a7dd8da5bb', '以西結書', 15, NOW() - INTERVAL '51 days'),
  ('11760382-6508-4d4a-820b-e6b1ac2d7345', '1c1fd8e9-26c9-48d3-81c9-c6a7dd8da5bb', '以西結書', 16, NOW() - INTERVAL '51 days'),
  ('11760382-6508-4d4a-820b-e6b1ac2d7345', '1c1fd8e9-26c9-48d3-81c9-c6a7dd8da5bb', '以西結書', 17, NOW() - INTERVAL '51 days'),
  ('11760382-6508-4d4a-820b-e6b1ac2d7345', '1c1fd8e9-26c9-48d3-81c9-c6a7dd8da5bb', '以西結書', 18, NOW() - INTERVAL '51 days'),
  ('11760382-6508-4d4a-820b-e6b1ac2d7345', '1c1fd8e9-26c9-48d3-81c9-c6a7dd8da5bb', '以西結書', 19, NOW() - INTERVAL '50 days'),
  ('11760382-6508-4d4a-820b-e6b1ac2d7345', '1c1fd8e9-26c9-48d3-81c9-c6a7dd8da5bb', '以西結書', 20, NOW() - INTERVAL '50 days'),
  ('11760382-6508-4d4a-820b-e6b1ac2d7345', '1c1fd8e9-26c9-48d3-81c9-c6a7dd8da5bb', '以西結書', 21, NOW() - INTERVAL '50 days'),
  ('11760382-6508-4d4a-820b-e6b1ac2d7345', '1c1fd8e9-26c9-48d3-81c9-c6a7dd8da5bb', '以西結書', 22, NOW() - INTERVAL '50 days'),
  ('11760382-6508-4d4a-820b-e6b1ac2d7345', '1c1fd8e9-26c9-48d3-81c9-c6a7dd8da5bb', '以西結書', 23, NOW() - INTERVAL '50 days'),
  ('11760382-6508-4d4a-820b-e6b1ac2d7345', '1c1fd8e9-26c9-48d3-81c9-c6a7dd8da5bb', '以西結書', 24, NOW() - INTERVAL '49 days'),
  ('11760382-6508-4d4a-820b-e6b1ac2d7345', '1c1fd8e9-26c9-48d3-81c9-c6a7dd8da5bb', '以西結書', 25, NOW() - INTERVAL '49 days'),
  ('11760382-6508-4d4a-820b-e6b1ac2d7345', '1c1fd8e9-26c9-48d3-81c9-c6a7dd8da5bb', '以西結書', 26, NOW() - INTERVAL '49 days'),
  ('11760382-6508-4d4a-820b-e6b1ac2d7345', '1c1fd8e9-26c9-48d3-81c9-c6a7dd8da5bb', '以西結書', 27, NOW() - INTERVAL '49 days'),
  ('11760382-6508-4d4a-820b-e6b1ac2d7345', '1c1fd8e9-26c9-48d3-81c9-c6a7dd8da5bb', '以西結書', 28, NOW() - INTERVAL '49 days'),
  ('11760382-6508-4d4a-820b-e6b1ac2d7345', '1c1fd8e9-26c9-48d3-81c9-c6a7dd8da5bb', '以西結書', 29, NOW() - INTERVAL '48 days'),
  ('11760382-6508-4d4a-820b-e6b1ac2d7345', '1c1fd8e9-26c9-48d3-81c9-c6a7dd8da5bb', '以西結書', 30, NOW() - INTERVAL '48 days'),
  ('11760382-6508-4d4a-820b-e6b1ac2d7345', '1c1fd8e9-26c9-48d3-81c9-c6a7dd8da5bb', '以西結書', 31, NOW() - INTERVAL '48 days'),
  ('11760382-6508-4d4a-820b-e6b1ac2d7345', '1c1fd8e9-26c9-48d3-81c9-c6a7dd8da5bb', '以西結書', 32, NOW() - INTERVAL '48 days'),
  ('11760382-6508-4d4a-820b-e6b1ac2d7345', '1c1fd8e9-26c9-48d3-81c9-c6a7dd8da5bb', '以西結書', 33, NOW() - INTERVAL '48 days'),
  ('11760382-6508-4d4a-820b-e6b1ac2d7345', '1c1fd8e9-26c9-48d3-81c9-c6a7dd8da5bb', '以西結書', 34, NOW() - INTERVAL '47 days'),
  ('11760382-6508-4d4a-820b-e6b1ac2d7345', '1c1fd8e9-26c9-48d3-81c9-c6a7dd8da5bb', '以西結書', 35, NOW() - INTERVAL '47 days'),
  ('11760382-6508-4d4a-820b-e6b1ac2d7345', '1c1fd8e9-26c9-48d3-81c9-c6a7dd8da5bb', '以西結書', 36, NOW() - INTERVAL '47 days'),
  ('11760382-6508-4d4a-820b-e6b1ac2d7345', '1c1fd8e9-26c9-48d3-81c9-c6a7dd8da5bb', '以西結書', 37, NOW() - INTERVAL '47 days'),
  ('11760382-6508-4d4a-820b-e6b1ac2d7345', '1c1fd8e9-26c9-48d3-81c9-c6a7dd8da5bb', '以西結書', 38, NOW() - INTERVAL '47 days'),
  ('11760382-6508-4d4a-820b-e6b1ac2d7345', '1c1fd8e9-26c9-48d3-81c9-c6a7dd8da5bb', '以西結書', 39, NOW() - INTERVAL '46 days'),
  ('11760382-6508-4d4a-820b-e6b1ac2d7345', '1c1fd8e9-26c9-48d3-81c9-c6a7dd8da5bb', '以西結書', 40, NOW() - INTERVAL '46 days'),
  ('11760382-6508-4d4a-820b-e6b1ac2d7345', '1c1fd8e9-26c9-48d3-81c9-c6a7dd8da5bb', '以西結書', 41, NOW() - INTERVAL '46 days'),
  ('11760382-6508-4d4a-820b-e6b1ac2d7345', '1c1fd8e9-26c9-48d3-81c9-c6a7dd8da5bb', '以西結書', 42, NOW() - INTERVAL '46 days'),
  ('11760382-6508-4d4a-820b-e6b1ac2d7345', '1c1fd8e9-26c9-48d3-81c9-c6a7dd8da5bb', '以西結書', 43, NOW() - INTERVAL '46 days'),
  ('11760382-6508-4d4a-820b-e6b1ac2d7345', '1c1fd8e9-26c9-48d3-81c9-c6a7dd8da5bb', '以西結書', 44, NOW() - INTERVAL '45 days'),
  ('11760382-6508-4d4a-820b-e6b1ac2d7345', '1c1fd8e9-26c9-48d3-81c9-c6a7dd8da5bb', '以西結書', 45, NOW() - INTERVAL '45 days'),
  ('11760382-6508-4d4a-820b-e6b1ac2d7345', '1c1fd8e9-26c9-48d3-81c9-c6a7dd8da5bb', '以西結書', 46, NOW() - INTERVAL '45 days'),
  ('11760382-6508-4d4a-820b-e6b1ac2d7345', '1c1fd8e9-26c9-48d3-81c9-c6a7dd8da5bb', '以西結書', 47, NOW() - INTERVAL '45 days'),
  ('11760382-6508-4d4a-820b-e6b1ac2d7345', '1c1fd8e9-26c9-48d3-81c9-c6a7dd8da5bb', '以西結書', 48, NOW() - INTERVAL '45 days'),
  ('11760382-6508-4d4a-820b-e6b1ac2d7345', '1c1fd8e9-26c9-48d3-81c9-c6a7dd8da5bb', '約翰一書', 1, NOW() - INTERVAL '44 days'),
  ('11760382-6508-4d4a-820b-e6b1ac2d7345', '1c1fd8e9-26c9-48d3-81c9-c6a7dd8da5bb', '約翰一書', 2, NOW() - INTERVAL '44 days'),
  ('11760382-6508-4d4a-820b-e6b1ac2d7345', '1c1fd8e9-26c9-48d3-81c9-c6a7dd8da5bb', '約翰一書', 3, NOW() - INTERVAL '44 days'),
  ('11760382-6508-4d4a-820b-e6b1ac2d7345', '1c1fd8e9-26c9-48d3-81c9-c6a7dd8da5bb', '約翰一書', 4, NOW() - INTERVAL '44 days'),
  ('11760382-6508-4d4a-820b-e6b1ac2d7345', '1c1fd8e9-26c9-48d3-81c9-c6a7dd8da5bb', '約翰一書', 5, NOW() - INTERVAL '44 days'),
  ('11760382-6508-4d4a-820b-e6b1ac2d7345', '1c1fd8e9-26c9-48d3-81c9-c6a7dd8da5bb', '申命記', 1, NOW() - INTERVAL '43 days'),
  ('11760382-6508-4d4a-820b-e6b1ac2d7345', '1c1fd8e9-26c9-48d3-81c9-c6a7dd8da5bb', '申命記', 2, NOW() - INTERVAL '43 days'),
  ('11760382-6508-4d4a-820b-e6b1ac2d7345', '1c1fd8e9-26c9-48d3-81c9-c6a7dd8da5bb', '申命記', 3, NOW() - INTERVAL '43 days'),
  ('11760382-6508-4d4a-820b-e6b1ac2d7345', '1c1fd8e9-26c9-48d3-81c9-c6a7dd8da5bb', '申命記', 4, NOW() - INTERVAL '43 days'),
  ('11760382-6508-4d4a-820b-e6b1ac2d7345', '1c1fd8e9-26c9-48d3-81c9-c6a7dd8da5bb', '申命記', 5, NOW() - INTERVAL '43 days'),
  ('11760382-6508-4d4a-820b-e6b1ac2d7345', '1c1fd8e9-26c9-48d3-81c9-c6a7dd8da5bb', '申命記', 6, NOW() - INTERVAL '42 days'),
  ('11760382-6508-4d4a-820b-e6b1ac2d7345', '1c1fd8e9-26c9-48d3-81c9-c6a7dd8da5bb', '申命記', 7, NOW() - INTERVAL '42 days'),
  ('11760382-6508-4d4a-820b-e6b1ac2d7345', '1c1fd8e9-26c9-48d3-81c9-c6a7dd8da5bb', '申命記', 8, NOW() - INTERVAL '42 days'),
  ('11760382-6508-4d4a-820b-e6b1ac2d7345', '1c1fd8e9-26c9-48d3-81c9-c6a7dd8da5bb', '申命記', 9, NOW() - INTERVAL '42 days'),
  ('11760382-6508-4d4a-820b-e6b1ac2d7345', '1c1fd8e9-26c9-48d3-81c9-c6a7dd8da5bb', '申命記', 10, NOW() - INTERVAL '42 days'),
  ('11760382-6508-4d4a-820b-e6b1ac2d7345', '1c1fd8e9-26c9-48d3-81c9-c6a7dd8da5bb', '申命記', 11, NOW() - INTERVAL '41 days'),
  ('11760382-6508-4d4a-820b-e6b1ac2d7345', '1c1fd8e9-26c9-48d3-81c9-c6a7dd8da5bb', '申命記', 12, NOW() - INTERVAL '41 days'),
  ('11760382-6508-4d4a-820b-e6b1ac2d7345', '1c1fd8e9-26c9-48d3-81c9-c6a7dd8da5bb', '申命記', 13, NOW() - INTERVAL '41 days'),
  ('11760382-6508-4d4a-820b-e6b1ac2d7345', '1c1fd8e9-26c9-48d3-81c9-c6a7dd8da5bb', '申命記', 14, NOW() - INTERVAL '41 days'),
  ('11760382-6508-4d4a-820b-e6b1ac2d7345', '1c1fd8e9-26c9-48d3-81c9-c6a7dd8da5bb', '申命記', 15, NOW() - INTERVAL '41 days'),
  ('11760382-6508-4d4a-820b-e6b1ac2d7345', '1c1fd8e9-26c9-48d3-81c9-c6a7dd8da5bb', '申命記', 16, NOW() - INTERVAL '40 days'),
  ('11760382-6508-4d4a-820b-e6b1ac2d7345', '1c1fd8e9-26c9-48d3-81c9-c6a7dd8da5bb', '申命記', 17, NOW() - INTERVAL '40 days'),
  ('11760382-6508-4d4a-820b-e6b1ac2d7345', '1c1fd8e9-26c9-48d3-81c9-c6a7dd8da5bb', '申命記', 18, NOW() - INTERVAL '40 days'),
  ('11760382-6508-4d4a-820b-e6b1ac2d7345', '1c1fd8e9-26c9-48d3-81c9-c6a7dd8da5bb', '申命記', 19, NOW() - INTERVAL '40 days'),
  ('11760382-6508-4d4a-820b-e6b1ac2d7345', '1c1fd8e9-26c9-48d3-81c9-c6a7dd8da5bb', '申命記', 20, NOW() - INTERVAL '40 days'),
  ('11760382-6508-4d4a-820b-e6b1ac2d7345', '1c1fd8e9-26c9-48d3-81c9-c6a7dd8da5bb', '申命記', 21, NOW() - INTERVAL '39 days'),
  ('11760382-6508-4d4a-820b-e6b1ac2d7345', '1c1fd8e9-26c9-48d3-81c9-c6a7dd8da5bb', '申命記', 22, NOW() - INTERVAL '39 days'),
  ('11760382-6508-4d4a-820b-e6b1ac2d7345', '1c1fd8e9-26c9-48d3-81c9-c6a7dd8da5bb', '申命記', 23, NOW() - INTERVAL '39 days'),
  ('11760382-6508-4d4a-820b-e6b1ac2d7345', '1c1fd8e9-26c9-48d3-81c9-c6a7dd8da5bb', '申命記', 24, NOW() - INTERVAL '39 days'),
  ('11760382-6508-4d4a-820b-e6b1ac2d7345', '1c1fd8e9-26c9-48d3-81c9-c6a7dd8da5bb', '申命記', 25, NOW() - INTERVAL '39 days'),
  ('11760382-6508-4d4a-820b-e6b1ac2d7345', '1c1fd8e9-26c9-48d3-81c9-c6a7dd8da5bb', '申命記', 26, NOW() - INTERVAL '38 days'),
  ('11760382-6508-4d4a-820b-e6b1ac2d7345', '1c1fd8e9-26c9-48d3-81c9-c6a7dd8da5bb', '申命記', 27, NOW() - INTERVAL '38 days'),
  ('11760382-6508-4d4a-820b-e6b1ac2d7345', '1c1fd8e9-26c9-48d3-81c9-c6a7dd8da5bb', '申命記', 28, NOW() - INTERVAL '38 days'),
  ('11760382-6508-4d4a-820b-e6b1ac2d7345', '1c1fd8e9-26c9-48d3-81c9-c6a7dd8da5bb', '申命記', 29, NOW() - INTERVAL '38 days'),
  ('11760382-6508-4d4a-820b-e6b1ac2d7345', '1c1fd8e9-26c9-48d3-81c9-c6a7dd8da5bb', '申命記', 30, NOW() - INTERVAL '38 days'),
  ('11760382-6508-4d4a-820b-e6b1ac2d7345', '1c1fd8e9-26c9-48d3-81c9-c6a7dd8da5bb', '申命記', 31, NOW() - INTERVAL '37 days'),
  ('11760382-6508-4d4a-820b-e6b1ac2d7345', '1c1fd8e9-26c9-48d3-81c9-c6a7dd8da5bb', '申命記', 32, NOW() - INTERVAL '37 days'),
  ('11760382-6508-4d4a-820b-e6b1ac2d7345', '1c1fd8e9-26c9-48d3-81c9-c6a7dd8da5bb', '申命記', 33, NOW() - INTERVAL '37 days'),
  ('11760382-6508-4d4a-820b-e6b1ac2d7345', '1c1fd8e9-26c9-48d3-81c9-c6a7dd8da5bb', '申命記', 34, NOW() - INTERVAL '37 days'),
  ('11760382-6508-4d4a-820b-e6b1ac2d7345', '1c1fd8e9-26c9-48d3-81c9-c6a7dd8da5bb', '使徒行傳', 1, NOW() - INTERVAL '37 days'),
  ('11760382-6508-4d4a-820b-e6b1ac2d7345', '1c1fd8e9-26c9-48d3-81c9-c6a7dd8da5bb', '使徒行傳', 2, NOW() - INTERVAL '36 days'),
  ('11760382-6508-4d4a-820b-e6b1ac2d7345', '1c1fd8e9-26c9-48d3-81c9-c6a7dd8da5bb', '使徒行傳', 3, NOW() - INTERVAL '36 days'),
  ('11760382-6508-4d4a-820b-e6b1ac2d7345', '1c1fd8e9-26c9-48d3-81c9-c6a7dd8da5bb', '使徒行傳', 4, NOW() - INTERVAL '36 days'),
  ('11760382-6508-4d4a-820b-e6b1ac2d7345', '1c1fd8e9-26c9-48d3-81c9-c6a7dd8da5bb', '使徒行傳', 5, NOW() - INTERVAL '36 days'),
  ('11760382-6508-4d4a-820b-e6b1ac2d7345', '1c1fd8e9-26c9-48d3-81c9-c6a7dd8da5bb', '使徒行傳', 6, NOW() - INTERVAL '36 days'),
  ('11760382-6508-4d4a-820b-e6b1ac2d7345', '1c1fd8e9-26c9-48d3-81c9-c6a7dd8da5bb', '使徒行傳', 7, NOW() - INTERVAL '35 days'),
  ('11760382-6508-4d4a-820b-e6b1ac2d7345', '1c1fd8e9-26c9-48d3-81c9-c6a7dd8da5bb', '使徒行傳', 8, NOW() - INTERVAL '35 days'),
  ('11760382-6508-4d4a-820b-e6b1ac2d7345', '1c1fd8e9-26c9-48d3-81c9-c6a7dd8da5bb', '使徒行傳', 9, NOW() - INTERVAL '35 days'),
  ('11760382-6508-4d4a-820b-e6b1ac2d7345', '1c1fd8e9-26c9-48d3-81c9-c6a7dd8da5bb', '使徒行傳', 10, NOW() - INTERVAL '35 days'),
  ('11760382-6508-4d4a-820b-e6b1ac2d7345', '1c1fd8e9-26c9-48d3-81c9-c6a7dd8da5bb', '使徒行傳', 11, NOW() - INTERVAL '35 days'),
  ('11760382-6508-4d4a-820b-e6b1ac2d7345', '1c1fd8e9-26c9-48d3-81c9-c6a7dd8da5bb', '使徒行傳', 12, NOW() - INTERVAL '34 days'),
  ('11760382-6508-4d4a-820b-e6b1ac2d7345', '1c1fd8e9-26c9-48d3-81c9-c6a7dd8da5bb', '使徒行傳', 13, NOW() - INTERVAL '34 days'),
  ('11760382-6508-4d4a-820b-e6b1ac2d7345', '1c1fd8e9-26c9-48d3-81c9-c6a7dd8da5bb', '使徒行傳', 14, NOW() - INTERVAL '34 days'),
  ('11760382-6508-4d4a-820b-e6b1ac2d7345', '1c1fd8e9-26c9-48d3-81c9-c6a7dd8da5bb', '使徒行傳', 15, NOW() - INTERVAL '34 days'),
  ('11760382-6508-4d4a-820b-e6b1ac2d7345', '1c1fd8e9-26c9-48d3-81c9-c6a7dd8da5bb', '使徒行傳', 16, NOW() - INTERVAL '34 days'),
  ('11760382-6508-4d4a-820b-e6b1ac2d7345', '1c1fd8e9-26c9-48d3-81c9-c6a7dd8da5bb', '使徒行傳', 17, NOW() - INTERVAL '33 days'),
  ('11760382-6508-4d4a-820b-e6b1ac2d7345', '1c1fd8e9-26c9-48d3-81c9-c6a7dd8da5bb', '使徒行傳', 18, NOW() - INTERVAL '33 days'),
  ('11760382-6508-4d4a-820b-e6b1ac2d7345', '1c1fd8e9-26c9-48d3-81c9-c6a7dd8da5bb', '使徒行傳', 19, NOW() - INTERVAL '33 days'),
  ('11760382-6508-4d4a-820b-e6b1ac2d7345', '1c1fd8e9-26c9-48d3-81c9-c6a7dd8da5bb', '使徒行傳', 20, NOW() - INTERVAL '33 days'),
  ('11760382-6508-4d4a-820b-e6b1ac2d7345', '1c1fd8e9-26c9-48d3-81c9-c6a7dd8da5bb', '使徒行傳', 21, NOW() - INTERVAL '33 days'),
  ('11760382-6508-4d4a-820b-e6b1ac2d7345', '1c1fd8e9-26c9-48d3-81c9-c6a7dd8da5bb', '使徒行傳', 22, NOW() - INTERVAL '32 days'),
  ('11760382-6508-4d4a-820b-e6b1ac2d7345', '1c1fd8e9-26c9-48d3-81c9-c6a7dd8da5bb', '使徒行傳', 23, NOW() - INTERVAL '32 days'),
  ('11760382-6508-4d4a-820b-e6b1ac2d7345', '1c1fd8e9-26c9-48d3-81c9-c6a7dd8da5bb', '使徒行傳', 24, NOW() - INTERVAL '32 days'),
  ('11760382-6508-4d4a-820b-e6b1ac2d7345', '1c1fd8e9-26c9-48d3-81c9-c6a7dd8da5bb', '使徒行傳', 25, NOW() - INTERVAL '32 days'),
  ('11760382-6508-4d4a-820b-e6b1ac2d7345', '1c1fd8e9-26c9-48d3-81c9-c6a7dd8da5bb', '使徒行傳', 26, NOW() - INTERVAL '32 days'),
  ('11760382-6508-4d4a-820b-e6b1ac2d7345', '1c1fd8e9-26c9-48d3-81c9-c6a7dd8da5bb', '使徒行傳', 27, NOW() - INTERVAL '31 days'),
  ('11760382-6508-4d4a-820b-e6b1ac2d7345', '1c1fd8e9-26c9-48d3-81c9-c6a7dd8da5bb', '使徒行傳', 28, NOW() - INTERVAL '31 days'),
  ('11760382-6508-4d4a-820b-e6b1ac2d7345', '1c1fd8e9-26c9-48d3-81c9-c6a7dd8da5bb', '箴言', 1, NOW() - INTERVAL '31 days'),
  ('11760382-6508-4d4a-820b-e6b1ac2d7345', '1c1fd8e9-26c9-48d3-81c9-c6a7dd8da5bb', '箴言', 2, NOW() - INTERVAL '31 days'),
  ('11760382-6508-4d4a-820b-e6b1ac2d7345', '1c1fd8e9-26c9-48d3-81c9-c6a7dd8da5bb', '箴言', 3, NOW() - INTERVAL '31 days'),
  ('11760382-6508-4d4a-820b-e6b1ac2d7345', '1c1fd8e9-26c9-48d3-81c9-c6a7dd8da5bb', '箴言', 4, NOW() - INTERVAL '30 days'),
  ('11760382-6508-4d4a-820b-e6b1ac2d7345', '1c1fd8e9-26c9-48d3-81c9-c6a7dd8da5bb', '箴言', 5, NOW() - INTERVAL '30 days'),
  ('11760382-6508-4d4a-820b-e6b1ac2d7345', '1c1fd8e9-26c9-48d3-81c9-c6a7dd8da5bb', '箴言', 6, NOW() - INTERVAL '30 days'),
  ('11760382-6508-4d4a-820b-e6b1ac2d7345', '1c1fd8e9-26c9-48d3-81c9-c6a7dd8da5bb', '箴言', 7, NOW() - INTERVAL '30 days'),
  ('11760382-6508-4d4a-820b-e6b1ac2d7345', '1c1fd8e9-26c9-48d3-81c9-c6a7dd8da5bb', '箴言', 8, NOW() - INTERVAL '30 days'),
  ('11760382-6508-4d4a-820b-e6b1ac2d7345', '1c1fd8e9-26c9-48d3-81c9-c6a7dd8da5bb', '箴言', 9, NOW() - INTERVAL '29 days'),
  ('11760382-6508-4d4a-820b-e6b1ac2d7345', '1c1fd8e9-26c9-48d3-81c9-c6a7dd8da5bb', '箴言', 10, NOW() - INTERVAL '29 days'),
  ('11760382-6508-4d4a-820b-e6b1ac2d7345', '1c1fd8e9-26c9-48d3-81c9-c6a7dd8da5bb', '箴言', 11, NOW() - INTERVAL '29 days'),
  ('11760382-6508-4d4a-820b-e6b1ac2d7345', '1c1fd8e9-26c9-48d3-81c9-c6a7dd8da5bb', '箴言', 12, NOW() - INTERVAL '29 days'),
  ('11760382-6508-4d4a-820b-e6b1ac2d7345', '1c1fd8e9-26c9-48d3-81c9-c6a7dd8da5bb', '箴言', 13, NOW() - INTERVAL '29 days'),
  ('11760382-6508-4d4a-820b-e6b1ac2d7345', '1c1fd8e9-26c9-48d3-81c9-c6a7dd8da5bb', '箴言', 14, NOW() - INTERVAL '28 days'),
  ('11760382-6508-4d4a-820b-e6b1ac2d7345', '1c1fd8e9-26c9-48d3-81c9-c6a7dd8da5bb', '箴言', 15, NOW() - INTERVAL '28 days'),
  ('11760382-6508-4d4a-820b-e6b1ac2d7345', '1c1fd8e9-26c9-48d3-81c9-c6a7dd8da5bb', '箴言', 16, NOW() - INTERVAL '28 days'),
  ('11760382-6508-4d4a-820b-e6b1ac2d7345', '1c1fd8e9-26c9-48d3-81c9-c6a7dd8da5bb', '箴言', 17, NOW() - INTERVAL '28 days'),
  ('11760382-6508-4d4a-820b-e6b1ac2d7345', '1c1fd8e9-26c9-48d3-81c9-c6a7dd8da5bb', '箴言', 18, NOW() - INTERVAL '28 days'),
  ('11760382-6508-4d4a-820b-e6b1ac2d7345', '1c1fd8e9-26c9-48d3-81c9-c6a7dd8da5bb', '箴言', 19, NOW() - INTERVAL '27 days'),
  ('11760382-6508-4d4a-820b-e6b1ac2d7345', '1c1fd8e9-26c9-48d3-81c9-c6a7dd8da5bb', '箴言', 20, NOW() - INTERVAL '27 days'),
  ('11760382-6508-4d4a-820b-e6b1ac2d7345', '1c1fd8e9-26c9-48d3-81c9-c6a7dd8da5bb', '箴言', 21, NOW() - INTERVAL '27 days'),
  ('11760382-6508-4d4a-820b-e6b1ac2d7345', '1c1fd8e9-26c9-48d3-81c9-c6a7dd8da5bb', '箴言', 22, NOW() - INTERVAL '27 days'),
  ('11760382-6508-4d4a-820b-e6b1ac2d7345', '1c1fd8e9-26c9-48d3-81c9-c6a7dd8da5bb', '箴言', 23, NOW() - INTERVAL '27 days'),
  ('11760382-6508-4d4a-820b-e6b1ac2d7345', '1c1fd8e9-26c9-48d3-81c9-c6a7dd8da5bb', '箴言', 24, NOW() - INTERVAL '26 days'),
  ('11760382-6508-4d4a-820b-e6b1ac2d7345', '1c1fd8e9-26c9-48d3-81c9-c6a7dd8da5bb', '箴言', 25, NOW() - INTERVAL '26 days'),
  ('11760382-6508-4d4a-820b-e6b1ac2d7345', '1c1fd8e9-26c9-48d3-81c9-c6a7dd8da5bb', '箴言', 26, NOW() - INTERVAL '26 days'),
  ('11760382-6508-4d4a-820b-e6b1ac2d7345', '1c1fd8e9-26c9-48d3-81c9-c6a7dd8da5bb', '箴言', 27, NOW() - INTERVAL '26 days'),
  ('11760382-6508-4d4a-820b-e6b1ac2d7345', '1c1fd8e9-26c9-48d3-81c9-c6a7dd8da5bb', '箴言', 28, NOW() - INTERVAL '26 days'),
  ('11760382-6508-4d4a-820b-e6b1ac2d7345', '1c1fd8e9-26c9-48d3-81c9-c6a7dd8da5bb', '箴言', 29, NOW() - INTERVAL '25 days'),
  ('11760382-6508-4d4a-820b-e6b1ac2d7345', '1c1fd8e9-26c9-48d3-81c9-c6a7dd8da5bb', '箴言', 30, NOW() - INTERVAL '25 days'),
  ('11760382-6508-4d4a-820b-e6b1ac2d7345', '1c1fd8e9-26c9-48d3-81c9-c6a7dd8da5bb', '箴言', 31, NOW() - INTERVAL '25 days'),
  ('11760382-6508-4d4a-820b-e6b1ac2d7345', '1c1fd8e9-26c9-48d3-81c9-c6a7dd8da5bb', '提摩太後書', 1, NOW() - INTERVAL '25 days'),
  ('11760382-6508-4d4a-820b-e6b1ac2d7345', '1c1fd8e9-26c9-48d3-81c9-c6a7dd8da5bb', '提摩太後書', 2, NOW() - INTERVAL '25 days'),
  ('11760382-6508-4d4a-820b-e6b1ac2d7345', '1c1fd8e9-26c9-48d3-81c9-c6a7dd8da5bb', '提摩太後書', 3, NOW() - INTERVAL '24 days'),
  ('11760382-6508-4d4a-820b-e6b1ac2d7345', '1c1fd8e9-26c9-48d3-81c9-c6a7dd8da5bb', '提摩太後書', 4, NOW() - INTERVAL '24 days'),
  ('11760382-6508-4d4a-820b-e6b1ac2d7345', '1c1fd8e9-26c9-48d3-81c9-c6a7dd8da5bb', '傳道書', 1, NOW() - INTERVAL '24 days'),
  ('11760382-6508-4d4a-820b-e6b1ac2d7345', '1c1fd8e9-26c9-48d3-81c9-c6a7dd8da5bb', '傳道書', 2, NOW() - INTERVAL '24 days'),
  ('11760382-6508-4d4a-820b-e6b1ac2d7345', '1c1fd8e9-26c9-48d3-81c9-c6a7dd8da5bb', '傳道書', 3, NOW() - INTERVAL '24 days'),
  ('11760382-6508-4d4a-820b-e6b1ac2d7345', '1c1fd8e9-26c9-48d3-81c9-c6a7dd8da5bb', '傳道書', 4, NOW() - INTERVAL '23 days'),
  ('11760382-6508-4d4a-820b-e6b1ac2d7345', '1c1fd8e9-26c9-48d3-81c9-c6a7dd8da5bb', '傳道書', 5, NOW() - INTERVAL '23 days'),
  ('11760382-6508-4d4a-820b-e6b1ac2d7345', '1c1fd8e9-26c9-48d3-81c9-c6a7dd8da5bb', '傳道書', 6, NOW() - INTERVAL '23 days'),
  ('11760382-6508-4d4a-820b-e6b1ac2d7345', '1c1fd8e9-26c9-48d3-81c9-c6a7dd8da5bb', '傳道書', 7, NOW() - INTERVAL '23 days'),
  ('11760382-6508-4d4a-820b-e6b1ac2d7345', '1c1fd8e9-26c9-48d3-81c9-c6a7dd8da5bb', '傳道書', 8, NOW() - INTERVAL '23 days'),
  ('11760382-6508-4d4a-820b-e6b1ac2d7345', '1c1fd8e9-26c9-48d3-81c9-c6a7dd8da5bb', '傳道書', 9, NOW() - INTERVAL '22 days'),
  ('11760382-6508-4d4a-820b-e6b1ac2d7345', '1c1fd8e9-26c9-48d3-81c9-c6a7dd8da5bb', '傳道書', 10, NOW() - INTERVAL '22 days'),
  ('11760382-6508-4d4a-820b-e6b1ac2d7345', '1c1fd8e9-26c9-48d3-81c9-c6a7dd8da5bb', '傳道書', 11, NOW() - INTERVAL '22 days'),
  ('11760382-6508-4d4a-820b-e6b1ac2d7345', '1c1fd8e9-26c9-48d3-81c9-c6a7dd8da5bb', '傳道書', 12, NOW() - INTERVAL '22 days'),
  ('11760382-6508-4d4a-820b-e6b1ac2d7345', '1c1fd8e9-26c9-48d3-81c9-c6a7dd8da5bb', '腓利門書', 1, NOW() - INTERVAL '22 days'),
  ('11760382-6508-4d4a-820b-e6b1ac2d7345', '1c1fd8e9-26c9-48d3-81c9-c6a7dd8da5bb', '約書亞記', 1, NOW() - INTERVAL '21 days'),
  ('11760382-6508-4d4a-820b-e6b1ac2d7345', '1c1fd8e9-26c9-48d3-81c9-c6a7dd8da5bb', '約書亞記', 2, NOW() - INTERVAL '21 days'),
  ('11760382-6508-4d4a-820b-e6b1ac2d7345', '1c1fd8e9-26c9-48d3-81c9-c6a7dd8da5bb', '約書亞記', 3, NOW() - INTERVAL '21 days'),
  ('11760382-6508-4d4a-820b-e6b1ac2d7345', '1c1fd8e9-26c9-48d3-81c9-c6a7dd8da5bb', '約書亞記', 4, NOW() - INTERVAL '21 days'),
  ('11760382-6508-4d4a-820b-e6b1ac2d7345', '1c1fd8e9-26c9-48d3-81c9-c6a7dd8da5bb', '約書亞記', 5, NOW() - INTERVAL '21 days'),
  ('11760382-6508-4d4a-820b-e6b1ac2d7345', '1c1fd8e9-26c9-48d3-81c9-c6a7dd8da5bb', '約書亞記', 6, NOW() - INTERVAL '20 days'),
  ('11760382-6508-4d4a-820b-e6b1ac2d7345', '1c1fd8e9-26c9-48d3-81c9-c6a7dd8da5bb', '約書亞記', 7, NOW() - INTERVAL '20 days'),
  ('11760382-6508-4d4a-820b-e6b1ac2d7345', '1c1fd8e9-26c9-48d3-81c9-c6a7dd8da5bb', '約書亞記', 8, NOW() - INTERVAL '20 days'),
  ('11760382-6508-4d4a-820b-e6b1ac2d7345', '1c1fd8e9-26c9-48d3-81c9-c6a7dd8da5bb', '約書亞記', 9, NOW() - INTERVAL '20 days'),
  ('11760382-6508-4d4a-820b-e6b1ac2d7345', '1c1fd8e9-26c9-48d3-81c9-c6a7dd8da5bb', '約書亞記', 10, NOW() - INTERVAL '20 days'),
  ('11760382-6508-4d4a-820b-e6b1ac2d7345', '1c1fd8e9-26c9-48d3-81c9-c6a7dd8da5bb', '約書亞記', 11, NOW() - INTERVAL '19 days'),
  ('11760382-6508-4d4a-820b-e6b1ac2d7345', '1c1fd8e9-26c9-48d3-81c9-c6a7dd8da5bb', '約書亞記', 12, NOW() - INTERVAL '19 days'),
  ('11760382-6508-4d4a-820b-e6b1ac2d7345', '1c1fd8e9-26c9-48d3-81c9-c6a7dd8da5bb', '約書亞記', 13, NOW() - INTERVAL '19 days'),
  ('11760382-6508-4d4a-820b-e6b1ac2d7345', '1c1fd8e9-26c9-48d3-81c9-c6a7dd8da5bb', '約書亞記', 14, NOW() - INTERVAL '19 days'),
  ('11760382-6508-4d4a-820b-e6b1ac2d7345', '1c1fd8e9-26c9-48d3-81c9-c6a7dd8da5bb', '約書亞記', 15, NOW() - INTERVAL '19 days'),
  ('11760382-6508-4d4a-820b-e6b1ac2d7345', '1c1fd8e9-26c9-48d3-81c9-c6a7dd8da5bb', '約書亞記', 16, NOW() - INTERVAL '18 days'),
  ('11760382-6508-4d4a-820b-e6b1ac2d7345', '1c1fd8e9-26c9-48d3-81c9-c6a7dd8da5bb', '約書亞記', 17, NOW() - INTERVAL '18 days'),
  ('11760382-6508-4d4a-820b-e6b1ac2d7345', '1c1fd8e9-26c9-48d3-81c9-c6a7dd8da5bb', '約書亞記', 18, NOW() - INTERVAL '18 days'),
  ('11760382-6508-4d4a-820b-e6b1ac2d7345', '1c1fd8e9-26c9-48d3-81c9-c6a7dd8da5bb', '約書亞記', 19, NOW() - INTERVAL '18 days'),
  ('11760382-6508-4d4a-820b-e6b1ac2d7345', '1c1fd8e9-26c9-48d3-81c9-c6a7dd8da5bb', '約書亞記', 20, NOW() - INTERVAL '18 days'),
  ('11760382-6508-4d4a-820b-e6b1ac2d7345', '1c1fd8e9-26c9-48d3-81c9-c6a7dd8da5bb', '約書亞記', 21, NOW() - INTERVAL '17 days'),
  ('11760382-6508-4d4a-820b-e6b1ac2d7345', '1c1fd8e9-26c9-48d3-81c9-c6a7dd8da5bb', '約書亞記', 22, NOW() - INTERVAL '17 days'),
  ('11760382-6508-4d4a-820b-e6b1ac2d7345', '1c1fd8e9-26c9-48d3-81c9-c6a7dd8da5bb', '約書亞記', 23, NOW() - INTERVAL '17 days'),
  ('11760382-6508-4d4a-820b-e6b1ac2d7345', '1c1fd8e9-26c9-48d3-81c9-c6a7dd8da5bb', '約書亞記', 24, NOW() - INTERVAL '17 days'),
  ('11760382-6508-4d4a-820b-e6b1ac2d7345', '1c1fd8e9-26c9-48d3-81c9-c6a7dd8da5bb', '羅馬書', 1, NOW() - INTERVAL '17 days'),
  ('11760382-6508-4d4a-820b-e6b1ac2d7345', '1c1fd8e9-26c9-48d3-81c9-c6a7dd8da5bb', '羅馬書', 2, NOW() - INTERVAL '16 days'),
  ('11760382-6508-4d4a-820b-e6b1ac2d7345', '1c1fd8e9-26c9-48d3-81c9-c6a7dd8da5bb', '羅馬書', 3, NOW() - INTERVAL '16 days'),
  ('11760382-6508-4d4a-820b-e6b1ac2d7345', '1c1fd8e9-26c9-48d3-81c9-c6a7dd8da5bb', '羅馬書', 4, NOW() - INTERVAL '16 days'),
  ('11760382-6508-4d4a-820b-e6b1ac2d7345', '1c1fd8e9-26c9-48d3-81c9-c6a7dd8da5bb', '羅馬書', 5, NOW() - INTERVAL '16 days'),
  ('11760382-6508-4d4a-820b-e6b1ac2d7345', '1c1fd8e9-26c9-48d3-81c9-c6a7dd8da5bb', '羅馬書', 6, NOW() - INTERVAL '16 days'),
  ('11760382-6508-4d4a-820b-e6b1ac2d7345', '1c1fd8e9-26c9-48d3-81c9-c6a7dd8da5bb', '羅馬書', 7, NOW() - INTERVAL '15 days'),
  ('11760382-6508-4d4a-820b-e6b1ac2d7345', '1c1fd8e9-26c9-48d3-81c9-c6a7dd8da5bb', '羅馬書', 8, NOW() - INTERVAL '15 days'),
  ('11760382-6508-4d4a-820b-e6b1ac2d7345', '1c1fd8e9-26c9-48d3-81c9-c6a7dd8da5bb', '羅馬書', 9, NOW() - INTERVAL '15 days'),
  ('11760382-6508-4d4a-820b-e6b1ac2d7345', '1c1fd8e9-26c9-48d3-81c9-c6a7dd8da5bb', '羅馬書', 10, NOW() - INTERVAL '15 days'),
  ('11760382-6508-4d4a-820b-e6b1ac2d7345', '1c1fd8e9-26c9-48d3-81c9-c6a7dd8da5bb', '羅馬書', 11, NOW() - INTERVAL '15 days'),
  ('11760382-6508-4d4a-820b-e6b1ac2d7345', '1c1fd8e9-26c9-48d3-81c9-c6a7dd8da5bb', '羅馬書', 12, NOW() - INTERVAL '14 days'),
  ('11760382-6508-4d4a-820b-e6b1ac2d7345', '1c1fd8e9-26c9-48d3-81c9-c6a7dd8da5bb', '羅馬書', 13, NOW() - INTERVAL '14 days'),
  ('11760382-6508-4d4a-820b-e6b1ac2d7345', '1c1fd8e9-26c9-48d3-81c9-c6a7dd8da5bb', '羅馬書', 14, NOW() - INTERVAL '14 days'),
  ('11760382-6508-4d4a-820b-e6b1ac2d7345', '1c1fd8e9-26c9-48d3-81c9-c6a7dd8da5bb', '羅馬書', 15, NOW() - INTERVAL '14 days'),
  ('11760382-6508-4d4a-820b-e6b1ac2d7345', '1c1fd8e9-26c9-48d3-81c9-c6a7dd8da5bb', '羅馬書', 16, NOW() - INTERVAL '14 days'),
  ('11760382-6508-4d4a-820b-e6b1ac2d7345', '1c1fd8e9-26c9-48d3-81c9-c6a7dd8da5bb', '耶利米書', 1, NOW() - INTERVAL '13 days'),
  ('11760382-6508-4d4a-820b-e6b1ac2d7345', '1c1fd8e9-26c9-48d3-81c9-c6a7dd8da5bb', '耶利米書', 2, NOW() - INTERVAL '13 days'),
  ('11760382-6508-4d4a-820b-e6b1ac2d7345', '1c1fd8e9-26c9-48d3-81c9-c6a7dd8da5bb', '耶利米書', 3, NOW() - INTERVAL '13 days'),
  ('11760382-6508-4d4a-820b-e6b1ac2d7345', '1c1fd8e9-26c9-48d3-81c9-c6a7dd8da5bb', '耶利米書', 4, NOW() - INTERVAL '13 days'),
  ('11760382-6508-4d4a-820b-e6b1ac2d7345', '1c1fd8e9-26c9-48d3-81c9-c6a7dd8da5bb', '耶利米書', 5, NOW() - INTERVAL '13 days'),
  ('11760382-6508-4d4a-820b-e6b1ac2d7345', '1c1fd8e9-26c9-48d3-81c9-c6a7dd8da5bb', '耶利米書', 6, NOW() - INTERVAL '12 days'),
  ('11760382-6508-4d4a-820b-e6b1ac2d7345', '1c1fd8e9-26c9-48d3-81c9-c6a7dd8da5bb', '耶利米書', 7, NOW() - INTERVAL '12 days'),
  ('11760382-6508-4d4a-820b-e6b1ac2d7345', '1c1fd8e9-26c9-48d3-81c9-c6a7dd8da5bb', '耶利米書', 8, NOW() - INTERVAL '12 days'),
  ('11760382-6508-4d4a-820b-e6b1ac2d7345', '1c1fd8e9-26c9-48d3-81c9-c6a7dd8da5bb', '耶利米書', 9, NOW() - INTERVAL '12 days'),
  ('11760382-6508-4d4a-820b-e6b1ac2d7345', '1c1fd8e9-26c9-48d3-81c9-c6a7dd8da5bb', '耶利米書', 10, NOW() - INTERVAL '12 days'),
  ('11760382-6508-4d4a-820b-e6b1ac2d7345', '1c1fd8e9-26c9-48d3-81c9-c6a7dd8da5bb', '耶利米書', 11, NOW() - INTERVAL '11 days'),
  ('11760382-6508-4d4a-820b-e6b1ac2d7345', '1c1fd8e9-26c9-48d3-81c9-c6a7dd8da5bb', '耶利米書', 12, NOW() - INTERVAL '11 days'),
  ('11760382-6508-4d4a-820b-e6b1ac2d7345', '1c1fd8e9-26c9-48d3-81c9-c6a7dd8da5bb', '耶利米書', 13, NOW() - INTERVAL '11 days'),
  ('11760382-6508-4d4a-820b-e6b1ac2d7345', '1c1fd8e9-26c9-48d3-81c9-c6a7dd8da5bb', '耶利米書', 14, NOW() - INTERVAL '11 days'),
  ('11760382-6508-4d4a-820b-e6b1ac2d7345', '1c1fd8e9-26c9-48d3-81c9-c6a7dd8da5bb', '耶利米書', 15, NOW() - INTERVAL '11 days'),
  ('11760382-6508-4d4a-820b-e6b1ac2d7345', '1c1fd8e9-26c9-48d3-81c9-c6a7dd8da5bb', '耶利米書', 16, NOW() - INTERVAL '10 days'),
  ('11760382-6508-4d4a-820b-e6b1ac2d7345', '1c1fd8e9-26c9-48d3-81c9-c6a7dd8da5bb', '耶利米書', 17, NOW() - INTERVAL '10 days'),
  ('11760382-6508-4d4a-820b-e6b1ac2d7345', '1c1fd8e9-26c9-48d3-81c9-c6a7dd8da5bb', '耶利米書', 18, NOW() - INTERVAL '10 days'),
  ('11760382-6508-4d4a-820b-e6b1ac2d7345', '1c1fd8e9-26c9-48d3-81c9-c6a7dd8da5bb', '耶利米書', 19, NOW() - INTERVAL '10 days'),
  ('11760382-6508-4d4a-820b-e6b1ac2d7345', '1c1fd8e9-26c9-48d3-81c9-c6a7dd8da5bb', '耶利米書', 20, NOW() - INTERVAL '10 days'),
  ('11760382-6508-4d4a-820b-e6b1ac2d7345', '1c1fd8e9-26c9-48d3-81c9-c6a7dd8da5bb', '耶利米書', 21, NOW() - INTERVAL '9 days'),
  ('11760382-6508-4d4a-820b-e6b1ac2d7345', '1c1fd8e9-26c9-48d3-81c9-c6a7dd8da5bb', '耶利米書', 22, NOW() - INTERVAL '9 days'),
  ('11760382-6508-4d4a-820b-e6b1ac2d7345', '1c1fd8e9-26c9-48d3-81c9-c6a7dd8da5bb', '耶利米書', 23, NOW() - INTERVAL '9 days'),
  ('11760382-6508-4d4a-820b-e6b1ac2d7345', '1c1fd8e9-26c9-48d3-81c9-c6a7dd8da5bb', '耶利米書', 24, NOW() - INTERVAL '9 days'),
  ('11760382-6508-4d4a-820b-e6b1ac2d7345', '1c1fd8e9-26c9-48d3-81c9-c6a7dd8da5bb', '耶利米書', 25, NOW() - INTERVAL '9 days'),
  ('11760382-6508-4d4a-820b-e6b1ac2d7345', '1c1fd8e9-26c9-48d3-81c9-c6a7dd8da5bb', '耶利米書', 26, NOW() - INTERVAL '8 days'),
  ('11760382-6508-4d4a-820b-e6b1ac2d7345', '1c1fd8e9-26c9-48d3-81c9-c6a7dd8da5bb', '耶利米書', 27, NOW() - INTERVAL '8 days'),
  ('11760382-6508-4d4a-820b-e6b1ac2d7345', '1c1fd8e9-26c9-48d3-81c9-c6a7dd8da5bb', '耶利米書', 28, NOW() - INTERVAL '8 days'),
  ('11760382-6508-4d4a-820b-e6b1ac2d7345', '1c1fd8e9-26c9-48d3-81c9-c6a7dd8da5bb', '耶利米書', 29, NOW() - INTERVAL '8 days'),
  ('11760382-6508-4d4a-820b-e6b1ac2d7345', '1c1fd8e9-26c9-48d3-81c9-c6a7dd8da5bb', '耶利米書', 30, NOW() - INTERVAL '8 days'),
  ('11760382-6508-4d4a-820b-e6b1ac2d7345', '1c1fd8e9-26c9-48d3-81c9-c6a7dd8da5bb', '耶利米書', 31, NOW() - INTERVAL '7 days'),
  ('11760382-6508-4d4a-820b-e6b1ac2d7345', '1c1fd8e9-26c9-48d3-81c9-c6a7dd8da5bb', '耶利米書', 32, NOW() - INTERVAL '7 days'),
  ('11760382-6508-4d4a-820b-e6b1ac2d7345', '1c1fd8e9-26c9-48d3-81c9-c6a7dd8da5bb', '耶利米書', 33, NOW() - INTERVAL '7 days'),
  ('11760382-6508-4d4a-820b-e6b1ac2d7345', '1c1fd8e9-26c9-48d3-81c9-c6a7dd8da5bb', '耶利米書', 34, NOW() - INTERVAL '7 days'),
  ('11760382-6508-4d4a-820b-e6b1ac2d7345', '1c1fd8e9-26c9-48d3-81c9-c6a7dd8da5bb', '耶利米書', 35, NOW() - INTERVAL '7 days'),
  ('11760382-6508-4d4a-820b-e6b1ac2d7345', '1c1fd8e9-26c9-48d3-81c9-c6a7dd8da5bb', '耶利米書', 36, NOW() - INTERVAL '6 days'),
  ('11760382-6508-4d4a-820b-e6b1ac2d7345', '1c1fd8e9-26c9-48d3-81c9-c6a7dd8da5bb', '耶利米書', 37, NOW() - INTERVAL '6 days'),
  ('11760382-6508-4d4a-820b-e6b1ac2d7345', '1c1fd8e9-26c9-48d3-81c9-c6a7dd8da5bb', '耶利米書', 38, NOW() - INTERVAL '6 days'),
  ('11760382-6508-4d4a-820b-e6b1ac2d7345', '1c1fd8e9-26c9-48d3-81c9-c6a7dd8da5bb', '耶利米書', 39, NOW() - INTERVAL '6 days'),
  ('11760382-6508-4d4a-820b-e6b1ac2d7345', '1c1fd8e9-26c9-48d3-81c9-c6a7dd8da5bb', '耶利米書', 40, NOW() - INTERVAL '6 days'),
  ('11760382-6508-4d4a-820b-e6b1ac2d7345', '1c1fd8e9-26c9-48d3-81c9-c6a7dd8da5bb', '耶利米書', 41, NOW() - INTERVAL '5 days'),
  ('11760382-6508-4d4a-820b-e6b1ac2d7345', '1c1fd8e9-26c9-48d3-81c9-c6a7dd8da5bb', '耶利米書', 42, NOW() - INTERVAL '5 days'),
  ('11760382-6508-4d4a-820b-e6b1ac2d7345', '1c1fd8e9-26c9-48d3-81c9-c6a7dd8da5bb', '耶利米書', 43, NOW() - INTERVAL '5 days'),
  ('11760382-6508-4d4a-820b-e6b1ac2d7345', '1c1fd8e9-26c9-48d3-81c9-c6a7dd8da5bb', '耶利米書', 44, NOW() - INTERVAL '5 days'),
  ('11760382-6508-4d4a-820b-e6b1ac2d7345', '1c1fd8e9-26c9-48d3-81c9-c6a7dd8da5bb', '耶利米書', 45, NOW() - INTERVAL '5 days'),
  ('11760382-6508-4d4a-820b-e6b1ac2d7345', '1c1fd8e9-26c9-48d3-81c9-c6a7dd8da5bb', '耶利米書', 46, NOW() - INTERVAL '4 days'),
  ('11760382-6508-4d4a-820b-e6b1ac2d7345', '1c1fd8e9-26c9-48d3-81c9-c6a7dd8da5bb', '耶利米書', 47, NOW() - INTERVAL '4 days'),
  ('11760382-6508-4d4a-820b-e6b1ac2d7345', '1c1fd8e9-26c9-48d3-81c9-c6a7dd8da5bb', '耶利米書', 48, NOW() - INTERVAL '4 days'),
  ('11760382-6508-4d4a-820b-e6b1ac2d7345', '1c1fd8e9-26c9-48d3-81c9-c6a7dd8da5bb', '耶利米書', 49, NOW() - INTERVAL '4 days'),
  ('11760382-6508-4d4a-820b-e6b1ac2d7345', '1c1fd8e9-26c9-48d3-81c9-c6a7dd8da5bb', '耶利米書', 50, NOW() - INTERVAL '4 days'),
  ('11760382-6508-4d4a-820b-e6b1ac2d7345', '1c1fd8e9-26c9-48d3-81c9-c6a7dd8da5bb', '耶利米書', 51, NOW() - INTERVAL '3 days'),
  ('11760382-6508-4d4a-820b-e6b1ac2d7345', '1c1fd8e9-26c9-48d3-81c9-c6a7dd8da5bb', '耶利米書', 52, NOW() - INTERVAL '3 days'),
  ('11760382-6508-4d4a-820b-e6b1ac2d7345', '1c1fd8e9-26c9-48d3-81c9-c6a7dd8da5bb', '彼得後書', 1, NOW() - INTERVAL '3 days'),
  ('11760382-6508-4d4a-820b-e6b1ac2d7345', '1c1fd8e9-26c9-48d3-81c9-c6a7dd8da5bb', '彼得後書', 2, NOW() - INTERVAL '3 days'),
  ('11760382-6508-4d4a-820b-e6b1ac2d7345', '1c1fd8e9-26c9-48d3-81c9-c6a7dd8da5bb', '彼得後書', 3, NOW() - INTERVAL '3 days'),
  ('11760382-6508-4d4a-820b-e6b1ac2d7345', '1c1fd8e9-26c9-48d3-81c9-c6a7dd8da5bb', '西番雅書', 1, NOW() - INTERVAL '2 days'),
  ('11760382-6508-4d4a-820b-e6b1ac2d7345', '1c1fd8e9-26c9-48d3-81c9-c6a7dd8da5bb', '西番雅書', 2, NOW() - INTERVAL '2 days'),
  ('11760382-6508-4d4a-820b-e6b1ac2d7345', '1c1fd8e9-26c9-48d3-81c9-c6a7dd8da5bb', '西番雅書', 3, NOW() - INTERVAL '2 days'),
  ('11760382-6508-4d4a-820b-e6b1ac2d7345', '1c1fd8e9-26c9-48d3-81c9-c6a7dd8da5bb', '哈該書', 1, NOW() - INTERVAL '2 days'),
  ('11760382-6508-4d4a-820b-e6b1ac2d7345', '1c1fd8e9-26c9-48d3-81c9-c6a7dd8da5bb', '哈該書', 2, NOW() - INTERVAL '2 days'),
  ('11760382-6508-4d4a-820b-e6b1ac2d7345', '1c1fd8e9-26c9-48d3-81c9-c6a7dd8da5bb', '士師記', 1, NOW() - INTERVAL '1 days'),
  ('11760382-6508-4d4a-820b-e6b1ac2d7345', '1c1fd8e9-26c9-48d3-81c9-c6a7dd8da5bb', '士師記', 2, NOW() - INTERVAL '1 days'),
  ('11760382-6508-4d4a-820b-e6b1ac2d7345', '1c1fd8e9-26c9-48d3-81c9-c6a7dd8da5bb', '士師記', 3, NOW() - INTERVAL '1 days'),
  ('11760382-6508-4d4a-820b-e6b1ac2d7345', '1c1fd8e9-26c9-48d3-81c9-c6a7dd8da5bb', '士師記', 4, NOW() - INTERVAL '1 days'),
  ('11760382-6508-4d4a-820b-e6b1ac2d7345', '1c1fd8e9-26c9-48d3-81c9-c6a7dd8da5bb', '士師記', 5, NOW() - INTERVAL '1 days'),
  ('11760382-6508-4d4a-820b-e6b1ac2d7345', '1c1fd8e9-26c9-48d3-81c9-c6a7dd8da5bb', '士師記', 6, NOW() - INTERVAL '0 days'),
  ('11760382-6508-4d4a-820b-e6b1ac2d7345', '1c1fd8e9-26c9-48d3-81c9-c6a7dd8da5bb', '士師記', 7, NOW() - INTERVAL '0 days'),
  ('11760382-6508-4d4a-820b-e6b1ac2d7345', '1c1fd8e9-26c9-48d3-81c9-c6a7dd8da5bb', '士師記', 8, NOW() - INTERVAL '0 days'),
  ('11760382-6508-4d4a-820b-e6b1ac2d7345', '1c1fd8e9-26c9-48d3-81c9-c6a7dd8da5bb', '士師記', 9, NOW() - INTERVAL '0 days');

--------------------------------------------------

-- 使用者: 示範組員三
INSERT INTO auth.users (id, email, raw_user_meta_data, created_at, updated_at, instance_id, aud, role, encrypted_password)
VALUES (
  '9202e8f8-365f-4e72-99d1-271c61bc9453',
  '9202e8f8@church-bible.com',
  '{"full_name": "示範組員三"}',
  NOW() - INTERVAL '21 days',
  NOW(),
  '00000000-0000-0000-0000-000000000000',
  'authenticated',
  'authenticated',
  '$2a$10$abcdefghijklmnopqrstuv' -- Dummy bcrypt hash
) ON CONFLICT (id) DO NOTHING;

INSERT INTO public.profiles (id, name, great_region, pastoral_zone, small_group, role, is_demo, updated_at)
VALUES (
  '9202e8f8-365f-4e72-99d1-271c61bc9453',
  '示範組員三',
  '示範大區A',
  '示範牧區乙',
  '示範小組3',
  'member',
  TRUE,
  NOW()
) ON CONFLICT (id) DO NOTHING;

INSERT INTO public.reading_plans (id, user_id, name, start_date, end_date, target_books)
VALUES (
  '9814ff83-23bc-4990-8207-80b13d285c00',
  '9202e8f8-365f-4e72-99d1-271c61bc9453',
  '第一季速讀：2026年7月~9月',
  '2026-07-01',
  '2026-09-30',
  ARRAY['創世記', '馬太福音', '列王紀下', '雅各書', '出埃及記', '馬可福音', '約伯記', '加拉太書', '哈巴谷書', '猶大書', '利未記', '路加福音', '歷代志下', '帖撒羅尼迦前書', '約拿書', '約翰二書', '彌迦書', '約翰三書']
) ON CONFLICT (id) DO NOTHING;

INSERT INTO public.reading_logs (user_id, plan_id, book, chapter, read_at)
VALUES
  ('9202e8f8-365f-4e72-99d1-271c61bc9453', '9814ff83-23bc-4990-8207-80b13d285c00', '創世記', 1, NOW() - INTERVAL '24 days'),
  ('9202e8f8-365f-4e72-99d1-271c61bc9453', '9814ff83-23bc-4990-8207-80b13d285c00', '創世記', 2, NOW() - INTERVAL '23 days'),
  ('9202e8f8-365f-4e72-99d1-271c61bc9453', '9814ff83-23bc-4990-8207-80b13d285c00', '創世記', 3, NOW() - INTERVAL '23 days'),
  ('9202e8f8-365f-4e72-99d1-271c61bc9453', '9814ff83-23bc-4990-8207-80b13d285c00', '創世記', 4, NOW() - INTERVAL '23 days'),
  ('9202e8f8-365f-4e72-99d1-271c61bc9453', '9814ff83-23bc-4990-8207-80b13d285c00', '創世記', 5, NOW() - INTERVAL '23 days'),
  ('9202e8f8-365f-4e72-99d1-271c61bc9453', '9814ff83-23bc-4990-8207-80b13d285c00', '創世記', 6, NOW() - INTERVAL '23 days'),
  ('9202e8f8-365f-4e72-99d1-271c61bc9453', '9814ff83-23bc-4990-8207-80b13d285c00', '創世記', 7, NOW() - INTERVAL '22 days'),
  ('9202e8f8-365f-4e72-99d1-271c61bc9453', '9814ff83-23bc-4990-8207-80b13d285c00', '創世記', 8, NOW() - INTERVAL '22 days'),
  ('9202e8f8-365f-4e72-99d1-271c61bc9453', '9814ff83-23bc-4990-8207-80b13d285c00', '創世記', 9, NOW() - INTERVAL '22 days'),
  ('9202e8f8-365f-4e72-99d1-271c61bc9453', '9814ff83-23bc-4990-8207-80b13d285c00', '創世記', 10, NOW() - INTERVAL '22 days'),
  ('9202e8f8-365f-4e72-99d1-271c61bc9453', '9814ff83-23bc-4990-8207-80b13d285c00', '創世記', 11, NOW() - INTERVAL '22 days'),
  ('9202e8f8-365f-4e72-99d1-271c61bc9453', '9814ff83-23bc-4990-8207-80b13d285c00', '創世記', 12, NOW() - INTERVAL '21 days'),
  ('9202e8f8-365f-4e72-99d1-271c61bc9453', '9814ff83-23bc-4990-8207-80b13d285c00', '創世記', 13, NOW() - INTERVAL '21 days'),
  ('9202e8f8-365f-4e72-99d1-271c61bc9453', '9814ff83-23bc-4990-8207-80b13d285c00', '創世記', 14, NOW() - INTERVAL '21 days'),
  ('9202e8f8-365f-4e72-99d1-271c61bc9453', '9814ff83-23bc-4990-8207-80b13d285c00', '創世記', 15, NOW() - INTERVAL '21 days'),
  ('9202e8f8-365f-4e72-99d1-271c61bc9453', '9814ff83-23bc-4990-8207-80b13d285c00', '創世記', 16, NOW() - INTERVAL '21 days'),
  ('9202e8f8-365f-4e72-99d1-271c61bc9453', '9814ff83-23bc-4990-8207-80b13d285c00', '創世記', 17, NOW() - INTERVAL '20 days'),
  ('9202e8f8-365f-4e72-99d1-271c61bc9453', '9814ff83-23bc-4990-8207-80b13d285c00', '創世記', 18, NOW() - INTERVAL '20 days'),
  ('9202e8f8-365f-4e72-99d1-271c61bc9453', '9814ff83-23bc-4990-8207-80b13d285c00', '創世記', 19, NOW() - INTERVAL '20 days'),
  ('9202e8f8-365f-4e72-99d1-271c61bc9453', '9814ff83-23bc-4990-8207-80b13d285c00', '創世記', 20, NOW() - INTERVAL '20 days'),
  ('9202e8f8-365f-4e72-99d1-271c61bc9453', '9814ff83-23bc-4990-8207-80b13d285c00', '創世記', 21, NOW() - INTERVAL '20 days'),
  ('9202e8f8-365f-4e72-99d1-271c61bc9453', '9814ff83-23bc-4990-8207-80b13d285c00', '創世記', 22, NOW() - INTERVAL '19 days'),
  ('9202e8f8-365f-4e72-99d1-271c61bc9453', '9814ff83-23bc-4990-8207-80b13d285c00', '創世記', 23, NOW() - INTERVAL '19 days'),
  ('9202e8f8-365f-4e72-99d1-271c61bc9453', '9814ff83-23bc-4990-8207-80b13d285c00', '創世記', 24, NOW() - INTERVAL '19 days'),
  ('9202e8f8-365f-4e72-99d1-271c61bc9453', '9814ff83-23bc-4990-8207-80b13d285c00', '創世記', 25, NOW() - INTERVAL '19 days'),
  ('9202e8f8-365f-4e72-99d1-271c61bc9453', '9814ff83-23bc-4990-8207-80b13d285c00', '創世記', 26, NOW() - INTERVAL '19 days'),
  ('9202e8f8-365f-4e72-99d1-271c61bc9453', '9814ff83-23bc-4990-8207-80b13d285c00', '創世記', 27, NOW() - INTERVAL '18 days'),
  ('9202e8f8-365f-4e72-99d1-271c61bc9453', '9814ff83-23bc-4990-8207-80b13d285c00', '創世記', 28, NOW() - INTERVAL '18 days'),
  ('9202e8f8-365f-4e72-99d1-271c61bc9453', '9814ff83-23bc-4990-8207-80b13d285c00', '創世記', 29, NOW() - INTERVAL '18 days'),
  ('9202e8f8-365f-4e72-99d1-271c61bc9453', '9814ff83-23bc-4990-8207-80b13d285c00', '創世記', 30, NOW() - INTERVAL '18 days'),
  ('9202e8f8-365f-4e72-99d1-271c61bc9453', '9814ff83-23bc-4990-8207-80b13d285c00', '創世記', 31, NOW() - INTERVAL '18 days'),
  ('9202e8f8-365f-4e72-99d1-271c61bc9453', '9814ff83-23bc-4990-8207-80b13d285c00', '創世記', 32, NOW() - INTERVAL '17 days'),
  ('9202e8f8-365f-4e72-99d1-271c61bc9453', '9814ff83-23bc-4990-8207-80b13d285c00', '創世記', 33, NOW() - INTERVAL '17 days'),
  ('9202e8f8-365f-4e72-99d1-271c61bc9453', '9814ff83-23bc-4990-8207-80b13d285c00', '創世記', 34, NOW() - INTERVAL '17 days'),
  ('9202e8f8-365f-4e72-99d1-271c61bc9453', '9814ff83-23bc-4990-8207-80b13d285c00', '創世記', 35, NOW() - INTERVAL '17 days'),
  ('9202e8f8-365f-4e72-99d1-271c61bc9453', '9814ff83-23bc-4990-8207-80b13d285c00', '創世記', 36, NOW() - INTERVAL '17 days'),
  ('9202e8f8-365f-4e72-99d1-271c61bc9453', '9814ff83-23bc-4990-8207-80b13d285c00', '創世記', 37, NOW() - INTERVAL '16 days'),
  ('9202e8f8-365f-4e72-99d1-271c61bc9453', '9814ff83-23bc-4990-8207-80b13d285c00', '創世記', 38, NOW() - INTERVAL '16 days'),
  ('9202e8f8-365f-4e72-99d1-271c61bc9453', '9814ff83-23bc-4990-8207-80b13d285c00', '創世記', 39, NOW() - INTERVAL '16 days'),
  ('9202e8f8-365f-4e72-99d1-271c61bc9453', '9814ff83-23bc-4990-8207-80b13d285c00', '創世記', 40, NOW() - INTERVAL '16 days'),
  ('9202e8f8-365f-4e72-99d1-271c61bc9453', '9814ff83-23bc-4990-8207-80b13d285c00', '創世記', 41, NOW() - INTERVAL '16 days'),
  ('9202e8f8-365f-4e72-99d1-271c61bc9453', '9814ff83-23bc-4990-8207-80b13d285c00', '創世記', 42, NOW() - INTERVAL '15 days'),
  ('9202e8f8-365f-4e72-99d1-271c61bc9453', '9814ff83-23bc-4990-8207-80b13d285c00', '創世記', 43, NOW() - INTERVAL '15 days'),
  ('9202e8f8-365f-4e72-99d1-271c61bc9453', '9814ff83-23bc-4990-8207-80b13d285c00', '創世記', 44, NOW() - INTERVAL '15 days'),
  ('9202e8f8-365f-4e72-99d1-271c61bc9453', '9814ff83-23bc-4990-8207-80b13d285c00', '創世記', 45, NOW() - INTERVAL '15 days'),
  ('9202e8f8-365f-4e72-99d1-271c61bc9453', '9814ff83-23bc-4990-8207-80b13d285c00', '創世記', 46, NOW() - INTERVAL '15 days'),
  ('9202e8f8-365f-4e72-99d1-271c61bc9453', '9814ff83-23bc-4990-8207-80b13d285c00', '創世記', 47, NOW() - INTERVAL '14 days'),
  ('9202e8f8-365f-4e72-99d1-271c61bc9453', '9814ff83-23bc-4990-8207-80b13d285c00', '創世記', 48, NOW() - INTERVAL '14 days'),
  ('9202e8f8-365f-4e72-99d1-271c61bc9453', '9814ff83-23bc-4990-8207-80b13d285c00', '創世記', 49, NOW() - INTERVAL '14 days'),
  ('9202e8f8-365f-4e72-99d1-271c61bc9453', '9814ff83-23bc-4990-8207-80b13d285c00', '創世記', 50, NOW() - INTERVAL '14 days'),
  ('9202e8f8-365f-4e72-99d1-271c61bc9453', '9814ff83-23bc-4990-8207-80b13d285c00', '馬太福音', 1, NOW() - INTERVAL '14 days'),
  ('9202e8f8-365f-4e72-99d1-271c61bc9453', '9814ff83-23bc-4990-8207-80b13d285c00', '馬太福音', 2, NOW() - INTERVAL '13 days'),
  ('9202e8f8-365f-4e72-99d1-271c61bc9453', '9814ff83-23bc-4990-8207-80b13d285c00', '馬太福音', 3, NOW() - INTERVAL '13 days'),
  ('9202e8f8-365f-4e72-99d1-271c61bc9453', '9814ff83-23bc-4990-8207-80b13d285c00', '馬太福音', 4, NOW() - INTERVAL '13 days'),
  ('9202e8f8-365f-4e72-99d1-271c61bc9453', '9814ff83-23bc-4990-8207-80b13d285c00', '馬太福音', 5, NOW() - INTERVAL '13 days'),
  ('9202e8f8-365f-4e72-99d1-271c61bc9453', '9814ff83-23bc-4990-8207-80b13d285c00', '馬太福音', 6, NOW() - INTERVAL '13 days'),
  ('9202e8f8-365f-4e72-99d1-271c61bc9453', '9814ff83-23bc-4990-8207-80b13d285c00', '馬太福音', 7, NOW() - INTERVAL '12 days'),
  ('9202e8f8-365f-4e72-99d1-271c61bc9453', '9814ff83-23bc-4990-8207-80b13d285c00', '馬太福音', 8, NOW() - INTERVAL '12 days'),
  ('9202e8f8-365f-4e72-99d1-271c61bc9453', '9814ff83-23bc-4990-8207-80b13d285c00', '馬太福音', 9, NOW() - INTERVAL '12 days'),
  ('9202e8f8-365f-4e72-99d1-271c61bc9453', '9814ff83-23bc-4990-8207-80b13d285c00', '馬太福音', 10, NOW() - INTERVAL '12 days'),
  ('9202e8f8-365f-4e72-99d1-271c61bc9453', '9814ff83-23bc-4990-8207-80b13d285c00', '馬太福音', 11, NOW() - INTERVAL '12 days'),
  ('9202e8f8-365f-4e72-99d1-271c61bc9453', '9814ff83-23bc-4990-8207-80b13d285c00', '馬太福音', 12, NOW() - INTERVAL '11 days'),
  ('9202e8f8-365f-4e72-99d1-271c61bc9453', '9814ff83-23bc-4990-8207-80b13d285c00', '馬太福音', 13, NOW() - INTERVAL '11 days'),
  ('9202e8f8-365f-4e72-99d1-271c61bc9453', '9814ff83-23bc-4990-8207-80b13d285c00', '馬太福音', 14, NOW() - INTERVAL '11 days'),
  ('9202e8f8-365f-4e72-99d1-271c61bc9453', '9814ff83-23bc-4990-8207-80b13d285c00', '馬太福音', 15, NOW() - INTERVAL '11 days'),
  ('9202e8f8-365f-4e72-99d1-271c61bc9453', '9814ff83-23bc-4990-8207-80b13d285c00', '馬太福音', 16, NOW() - INTERVAL '11 days'),
  ('9202e8f8-365f-4e72-99d1-271c61bc9453', '9814ff83-23bc-4990-8207-80b13d285c00', '馬太福音', 17, NOW() - INTERVAL '10 days'),
  ('9202e8f8-365f-4e72-99d1-271c61bc9453', '9814ff83-23bc-4990-8207-80b13d285c00', '馬太福音', 18, NOW() - INTERVAL '10 days'),
  ('9202e8f8-365f-4e72-99d1-271c61bc9453', '9814ff83-23bc-4990-8207-80b13d285c00', '馬太福音', 19, NOW() - INTERVAL '10 days'),
  ('9202e8f8-365f-4e72-99d1-271c61bc9453', '9814ff83-23bc-4990-8207-80b13d285c00', '馬太福音', 20, NOW() - INTERVAL '10 days'),
  ('9202e8f8-365f-4e72-99d1-271c61bc9453', '9814ff83-23bc-4990-8207-80b13d285c00', '馬太福音', 21, NOW() - INTERVAL '10 days'),
  ('9202e8f8-365f-4e72-99d1-271c61bc9453', '9814ff83-23bc-4990-8207-80b13d285c00', '馬太福音', 22, NOW() - INTERVAL '9 days'),
  ('9202e8f8-365f-4e72-99d1-271c61bc9453', '9814ff83-23bc-4990-8207-80b13d285c00', '馬太福音', 23, NOW() - INTERVAL '9 days'),
  ('9202e8f8-365f-4e72-99d1-271c61bc9453', '9814ff83-23bc-4990-8207-80b13d285c00', '馬太福音', 24, NOW() - INTERVAL '9 days'),
  ('9202e8f8-365f-4e72-99d1-271c61bc9453', '9814ff83-23bc-4990-8207-80b13d285c00', '馬太福音', 25, NOW() - INTERVAL '9 days'),
  ('9202e8f8-365f-4e72-99d1-271c61bc9453', '9814ff83-23bc-4990-8207-80b13d285c00', '馬太福音', 26, NOW() - INTERVAL '9 days'),
  ('9202e8f8-365f-4e72-99d1-271c61bc9453', '9814ff83-23bc-4990-8207-80b13d285c00', '馬太福音', 27, NOW() - INTERVAL '8 days'),
  ('9202e8f8-365f-4e72-99d1-271c61bc9453', '9814ff83-23bc-4990-8207-80b13d285c00', '馬太福音', 28, NOW() - INTERVAL '8 days'),
  ('9202e8f8-365f-4e72-99d1-271c61bc9453', '9814ff83-23bc-4990-8207-80b13d285c00', '列王紀下', 1, NOW() - INTERVAL '8 days'),
  ('9202e8f8-365f-4e72-99d1-271c61bc9453', '9814ff83-23bc-4990-8207-80b13d285c00', '列王紀下', 2, NOW() - INTERVAL '8 days'),
  ('9202e8f8-365f-4e72-99d1-271c61bc9453', '9814ff83-23bc-4990-8207-80b13d285c00', '列王紀下', 3, NOW() - INTERVAL '8 days'),
  ('9202e8f8-365f-4e72-99d1-271c61bc9453', '9814ff83-23bc-4990-8207-80b13d285c00', '列王紀下', 4, NOW() - INTERVAL '7 days'),
  ('9202e8f8-365f-4e72-99d1-271c61bc9453', '9814ff83-23bc-4990-8207-80b13d285c00', '列王紀下', 5, NOW() - INTERVAL '7 days'),
  ('9202e8f8-365f-4e72-99d1-271c61bc9453', '9814ff83-23bc-4990-8207-80b13d285c00', '列王紀下', 6, NOW() - INTERVAL '7 days'),
  ('9202e8f8-365f-4e72-99d1-271c61bc9453', '9814ff83-23bc-4990-8207-80b13d285c00', '列王紀下', 7, NOW() - INTERVAL '7 days'),
  ('9202e8f8-365f-4e72-99d1-271c61bc9453', '9814ff83-23bc-4990-8207-80b13d285c00', '列王紀下', 8, NOW() - INTERVAL '7 days'),
  ('9202e8f8-365f-4e72-99d1-271c61bc9453', '9814ff83-23bc-4990-8207-80b13d285c00', '列王紀下', 9, NOW() - INTERVAL '6 days'),
  ('9202e8f8-365f-4e72-99d1-271c61bc9453', '9814ff83-23bc-4990-8207-80b13d285c00', '列王紀下', 10, NOW() - INTERVAL '6 days'),
  ('9202e8f8-365f-4e72-99d1-271c61bc9453', '9814ff83-23bc-4990-8207-80b13d285c00', '列王紀下', 11, NOW() - INTERVAL '6 days'),
  ('9202e8f8-365f-4e72-99d1-271c61bc9453', '9814ff83-23bc-4990-8207-80b13d285c00', '列王紀下', 12, NOW() - INTERVAL '6 days'),
  ('9202e8f8-365f-4e72-99d1-271c61bc9453', '9814ff83-23bc-4990-8207-80b13d285c00', '列王紀下', 13, NOW() - INTERVAL '6 days'),
  ('9202e8f8-365f-4e72-99d1-271c61bc9453', '9814ff83-23bc-4990-8207-80b13d285c00', '列王紀下', 14, NOW() - INTERVAL '5 days'),
  ('9202e8f8-365f-4e72-99d1-271c61bc9453', '9814ff83-23bc-4990-8207-80b13d285c00', '列王紀下', 15, NOW() - INTERVAL '5 days'),
  ('9202e8f8-365f-4e72-99d1-271c61bc9453', '9814ff83-23bc-4990-8207-80b13d285c00', '列王紀下', 16, NOW() - INTERVAL '5 days'),
  ('9202e8f8-365f-4e72-99d1-271c61bc9453', '9814ff83-23bc-4990-8207-80b13d285c00', '列王紀下', 17, NOW() - INTERVAL '5 days'),
  ('9202e8f8-365f-4e72-99d1-271c61bc9453', '9814ff83-23bc-4990-8207-80b13d285c00', '列王紀下', 18, NOW() - INTERVAL '5 days'),
  ('9202e8f8-365f-4e72-99d1-271c61bc9453', '9814ff83-23bc-4990-8207-80b13d285c00', '列王紀下', 19, NOW() - INTERVAL '4 days'),
  ('9202e8f8-365f-4e72-99d1-271c61bc9453', '9814ff83-23bc-4990-8207-80b13d285c00', '列王紀下', 20, NOW() - INTERVAL '4 days'),
  ('9202e8f8-365f-4e72-99d1-271c61bc9453', '9814ff83-23bc-4990-8207-80b13d285c00', '列王紀下', 21, NOW() - INTERVAL '4 days'),
  ('9202e8f8-365f-4e72-99d1-271c61bc9453', '9814ff83-23bc-4990-8207-80b13d285c00', '列王紀下', 22, NOW() - INTERVAL '4 days'),
  ('9202e8f8-365f-4e72-99d1-271c61bc9453', '9814ff83-23bc-4990-8207-80b13d285c00', '列王紀下', 23, NOW() - INTERVAL '4 days'),
  ('9202e8f8-365f-4e72-99d1-271c61bc9453', '9814ff83-23bc-4990-8207-80b13d285c00', '列王紀下', 24, NOW() - INTERVAL '3 days'),
  ('9202e8f8-365f-4e72-99d1-271c61bc9453', '9814ff83-23bc-4990-8207-80b13d285c00', '列王紀下', 25, NOW() - INTERVAL '3 days'),
  ('9202e8f8-365f-4e72-99d1-271c61bc9453', '9814ff83-23bc-4990-8207-80b13d285c00', '雅各書', 1, NOW() - INTERVAL '3 days'),
  ('9202e8f8-365f-4e72-99d1-271c61bc9453', '9814ff83-23bc-4990-8207-80b13d285c00', '雅各書', 2, NOW() - INTERVAL '3 days'),
  ('9202e8f8-365f-4e72-99d1-271c61bc9453', '9814ff83-23bc-4990-8207-80b13d285c00', '雅各書', 3, NOW() - INTERVAL '3 days'),
  ('9202e8f8-365f-4e72-99d1-271c61bc9453', '9814ff83-23bc-4990-8207-80b13d285c00', '雅各書', 4, NOW() - INTERVAL '2 days'),
  ('9202e8f8-365f-4e72-99d1-271c61bc9453', '9814ff83-23bc-4990-8207-80b13d285c00', '雅各書', 5, NOW() - INTERVAL '2 days'),
  ('9202e8f8-365f-4e72-99d1-271c61bc9453', '9814ff83-23bc-4990-8207-80b13d285c00', '出埃及記', 1, NOW() - INTERVAL '2 days'),
  ('9202e8f8-365f-4e72-99d1-271c61bc9453', '9814ff83-23bc-4990-8207-80b13d285c00', '出埃及記', 2, NOW() - INTERVAL '2 days'),
  ('9202e8f8-365f-4e72-99d1-271c61bc9453', '9814ff83-23bc-4990-8207-80b13d285c00', '出埃及記', 3, NOW() - INTERVAL '2 days'),
  ('9202e8f8-365f-4e72-99d1-271c61bc9453', '9814ff83-23bc-4990-8207-80b13d285c00', '出埃及記', 4, NOW() - INTERVAL '1 days'),
  ('9202e8f8-365f-4e72-99d1-271c61bc9453', '9814ff83-23bc-4990-8207-80b13d285c00', '出埃及記', 5, NOW() - INTERVAL '1 days'),
  ('9202e8f8-365f-4e72-99d1-271c61bc9453', '9814ff83-23bc-4990-8207-80b13d285c00', '出埃及記', 6, NOW() - INTERVAL '1 days'),
  ('9202e8f8-365f-4e72-99d1-271c61bc9453', '9814ff83-23bc-4990-8207-80b13d285c00', '出埃及記', 7, NOW() - INTERVAL '1 days'),
  ('9202e8f8-365f-4e72-99d1-271c61bc9453', '9814ff83-23bc-4990-8207-80b13d285c00', '出埃及記', 8, NOW() - INTERVAL '1 days'),
  ('9202e8f8-365f-4e72-99d1-271c61bc9453', '9814ff83-23bc-4990-8207-80b13d285c00', '出埃及記', 9, NOW() - INTERVAL '0 days'),
  ('9202e8f8-365f-4e72-99d1-271c61bc9453', '9814ff83-23bc-4990-8207-80b13d285c00', '出埃及記', 10, NOW() - INTERVAL '0 days'),
  ('9202e8f8-365f-4e72-99d1-271c61bc9453', '9814ff83-23bc-4990-8207-80b13d285c00', '出埃及記', 11, NOW() - INTERVAL '0 days'),
  ('9202e8f8-365f-4e72-99d1-271c61bc9453', '9814ff83-23bc-4990-8207-80b13d285c00', '出埃及記', 12, NOW() - INTERVAL '0 days');

--------------------------------------------------

-- 使用者: 示範組長丙
INSERT INTO auth.users (id, email, raw_user_meta_data, created_at, updated_at, instance_id, aud, role, encrypted_password)
VALUES (
  '76edc864-0409-4659-bdcd-7b6176bffe9d',
  '76edc864@church-bible.com',
  '{"full_name": "示範組長丙"}',
  NOW() - INTERVAL '11 days',
  NOW(),
  '00000000-0000-0000-0000-000000000000',
  'authenticated',
  'authenticated',
  '$2a$10$abcdefghijklmnopqrstuv' -- Dummy bcrypt hash
) ON CONFLICT (id) DO NOTHING;

INSERT INTO public.profiles (id, name, great_region, pastoral_zone, small_group, role, is_demo, updated_at)
VALUES (
  '76edc864-0409-4659-bdcd-7b6176bffe9d',
  '示範組長丙',
  '示範大區A',
  '示範牧區丙',
  '示範小組4',
  'group_leader',
  TRUE,
  NOW()
) ON CONFLICT (id) DO NOTHING;

INSERT INTO public.reading_plans (id, user_id, name, start_date, end_date, target_books)
VALUES (
  'cbe6cf13-7e80-4aa6-96d7-ddee65bacc2b',
  '76edc864-0409-4659-bdcd-7b6176bffe9d',
  '第一季速讀：2026年7月~9月',
  '2026-07-01',
  '2026-09-30',
  ARRAY['創世記', '馬太福音', '列王紀下', '雅各書', '出埃及記', '馬可福音', '約伯記', '加拉太書', '哈巴谷書', '猶大書', '利未記', '路加福音', '歷代志下', '帖撒羅尼迦前書', '約拿書', '約翰二書', '彌迦書', '約翰三書']
) ON CONFLICT (id) DO NOTHING;

INSERT INTO public.reading_logs (user_id, plan_id, book, chapter, read_at)
VALUES
  ('76edc864-0409-4659-bdcd-7b6176bffe9d', 'cbe6cf13-7e80-4aa6-96d7-ddee65bacc2b', '創世記', 1, NOW() - INTERVAL '62 days'),
  ('76edc864-0409-4659-bdcd-7b6176bffe9d', 'cbe6cf13-7e80-4aa6-96d7-ddee65bacc2b', '創世記', 2, NOW() - INTERVAL '61 days'),
  ('76edc864-0409-4659-bdcd-7b6176bffe9d', 'cbe6cf13-7e80-4aa6-96d7-ddee65bacc2b', '創世記', 3, NOW() - INTERVAL '61 days'),
  ('76edc864-0409-4659-bdcd-7b6176bffe9d', 'cbe6cf13-7e80-4aa6-96d7-ddee65bacc2b', '創世記', 4, NOW() - INTERVAL '61 days'),
  ('76edc864-0409-4659-bdcd-7b6176bffe9d', 'cbe6cf13-7e80-4aa6-96d7-ddee65bacc2b', '創世記', 5, NOW() - INTERVAL '61 days'),
  ('76edc864-0409-4659-bdcd-7b6176bffe9d', 'cbe6cf13-7e80-4aa6-96d7-ddee65bacc2b', '創世記', 6, NOW() - INTERVAL '61 days'),
  ('76edc864-0409-4659-bdcd-7b6176bffe9d', 'cbe6cf13-7e80-4aa6-96d7-ddee65bacc2b', '創世記', 7, NOW() - INTERVAL '60 days'),
  ('76edc864-0409-4659-bdcd-7b6176bffe9d', 'cbe6cf13-7e80-4aa6-96d7-ddee65bacc2b', '創世記', 8, NOW() - INTERVAL '60 days'),
  ('76edc864-0409-4659-bdcd-7b6176bffe9d', 'cbe6cf13-7e80-4aa6-96d7-ddee65bacc2b', '創世記', 9, NOW() - INTERVAL '60 days'),
  ('76edc864-0409-4659-bdcd-7b6176bffe9d', 'cbe6cf13-7e80-4aa6-96d7-ddee65bacc2b', '創世記', 10, NOW() - INTERVAL '60 days'),
  ('76edc864-0409-4659-bdcd-7b6176bffe9d', 'cbe6cf13-7e80-4aa6-96d7-ddee65bacc2b', '創世記', 11, NOW() - INTERVAL '60 days'),
  ('76edc864-0409-4659-bdcd-7b6176bffe9d', 'cbe6cf13-7e80-4aa6-96d7-ddee65bacc2b', '創世記', 12, NOW() - INTERVAL '59 days'),
  ('76edc864-0409-4659-bdcd-7b6176bffe9d', 'cbe6cf13-7e80-4aa6-96d7-ddee65bacc2b', '創世記', 13, NOW() - INTERVAL '59 days'),
  ('76edc864-0409-4659-bdcd-7b6176bffe9d', 'cbe6cf13-7e80-4aa6-96d7-ddee65bacc2b', '創世記', 14, NOW() - INTERVAL '59 days'),
  ('76edc864-0409-4659-bdcd-7b6176bffe9d', 'cbe6cf13-7e80-4aa6-96d7-ddee65bacc2b', '創世記', 15, NOW() - INTERVAL '59 days'),
  ('76edc864-0409-4659-bdcd-7b6176bffe9d', 'cbe6cf13-7e80-4aa6-96d7-ddee65bacc2b', '創世記', 16, NOW() - INTERVAL '59 days'),
  ('76edc864-0409-4659-bdcd-7b6176bffe9d', 'cbe6cf13-7e80-4aa6-96d7-ddee65bacc2b', '創世記', 17, NOW() - INTERVAL '58 days'),
  ('76edc864-0409-4659-bdcd-7b6176bffe9d', 'cbe6cf13-7e80-4aa6-96d7-ddee65bacc2b', '創世記', 18, NOW() - INTERVAL '58 days'),
  ('76edc864-0409-4659-bdcd-7b6176bffe9d', 'cbe6cf13-7e80-4aa6-96d7-ddee65bacc2b', '創世記', 19, NOW() - INTERVAL '58 days'),
  ('76edc864-0409-4659-bdcd-7b6176bffe9d', 'cbe6cf13-7e80-4aa6-96d7-ddee65bacc2b', '創世記', 20, NOW() - INTERVAL '58 days'),
  ('76edc864-0409-4659-bdcd-7b6176bffe9d', 'cbe6cf13-7e80-4aa6-96d7-ddee65bacc2b', '創世記', 21, NOW() - INTERVAL '58 days'),
  ('76edc864-0409-4659-bdcd-7b6176bffe9d', 'cbe6cf13-7e80-4aa6-96d7-ddee65bacc2b', '創世記', 22, NOW() - INTERVAL '57 days'),
  ('76edc864-0409-4659-bdcd-7b6176bffe9d', 'cbe6cf13-7e80-4aa6-96d7-ddee65bacc2b', '創世記', 23, NOW() - INTERVAL '57 days'),
  ('76edc864-0409-4659-bdcd-7b6176bffe9d', 'cbe6cf13-7e80-4aa6-96d7-ddee65bacc2b', '創世記', 24, NOW() - INTERVAL '57 days'),
  ('76edc864-0409-4659-bdcd-7b6176bffe9d', 'cbe6cf13-7e80-4aa6-96d7-ddee65bacc2b', '創世記', 25, NOW() - INTERVAL '57 days'),
  ('76edc864-0409-4659-bdcd-7b6176bffe9d', 'cbe6cf13-7e80-4aa6-96d7-ddee65bacc2b', '創世記', 26, NOW() - INTERVAL '57 days'),
  ('76edc864-0409-4659-bdcd-7b6176bffe9d', 'cbe6cf13-7e80-4aa6-96d7-ddee65bacc2b', '創世記', 27, NOW() - INTERVAL '56 days'),
  ('76edc864-0409-4659-bdcd-7b6176bffe9d', 'cbe6cf13-7e80-4aa6-96d7-ddee65bacc2b', '創世記', 28, NOW() - INTERVAL '56 days'),
  ('76edc864-0409-4659-bdcd-7b6176bffe9d', 'cbe6cf13-7e80-4aa6-96d7-ddee65bacc2b', '創世記', 29, NOW() - INTERVAL '56 days'),
  ('76edc864-0409-4659-bdcd-7b6176bffe9d', 'cbe6cf13-7e80-4aa6-96d7-ddee65bacc2b', '創世記', 30, NOW() - INTERVAL '56 days'),
  ('76edc864-0409-4659-bdcd-7b6176bffe9d', 'cbe6cf13-7e80-4aa6-96d7-ddee65bacc2b', '創世記', 31, NOW() - INTERVAL '56 days'),
  ('76edc864-0409-4659-bdcd-7b6176bffe9d', 'cbe6cf13-7e80-4aa6-96d7-ddee65bacc2b', '創世記', 32, NOW() - INTERVAL '55 days'),
  ('76edc864-0409-4659-bdcd-7b6176bffe9d', 'cbe6cf13-7e80-4aa6-96d7-ddee65bacc2b', '創世記', 33, NOW() - INTERVAL '55 days'),
  ('76edc864-0409-4659-bdcd-7b6176bffe9d', 'cbe6cf13-7e80-4aa6-96d7-ddee65bacc2b', '創世記', 34, NOW() - INTERVAL '55 days'),
  ('76edc864-0409-4659-bdcd-7b6176bffe9d', 'cbe6cf13-7e80-4aa6-96d7-ddee65bacc2b', '創世記', 35, NOW() - INTERVAL '55 days'),
  ('76edc864-0409-4659-bdcd-7b6176bffe9d', 'cbe6cf13-7e80-4aa6-96d7-ddee65bacc2b', '創世記', 36, NOW() - INTERVAL '55 days'),
  ('76edc864-0409-4659-bdcd-7b6176bffe9d', 'cbe6cf13-7e80-4aa6-96d7-ddee65bacc2b', '創世記', 37, NOW() - INTERVAL '54 days'),
  ('76edc864-0409-4659-bdcd-7b6176bffe9d', 'cbe6cf13-7e80-4aa6-96d7-ddee65bacc2b', '創世記', 38, NOW() - INTERVAL '54 days'),
  ('76edc864-0409-4659-bdcd-7b6176bffe9d', 'cbe6cf13-7e80-4aa6-96d7-ddee65bacc2b', '創世記', 39, NOW() - INTERVAL '54 days'),
  ('76edc864-0409-4659-bdcd-7b6176bffe9d', 'cbe6cf13-7e80-4aa6-96d7-ddee65bacc2b', '創世記', 40, NOW() - INTERVAL '54 days'),
  ('76edc864-0409-4659-bdcd-7b6176bffe9d', 'cbe6cf13-7e80-4aa6-96d7-ddee65bacc2b', '創世記', 41, NOW() - INTERVAL '54 days'),
  ('76edc864-0409-4659-bdcd-7b6176bffe9d', 'cbe6cf13-7e80-4aa6-96d7-ddee65bacc2b', '創世記', 42, NOW() - INTERVAL '53 days'),
  ('76edc864-0409-4659-bdcd-7b6176bffe9d', 'cbe6cf13-7e80-4aa6-96d7-ddee65bacc2b', '創世記', 43, NOW() - INTERVAL '53 days'),
  ('76edc864-0409-4659-bdcd-7b6176bffe9d', 'cbe6cf13-7e80-4aa6-96d7-ddee65bacc2b', '創世記', 44, NOW() - INTERVAL '53 days'),
  ('76edc864-0409-4659-bdcd-7b6176bffe9d', 'cbe6cf13-7e80-4aa6-96d7-ddee65bacc2b', '創世記', 45, NOW() - INTERVAL '53 days'),
  ('76edc864-0409-4659-bdcd-7b6176bffe9d', 'cbe6cf13-7e80-4aa6-96d7-ddee65bacc2b', '創世記', 46, NOW() - INTERVAL '53 days'),
  ('76edc864-0409-4659-bdcd-7b6176bffe9d', 'cbe6cf13-7e80-4aa6-96d7-ddee65bacc2b', '創世記', 47, NOW() - INTERVAL '52 days'),
  ('76edc864-0409-4659-bdcd-7b6176bffe9d', 'cbe6cf13-7e80-4aa6-96d7-ddee65bacc2b', '創世記', 48, NOW() - INTERVAL '52 days'),
  ('76edc864-0409-4659-bdcd-7b6176bffe9d', 'cbe6cf13-7e80-4aa6-96d7-ddee65bacc2b', '創世記', 49, NOW() - INTERVAL '52 days'),
  ('76edc864-0409-4659-bdcd-7b6176bffe9d', 'cbe6cf13-7e80-4aa6-96d7-ddee65bacc2b', '創世記', 50, NOW() - INTERVAL '52 days'),
  ('76edc864-0409-4659-bdcd-7b6176bffe9d', 'cbe6cf13-7e80-4aa6-96d7-ddee65bacc2b', '馬太福音', 1, NOW() - INTERVAL '52 days'),
  ('76edc864-0409-4659-bdcd-7b6176bffe9d', 'cbe6cf13-7e80-4aa6-96d7-ddee65bacc2b', '馬太福音', 2, NOW() - INTERVAL '51 days'),
  ('76edc864-0409-4659-bdcd-7b6176bffe9d', 'cbe6cf13-7e80-4aa6-96d7-ddee65bacc2b', '馬太福音', 3, NOW() - INTERVAL '51 days'),
  ('76edc864-0409-4659-bdcd-7b6176bffe9d', 'cbe6cf13-7e80-4aa6-96d7-ddee65bacc2b', '馬太福音', 4, NOW() - INTERVAL '51 days'),
  ('76edc864-0409-4659-bdcd-7b6176bffe9d', 'cbe6cf13-7e80-4aa6-96d7-ddee65bacc2b', '馬太福音', 5, NOW() - INTERVAL '51 days'),
  ('76edc864-0409-4659-bdcd-7b6176bffe9d', 'cbe6cf13-7e80-4aa6-96d7-ddee65bacc2b', '馬太福音', 6, NOW() - INTERVAL '51 days'),
  ('76edc864-0409-4659-bdcd-7b6176bffe9d', 'cbe6cf13-7e80-4aa6-96d7-ddee65bacc2b', '馬太福音', 7, NOW() - INTERVAL '50 days'),
  ('76edc864-0409-4659-bdcd-7b6176bffe9d', 'cbe6cf13-7e80-4aa6-96d7-ddee65bacc2b', '馬太福音', 8, NOW() - INTERVAL '50 days'),
  ('76edc864-0409-4659-bdcd-7b6176bffe9d', 'cbe6cf13-7e80-4aa6-96d7-ddee65bacc2b', '馬太福音', 9, NOW() - INTERVAL '50 days'),
  ('76edc864-0409-4659-bdcd-7b6176bffe9d', 'cbe6cf13-7e80-4aa6-96d7-ddee65bacc2b', '馬太福音', 10, NOW() - INTERVAL '50 days'),
  ('76edc864-0409-4659-bdcd-7b6176bffe9d', 'cbe6cf13-7e80-4aa6-96d7-ddee65bacc2b', '馬太福音', 11, NOW() - INTERVAL '50 days'),
  ('76edc864-0409-4659-bdcd-7b6176bffe9d', 'cbe6cf13-7e80-4aa6-96d7-ddee65bacc2b', '馬太福音', 12, NOW() - INTERVAL '49 days'),
  ('76edc864-0409-4659-bdcd-7b6176bffe9d', 'cbe6cf13-7e80-4aa6-96d7-ddee65bacc2b', '馬太福音', 13, NOW() - INTERVAL '49 days'),
  ('76edc864-0409-4659-bdcd-7b6176bffe9d', 'cbe6cf13-7e80-4aa6-96d7-ddee65bacc2b', '馬太福音', 14, NOW() - INTERVAL '49 days'),
  ('76edc864-0409-4659-bdcd-7b6176bffe9d', 'cbe6cf13-7e80-4aa6-96d7-ddee65bacc2b', '馬太福音', 15, NOW() - INTERVAL '49 days'),
  ('76edc864-0409-4659-bdcd-7b6176bffe9d', 'cbe6cf13-7e80-4aa6-96d7-ddee65bacc2b', '馬太福音', 16, NOW() - INTERVAL '49 days'),
  ('76edc864-0409-4659-bdcd-7b6176bffe9d', 'cbe6cf13-7e80-4aa6-96d7-ddee65bacc2b', '馬太福音', 17, NOW() - INTERVAL '48 days'),
  ('76edc864-0409-4659-bdcd-7b6176bffe9d', 'cbe6cf13-7e80-4aa6-96d7-ddee65bacc2b', '馬太福音', 18, NOW() - INTERVAL '48 days'),
  ('76edc864-0409-4659-bdcd-7b6176bffe9d', 'cbe6cf13-7e80-4aa6-96d7-ddee65bacc2b', '馬太福音', 19, NOW() - INTERVAL '48 days'),
  ('76edc864-0409-4659-bdcd-7b6176bffe9d', 'cbe6cf13-7e80-4aa6-96d7-ddee65bacc2b', '馬太福音', 20, NOW() - INTERVAL '48 days'),
  ('76edc864-0409-4659-bdcd-7b6176bffe9d', 'cbe6cf13-7e80-4aa6-96d7-ddee65bacc2b', '馬太福音', 21, NOW() - INTERVAL '48 days'),
  ('76edc864-0409-4659-bdcd-7b6176bffe9d', 'cbe6cf13-7e80-4aa6-96d7-ddee65bacc2b', '馬太福音', 22, NOW() - INTERVAL '47 days'),
  ('76edc864-0409-4659-bdcd-7b6176bffe9d', 'cbe6cf13-7e80-4aa6-96d7-ddee65bacc2b', '馬太福音', 23, NOW() - INTERVAL '47 days'),
  ('76edc864-0409-4659-bdcd-7b6176bffe9d', 'cbe6cf13-7e80-4aa6-96d7-ddee65bacc2b', '馬太福音', 24, NOW() - INTERVAL '47 days'),
  ('76edc864-0409-4659-bdcd-7b6176bffe9d', 'cbe6cf13-7e80-4aa6-96d7-ddee65bacc2b', '馬太福音', 25, NOW() - INTERVAL '47 days'),
  ('76edc864-0409-4659-bdcd-7b6176bffe9d', 'cbe6cf13-7e80-4aa6-96d7-ddee65bacc2b', '馬太福音', 26, NOW() - INTERVAL '47 days'),
  ('76edc864-0409-4659-bdcd-7b6176bffe9d', 'cbe6cf13-7e80-4aa6-96d7-ddee65bacc2b', '馬太福音', 27, NOW() - INTERVAL '46 days'),
  ('76edc864-0409-4659-bdcd-7b6176bffe9d', 'cbe6cf13-7e80-4aa6-96d7-ddee65bacc2b', '馬太福音', 28, NOW() - INTERVAL '46 days'),
  ('76edc864-0409-4659-bdcd-7b6176bffe9d', 'cbe6cf13-7e80-4aa6-96d7-ddee65bacc2b', '列王紀下', 1, NOW() - INTERVAL '46 days'),
  ('76edc864-0409-4659-bdcd-7b6176bffe9d', 'cbe6cf13-7e80-4aa6-96d7-ddee65bacc2b', '列王紀下', 2, NOW() - INTERVAL '46 days'),
  ('76edc864-0409-4659-bdcd-7b6176bffe9d', 'cbe6cf13-7e80-4aa6-96d7-ddee65bacc2b', '列王紀下', 3, NOW() - INTERVAL '46 days'),
  ('76edc864-0409-4659-bdcd-7b6176bffe9d', 'cbe6cf13-7e80-4aa6-96d7-ddee65bacc2b', '列王紀下', 4, NOW() - INTERVAL '45 days'),
  ('76edc864-0409-4659-bdcd-7b6176bffe9d', 'cbe6cf13-7e80-4aa6-96d7-ddee65bacc2b', '列王紀下', 5, NOW() - INTERVAL '45 days'),
  ('76edc864-0409-4659-bdcd-7b6176bffe9d', 'cbe6cf13-7e80-4aa6-96d7-ddee65bacc2b', '列王紀下', 6, NOW() - INTERVAL '45 days'),
  ('76edc864-0409-4659-bdcd-7b6176bffe9d', 'cbe6cf13-7e80-4aa6-96d7-ddee65bacc2b', '列王紀下', 7, NOW() - INTERVAL '45 days'),
  ('76edc864-0409-4659-bdcd-7b6176bffe9d', 'cbe6cf13-7e80-4aa6-96d7-ddee65bacc2b', '列王紀下', 8, NOW() - INTERVAL '45 days'),
  ('76edc864-0409-4659-bdcd-7b6176bffe9d', 'cbe6cf13-7e80-4aa6-96d7-ddee65bacc2b', '列王紀下', 9, NOW() - INTERVAL '44 days'),
  ('76edc864-0409-4659-bdcd-7b6176bffe9d', 'cbe6cf13-7e80-4aa6-96d7-ddee65bacc2b', '列王紀下', 10, NOW() - INTERVAL '44 days'),
  ('76edc864-0409-4659-bdcd-7b6176bffe9d', 'cbe6cf13-7e80-4aa6-96d7-ddee65bacc2b', '列王紀下', 11, NOW() - INTERVAL '44 days'),
  ('76edc864-0409-4659-bdcd-7b6176bffe9d', 'cbe6cf13-7e80-4aa6-96d7-ddee65bacc2b', '列王紀下', 12, NOW() - INTERVAL '44 days'),
  ('76edc864-0409-4659-bdcd-7b6176bffe9d', 'cbe6cf13-7e80-4aa6-96d7-ddee65bacc2b', '列王紀下', 13, NOW() - INTERVAL '44 days'),
  ('76edc864-0409-4659-bdcd-7b6176bffe9d', 'cbe6cf13-7e80-4aa6-96d7-ddee65bacc2b', '列王紀下', 14, NOW() - INTERVAL '43 days'),
  ('76edc864-0409-4659-bdcd-7b6176bffe9d', 'cbe6cf13-7e80-4aa6-96d7-ddee65bacc2b', '列王紀下', 15, NOW() - INTERVAL '43 days'),
  ('76edc864-0409-4659-bdcd-7b6176bffe9d', 'cbe6cf13-7e80-4aa6-96d7-ddee65bacc2b', '列王紀下', 16, NOW() - INTERVAL '43 days'),
  ('76edc864-0409-4659-bdcd-7b6176bffe9d', 'cbe6cf13-7e80-4aa6-96d7-ddee65bacc2b', '列王紀下', 17, NOW() - INTERVAL '43 days'),
  ('76edc864-0409-4659-bdcd-7b6176bffe9d', 'cbe6cf13-7e80-4aa6-96d7-ddee65bacc2b', '列王紀下', 18, NOW() - INTERVAL '43 days'),
  ('76edc864-0409-4659-bdcd-7b6176bffe9d', 'cbe6cf13-7e80-4aa6-96d7-ddee65bacc2b', '列王紀下', 19, NOW() - INTERVAL '42 days'),
  ('76edc864-0409-4659-bdcd-7b6176bffe9d', 'cbe6cf13-7e80-4aa6-96d7-ddee65bacc2b', '列王紀下', 20, NOW() - INTERVAL '42 days'),
  ('76edc864-0409-4659-bdcd-7b6176bffe9d', 'cbe6cf13-7e80-4aa6-96d7-ddee65bacc2b', '列王紀下', 21, NOW() - INTERVAL '42 days'),
  ('76edc864-0409-4659-bdcd-7b6176bffe9d', 'cbe6cf13-7e80-4aa6-96d7-ddee65bacc2b', '列王紀下', 22, NOW() - INTERVAL '42 days'),
  ('76edc864-0409-4659-bdcd-7b6176bffe9d', 'cbe6cf13-7e80-4aa6-96d7-ddee65bacc2b', '列王紀下', 23, NOW() - INTERVAL '42 days'),
  ('76edc864-0409-4659-bdcd-7b6176bffe9d', 'cbe6cf13-7e80-4aa6-96d7-ddee65bacc2b', '列王紀下', 24, NOW() - INTERVAL '41 days'),
  ('76edc864-0409-4659-bdcd-7b6176bffe9d', 'cbe6cf13-7e80-4aa6-96d7-ddee65bacc2b', '列王紀下', 25, NOW() - INTERVAL '41 days'),
  ('76edc864-0409-4659-bdcd-7b6176bffe9d', 'cbe6cf13-7e80-4aa6-96d7-ddee65bacc2b', '雅各書', 1, NOW() - INTERVAL '41 days'),
  ('76edc864-0409-4659-bdcd-7b6176bffe9d', 'cbe6cf13-7e80-4aa6-96d7-ddee65bacc2b', '雅各書', 2, NOW() - INTERVAL '41 days'),
  ('76edc864-0409-4659-bdcd-7b6176bffe9d', 'cbe6cf13-7e80-4aa6-96d7-ddee65bacc2b', '雅各書', 3, NOW() - INTERVAL '41 days'),
  ('76edc864-0409-4659-bdcd-7b6176bffe9d', 'cbe6cf13-7e80-4aa6-96d7-ddee65bacc2b', '雅各書', 4, NOW() - INTERVAL '40 days'),
  ('76edc864-0409-4659-bdcd-7b6176bffe9d', 'cbe6cf13-7e80-4aa6-96d7-ddee65bacc2b', '雅各書', 5, NOW() - INTERVAL '40 days'),
  ('76edc864-0409-4659-bdcd-7b6176bffe9d', 'cbe6cf13-7e80-4aa6-96d7-ddee65bacc2b', '出埃及記', 1, NOW() - INTERVAL '40 days'),
  ('76edc864-0409-4659-bdcd-7b6176bffe9d', 'cbe6cf13-7e80-4aa6-96d7-ddee65bacc2b', '出埃及記', 2, NOW() - INTERVAL '40 days'),
  ('76edc864-0409-4659-bdcd-7b6176bffe9d', 'cbe6cf13-7e80-4aa6-96d7-ddee65bacc2b', '出埃及記', 3, NOW() - INTERVAL '40 days'),
  ('76edc864-0409-4659-bdcd-7b6176bffe9d', 'cbe6cf13-7e80-4aa6-96d7-ddee65bacc2b', '出埃及記', 4, NOW() - INTERVAL '39 days'),
  ('76edc864-0409-4659-bdcd-7b6176bffe9d', 'cbe6cf13-7e80-4aa6-96d7-ddee65bacc2b', '出埃及記', 5, NOW() - INTERVAL '39 days'),
  ('76edc864-0409-4659-bdcd-7b6176bffe9d', 'cbe6cf13-7e80-4aa6-96d7-ddee65bacc2b', '出埃及記', 6, NOW() - INTERVAL '39 days'),
  ('76edc864-0409-4659-bdcd-7b6176bffe9d', 'cbe6cf13-7e80-4aa6-96d7-ddee65bacc2b', '出埃及記', 7, NOW() - INTERVAL '39 days'),
  ('76edc864-0409-4659-bdcd-7b6176bffe9d', 'cbe6cf13-7e80-4aa6-96d7-ddee65bacc2b', '出埃及記', 8, NOW() - INTERVAL '39 days'),
  ('76edc864-0409-4659-bdcd-7b6176bffe9d', 'cbe6cf13-7e80-4aa6-96d7-ddee65bacc2b', '出埃及記', 9, NOW() - INTERVAL '38 days'),
  ('76edc864-0409-4659-bdcd-7b6176bffe9d', 'cbe6cf13-7e80-4aa6-96d7-ddee65bacc2b', '出埃及記', 10, NOW() - INTERVAL '38 days'),
  ('76edc864-0409-4659-bdcd-7b6176bffe9d', 'cbe6cf13-7e80-4aa6-96d7-ddee65bacc2b', '出埃及記', 11, NOW() - INTERVAL '38 days'),
  ('76edc864-0409-4659-bdcd-7b6176bffe9d', 'cbe6cf13-7e80-4aa6-96d7-ddee65bacc2b', '出埃及記', 12, NOW() - INTERVAL '38 days'),
  ('76edc864-0409-4659-bdcd-7b6176bffe9d', 'cbe6cf13-7e80-4aa6-96d7-ddee65bacc2b', '出埃及記', 13, NOW() - INTERVAL '38 days'),
  ('76edc864-0409-4659-bdcd-7b6176bffe9d', 'cbe6cf13-7e80-4aa6-96d7-ddee65bacc2b', '出埃及記', 14, NOW() - INTERVAL '37 days'),
  ('76edc864-0409-4659-bdcd-7b6176bffe9d', 'cbe6cf13-7e80-4aa6-96d7-ddee65bacc2b', '出埃及記', 15, NOW() - INTERVAL '37 days'),
  ('76edc864-0409-4659-bdcd-7b6176bffe9d', 'cbe6cf13-7e80-4aa6-96d7-ddee65bacc2b', '出埃及記', 16, NOW() - INTERVAL '37 days'),
  ('76edc864-0409-4659-bdcd-7b6176bffe9d', 'cbe6cf13-7e80-4aa6-96d7-ddee65bacc2b', '出埃及記', 17, NOW() - INTERVAL '37 days'),
  ('76edc864-0409-4659-bdcd-7b6176bffe9d', 'cbe6cf13-7e80-4aa6-96d7-ddee65bacc2b', '出埃及記', 18, NOW() - INTERVAL '37 days'),
  ('76edc864-0409-4659-bdcd-7b6176bffe9d', 'cbe6cf13-7e80-4aa6-96d7-ddee65bacc2b', '出埃及記', 19, NOW() - INTERVAL '36 days'),
  ('76edc864-0409-4659-bdcd-7b6176bffe9d', 'cbe6cf13-7e80-4aa6-96d7-ddee65bacc2b', '出埃及記', 20, NOW() - INTERVAL '36 days'),
  ('76edc864-0409-4659-bdcd-7b6176bffe9d', 'cbe6cf13-7e80-4aa6-96d7-ddee65bacc2b', '出埃及記', 21, NOW() - INTERVAL '36 days'),
  ('76edc864-0409-4659-bdcd-7b6176bffe9d', 'cbe6cf13-7e80-4aa6-96d7-ddee65bacc2b', '出埃及記', 22, NOW() - INTERVAL '36 days'),
  ('76edc864-0409-4659-bdcd-7b6176bffe9d', 'cbe6cf13-7e80-4aa6-96d7-ddee65bacc2b', '出埃及記', 23, NOW() - INTERVAL '36 days'),
  ('76edc864-0409-4659-bdcd-7b6176bffe9d', 'cbe6cf13-7e80-4aa6-96d7-ddee65bacc2b', '出埃及記', 24, NOW() - INTERVAL '35 days'),
  ('76edc864-0409-4659-bdcd-7b6176bffe9d', 'cbe6cf13-7e80-4aa6-96d7-ddee65bacc2b', '出埃及記', 25, NOW() - INTERVAL '35 days'),
  ('76edc864-0409-4659-bdcd-7b6176bffe9d', 'cbe6cf13-7e80-4aa6-96d7-ddee65bacc2b', '出埃及記', 26, NOW() - INTERVAL '35 days'),
  ('76edc864-0409-4659-bdcd-7b6176bffe9d', 'cbe6cf13-7e80-4aa6-96d7-ddee65bacc2b', '出埃及記', 27, NOW() - INTERVAL '35 days'),
  ('76edc864-0409-4659-bdcd-7b6176bffe9d', 'cbe6cf13-7e80-4aa6-96d7-ddee65bacc2b', '出埃及記', 28, NOW() - INTERVAL '35 days'),
  ('76edc864-0409-4659-bdcd-7b6176bffe9d', 'cbe6cf13-7e80-4aa6-96d7-ddee65bacc2b', '出埃及記', 29, NOW() - INTERVAL '34 days'),
  ('76edc864-0409-4659-bdcd-7b6176bffe9d', 'cbe6cf13-7e80-4aa6-96d7-ddee65bacc2b', '出埃及記', 30, NOW() - INTERVAL '34 days'),
  ('76edc864-0409-4659-bdcd-7b6176bffe9d', 'cbe6cf13-7e80-4aa6-96d7-ddee65bacc2b', '出埃及記', 31, NOW() - INTERVAL '34 days'),
  ('76edc864-0409-4659-bdcd-7b6176bffe9d', 'cbe6cf13-7e80-4aa6-96d7-ddee65bacc2b', '出埃及記', 32, NOW() - INTERVAL '34 days'),
  ('76edc864-0409-4659-bdcd-7b6176bffe9d', 'cbe6cf13-7e80-4aa6-96d7-ddee65bacc2b', '出埃及記', 33, NOW() - INTERVAL '34 days'),
  ('76edc864-0409-4659-bdcd-7b6176bffe9d', 'cbe6cf13-7e80-4aa6-96d7-ddee65bacc2b', '出埃及記', 34, NOW() - INTERVAL '33 days'),
  ('76edc864-0409-4659-bdcd-7b6176bffe9d', 'cbe6cf13-7e80-4aa6-96d7-ddee65bacc2b', '出埃及記', 35, NOW() - INTERVAL '33 days'),
  ('76edc864-0409-4659-bdcd-7b6176bffe9d', 'cbe6cf13-7e80-4aa6-96d7-ddee65bacc2b', '出埃及記', 36, NOW() - INTERVAL '33 days'),
  ('76edc864-0409-4659-bdcd-7b6176bffe9d', 'cbe6cf13-7e80-4aa6-96d7-ddee65bacc2b', '出埃及記', 37, NOW() - INTERVAL '33 days'),
  ('76edc864-0409-4659-bdcd-7b6176bffe9d', 'cbe6cf13-7e80-4aa6-96d7-ddee65bacc2b', '出埃及記', 38, NOW() - INTERVAL '33 days'),
  ('76edc864-0409-4659-bdcd-7b6176bffe9d', 'cbe6cf13-7e80-4aa6-96d7-ddee65bacc2b', '出埃及記', 39, NOW() - INTERVAL '32 days'),
  ('76edc864-0409-4659-bdcd-7b6176bffe9d', 'cbe6cf13-7e80-4aa6-96d7-ddee65bacc2b', '出埃及記', 40, NOW() - INTERVAL '32 days'),
  ('76edc864-0409-4659-bdcd-7b6176bffe9d', 'cbe6cf13-7e80-4aa6-96d7-ddee65bacc2b', '馬可福音', 1, NOW() - INTERVAL '32 days'),
  ('76edc864-0409-4659-bdcd-7b6176bffe9d', 'cbe6cf13-7e80-4aa6-96d7-ddee65bacc2b', '馬可福音', 2, NOW() - INTERVAL '32 days'),
  ('76edc864-0409-4659-bdcd-7b6176bffe9d', 'cbe6cf13-7e80-4aa6-96d7-ddee65bacc2b', '馬可福音', 3, NOW() - INTERVAL '32 days'),
  ('76edc864-0409-4659-bdcd-7b6176bffe9d', 'cbe6cf13-7e80-4aa6-96d7-ddee65bacc2b', '馬可福音', 4, NOW() - INTERVAL '31 days'),
  ('76edc864-0409-4659-bdcd-7b6176bffe9d', 'cbe6cf13-7e80-4aa6-96d7-ddee65bacc2b', '馬可福音', 5, NOW() - INTERVAL '31 days'),
  ('76edc864-0409-4659-bdcd-7b6176bffe9d', 'cbe6cf13-7e80-4aa6-96d7-ddee65bacc2b', '馬可福音', 6, NOW() - INTERVAL '31 days'),
  ('76edc864-0409-4659-bdcd-7b6176bffe9d', 'cbe6cf13-7e80-4aa6-96d7-ddee65bacc2b', '馬可福音', 7, NOW() - INTERVAL '31 days'),
  ('76edc864-0409-4659-bdcd-7b6176bffe9d', 'cbe6cf13-7e80-4aa6-96d7-ddee65bacc2b', '馬可福音', 8, NOW() - INTERVAL '31 days'),
  ('76edc864-0409-4659-bdcd-7b6176bffe9d', 'cbe6cf13-7e80-4aa6-96d7-ddee65bacc2b', '馬可福音', 9, NOW() - INTERVAL '30 days'),
  ('76edc864-0409-4659-bdcd-7b6176bffe9d', 'cbe6cf13-7e80-4aa6-96d7-ddee65bacc2b', '馬可福音', 10, NOW() - INTERVAL '30 days'),
  ('76edc864-0409-4659-bdcd-7b6176bffe9d', 'cbe6cf13-7e80-4aa6-96d7-ddee65bacc2b', '馬可福音', 11, NOW() - INTERVAL '30 days'),
  ('76edc864-0409-4659-bdcd-7b6176bffe9d', 'cbe6cf13-7e80-4aa6-96d7-ddee65bacc2b', '馬可福音', 12, NOW() - INTERVAL '30 days'),
  ('76edc864-0409-4659-bdcd-7b6176bffe9d', 'cbe6cf13-7e80-4aa6-96d7-ddee65bacc2b', '馬可福音', 13, NOW() - INTERVAL '30 days'),
  ('76edc864-0409-4659-bdcd-7b6176bffe9d', 'cbe6cf13-7e80-4aa6-96d7-ddee65bacc2b', '馬可福音', 14, NOW() - INTERVAL '29 days'),
  ('76edc864-0409-4659-bdcd-7b6176bffe9d', 'cbe6cf13-7e80-4aa6-96d7-ddee65bacc2b', '馬可福音', 15, NOW() - INTERVAL '29 days'),
  ('76edc864-0409-4659-bdcd-7b6176bffe9d', 'cbe6cf13-7e80-4aa6-96d7-ddee65bacc2b', '馬可福音', 16, NOW() - INTERVAL '29 days'),
  ('76edc864-0409-4659-bdcd-7b6176bffe9d', 'cbe6cf13-7e80-4aa6-96d7-ddee65bacc2b', '約伯記', 1, NOW() - INTERVAL '29 days'),
  ('76edc864-0409-4659-bdcd-7b6176bffe9d', 'cbe6cf13-7e80-4aa6-96d7-ddee65bacc2b', '約伯記', 2, NOW() - INTERVAL '29 days'),
  ('76edc864-0409-4659-bdcd-7b6176bffe9d', 'cbe6cf13-7e80-4aa6-96d7-ddee65bacc2b', '約伯記', 3, NOW() - INTERVAL '28 days'),
  ('76edc864-0409-4659-bdcd-7b6176bffe9d', 'cbe6cf13-7e80-4aa6-96d7-ddee65bacc2b', '約伯記', 4, NOW() - INTERVAL '28 days'),
  ('76edc864-0409-4659-bdcd-7b6176bffe9d', 'cbe6cf13-7e80-4aa6-96d7-ddee65bacc2b', '約伯記', 5, NOW() - INTERVAL '28 days'),
  ('76edc864-0409-4659-bdcd-7b6176bffe9d', 'cbe6cf13-7e80-4aa6-96d7-ddee65bacc2b', '約伯記', 6, NOW() - INTERVAL '28 days'),
  ('76edc864-0409-4659-bdcd-7b6176bffe9d', 'cbe6cf13-7e80-4aa6-96d7-ddee65bacc2b', '約伯記', 7, NOW() - INTERVAL '28 days'),
  ('76edc864-0409-4659-bdcd-7b6176bffe9d', 'cbe6cf13-7e80-4aa6-96d7-ddee65bacc2b', '約伯記', 8, NOW() - INTERVAL '27 days'),
  ('76edc864-0409-4659-bdcd-7b6176bffe9d', 'cbe6cf13-7e80-4aa6-96d7-ddee65bacc2b', '約伯記', 9, NOW() - INTERVAL '27 days'),
  ('76edc864-0409-4659-bdcd-7b6176bffe9d', 'cbe6cf13-7e80-4aa6-96d7-ddee65bacc2b', '約伯記', 10, NOW() - INTERVAL '27 days'),
  ('76edc864-0409-4659-bdcd-7b6176bffe9d', 'cbe6cf13-7e80-4aa6-96d7-ddee65bacc2b', '約伯記', 11, NOW() - INTERVAL '27 days'),
  ('76edc864-0409-4659-bdcd-7b6176bffe9d', 'cbe6cf13-7e80-4aa6-96d7-ddee65bacc2b', '約伯記', 12, NOW() - INTERVAL '27 days'),
  ('76edc864-0409-4659-bdcd-7b6176bffe9d', 'cbe6cf13-7e80-4aa6-96d7-ddee65bacc2b', '約伯記', 13, NOW() - INTERVAL '26 days'),
  ('76edc864-0409-4659-bdcd-7b6176bffe9d', 'cbe6cf13-7e80-4aa6-96d7-ddee65bacc2b', '約伯記', 14, NOW() - INTERVAL '26 days'),
  ('76edc864-0409-4659-bdcd-7b6176bffe9d', 'cbe6cf13-7e80-4aa6-96d7-ddee65bacc2b', '約伯記', 15, NOW() - INTERVAL '26 days'),
  ('76edc864-0409-4659-bdcd-7b6176bffe9d', 'cbe6cf13-7e80-4aa6-96d7-ddee65bacc2b', '約伯記', 16, NOW() - INTERVAL '26 days'),
  ('76edc864-0409-4659-bdcd-7b6176bffe9d', 'cbe6cf13-7e80-4aa6-96d7-ddee65bacc2b', '約伯記', 17, NOW() - INTERVAL '26 days'),
  ('76edc864-0409-4659-bdcd-7b6176bffe9d', 'cbe6cf13-7e80-4aa6-96d7-ddee65bacc2b', '約伯記', 18, NOW() - INTERVAL '25 days'),
  ('76edc864-0409-4659-bdcd-7b6176bffe9d', 'cbe6cf13-7e80-4aa6-96d7-ddee65bacc2b', '約伯記', 19, NOW() - INTERVAL '25 days'),
  ('76edc864-0409-4659-bdcd-7b6176bffe9d', 'cbe6cf13-7e80-4aa6-96d7-ddee65bacc2b', '約伯記', 20, NOW() - INTERVAL '25 days'),
  ('76edc864-0409-4659-bdcd-7b6176bffe9d', 'cbe6cf13-7e80-4aa6-96d7-ddee65bacc2b', '約伯記', 21, NOW() - INTERVAL '25 days'),
  ('76edc864-0409-4659-bdcd-7b6176bffe9d', 'cbe6cf13-7e80-4aa6-96d7-ddee65bacc2b', '約伯記', 22, NOW() - INTERVAL '25 days'),
  ('76edc864-0409-4659-bdcd-7b6176bffe9d', 'cbe6cf13-7e80-4aa6-96d7-ddee65bacc2b', '約伯記', 23, NOW() - INTERVAL '24 days'),
  ('76edc864-0409-4659-bdcd-7b6176bffe9d', 'cbe6cf13-7e80-4aa6-96d7-ddee65bacc2b', '約伯記', 24, NOW() - INTERVAL '24 days'),
  ('76edc864-0409-4659-bdcd-7b6176bffe9d', 'cbe6cf13-7e80-4aa6-96d7-ddee65bacc2b', '約伯記', 25, NOW() - INTERVAL '24 days'),
  ('76edc864-0409-4659-bdcd-7b6176bffe9d', 'cbe6cf13-7e80-4aa6-96d7-ddee65bacc2b', '約伯記', 26, NOW() - INTERVAL '24 days'),
  ('76edc864-0409-4659-bdcd-7b6176bffe9d', 'cbe6cf13-7e80-4aa6-96d7-ddee65bacc2b', '約伯記', 27, NOW() - INTERVAL '24 days'),
  ('76edc864-0409-4659-bdcd-7b6176bffe9d', 'cbe6cf13-7e80-4aa6-96d7-ddee65bacc2b', '約伯記', 28, NOW() - INTERVAL '23 days'),
  ('76edc864-0409-4659-bdcd-7b6176bffe9d', 'cbe6cf13-7e80-4aa6-96d7-ddee65bacc2b', '約伯記', 29, NOW() - INTERVAL '23 days'),
  ('76edc864-0409-4659-bdcd-7b6176bffe9d', 'cbe6cf13-7e80-4aa6-96d7-ddee65bacc2b', '約伯記', 30, NOW() - INTERVAL '23 days'),
  ('76edc864-0409-4659-bdcd-7b6176bffe9d', 'cbe6cf13-7e80-4aa6-96d7-ddee65bacc2b', '約伯記', 31, NOW() - INTERVAL '23 days'),
  ('76edc864-0409-4659-bdcd-7b6176bffe9d', 'cbe6cf13-7e80-4aa6-96d7-ddee65bacc2b', '約伯記', 32, NOW() - INTERVAL '23 days'),
  ('76edc864-0409-4659-bdcd-7b6176bffe9d', 'cbe6cf13-7e80-4aa6-96d7-ddee65bacc2b', '約伯記', 33, NOW() - INTERVAL '22 days'),
  ('76edc864-0409-4659-bdcd-7b6176bffe9d', 'cbe6cf13-7e80-4aa6-96d7-ddee65bacc2b', '約伯記', 34, NOW() - INTERVAL '22 days'),
  ('76edc864-0409-4659-bdcd-7b6176bffe9d', 'cbe6cf13-7e80-4aa6-96d7-ddee65bacc2b', '約伯記', 35, NOW() - INTERVAL '22 days'),
  ('76edc864-0409-4659-bdcd-7b6176bffe9d', 'cbe6cf13-7e80-4aa6-96d7-ddee65bacc2b', '約伯記', 36, NOW() - INTERVAL '22 days'),
  ('76edc864-0409-4659-bdcd-7b6176bffe9d', 'cbe6cf13-7e80-4aa6-96d7-ddee65bacc2b', '約伯記', 37, NOW() - INTERVAL '22 days'),
  ('76edc864-0409-4659-bdcd-7b6176bffe9d', 'cbe6cf13-7e80-4aa6-96d7-ddee65bacc2b', '約伯記', 38, NOW() - INTERVAL '21 days'),
  ('76edc864-0409-4659-bdcd-7b6176bffe9d', 'cbe6cf13-7e80-4aa6-96d7-ddee65bacc2b', '約伯記', 39, NOW() - INTERVAL '21 days'),
  ('76edc864-0409-4659-bdcd-7b6176bffe9d', 'cbe6cf13-7e80-4aa6-96d7-ddee65bacc2b', '約伯記', 40, NOW() - INTERVAL '21 days'),
  ('76edc864-0409-4659-bdcd-7b6176bffe9d', 'cbe6cf13-7e80-4aa6-96d7-ddee65bacc2b', '約伯記', 41, NOW() - INTERVAL '21 days'),
  ('76edc864-0409-4659-bdcd-7b6176bffe9d', 'cbe6cf13-7e80-4aa6-96d7-ddee65bacc2b', '約伯記', 42, NOW() - INTERVAL '21 days'),
  ('76edc864-0409-4659-bdcd-7b6176bffe9d', 'cbe6cf13-7e80-4aa6-96d7-ddee65bacc2b', '加拉太書', 1, NOW() - INTERVAL '20 days'),
  ('76edc864-0409-4659-bdcd-7b6176bffe9d', 'cbe6cf13-7e80-4aa6-96d7-ddee65bacc2b', '加拉太書', 2, NOW() - INTERVAL '20 days'),
  ('76edc864-0409-4659-bdcd-7b6176bffe9d', 'cbe6cf13-7e80-4aa6-96d7-ddee65bacc2b', '加拉太書', 3, NOW() - INTERVAL '20 days'),
  ('76edc864-0409-4659-bdcd-7b6176bffe9d', 'cbe6cf13-7e80-4aa6-96d7-ddee65bacc2b', '加拉太書', 4, NOW() - INTERVAL '20 days'),
  ('76edc864-0409-4659-bdcd-7b6176bffe9d', 'cbe6cf13-7e80-4aa6-96d7-ddee65bacc2b', '加拉太書', 5, NOW() - INTERVAL '20 days'),
  ('76edc864-0409-4659-bdcd-7b6176bffe9d', 'cbe6cf13-7e80-4aa6-96d7-ddee65bacc2b', '加拉太書', 6, NOW() - INTERVAL '19 days'),
  ('76edc864-0409-4659-bdcd-7b6176bffe9d', 'cbe6cf13-7e80-4aa6-96d7-ddee65bacc2b', '哈巴谷書', 1, NOW() - INTERVAL '19 days'),
  ('76edc864-0409-4659-bdcd-7b6176bffe9d', 'cbe6cf13-7e80-4aa6-96d7-ddee65bacc2b', '哈巴谷書', 2, NOW() - INTERVAL '19 days'),
  ('76edc864-0409-4659-bdcd-7b6176bffe9d', 'cbe6cf13-7e80-4aa6-96d7-ddee65bacc2b', '哈巴谷書', 3, NOW() - INTERVAL '19 days'),
  ('76edc864-0409-4659-bdcd-7b6176bffe9d', 'cbe6cf13-7e80-4aa6-96d7-ddee65bacc2b', '猶大書', 1, NOW() - INTERVAL '19 days'),
  ('76edc864-0409-4659-bdcd-7b6176bffe9d', 'cbe6cf13-7e80-4aa6-96d7-ddee65bacc2b', '利未記', 1, NOW() - INTERVAL '18 days'),
  ('76edc864-0409-4659-bdcd-7b6176bffe9d', 'cbe6cf13-7e80-4aa6-96d7-ddee65bacc2b', '利未記', 2, NOW() - INTERVAL '18 days'),
  ('76edc864-0409-4659-bdcd-7b6176bffe9d', 'cbe6cf13-7e80-4aa6-96d7-ddee65bacc2b', '利未記', 3, NOW() - INTERVAL '18 days'),
  ('76edc864-0409-4659-bdcd-7b6176bffe9d', 'cbe6cf13-7e80-4aa6-96d7-ddee65bacc2b', '利未記', 4, NOW() - INTERVAL '18 days'),
  ('76edc864-0409-4659-bdcd-7b6176bffe9d', 'cbe6cf13-7e80-4aa6-96d7-ddee65bacc2b', '利未記', 5, NOW() - INTERVAL '18 days'),
  ('76edc864-0409-4659-bdcd-7b6176bffe9d', 'cbe6cf13-7e80-4aa6-96d7-ddee65bacc2b', '利未記', 6, NOW() - INTERVAL '17 days'),
  ('76edc864-0409-4659-bdcd-7b6176bffe9d', 'cbe6cf13-7e80-4aa6-96d7-ddee65bacc2b', '利未記', 7, NOW() - INTERVAL '17 days'),
  ('76edc864-0409-4659-bdcd-7b6176bffe9d', 'cbe6cf13-7e80-4aa6-96d7-ddee65bacc2b', '利未記', 8, NOW() - INTERVAL '17 days'),
  ('76edc864-0409-4659-bdcd-7b6176bffe9d', 'cbe6cf13-7e80-4aa6-96d7-ddee65bacc2b', '利未記', 9, NOW() - INTERVAL '17 days'),
  ('76edc864-0409-4659-bdcd-7b6176bffe9d', 'cbe6cf13-7e80-4aa6-96d7-ddee65bacc2b', '利未記', 10, NOW() - INTERVAL '17 days'),
  ('76edc864-0409-4659-bdcd-7b6176bffe9d', 'cbe6cf13-7e80-4aa6-96d7-ddee65bacc2b', '利未記', 11, NOW() - INTERVAL '16 days'),
  ('76edc864-0409-4659-bdcd-7b6176bffe9d', 'cbe6cf13-7e80-4aa6-96d7-ddee65bacc2b', '利未記', 12, NOW() - INTERVAL '16 days'),
  ('76edc864-0409-4659-bdcd-7b6176bffe9d', 'cbe6cf13-7e80-4aa6-96d7-ddee65bacc2b', '利未記', 13, NOW() - INTERVAL '16 days'),
  ('76edc864-0409-4659-bdcd-7b6176bffe9d', 'cbe6cf13-7e80-4aa6-96d7-ddee65bacc2b', '利未記', 14, NOW() - INTERVAL '16 days'),
  ('76edc864-0409-4659-bdcd-7b6176bffe9d', 'cbe6cf13-7e80-4aa6-96d7-ddee65bacc2b', '利未記', 15, NOW() - INTERVAL '16 days'),
  ('76edc864-0409-4659-bdcd-7b6176bffe9d', 'cbe6cf13-7e80-4aa6-96d7-ddee65bacc2b', '利未記', 16, NOW() - INTERVAL '15 days'),
  ('76edc864-0409-4659-bdcd-7b6176bffe9d', 'cbe6cf13-7e80-4aa6-96d7-ddee65bacc2b', '利未記', 17, NOW() - INTERVAL '15 days'),
  ('76edc864-0409-4659-bdcd-7b6176bffe9d', 'cbe6cf13-7e80-4aa6-96d7-ddee65bacc2b', '利未記', 18, NOW() - INTERVAL '15 days'),
  ('76edc864-0409-4659-bdcd-7b6176bffe9d', 'cbe6cf13-7e80-4aa6-96d7-ddee65bacc2b', '利未記', 19, NOW() - INTERVAL '15 days'),
  ('76edc864-0409-4659-bdcd-7b6176bffe9d', 'cbe6cf13-7e80-4aa6-96d7-ddee65bacc2b', '利未記', 20, NOW() - INTERVAL '15 days'),
  ('76edc864-0409-4659-bdcd-7b6176bffe9d', 'cbe6cf13-7e80-4aa6-96d7-ddee65bacc2b', '利未記', 21, NOW() - INTERVAL '14 days'),
  ('76edc864-0409-4659-bdcd-7b6176bffe9d', 'cbe6cf13-7e80-4aa6-96d7-ddee65bacc2b', '利未記', 22, NOW() - INTERVAL '14 days'),
  ('76edc864-0409-4659-bdcd-7b6176bffe9d', 'cbe6cf13-7e80-4aa6-96d7-ddee65bacc2b', '利未記', 23, NOW() - INTERVAL '14 days'),
  ('76edc864-0409-4659-bdcd-7b6176bffe9d', 'cbe6cf13-7e80-4aa6-96d7-ddee65bacc2b', '利未記', 24, NOW() - INTERVAL '14 days'),
  ('76edc864-0409-4659-bdcd-7b6176bffe9d', 'cbe6cf13-7e80-4aa6-96d7-ddee65bacc2b', '利未記', 25, NOW() - INTERVAL '14 days'),
  ('76edc864-0409-4659-bdcd-7b6176bffe9d', 'cbe6cf13-7e80-4aa6-96d7-ddee65bacc2b', '利未記', 26, NOW() - INTERVAL '13 days'),
  ('76edc864-0409-4659-bdcd-7b6176bffe9d', 'cbe6cf13-7e80-4aa6-96d7-ddee65bacc2b', '利未記', 27, NOW() - INTERVAL '13 days'),
  ('76edc864-0409-4659-bdcd-7b6176bffe9d', 'cbe6cf13-7e80-4aa6-96d7-ddee65bacc2b', '路加福音', 1, NOW() - INTERVAL '13 days'),
  ('76edc864-0409-4659-bdcd-7b6176bffe9d', 'cbe6cf13-7e80-4aa6-96d7-ddee65bacc2b', '路加福音', 2, NOW() - INTERVAL '13 days'),
  ('76edc864-0409-4659-bdcd-7b6176bffe9d', 'cbe6cf13-7e80-4aa6-96d7-ddee65bacc2b', '路加福音', 3, NOW() - INTERVAL '13 days'),
  ('76edc864-0409-4659-bdcd-7b6176bffe9d', 'cbe6cf13-7e80-4aa6-96d7-ddee65bacc2b', '路加福音', 4, NOW() - INTERVAL '12 days'),
  ('76edc864-0409-4659-bdcd-7b6176bffe9d', 'cbe6cf13-7e80-4aa6-96d7-ddee65bacc2b', '路加福音', 5, NOW() - INTERVAL '12 days'),
  ('76edc864-0409-4659-bdcd-7b6176bffe9d', 'cbe6cf13-7e80-4aa6-96d7-ddee65bacc2b', '路加福音', 6, NOW() - INTERVAL '12 days'),
  ('76edc864-0409-4659-bdcd-7b6176bffe9d', 'cbe6cf13-7e80-4aa6-96d7-ddee65bacc2b', '路加福音', 7, NOW() - INTERVAL '12 days'),
  ('76edc864-0409-4659-bdcd-7b6176bffe9d', 'cbe6cf13-7e80-4aa6-96d7-ddee65bacc2b', '路加福音', 8, NOW() - INTERVAL '12 days'),
  ('76edc864-0409-4659-bdcd-7b6176bffe9d', 'cbe6cf13-7e80-4aa6-96d7-ddee65bacc2b', '路加福音', 9, NOW() - INTERVAL '11 days'),
  ('76edc864-0409-4659-bdcd-7b6176bffe9d', 'cbe6cf13-7e80-4aa6-96d7-ddee65bacc2b', '路加福音', 10, NOW() - INTERVAL '11 days'),
  ('76edc864-0409-4659-bdcd-7b6176bffe9d', 'cbe6cf13-7e80-4aa6-96d7-ddee65bacc2b', '路加福音', 11, NOW() - INTERVAL '11 days'),
  ('76edc864-0409-4659-bdcd-7b6176bffe9d', 'cbe6cf13-7e80-4aa6-96d7-ddee65bacc2b', '路加福音', 12, NOW() - INTERVAL '11 days'),
  ('76edc864-0409-4659-bdcd-7b6176bffe9d', 'cbe6cf13-7e80-4aa6-96d7-ddee65bacc2b', '路加福音', 13, NOW() - INTERVAL '11 days'),
  ('76edc864-0409-4659-bdcd-7b6176bffe9d', 'cbe6cf13-7e80-4aa6-96d7-ddee65bacc2b', '路加福音', 14, NOW() - INTERVAL '10 days'),
  ('76edc864-0409-4659-bdcd-7b6176bffe9d', 'cbe6cf13-7e80-4aa6-96d7-ddee65bacc2b', '路加福音', 15, NOW() - INTERVAL '10 days'),
  ('76edc864-0409-4659-bdcd-7b6176bffe9d', 'cbe6cf13-7e80-4aa6-96d7-ddee65bacc2b', '路加福音', 16, NOW() - INTERVAL '10 days'),
  ('76edc864-0409-4659-bdcd-7b6176bffe9d', 'cbe6cf13-7e80-4aa6-96d7-ddee65bacc2b', '路加福音', 17, NOW() - INTERVAL '10 days'),
  ('76edc864-0409-4659-bdcd-7b6176bffe9d', 'cbe6cf13-7e80-4aa6-96d7-ddee65bacc2b', '路加福音', 18, NOW() - INTERVAL '10 days'),
  ('76edc864-0409-4659-bdcd-7b6176bffe9d', 'cbe6cf13-7e80-4aa6-96d7-ddee65bacc2b', '路加福音', 19, NOW() - INTERVAL '9 days'),
  ('76edc864-0409-4659-bdcd-7b6176bffe9d', 'cbe6cf13-7e80-4aa6-96d7-ddee65bacc2b', '路加福音', 20, NOW() - INTERVAL '9 days'),
  ('76edc864-0409-4659-bdcd-7b6176bffe9d', 'cbe6cf13-7e80-4aa6-96d7-ddee65bacc2b', '路加福音', 21, NOW() - INTERVAL '9 days'),
  ('76edc864-0409-4659-bdcd-7b6176bffe9d', 'cbe6cf13-7e80-4aa6-96d7-ddee65bacc2b', '路加福音', 22, NOW() - INTERVAL '9 days'),
  ('76edc864-0409-4659-bdcd-7b6176bffe9d', 'cbe6cf13-7e80-4aa6-96d7-ddee65bacc2b', '路加福音', 23, NOW() - INTERVAL '9 days'),
  ('76edc864-0409-4659-bdcd-7b6176bffe9d', 'cbe6cf13-7e80-4aa6-96d7-ddee65bacc2b', '路加福音', 24, NOW() - INTERVAL '8 days'),
  ('76edc864-0409-4659-bdcd-7b6176bffe9d', 'cbe6cf13-7e80-4aa6-96d7-ddee65bacc2b', '歷代志下', 1, NOW() - INTERVAL '8 days'),
  ('76edc864-0409-4659-bdcd-7b6176bffe9d', 'cbe6cf13-7e80-4aa6-96d7-ddee65bacc2b', '歷代志下', 2, NOW() - INTERVAL '8 days'),
  ('76edc864-0409-4659-bdcd-7b6176bffe9d', 'cbe6cf13-7e80-4aa6-96d7-ddee65bacc2b', '歷代志下', 3, NOW() - INTERVAL '8 days'),
  ('76edc864-0409-4659-bdcd-7b6176bffe9d', 'cbe6cf13-7e80-4aa6-96d7-ddee65bacc2b', '歷代志下', 4, NOW() - INTERVAL '8 days'),
  ('76edc864-0409-4659-bdcd-7b6176bffe9d', 'cbe6cf13-7e80-4aa6-96d7-ddee65bacc2b', '歷代志下', 5, NOW() - INTERVAL '7 days'),
  ('76edc864-0409-4659-bdcd-7b6176bffe9d', 'cbe6cf13-7e80-4aa6-96d7-ddee65bacc2b', '歷代志下', 6, NOW() - INTERVAL '7 days'),
  ('76edc864-0409-4659-bdcd-7b6176bffe9d', 'cbe6cf13-7e80-4aa6-96d7-ddee65bacc2b', '歷代志下', 7, NOW() - INTERVAL '7 days'),
  ('76edc864-0409-4659-bdcd-7b6176bffe9d', 'cbe6cf13-7e80-4aa6-96d7-ddee65bacc2b', '歷代志下', 8, NOW() - INTERVAL '7 days'),
  ('76edc864-0409-4659-bdcd-7b6176bffe9d', 'cbe6cf13-7e80-4aa6-96d7-ddee65bacc2b', '歷代志下', 9, NOW() - INTERVAL '7 days'),
  ('76edc864-0409-4659-bdcd-7b6176bffe9d', 'cbe6cf13-7e80-4aa6-96d7-ddee65bacc2b', '歷代志下', 10, NOW() - INTERVAL '6 days'),
  ('76edc864-0409-4659-bdcd-7b6176bffe9d', 'cbe6cf13-7e80-4aa6-96d7-ddee65bacc2b', '歷代志下', 11, NOW() - INTERVAL '6 days'),
  ('76edc864-0409-4659-bdcd-7b6176bffe9d', 'cbe6cf13-7e80-4aa6-96d7-ddee65bacc2b', '歷代志下', 12, NOW() - INTERVAL '6 days'),
  ('76edc864-0409-4659-bdcd-7b6176bffe9d', 'cbe6cf13-7e80-4aa6-96d7-ddee65bacc2b', '歷代志下', 13, NOW() - INTERVAL '6 days'),
  ('76edc864-0409-4659-bdcd-7b6176bffe9d', 'cbe6cf13-7e80-4aa6-96d7-ddee65bacc2b', '歷代志下', 14, NOW() - INTERVAL '6 days'),
  ('76edc864-0409-4659-bdcd-7b6176bffe9d', 'cbe6cf13-7e80-4aa6-96d7-ddee65bacc2b', '歷代志下', 15, NOW() - INTERVAL '5 days'),
  ('76edc864-0409-4659-bdcd-7b6176bffe9d', 'cbe6cf13-7e80-4aa6-96d7-ddee65bacc2b', '歷代志下', 16, NOW() - INTERVAL '5 days'),
  ('76edc864-0409-4659-bdcd-7b6176bffe9d', 'cbe6cf13-7e80-4aa6-96d7-ddee65bacc2b', '歷代志下', 17, NOW() - INTERVAL '5 days'),
  ('76edc864-0409-4659-bdcd-7b6176bffe9d', 'cbe6cf13-7e80-4aa6-96d7-ddee65bacc2b', '歷代志下', 18, NOW() - INTERVAL '5 days'),
  ('76edc864-0409-4659-bdcd-7b6176bffe9d', 'cbe6cf13-7e80-4aa6-96d7-ddee65bacc2b', '歷代志下', 19, NOW() - INTERVAL '5 days'),
  ('76edc864-0409-4659-bdcd-7b6176bffe9d', 'cbe6cf13-7e80-4aa6-96d7-ddee65bacc2b', '歷代志下', 20, NOW() - INTERVAL '4 days'),
  ('76edc864-0409-4659-bdcd-7b6176bffe9d', 'cbe6cf13-7e80-4aa6-96d7-ddee65bacc2b', '歷代志下', 21, NOW() - INTERVAL '4 days'),
  ('76edc864-0409-4659-bdcd-7b6176bffe9d', 'cbe6cf13-7e80-4aa6-96d7-ddee65bacc2b', '歷代志下', 22, NOW() - INTERVAL '4 days'),
  ('76edc864-0409-4659-bdcd-7b6176bffe9d', 'cbe6cf13-7e80-4aa6-96d7-ddee65bacc2b', '歷代志下', 23, NOW() - INTERVAL '4 days'),
  ('76edc864-0409-4659-bdcd-7b6176bffe9d', 'cbe6cf13-7e80-4aa6-96d7-ddee65bacc2b', '歷代志下', 24, NOW() - INTERVAL '4 days'),
  ('76edc864-0409-4659-bdcd-7b6176bffe9d', 'cbe6cf13-7e80-4aa6-96d7-ddee65bacc2b', '歷代志下', 25, NOW() - INTERVAL '3 days'),
  ('76edc864-0409-4659-bdcd-7b6176bffe9d', 'cbe6cf13-7e80-4aa6-96d7-ddee65bacc2b', '歷代志下', 26, NOW() - INTERVAL '3 days'),
  ('76edc864-0409-4659-bdcd-7b6176bffe9d', 'cbe6cf13-7e80-4aa6-96d7-ddee65bacc2b', '歷代志下', 27, NOW() - INTERVAL '3 days'),
  ('76edc864-0409-4659-bdcd-7b6176bffe9d', 'cbe6cf13-7e80-4aa6-96d7-ddee65bacc2b', '歷代志下', 28, NOW() - INTERVAL '3 days'),
  ('76edc864-0409-4659-bdcd-7b6176bffe9d', 'cbe6cf13-7e80-4aa6-96d7-ddee65bacc2b', '歷代志下', 29, NOW() - INTERVAL '3 days'),
  ('76edc864-0409-4659-bdcd-7b6176bffe9d', 'cbe6cf13-7e80-4aa6-96d7-ddee65bacc2b', '歷代志下', 30, NOW() - INTERVAL '2 days'),
  ('76edc864-0409-4659-bdcd-7b6176bffe9d', 'cbe6cf13-7e80-4aa6-96d7-ddee65bacc2b', '歷代志下', 31, NOW() - INTERVAL '2 days'),
  ('76edc864-0409-4659-bdcd-7b6176bffe9d', 'cbe6cf13-7e80-4aa6-96d7-ddee65bacc2b', '歷代志下', 32, NOW() - INTERVAL '2 days'),
  ('76edc864-0409-4659-bdcd-7b6176bffe9d', 'cbe6cf13-7e80-4aa6-96d7-ddee65bacc2b', '歷代志下', 33, NOW() - INTERVAL '2 days'),
  ('76edc864-0409-4659-bdcd-7b6176bffe9d', 'cbe6cf13-7e80-4aa6-96d7-ddee65bacc2b', '歷代志下', 34, NOW() - INTERVAL '2 days'),
  ('76edc864-0409-4659-bdcd-7b6176bffe9d', 'cbe6cf13-7e80-4aa6-96d7-ddee65bacc2b', '歷代志下', 35, NOW() - INTERVAL '1 days'),
  ('76edc864-0409-4659-bdcd-7b6176bffe9d', 'cbe6cf13-7e80-4aa6-96d7-ddee65bacc2b', '歷代志下', 36, NOW() - INTERVAL '1 days'),
  ('76edc864-0409-4659-bdcd-7b6176bffe9d', 'cbe6cf13-7e80-4aa6-96d7-ddee65bacc2b', '帖撒羅尼迦前書', 1, NOW() - INTERVAL '1 days'),
  ('76edc864-0409-4659-bdcd-7b6176bffe9d', 'cbe6cf13-7e80-4aa6-96d7-ddee65bacc2b', '帖撒羅尼迦前書', 2, NOW() - INTERVAL '1 days'),
  ('76edc864-0409-4659-bdcd-7b6176bffe9d', 'cbe6cf13-7e80-4aa6-96d7-ddee65bacc2b', '帖撒羅尼迦前書', 3, NOW() - INTERVAL '1 days'),
  ('76edc864-0409-4659-bdcd-7b6176bffe9d', 'cbe6cf13-7e80-4aa6-96d7-ddee65bacc2b', '帖撒羅尼迦前書', 4, NOW() - INTERVAL '0 days'),
  ('76edc864-0409-4659-bdcd-7b6176bffe9d', 'cbe6cf13-7e80-4aa6-96d7-ddee65bacc2b', '帖撒羅尼迦前書', 5, NOW() - INTERVAL '0 days'),
  ('76edc864-0409-4659-bdcd-7b6176bffe9d', 'cbe6cf13-7e80-4aa6-96d7-ddee65bacc2b', '約拿書', 1, NOW() - INTERVAL '0 days'),
  ('76edc864-0409-4659-bdcd-7b6176bffe9d', 'cbe6cf13-7e80-4aa6-96d7-ddee65bacc2b', '約拿書', 2, NOW() - INTERVAL '0 days');

--------------------------------------------------

-- 使用者: 示範組員四
INSERT INTO auth.users (id, email, raw_user_meta_data, created_at, updated_at, instance_id, aud, role, encrypted_password)
VALUES (
  'bf9d1fd0-318b-4ad7-aa9b-f735b80d204c',
  'bf9d1fd0@church-bible.com',
  '{"full_name": "示範組員四"}',
  NOW() - INTERVAL '91 days',
  NOW(),
  '00000000-0000-0000-0000-000000000000',
  'authenticated',
  'authenticated',
  '$2a$10$abcdefghijklmnopqrstuv' -- Dummy bcrypt hash
) ON CONFLICT (id) DO NOTHING;

INSERT INTO public.profiles (id, name, great_region, pastoral_zone, small_group, role, is_demo, updated_at)
VALUES (
  'bf9d1fd0-318b-4ad7-aa9b-f735b80d204c',
  '示範組員四',
  '示範大區A',
  '示範牧區丙',
  '示範小組4',
  'member',
  TRUE,
  NOW()
) ON CONFLICT (id) DO NOTHING;

INSERT INTO public.reading_plans (id, user_id, name, start_date, end_date, target_books)
VALUES (
  '032d0c4c-62e0-4450-aa69-518d0a8d933e',
  'bf9d1fd0-318b-4ad7-aa9b-f735b80d204c',
  '第一季速讀：2026年7月~9月',
  '2026-07-01',
  '2026-09-30',
  ARRAY['創世記', '馬太福音', '列王紀下', '雅各書', '出埃及記', '馬可福音', '約伯記', '加拉太書', '哈巴谷書', '猶大書', '利未記', '路加福音', '歷代志下', '帖撒羅尼迦前書', '約拿書', '約翰二書', '彌迦書', '約翰三書']
) ON CONFLICT (id) DO NOTHING;

INSERT INTO public.reading_logs (user_id, plan_id, book, chapter, read_at)
VALUES
  ('bf9d1fd0-318b-4ad7-aa9b-f735b80d204c', '032d0c4c-62e0-4450-aa69-518d0a8d933e', '創世記', 1, NOW() - INTERVAL '18 days'),
  ('bf9d1fd0-318b-4ad7-aa9b-f735b80d204c', '032d0c4c-62e0-4450-aa69-518d0a8d933e', '創世記', 2, NOW() - INTERVAL '17 days'),
  ('bf9d1fd0-318b-4ad7-aa9b-f735b80d204c', '032d0c4c-62e0-4450-aa69-518d0a8d933e', '創世記', 3, NOW() - INTERVAL '17 days'),
  ('bf9d1fd0-318b-4ad7-aa9b-f735b80d204c', '032d0c4c-62e0-4450-aa69-518d0a8d933e', '創世記', 4, NOW() - INTERVAL '17 days'),
  ('bf9d1fd0-318b-4ad7-aa9b-f735b80d204c', '032d0c4c-62e0-4450-aa69-518d0a8d933e', '創世記', 5, NOW() - INTERVAL '17 days'),
  ('bf9d1fd0-318b-4ad7-aa9b-f735b80d204c', '032d0c4c-62e0-4450-aa69-518d0a8d933e', '創世記', 6, NOW() - INTERVAL '17 days'),
  ('bf9d1fd0-318b-4ad7-aa9b-f735b80d204c', '032d0c4c-62e0-4450-aa69-518d0a8d933e', '創世記', 7, NOW() - INTERVAL '16 days'),
  ('bf9d1fd0-318b-4ad7-aa9b-f735b80d204c', '032d0c4c-62e0-4450-aa69-518d0a8d933e', '創世記', 8, NOW() - INTERVAL '16 days'),
  ('bf9d1fd0-318b-4ad7-aa9b-f735b80d204c', '032d0c4c-62e0-4450-aa69-518d0a8d933e', '創世記', 9, NOW() - INTERVAL '16 days'),
  ('bf9d1fd0-318b-4ad7-aa9b-f735b80d204c', '032d0c4c-62e0-4450-aa69-518d0a8d933e', '創世記', 10, NOW() - INTERVAL '16 days'),
  ('bf9d1fd0-318b-4ad7-aa9b-f735b80d204c', '032d0c4c-62e0-4450-aa69-518d0a8d933e', '創世記', 11, NOW() - INTERVAL '16 days'),
  ('bf9d1fd0-318b-4ad7-aa9b-f735b80d204c', '032d0c4c-62e0-4450-aa69-518d0a8d933e', '創世記', 12, NOW() - INTERVAL '15 days'),
  ('bf9d1fd0-318b-4ad7-aa9b-f735b80d204c', '032d0c4c-62e0-4450-aa69-518d0a8d933e', '創世記', 13, NOW() - INTERVAL '15 days'),
  ('bf9d1fd0-318b-4ad7-aa9b-f735b80d204c', '032d0c4c-62e0-4450-aa69-518d0a8d933e', '創世記', 14, NOW() - INTERVAL '15 days'),
  ('bf9d1fd0-318b-4ad7-aa9b-f735b80d204c', '032d0c4c-62e0-4450-aa69-518d0a8d933e', '創世記', 15, NOW() - INTERVAL '15 days'),
  ('bf9d1fd0-318b-4ad7-aa9b-f735b80d204c', '032d0c4c-62e0-4450-aa69-518d0a8d933e', '創世記', 16, NOW() - INTERVAL '15 days'),
  ('bf9d1fd0-318b-4ad7-aa9b-f735b80d204c', '032d0c4c-62e0-4450-aa69-518d0a8d933e', '創世記', 17, NOW() - INTERVAL '14 days'),
  ('bf9d1fd0-318b-4ad7-aa9b-f735b80d204c', '032d0c4c-62e0-4450-aa69-518d0a8d933e', '創世記', 18, NOW() - INTERVAL '14 days'),
  ('bf9d1fd0-318b-4ad7-aa9b-f735b80d204c', '032d0c4c-62e0-4450-aa69-518d0a8d933e', '創世記', 19, NOW() - INTERVAL '14 days'),
  ('bf9d1fd0-318b-4ad7-aa9b-f735b80d204c', '032d0c4c-62e0-4450-aa69-518d0a8d933e', '創世記', 20, NOW() - INTERVAL '14 days'),
  ('bf9d1fd0-318b-4ad7-aa9b-f735b80d204c', '032d0c4c-62e0-4450-aa69-518d0a8d933e', '創世記', 21, NOW() - INTERVAL '14 days'),
  ('bf9d1fd0-318b-4ad7-aa9b-f735b80d204c', '032d0c4c-62e0-4450-aa69-518d0a8d933e', '創世記', 22, NOW() - INTERVAL '13 days'),
  ('bf9d1fd0-318b-4ad7-aa9b-f735b80d204c', '032d0c4c-62e0-4450-aa69-518d0a8d933e', '創世記', 23, NOW() - INTERVAL '13 days'),
  ('bf9d1fd0-318b-4ad7-aa9b-f735b80d204c', '032d0c4c-62e0-4450-aa69-518d0a8d933e', '創世記', 24, NOW() - INTERVAL '13 days'),
  ('bf9d1fd0-318b-4ad7-aa9b-f735b80d204c', '032d0c4c-62e0-4450-aa69-518d0a8d933e', '創世記', 25, NOW() - INTERVAL '13 days'),
  ('bf9d1fd0-318b-4ad7-aa9b-f735b80d204c', '032d0c4c-62e0-4450-aa69-518d0a8d933e', '創世記', 26, NOW() - INTERVAL '13 days'),
  ('bf9d1fd0-318b-4ad7-aa9b-f735b80d204c', '032d0c4c-62e0-4450-aa69-518d0a8d933e', '創世記', 27, NOW() - INTERVAL '12 days'),
  ('bf9d1fd0-318b-4ad7-aa9b-f735b80d204c', '032d0c4c-62e0-4450-aa69-518d0a8d933e', '創世記', 28, NOW() - INTERVAL '12 days'),
  ('bf9d1fd0-318b-4ad7-aa9b-f735b80d204c', '032d0c4c-62e0-4450-aa69-518d0a8d933e', '創世記', 29, NOW() - INTERVAL '12 days'),
  ('bf9d1fd0-318b-4ad7-aa9b-f735b80d204c', '032d0c4c-62e0-4450-aa69-518d0a8d933e', '創世記', 30, NOW() - INTERVAL '12 days'),
  ('bf9d1fd0-318b-4ad7-aa9b-f735b80d204c', '032d0c4c-62e0-4450-aa69-518d0a8d933e', '創世記', 31, NOW() - INTERVAL '12 days'),
  ('bf9d1fd0-318b-4ad7-aa9b-f735b80d204c', '032d0c4c-62e0-4450-aa69-518d0a8d933e', '創世記', 32, NOW() - INTERVAL '11 days'),
  ('bf9d1fd0-318b-4ad7-aa9b-f735b80d204c', '032d0c4c-62e0-4450-aa69-518d0a8d933e', '創世記', 33, NOW() - INTERVAL '11 days'),
  ('bf9d1fd0-318b-4ad7-aa9b-f735b80d204c', '032d0c4c-62e0-4450-aa69-518d0a8d933e', '創世記', 34, NOW() - INTERVAL '11 days'),
  ('bf9d1fd0-318b-4ad7-aa9b-f735b80d204c', '032d0c4c-62e0-4450-aa69-518d0a8d933e', '創世記', 35, NOW() - INTERVAL '11 days'),
  ('bf9d1fd0-318b-4ad7-aa9b-f735b80d204c', '032d0c4c-62e0-4450-aa69-518d0a8d933e', '創世記', 36, NOW() - INTERVAL '11 days'),
  ('bf9d1fd0-318b-4ad7-aa9b-f735b80d204c', '032d0c4c-62e0-4450-aa69-518d0a8d933e', '創世記', 37, NOW() - INTERVAL '10 days'),
  ('bf9d1fd0-318b-4ad7-aa9b-f735b80d204c', '032d0c4c-62e0-4450-aa69-518d0a8d933e', '創世記', 38, NOW() - INTERVAL '10 days'),
  ('bf9d1fd0-318b-4ad7-aa9b-f735b80d204c', '032d0c4c-62e0-4450-aa69-518d0a8d933e', '創世記', 39, NOW() - INTERVAL '10 days'),
  ('bf9d1fd0-318b-4ad7-aa9b-f735b80d204c', '032d0c4c-62e0-4450-aa69-518d0a8d933e', '創世記', 40, NOW() - INTERVAL '10 days'),
  ('bf9d1fd0-318b-4ad7-aa9b-f735b80d204c', '032d0c4c-62e0-4450-aa69-518d0a8d933e', '創世記', 41, NOW() - INTERVAL '10 days'),
  ('bf9d1fd0-318b-4ad7-aa9b-f735b80d204c', '032d0c4c-62e0-4450-aa69-518d0a8d933e', '創世記', 42, NOW() - INTERVAL '9 days'),
  ('bf9d1fd0-318b-4ad7-aa9b-f735b80d204c', '032d0c4c-62e0-4450-aa69-518d0a8d933e', '創世記', 43, NOW() - INTERVAL '9 days'),
  ('bf9d1fd0-318b-4ad7-aa9b-f735b80d204c', '032d0c4c-62e0-4450-aa69-518d0a8d933e', '創世記', 44, NOW() - INTERVAL '9 days'),
  ('bf9d1fd0-318b-4ad7-aa9b-f735b80d204c', '032d0c4c-62e0-4450-aa69-518d0a8d933e', '創世記', 45, NOW() - INTERVAL '9 days'),
  ('bf9d1fd0-318b-4ad7-aa9b-f735b80d204c', '032d0c4c-62e0-4450-aa69-518d0a8d933e', '創世記', 46, NOW() - INTERVAL '9 days'),
  ('bf9d1fd0-318b-4ad7-aa9b-f735b80d204c', '032d0c4c-62e0-4450-aa69-518d0a8d933e', '創世記', 47, NOW() - INTERVAL '8 days'),
  ('bf9d1fd0-318b-4ad7-aa9b-f735b80d204c', '032d0c4c-62e0-4450-aa69-518d0a8d933e', '創世記', 48, NOW() - INTERVAL '8 days'),
  ('bf9d1fd0-318b-4ad7-aa9b-f735b80d204c', '032d0c4c-62e0-4450-aa69-518d0a8d933e', '創世記', 49, NOW() - INTERVAL '8 days'),
  ('bf9d1fd0-318b-4ad7-aa9b-f735b80d204c', '032d0c4c-62e0-4450-aa69-518d0a8d933e', '創世記', 50, NOW() - INTERVAL '8 days'),
  ('bf9d1fd0-318b-4ad7-aa9b-f735b80d204c', '032d0c4c-62e0-4450-aa69-518d0a8d933e', '馬太福音', 1, NOW() - INTERVAL '8 days'),
  ('bf9d1fd0-318b-4ad7-aa9b-f735b80d204c', '032d0c4c-62e0-4450-aa69-518d0a8d933e', '馬太福音', 2, NOW() - INTERVAL '7 days'),
  ('bf9d1fd0-318b-4ad7-aa9b-f735b80d204c', '032d0c4c-62e0-4450-aa69-518d0a8d933e', '馬太福音', 3, NOW() - INTERVAL '7 days'),
  ('bf9d1fd0-318b-4ad7-aa9b-f735b80d204c', '032d0c4c-62e0-4450-aa69-518d0a8d933e', '馬太福音', 4, NOW() - INTERVAL '7 days'),
  ('bf9d1fd0-318b-4ad7-aa9b-f735b80d204c', '032d0c4c-62e0-4450-aa69-518d0a8d933e', '馬太福音', 5, NOW() - INTERVAL '7 days'),
  ('bf9d1fd0-318b-4ad7-aa9b-f735b80d204c', '032d0c4c-62e0-4450-aa69-518d0a8d933e', '馬太福音', 6, NOW() - INTERVAL '7 days'),
  ('bf9d1fd0-318b-4ad7-aa9b-f735b80d204c', '032d0c4c-62e0-4450-aa69-518d0a8d933e', '馬太福音', 7, NOW() - INTERVAL '6 days'),
  ('bf9d1fd0-318b-4ad7-aa9b-f735b80d204c', '032d0c4c-62e0-4450-aa69-518d0a8d933e', '馬太福音', 8, NOW() - INTERVAL '6 days'),
  ('bf9d1fd0-318b-4ad7-aa9b-f735b80d204c', '032d0c4c-62e0-4450-aa69-518d0a8d933e', '馬太福音', 9, NOW() - INTERVAL '6 days'),
  ('bf9d1fd0-318b-4ad7-aa9b-f735b80d204c', '032d0c4c-62e0-4450-aa69-518d0a8d933e', '馬太福音', 10, NOW() - INTERVAL '6 days'),
  ('bf9d1fd0-318b-4ad7-aa9b-f735b80d204c', '032d0c4c-62e0-4450-aa69-518d0a8d933e', '馬太福音', 11, NOW() - INTERVAL '6 days'),
  ('bf9d1fd0-318b-4ad7-aa9b-f735b80d204c', '032d0c4c-62e0-4450-aa69-518d0a8d933e', '馬太福音', 12, NOW() - INTERVAL '5 days'),
  ('bf9d1fd0-318b-4ad7-aa9b-f735b80d204c', '032d0c4c-62e0-4450-aa69-518d0a8d933e', '馬太福音', 13, NOW() - INTERVAL '5 days'),
  ('bf9d1fd0-318b-4ad7-aa9b-f735b80d204c', '032d0c4c-62e0-4450-aa69-518d0a8d933e', '馬太福音', 14, NOW() - INTERVAL '5 days'),
  ('bf9d1fd0-318b-4ad7-aa9b-f735b80d204c', '032d0c4c-62e0-4450-aa69-518d0a8d933e', '馬太福音', 15, NOW() - INTERVAL '5 days'),
  ('bf9d1fd0-318b-4ad7-aa9b-f735b80d204c', '032d0c4c-62e0-4450-aa69-518d0a8d933e', '馬太福音', 16, NOW() - INTERVAL '5 days'),
  ('bf9d1fd0-318b-4ad7-aa9b-f735b80d204c', '032d0c4c-62e0-4450-aa69-518d0a8d933e', '馬太福音', 17, NOW() - INTERVAL '4 days'),
  ('bf9d1fd0-318b-4ad7-aa9b-f735b80d204c', '032d0c4c-62e0-4450-aa69-518d0a8d933e', '馬太福音', 18, NOW() - INTERVAL '4 days'),
  ('bf9d1fd0-318b-4ad7-aa9b-f735b80d204c', '032d0c4c-62e0-4450-aa69-518d0a8d933e', '馬太福音', 19, NOW() - INTERVAL '4 days'),
  ('bf9d1fd0-318b-4ad7-aa9b-f735b80d204c', '032d0c4c-62e0-4450-aa69-518d0a8d933e', '馬太福音', 20, NOW() - INTERVAL '4 days'),
  ('bf9d1fd0-318b-4ad7-aa9b-f735b80d204c', '032d0c4c-62e0-4450-aa69-518d0a8d933e', '馬太福音', 21, NOW() - INTERVAL '4 days'),
  ('bf9d1fd0-318b-4ad7-aa9b-f735b80d204c', '032d0c4c-62e0-4450-aa69-518d0a8d933e', '馬太福音', 22, NOW() - INTERVAL '3 days'),
  ('bf9d1fd0-318b-4ad7-aa9b-f735b80d204c', '032d0c4c-62e0-4450-aa69-518d0a8d933e', '馬太福音', 23, NOW() - INTERVAL '3 days'),
  ('bf9d1fd0-318b-4ad7-aa9b-f735b80d204c', '032d0c4c-62e0-4450-aa69-518d0a8d933e', '馬太福音', 24, NOW() - INTERVAL '3 days'),
  ('bf9d1fd0-318b-4ad7-aa9b-f735b80d204c', '032d0c4c-62e0-4450-aa69-518d0a8d933e', '馬太福音', 25, NOW() - INTERVAL '3 days'),
  ('bf9d1fd0-318b-4ad7-aa9b-f735b80d204c', '032d0c4c-62e0-4450-aa69-518d0a8d933e', '馬太福音', 26, NOW() - INTERVAL '3 days'),
  ('bf9d1fd0-318b-4ad7-aa9b-f735b80d204c', '032d0c4c-62e0-4450-aa69-518d0a8d933e', '馬太福音', 27, NOW() - INTERVAL '2 days'),
  ('bf9d1fd0-318b-4ad7-aa9b-f735b80d204c', '032d0c4c-62e0-4450-aa69-518d0a8d933e', '馬太福音', 28, NOW() - INTERVAL '2 days'),
  ('bf9d1fd0-318b-4ad7-aa9b-f735b80d204c', '032d0c4c-62e0-4450-aa69-518d0a8d933e', '列王紀下', 1, NOW() - INTERVAL '2 days'),
  ('bf9d1fd0-318b-4ad7-aa9b-f735b80d204c', '032d0c4c-62e0-4450-aa69-518d0a8d933e', '列王紀下', 2, NOW() - INTERVAL '2 days'),
  ('bf9d1fd0-318b-4ad7-aa9b-f735b80d204c', '032d0c4c-62e0-4450-aa69-518d0a8d933e', '列王紀下', 3, NOW() - INTERVAL '2 days'),
  ('bf9d1fd0-318b-4ad7-aa9b-f735b80d204c', '032d0c4c-62e0-4450-aa69-518d0a8d933e', '列王紀下', 4, NOW() - INTERVAL '1 days'),
  ('bf9d1fd0-318b-4ad7-aa9b-f735b80d204c', '032d0c4c-62e0-4450-aa69-518d0a8d933e', '列王紀下', 5, NOW() - INTERVAL '1 days'),
  ('bf9d1fd0-318b-4ad7-aa9b-f735b80d204c', '032d0c4c-62e0-4450-aa69-518d0a8d933e', '列王紀下', 6, NOW() - INTERVAL '1 days'),
  ('bf9d1fd0-318b-4ad7-aa9b-f735b80d204c', '032d0c4c-62e0-4450-aa69-518d0a8d933e', '列王紀下', 7, NOW() - INTERVAL '1 days'),
  ('bf9d1fd0-318b-4ad7-aa9b-f735b80d204c', '032d0c4c-62e0-4450-aa69-518d0a8d933e', '列王紀下', 8, NOW() - INTERVAL '1 days'),
  ('bf9d1fd0-318b-4ad7-aa9b-f735b80d204c', '032d0c4c-62e0-4450-aa69-518d0a8d933e', '列王紀下', 9, NOW() - INTERVAL '0 days'),
  ('bf9d1fd0-318b-4ad7-aa9b-f735b80d204c', '032d0c4c-62e0-4450-aa69-518d0a8d933e', '列王紀下', 10, NOW() - INTERVAL '0 days'),
  ('bf9d1fd0-318b-4ad7-aa9b-f735b80d204c', '032d0c4c-62e0-4450-aa69-518d0a8d933e', '列王紀下', 11, NOW() - INTERVAL '0 days'),
  ('bf9d1fd0-318b-4ad7-aa9b-f735b80d204c', '032d0c4c-62e0-4450-aa69-518d0a8d933e', '列王紀下', 12, NOW() - INTERVAL '0 days');

--------------------------------------------------

-- 使用者: 示範區長甲
INSERT INTO auth.users (id, email, raw_user_meta_data, created_at, updated_at, instance_id, aud, role, encrypted_password)
VALUES (
  'a0ea7f02-293c-4145-9158-ae6da0f3bd17',
  'a0ea7f02@church-bible.com',
  '{"full_name": "示範區長甲"}',
  NOW() - INTERVAL '1 days',
  NOW(),
  '00000000-0000-0000-0000-000000000000',
  'authenticated',
  'authenticated',
  '$2a$10$abcdefghijklmnopqrstuv' -- Dummy bcrypt hash
) ON CONFLICT (id) DO NOTHING;

INSERT INTO public.profiles (id, name, great_region, pastoral_zone, small_group, role, is_demo, updated_at)
VALUES (
  'a0ea7f02-293c-4145-9158-ae6da0f3bd17',
  '示範區長甲',
  '示範大區A',
  '示範牧區甲',
  '示範小組1',
  'zone_leader',
  TRUE,
  NOW()
) ON CONFLICT (id) DO NOTHING;

INSERT INTO public.reading_plans (id, user_id, name, start_date, end_date, target_books)
VALUES (
  '143f30ca-0d35-4c56-aac5-0e00745d8601',
  'a0ea7f02-293c-4145-9158-ae6da0f3bd17',
  '第一季速讀：2026年7月~9月',
  '2026-07-01',
  '2026-09-30',
  ARRAY['創世記', '馬太福音', '列王紀下', '雅各書', '出埃及記', '馬可福音', '約伯記', '加拉太書', '哈巴谷書', '猶大書', '利未記', '路加福音', '歷代志下', '帖撒羅尼迦前書', '約拿書', '約翰二書', '彌迦書', '約翰三書']
) ON CONFLICT (id) DO NOTHING;

INSERT INTO public.reading_logs (user_id, plan_id, book, chapter, read_at)
VALUES
  ('a0ea7f02-293c-4145-9158-ae6da0f3bd17', '143f30ca-0d35-4c56-aac5-0e00745d8601', '創世記', 1, NOW() - INTERVAL '120 days'),
  ('a0ea7f02-293c-4145-9158-ae6da0f3bd17', '143f30ca-0d35-4c56-aac5-0e00745d8601', '創世記', 2, NOW() - INTERVAL '119 days'),
  ('a0ea7f02-293c-4145-9158-ae6da0f3bd17', '143f30ca-0d35-4c56-aac5-0e00745d8601', '創世記', 3, NOW() - INTERVAL '119 days'),
  ('a0ea7f02-293c-4145-9158-ae6da0f3bd17', '143f30ca-0d35-4c56-aac5-0e00745d8601', '創世記', 4, NOW() - INTERVAL '119 days'),
  ('a0ea7f02-293c-4145-9158-ae6da0f3bd17', '143f30ca-0d35-4c56-aac5-0e00745d8601', '創世記', 5, NOW() - INTERVAL '119 days'),
  ('a0ea7f02-293c-4145-9158-ae6da0f3bd17', '143f30ca-0d35-4c56-aac5-0e00745d8601', '創世記', 6, NOW() - INTERVAL '119 days'),
  ('a0ea7f02-293c-4145-9158-ae6da0f3bd17', '143f30ca-0d35-4c56-aac5-0e00745d8601', '創世記', 7, NOW() - INTERVAL '118 days'),
  ('a0ea7f02-293c-4145-9158-ae6da0f3bd17', '143f30ca-0d35-4c56-aac5-0e00745d8601', '創世記', 8, NOW() - INTERVAL '118 days'),
  ('a0ea7f02-293c-4145-9158-ae6da0f3bd17', '143f30ca-0d35-4c56-aac5-0e00745d8601', '創世記', 9, NOW() - INTERVAL '118 days'),
  ('a0ea7f02-293c-4145-9158-ae6da0f3bd17', '143f30ca-0d35-4c56-aac5-0e00745d8601', '創世記', 10, NOW() - INTERVAL '118 days'),
  ('a0ea7f02-293c-4145-9158-ae6da0f3bd17', '143f30ca-0d35-4c56-aac5-0e00745d8601', '創世記', 11, NOW() - INTERVAL '118 days'),
  ('a0ea7f02-293c-4145-9158-ae6da0f3bd17', '143f30ca-0d35-4c56-aac5-0e00745d8601', '創世記', 12, NOW() - INTERVAL '117 days'),
  ('a0ea7f02-293c-4145-9158-ae6da0f3bd17', '143f30ca-0d35-4c56-aac5-0e00745d8601', '創世記', 13, NOW() - INTERVAL '117 days'),
  ('a0ea7f02-293c-4145-9158-ae6da0f3bd17', '143f30ca-0d35-4c56-aac5-0e00745d8601', '創世記', 14, NOW() - INTERVAL '117 days'),
  ('a0ea7f02-293c-4145-9158-ae6da0f3bd17', '143f30ca-0d35-4c56-aac5-0e00745d8601', '創世記', 15, NOW() - INTERVAL '117 days'),
  ('a0ea7f02-293c-4145-9158-ae6da0f3bd17', '143f30ca-0d35-4c56-aac5-0e00745d8601', '創世記', 16, NOW() - INTERVAL '117 days'),
  ('a0ea7f02-293c-4145-9158-ae6da0f3bd17', '143f30ca-0d35-4c56-aac5-0e00745d8601', '創世記', 17, NOW() - INTERVAL '116 days'),
  ('a0ea7f02-293c-4145-9158-ae6da0f3bd17', '143f30ca-0d35-4c56-aac5-0e00745d8601', '創世記', 18, NOW() - INTERVAL '116 days'),
  ('a0ea7f02-293c-4145-9158-ae6da0f3bd17', '143f30ca-0d35-4c56-aac5-0e00745d8601', '創世記', 19, NOW() - INTERVAL '116 days'),
  ('a0ea7f02-293c-4145-9158-ae6da0f3bd17', '143f30ca-0d35-4c56-aac5-0e00745d8601', '創世記', 20, NOW() - INTERVAL '116 days'),
  ('a0ea7f02-293c-4145-9158-ae6da0f3bd17', '143f30ca-0d35-4c56-aac5-0e00745d8601', '創世記', 21, NOW() - INTERVAL '116 days'),
  ('a0ea7f02-293c-4145-9158-ae6da0f3bd17', '143f30ca-0d35-4c56-aac5-0e00745d8601', '創世記', 22, NOW() - INTERVAL '115 days'),
  ('a0ea7f02-293c-4145-9158-ae6da0f3bd17', '143f30ca-0d35-4c56-aac5-0e00745d8601', '創世記', 23, NOW() - INTERVAL '115 days'),
  ('a0ea7f02-293c-4145-9158-ae6da0f3bd17', '143f30ca-0d35-4c56-aac5-0e00745d8601', '創世記', 24, NOW() - INTERVAL '115 days'),
  ('a0ea7f02-293c-4145-9158-ae6da0f3bd17', '143f30ca-0d35-4c56-aac5-0e00745d8601', '創世記', 25, NOW() - INTERVAL '115 days'),
  ('a0ea7f02-293c-4145-9158-ae6da0f3bd17', '143f30ca-0d35-4c56-aac5-0e00745d8601', '創世記', 26, NOW() - INTERVAL '115 days'),
  ('a0ea7f02-293c-4145-9158-ae6da0f3bd17', '143f30ca-0d35-4c56-aac5-0e00745d8601', '創世記', 27, NOW() - INTERVAL '114 days'),
  ('a0ea7f02-293c-4145-9158-ae6da0f3bd17', '143f30ca-0d35-4c56-aac5-0e00745d8601', '創世記', 28, NOW() - INTERVAL '114 days'),
  ('a0ea7f02-293c-4145-9158-ae6da0f3bd17', '143f30ca-0d35-4c56-aac5-0e00745d8601', '創世記', 29, NOW() - INTERVAL '114 days'),
  ('a0ea7f02-293c-4145-9158-ae6da0f3bd17', '143f30ca-0d35-4c56-aac5-0e00745d8601', '創世記', 30, NOW() - INTERVAL '114 days'),
  ('a0ea7f02-293c-4145-9158-ae6da0f3bd17', '143f30ca-0d35-4c56-aac5-0e00745d8601', '創世記', 31, NOW() - INTERVAL '114 days'),
  ('a0ea7f02-293c-4145-9158-ae6da0f3bd17', '143f30ca-0d35-4c56-aac5-0e00745d8601', '創世記', 32, NOW() - INTERVAL '113 days'),
  ('a0ea7f02-293c-4145-9158-ae6da0f3bd17', '143f30ca-0d35-4c56-aac5-0e00745d8601', '創世記', 33, NOW() - INTERVAL '113 days'),
  ('a0ea7f02-293c-4145-9158-ae6da0f3bd17', '143f30ca-0d35-4c56-aac5-0e00745d8601', '創世記', 34, NOW() - INTERVAL '113 days'),
  ('a0ea7f02-293c-4145-9158-ae6da0f3bd17', '143f30ca-0d35-4c56-aac5-0e00745d8601', '創世記', 35, NOW() - INTERVAL '113 days'),
  ('a0ea7f02-293c-4145-9158-ae6da0f3bd17', '143f30ca-0d35-4c56-aac5-0e00745d8601', '創世記', 36, NOW() - INTERVAL '113 days'),
  ('a0ea7f02-293c-4145-9158-ae6da0f3bd17', '143f30ca-0d35-4c56-aac5-0e00745d8601', '創世記', 37, NOW() - INTERVAL '112 days'),
  ('a0ea7f02-293c-4145-9158-ae6da0f3bd17', '143f30ca-0d35-4c56-aac5-0e00745d8601', '創世記', 38, NOW() - INTERVAL '112 days'),
  ('a0ea7f02-293c-4145-9158-ae6da0f3bd17', '143f30ca-0d35-4c56-aac5-0e00745d8601', '創世記', 39, NOW() - INTERVAL '112 days'),
  ('a0ea7f02-293c-4145-9158-ae6da0f3bd17', '143f30ca-0d35-4c56-aac5-0e00745d8601', '創世記', 40, NOW() - INTERVAL '112 days'),
  ('a0ea7f02-293c-4145-9158-ae6da0f3bd17', '143f30ca-0d35-4c56-aac5-0e00745d8601', '創世記', 41, NOW() - INTERVAL '112 days'),
  ('a0ea7f02-293c-4145-9158-ae6da0f3bd17', '143f30ca-0d35-4c56-aac5-0e00745d8601', '創世記', 42, NOW() - INTERVAL '111 days'),
  ('a0ea7f02-293c-4145-9158-ae6da0f3bd17', '143f30ca-0d35-4c56-aac5-0e00745d8601', '創世記', 43, NOW() - INTERVAL '111 days'),
  ('a0ea7f02-293c-4145-9158-ae6da0f3bd17', '143f30ca-0d35-4c56-aac5-0e00745d8601', '創世記', 44, NOW() - INTERVAL '111 days'),
  ('a0ea7f02-293c-4145-9158-ae6da0f3bd17', '143f30ca-0d35-4c56-aac5-0e00745d8601', '創世記', 45, NOW() - INTERVAL '111 days'),
  ('a0ea7f02-293c-4145-9158-ae6da0f3bd17', '143f30ca-0d35-4c56-aac5-0e00745d8601', '創世記', 46, NOW() - INTERVAL '111 days'),
  ('a0ea7f02-293c-4145-9158-ae6da0f3bd17', '143f30ca-0d35-4c56-aac5-0e00745d8601', '創世記', 47, NOW() - INTERVAL '110 days'),
  ('a0ea7f02-293c-4145-9158-ae6da0f3bd17', '143f30ca-0d35-4c56-aac5-0e00745d8601', '創世記', 48, NOW() - INTERVAL '110 days'),
  ('a0ea7f02-293c-4145-9158-ae6da0f3bd17', '143f30ca-0d35-4c56-aac5-0e00745d8601', '創世記', 49, NOW() - INTERVAL '110 days'),
  ('a0ea7f02-293c-4145-9158-ae6da0f3bd17', '143f30ca-0d35-4c56-aac5-0e00745d8601', '創世記', 50, NOW() - INTERVAL '110 days'),
  ('a0ea7f02-293c-4145-9158-ae6da0f3bd17', '143f30ca-0d35-4c56-aac5-0e00745d8601', '馬太福音', 1, NOW() - INTERVAL '110 days'),
  ('a0ea7f02-293c-4145-9158-ae6da0f3bd17', '143f30ca-0d35-4c56-aac5-0e00745d8601', '馬太福音', 2, NOW() - INTERVAL '109 days'),
  ('a0ea7f02-293c-4145-9158-ae6da0f3bd17', '143f30ca-0d35-4c56-aac5-0e00745d8601', '馬太福音', 3, NOW() - INTERVAL '109 days'),
  ('a0ea7f02-293c-4145-9158-ae6da0f3bd17', '143f30ca-0d35-4c56-aac5-0e00745d8601', '馬太福音', 4, NOW() - INTERVAL '109 days'),
  ('a0ea7f02-293c-4145-9158-ae6da0f3bd17', '143f30ca-0d35-4c56-aac5-0e00745d8601', '馬太福音', 5, NOW() - INTERVAL '109 days'),
  ('a0ea7f02-293c-4145-9158-ae6da0f3bd17', '143f30ca-0d35-4c56-aac5-0e00745d8601', '馬太福音', 6, NOW() - INTERVAL '109 days'),
  ('a0ea7f02-293c-4145-9158-ae6da0f3bd17', '143f30ca-0d35-4c56-aac5-0e00745d8601', '馬太福音', 7, NOW() - INTERVAL '108 days'),
  ('a0ea7f02-293c-4145-9158-ae6da0f3bd17', '143f30ca-0d35-4c56-aac5-0e00745d8601', '馬太福音', 8, NOW() - INTERVAL '108 days'),
  ('a0ea7f02-293c-4145-9158-ae6da0f3bd17', '143f30ca-0d35-4c56-aac5-0e00745d8601', '馬太福音', 9, NOW() - INTERVAL '108 days'),
  ('a0ea7f02-293c-4145-9158-ae6da0f3bd17', '143f30ca-0d35-4c56-aac5-0e00745d8601', '馬太福音', 10, NOW() - INTERVAL '108 days'),
  ('a0ea7f02-293c-4145-9158-ae6da0f3bd17', '143f30ca-0d35-4c56-aac5-0e00745d8601', '馬太福音', 11, NOW() - INTERVAL '108 days'),
  ('a0ea7f02-293c-4145-9158-ae6da0f3bd17', '143f30ca-0d35-4c56-aac5-0e00745d8601', '馬太福音', 12, NOW() - INTERVAL '107 days'),
  ('a0ea7f02-293c-4145-9158-ae6da0f3bd17', '143f30ca-0d35-4c56-aac5-0e00745d8601', '馬太福音', 13, NOW() - INTERVAL '107 days'),
  ('a0ea7f02-293c-4145-9158-ae6da0f3bd17', '143f30ca-0d35-4c56-aac5-0e00745d8601', '馬太福音', 14, NOW() - INTERVAL '107 days'),
  ('a0ea7f02-293c-4145-9158-ae6da0f3bd17', '143f30ca-0d35-4c56-aac5-0e00745d8601', '馬太福音', 15, NOW() - INTERVAL '107 days'),
  ('a0ea7f02-293c-4145-9158-ae6da0f3bd17', '143f30ca-0d35-4c56-aac5-0e00745d8601', '馬太福音', 16, NOW() - INTERVAL '107 days'),
  ('a0ea7f02-293c-4145-9158-ae6da0f3bd17', '143f30ca-0d35-4c56-aac5-0e00745d8601', '馬太福音', 17, NOW() - INTERVAL '106 days'),
  ('a0ea7f02-293c-4145-9158-ae6da0f3bd17', '143f30ca-0d35-4c56-aac5-0e00745d8601', '馬太福音', 18, NOW() - INTERVAL '106 days'),
  ('a0ea7f02-293c-4145-9158-ae6da0f3bd17', '143f30ca-0d35-4c56-aac5-0e00745d8601', '馬太福音', 19, NOW() - INTERVAL '106 days'),
  ('a0ea7f02-293c-4145-9158-ae6da0f3bd17', '143f30ca-0d35-4c56-aac5-0e00745d8601', '馬太福音', 20, NOW() - INTERVAL '106 days'),
  ('a0ea7f02-293c-4145-9158-ae6da0f3bd17', '143f30ca-0d35-4c56-aac5-0e00745d8601', '馬太福音', 21, NOW() - INTERVAL '106 days'),
  ('a0ea7f02-293c-4145-9158-ae6da0f3bd17', '143f30ca-0d35-4c56-aac5-0e00745d8601', '馬太福音', 22, NOW() - INTERVAL '105 days'),
  ('a0ea7f02-293c-4145-9158-ae6da0f3bd17', '143f30ca-0d35-4c56-aac5-0e00745d8601', '馬太福音', 23, NOW() - INTERVAL '105 days'),
  ('a0ea7f02-293c-4145-9158-ae6da0f3bd17', '143f30ca-0d35-4c56-aac5-0e00745d8601', '馬太福音', 24, NOW() - INTERVAL '105 days'),
  ('a0ea7f02-293c-4145-9158-ae6da0f3bd17', '143f30ca-0d35-4c56-aac5-0e00745d8601', '馬太福音', 25, NOW() - INTERVAL '105 days'),
  ('a0ea7f02-293c-4145-9158-ae6da0f3bd17', '143f30ca-0d35-4c56-aac5-0e00745d8601', '馬太福音', 26, NOW() - INTERVAL '105 days'),
  ('a0ea7f02-293c-4145-9158-ae6da0f3bd17', '143f30ca-0d35-4c56-aac5-0e00745d8601', '馬太福音', 27, NOW() - INTERVAL '104 days'),
  ('a0ea7f02-293c-4145-9158-ae6da0f3bd17', '143f30ca-0d35-4c56-aac5-0e00745d8601', '馬太福音', 28, NOW() - INTERVAL '104 days'),
  ('a0ea7f02-293c-4145-9158-ae6da0f3bd17', '143f30ca-0d35-4c56-aac5-0e00745d8601', '列王紀下', 1, NOW() - INTERVAL '104 days'),
  ('a0ea7f02-293c-4145-9158-ae6da0f3bd17', '143f30ca-0d35-4c56-aac5-0e00745d8601', '列王紀下', 2, NOW() - INTERVAL '104 days'),
  ('a0ea7f02-293c-4145-9158-ae6da0f3bd17', '143f30ca-0d35-4c56-aac5-0e00745d8601', '列王紀下', 3, NOW() - INTERVAL '104 days'),
  ('a0ea7f02-293c-4145-9158-ae6da0f3bd17', '143f30ca-0d35-4c56-aac5-0e00745d8601', '列王紀下', 4, NOW() - INTERVAL '103 days'),
  ('a0ea7f02-293c-4145-9158-ae6da0f3bd17', '143f30ca-0d35-4c56-aac5-0e00745d8601', '列王紀下', 5, NOW() - INTERVAL '103 days'),
  ('a0ea7f02-293c-4145-9158-ae6da0f3bd17', '143f30ca-0d35-4c56-aac5-0e00745d8601', '列王紀下', 6, NOW() - INTERVAL '103 days'),
  ('a0ea7f02-293c-4145-9158-ae6da0f3bd17', '143f30ca-0d35-4c56-aac5-0e00745d8601', '列王紀下', 7, NOW() - INTERVAL '103 days'),
  ('a0ea7f02-293c-4145-9158-ae6da0f3bd17', '143f30ca-0d35-4c56-aac5-0e00745d8601', '列王紀下', 8, NOW() - INTERVAL '103 days'),
  ('a0ea7f02-293c-4145-9158-ae6da0f3bd17', '143f30ca-0d35-4c56-aac5-0e00745d8601', '列王紀下', 9, NOW() - INTERVAL '102 days'),
  ('a0ea7f02-293c-4145-9158-ae6da0f3bd17', '143f30ca-0d35-4c56-aac5-0e00745d8601', '列王紀下', 10, NOW() - INTERVAL '102 days'),
  ('a0ea7f02-293c-4145-9158-ae6da0f3bd17', '143f30ca-0d35-4c56-aac5-0e00745d8601', '列王紀下', 11, NOW() - INTERVAL '102 days'),
  ('a0ea7f02-293c-4145-9158-ae6da0f3bd17', '143f30ca-0d35-4c56-aac5-0e00745d8601', '列王紀下', 12, NOW() - INTERVAL '102 days'),
  ('a0ea7f02-293c-4145-9158-ae6da0f3bd17', '143f30ca-0d35-4c56-aac5-0e00745d8601', '列王紀下', 13, NOW() - INTERVAL '102 days'),
  ('a0ea7f02-293c-4145-9158-ae6da0f3bd17', '143f30ca-0d35-4c56-aac5-0e00745d8601', '列王紀下', 14, NOW() - INTERVAL '101 days'),
  ('a0ea7f02-293c-4145-9158-ae6da0f3bd17', '143f30ca-0d35-4c56-aac5-0e00745d8601', '列王紀下', 15, NOW() - INTERVAL '101 days'),
  ('a0ea7f02-293c-4145-9158-ae6da0f3bd17', '143f30ca-0d35-4c56-aac5-0e00745d8601', '列王紀下', 16, NOW() - INTERVAL '101 days'),
  ('a0ea7f02-293c-4145-9158-ae6da0f3bd17', '143f30ca-0d35-4c56-aac5-0e00745d8601', '列王紀下', 17, NOW() - INTERVAL '101 days'),
  ('a0ea7f02-293c-4145-9158-ae6da0f3bd17', '143f30ca-0d35-4c56-aac5-0e00745d8601', '列王紀下', 18, NOW() - INTERVAL '101 days'),
  ('a0ea7f02-293c-4145-9158-ae6da0f3bd17', '143f30ca-0d35-4c56-aac5-0e00745d8601', '列王紀下', 19, NOW() - INTERVAL '100 days'),
  ('a0ea7f02-293c-4145-9158-ae6da0f3bd17', '143f30ca-0d35-4c56-aac5-0e00745d8601', '列王紀下', 20, NOW() - INTERVAL '100 days'),
  ('a0ea7f02-293c-4145-9158-ae6da0f3bd17', '143f30ca-0d35-4c56-aac5-0e00745d8601', '列王紀下', 21, NOW() - INTERVAL '100 days'),
  ('a0ea7f02-293c-4145-9158-ae6da0f3bd17', '143f30ca-0d35-4c56-aac5-0e00745d8601', '列王紀下', 22, NOW() - INTERVAL '100 days'),
  ('a0ea7f02-293c-4145-9158-ae6da0f3bd17', '143f30ca-0d35-4c56-aac5-0e00745d8601', '列王紀下', 23, NOW() - INTERVAL '100 days'),
  ('a0ea7f02-293c-4145-9158-ae6da0f3bd17', '143f30ca-0d35-4c56-aac5-0e00745d8601', '列王紀下', 24, NOW() - INTERVAL '99 days'),
  ('a0ea7f02-293c-4145-9158-ae6da0f3bd17', '143f30ca-0d35-4c56-aac5-0e00745d8601', '列王紀下', 25, NOW() - INTERVAL '99 days'),
  ('a0ea7f02-293c-4145-9158-ae6da0f3bd17', '143f30ca-0d35-4c56-aac5-0e00745d8601', '雅各書', 1, NOW() - INTERVAL '99 days'),
  ('a0ea7f02-293c-4145-9158-ae6da0f3bd17', '143f30ca-0d35-4c56-aac5-0e00745d8601', '雅各書', 2, NOW() - INTERVAL '99 days'),
  ('a0ea7f02-293c-4145-9158-ae6da0f3bd17', '143f30ca-0d35-4c56-aac5-0e00745d8601', '雅各書', 3, NOW() - INTERVAL '99 days'),
  ('a0ea7f02-293c-4145-9158-ae6da0f3bd17', '143f30ca-0d35-4c56-aac5-0e00745d8601', '雅各書', 4, NOW() - INTERVAL '98 days'),
  ('a0ea7f02-293c-4145-9158-ae6da0f3bd17', '143f30ca-0d35-4c56-aac5-0e00745d8601', '雅各書', 5, NOW() - INTERVAL '98 days'),
  ('a0ea7f02-293c-4145-9158-ae6da0f3bd17', '143f30ca-0d35-4c56-aac5-0e00745d8601', '出埃及記', 1, NOW() - INTERVAL '98 days'),
  ('a0ea7f02-293c-4145-9158-ae6da0f3bd17', '143f30ca-0d35-4c56-aac5-0e00745d8601', '出埃及記', 2, NOW() - INTERVAL '98 days'),
  ('a0ea7f02-293c-4145-9158-ae6da0f3bd17', '143f30ca-0d35-4c56-aac5-0e00745d8601', '出埃及記', 3, NOW() - INTERVAL '98 days'),
  ('a0ea7f02-293c-4145-9158-ae6da0f3bd17', '143f30ca-0d35-4c56-aac5-0e00745d8601', '出埃及記', 4, NOW() - INTERVAL '97 days'),
  ('a0ea7f02-293c-4145-9158-ae6da0f3bd17', '143f30ca-0d35-4c56-aac5-0e00745d8601', '出埃及記', 5, NOW() - INTERVAL '97 days'),
  ('a0ea7f02-293c-4145-9158-ae6da0f3bd17', '143f30ca-0d35-4c56-aac5-0e00745d8601', '出埃及記', 6, NOW() - INTERVAL '97 days'),
  ('a0ea7f02-293c-4145-9158-ae6da0f3bd17', '143f30ca-0d35-4c56-aac5-0e00745d8601', '出埃及記', 7, NOW() - INTERVAL '97 days'),
  ('a0ea7f02-293c-4145-9158-ae6da0f3bd17', '143f30ca-0d35-4c56-aac5-0e00745d8601', '出埃及記', 8, NOW() - INTERVAL '97 days'),
  ('a0ea7f02-293c-4145-9158-ae6da0f3bd17', '143f30ca-0d35-4c56-aac5-0e00745d8601', '出埃及記', 9, NOW() - INTERVAL '96 days'),
  ('a0ea7f02-293c-4145-9158-ae6da0f3bd17', '143f30ca-0d35-4c56-aac5-0e00745d8601', '出埃及記', 10, NOW() - INTERVAL '96 days'),
  ('a0ea7f02-293c-4145-9158-ae6da0f3bd17', '143f30ca-0d35-4c56-aac5-0e00745d8601', '出埃及記', 11, NOW() - INTERVAL '96 days'),
  ('a0ea7f02-293c-4145-9158-ae6da0f3bd17', '143f30ca-0d35-4c56-aac5-0e00745d8601', '出埃及記', 12, NOW() - INTERVAL '96 days'),
  ('a0ea7f02-293c-4145-9158-ae6da0f3bd17', '143f30ca-0d35-4c56-aac5-0e00745d8601', '出埃及記', 13, NOW() - INTERVAL '96 days'),
  ('a0ea7f02-293c-4145-9158-ae6da0f3bd17', '143f30ca-0d35-4c56-aac5-0e00745d8601', '出埃及記', 14, NOW() - INTERVAL '95 days'),
  ('a0ea7f02-293c-4145-9158-ae6da0f3bd17', '143f30ca-0d35-4c56-aac5-0e00745d8601', '出埃及記', 15, NOW() - INTERVAL '95 days'),
  ('a0ea7f02-293c-4145-9158-ae6da0f3bd17', '143f30ca-0d35-4c56-aac5-0e00745d8601', '出埃及記', 16, NOW() - INTERVAL '95 days'),
  ('a0ea7f02-293c-4145-9158-ae6da0f3bd17', '143f30ca-0d35-4c56-aac5-0e00745d8601', '出埃及記', 17, NOW() - INTERVAL '95 days'),
  ('a0ea7f02-293c-4145-9158-ae6da0f3bd17', '143f30ca-0d35-4c56-aac5-0e00745d8601', '出埃及記', 18, NOW() - INTERVAL '95 days'),
  ('a0ea7f02-293c-4145-9158-ae6da0f3bd17', '143f30ca-0d35-4c56-aac5-0e00745d8601', '出埃及記', 19, NOW() - INTERVAL '94 days'),
  ('a0ea7f02-293c-4145-9158-ae6da0f3bd17', '143f30ca-0d35-4c56-aac5-0e00745d8601', '出埃及記', 20, NOW() - INTERVAL '94 days'),
  ('a0ea7f02-293c-4145-9158-ae6da0f3bd17', '143f30ca-0d35-4c56-aac5-0e00745d8601', '出埃及記', 21, NOW() - INTERVAL '94 days'),
  ('a0ea7f02-293c-4145-9158-ae6da0f3bd17', '143f30ca-0d35-4c56-aac5-0e00745d8601', '出埃及記', 22, NOW() - INTERVAL '94 days'),
  ('a0ea7f02-293c-4145-9158-ae6da0f3bd17', '143f30ca-0d35-4c56-aac5-0e00745d8601', '出埃及記', 23, NOW() - INTERVAL '94 days'),
  ('a0ea7f02-293c-4145-9158-ae6da0f3bd17', '143f30ca-0d35-4c56-aac5-0e00745d8601', '出埃及記', 24, NOW() - INTERVAL '93 days'),
  ('a0ea7f02-293c-4145-9158-ae6da0f3bd17', '143f30ca-0d35-4c56-aac5-0e00745d8601', '出埃及記', 25, NOW() - INTERVAL '93 days'),
  ('a0ea7f02-293c-4145-9158-ae6da0f3bd17', '143f30ca-0d35-4c56-aac5-0e00745d8601', '出埃及記', 26, NOW() - INTERVAL '93 days'),
  ('a0ea7f02-293c-4145-9158-ae6da0f3bd17', '143f30ca-0d35-4c56-aac5-0e00745d8601', '出埃及記', 27, NOW() - INTERVAL '93 days'),
  ('a0ea7f02-293c-4145-9158-ae6da0f3bd17', '143f30ca-0d35-4c56-aac5-0e00745d8601', '出埃及記', 28, NOW() - INTERVAL '93 days'),
  ('a0ea7f02-293c-4145-9158-ae6da0f3bd17', '143f30ca-0d35-4c56-aac5-0e00745d8601', '出埃及記', 29, NOW() - INTERVAL '92 days'),
  ('a0ea7f02-293c-4145-9158-ae6da0f3bd17', '143f30ca-0d35-4c56-aac5-0e00745d8601', '出埃及記', 30, NOW() - INTERVAL '92 days'),
  ('a0ea7f02-293c-4145-9158-ae6da0f3bd17', '143f30ca-0d35-4c56-aac5-0e00745d8601', '出埃及記', 31, NOW() - INTERVAL '92 days'),
  ('a0ea7f02-293c-4145-9158-ae6da0f3bd17', '143f30ca-0d35-4c56-aac5-0e00745d8601', '出埃及記', 32, NOW() - INTERVAL '92 days'),
  ('a0ea7f02-293c-4145-9158-ae6da0f3bd17', '143f30ca-0d35-4c56-aac5-0e00745d8601', '出埃及記', 33, NOW() - INTERVAL '92 days'),
  ('a0ea7f02-293c-4145-9158-ae6da0f3bd17', '143f30ca-0d35-4c56-aac5-0e00745d8601', '出埃及記', 34, NOW() - INTERVAL '91 days'),
  ('a0ea7f02-293c-4145-9158-ae6da0f3bd17', '143f30ca-0d35-4c56-aac5-0e00745d8601', '出埃及記', 35, NOW() - INTERVAL '91 days'),
  ('a0ea7f02-293c-4145-9158-ae6da0f3bd17', '143f30ca-0d35-4c56-aac5-0e00745d8601', '出埃及記', 36, NOW() - INTERVAL '91 days'),
  ('a0ea7f02-293c-4145-9158-ae6da0f3bd17', '143f30ca-0d35-4c56-aac5-0e00745d8601', '出埃及記', 37, NOW() - INTERVAL '91 days'),
  ('a0ea7f02-293c-4145-9158-ae6da0f3bd17', '143f30ca-0d35-4c56-aac5-0e00745d8601', '出埃及記', 38, NOW() - INTERVAL '91 days'),
  ('a0ea7f02-293c-4145-9158-ae6da0f3bd17', '143f30ca-0d35-4c56-aac5-0e00745d8601', '出埃及記', 39, NOW() - INTERVAL '90 days'),
  ('a0ea7f02-293c-4145-9158-ae6da0f3bd17', '143f30ca-0d35-4c56-aac5-0e00745d8601', '出埃及記', 40, NOW() - INTERVAL '90 days'),
  ('a0ea7f02-293c-4145-9158-ae6da0f3bd17', '143f30ca-0d35-4c56-aac5-0e00745d8601', '馬可福音', 1, NOW() - INTERVAL '90 days'),
  ('a0ea7f02-293c-4145-9158-ae6da0f3bd17', '143f30ca-0d35-4c56-aac5-0e00745d8601', '馬可福音', 2, NOW() - INTERVAL '90 days'),
  ('a0ea7f02-293c-4145-9158-ae6da0f3bd17', '143f30ca-0d35-4c56-aac5-0e00745d8601', '馬可福音', 3, NOW() - INTERVAL '90 days'),
  ('a0ea7f02-293c-4145-9158-ae6da0f3bd17', '143f30ca-0d35-4c56-aac5-0e00745d8601', '馬可福音', 4, NOW() - INTERVAL '89 days'),
  ('a0ea7f02-293c-4145-9158-ae6da0f3bd17', '143f30ca-0d35-4c56-aac5-0e00745d8601', '馬可福音', 5, NOW() - INTERVAL '89 days'),
  ('a0ea7f02-293c-4145-9158-ae6da0f3bd17', '143f30ca-0d35-4c56-aac5-0e00745d8601', '馬可福音', 6, NOW() - INTERVAL '89 days'),
  ('a0ea7f02-293c-4145-9158-ae6da0f3bd17', '143f30ca-0d35-4c56-aac5-0e00745d8601', '馬可福音', 7, NOW() - INTERVAL '89 days'),
  ('a0ea7f02-293c-4145-9158-ae6da0f3bd17', '143f30ca-0d35-4c56-aac5-0e00745d8601', '馬可福音', 8, NOW() - INTERVAL '89 days'),
  ('a0ea7f02-293c-4145-9158-ae6da0f3bd17', '143f30ca-0d35-4c56-aac5-0e00745d8601', '馬可福音', 9, NOW() - INTERVAL '88 days'),
  ('a0ea7f02-293c-4145-9158-ae6da0f3bd17', '143f30ca-0d35-4c56-aac5-0e00745d8601', '馬可福音', 10, NOW() - INTERVAL '88 days'),
  ('a0ea7f02-293c-4145-9158-ae6da0f3bd17', '143f30ca-0d35-4c56-aac5-0e00745d8601', '馬可福音', 11, NOW() - INTERVAL '88 days'),
  ('a0ea7f02-293c-4145-9158-ae6da0f3bd17', '143f30ca-0d35-4c56-aac5-0e00745d8601', '馬可福音', 12, NOW() - INTERVAL '88 days'),
  ('a0ea7f02-293c-4145-9158-ae6da0f3bd17', '143f30ca-0d35-4c56-aac5-0e00745d8601', '馬可福音', 13, NOW() - INTERVAL '88 days'),
  ('a0ea7f02-293c-4145-9158-ae6da0f3bd17', '143f30ca-0d35-4c56-aac5-0e00745d8601', '馬可福音', 14, NOW() - INTERVAL '87 days'),
  ('a0ea7f02-293c-4145-9158-ae6da0f3bd17', '143f30ca-0d35-4c56-aac5-0e00745d8601', '馬可福音', 15, NOW() - INTERVAL '87 days'),
  ('a0ea7f02-293c-4145-9158-ae6da0f3bd17', '143f30ca-0d35-4c56-aac5-0e00745d8601', '馬可福音', 16, NOW() - INTERVAL '87 days'),
  ('a0ea7f02-293c-4145-9158-ae6da0f3bd17', '143f30ca-0d35-4c56-aac5-0e00745d8601', '約伯記', 1, NOW() - INTERVAL '87 days'),
  ('a0ea7f02-293c-4145-9158-ae6da0f3bd17', '143f30ca-0d35-4c56-aac5-0e00745d8601', '約伯記', 2, NOW() - INTERVAL '87 days'),
  ('a0ea7f02-293c-4145-9158-ae6da0f3bd17', '143f30ca-0d35-4c56-aac5-0e00745d8601', '約伯記', 3, NOW() - INTERVAL '86 days'),
  ('a0ea7f02-293c-4145-9158-ae6da0f3bd17', '143f30ca-0d35-4c56-aac5-0e00745d8601', '約伯記', 4, NOW() - INTERVAL '86 days'),
  ('a0ea7f02-293c-4145-9158-ae6da0f3bd17', '143f30ca-0d35-4c56-aac5-0e00745d8601', '約伯記', 5, NOW() - INTERVAL '86 days'),
  ('a0ea7f02-293c-4145-9158-ae6da0f3bd17', '143f30ca-0d35-4c56-aac5-0e00745d8601', '約伯記', 6, NOW() - INTERVAL '86 days'),
  ('a0ea7f02-293c-4145-9158-ae6da0f3bd17', '143f30ca-0d35-4c56-aac5-0e00745d8601', '約伯記', 7, NOW() - INTERVAL '86 days'),
  ('a0ea7f02-293c-4145-9158-ae6da0f3bd17', '143f30ca-0d35-4c56-aac5-0e00745d8601', '約伯記', 8, NOW() - INTERVAL '85 days'),
  ('a0ea7f02-293c-4145-9158-ae6da0f3bd17', '143f30ca-0d35-4c56-aac5-0e00745d8601', '約伯記', 9, NOW() - INTERVAL '85 days'),
  ('a0ea7f02-293c-4145-9158-ae6da0f3bd17', '143f30ca-0d35-4c56-aac5-0e00745d8601', '約伯記', 10, NOW() - INTERVAL '85 days'),
  ('a0ea7f02-293c-4145-9158-ae6da0f3bd17', '143f30ca-0d35-4c56-aac5-0e00745d8601', '約伯記', 11, NOW() - INTERVAL '85 days'),
  ('a0ea7f02-293c-4145-9158-ae6da0f3bd17', '143f30ca-0d35-4c56-aac5-0e00745d8601', '約伯記', 12, NOW() - INTERVAL '85 days'),
  ('a0ea7f02-293c-4145-9158-ae6da0f3bd17', '143f30ca-0d35-4c56-aac5-0e00745d8601', '約伯記', 13, NOW() - INTERVAL '84 days'),
  ('a0ea7f02-293c-4145-9158-ae6da0f3bd17', '143f30ca-0d35-4c56-aac5-0e00745d8601', '約伯記', 14, NOW() - INTERVAL '84 days'),
  ('a0ea7f02-293c-4145-9158-ae6da0f3bd17', '143f30ca-0d35-4c56-aac5-0e00745d8601', '約伯記', 15, NOW() - INTERVAL '84 days'),
  ('a0ea7f02-293c-4145-9158-ae6da0f3bd17', '143f30ca-0d35-4c56-aac5-0e00745d8601', '約伯記', 16, NOW() - INTERVAL '84 days'),
  ('a0ea7f02-293c-4145-9158-ae6da0f3bd17', '143f30ca-0d35-4c56-aac5-0e00745d8601', '約伯記', 17, NOW() - INTERVAL '84 days'),
  ('a0ea7f02-293c-4145-9158-ae6da0f3bd17', '143f30ca-0d35-4c56-aac5-0e00745d8601', '約伯記', 18, NOW() - INTERVAL '83 days'),
  ('a0ea7f02-293c-4145-9158-ae6da0f3bd17', '143f30ca-0d35-4c56-aac5-0e00745d8601', '約伯記', 19, NOW() - INTERVAL '83 days'),
  ('a0ea7f02-293c-4145-9158-ae6da0f3bd17', '143f30ca-0d35-4c56-aac5-0e00745d8601', '約伯記', 20, NOW() - INTERVAL '83 days'),
  ('a0ea7f02-293c-4145-9158-ae6da0f3bd17', '143f30ca-0d35-4c56-aac5-0e00745d8601', '約伯記', 21, NOW() - INTERVAL '83 days'),
  ('a0ea7f02-293c-4145-9158-ae6da0f3bd17', '143f30ca-0d35-4c56-aac5-0e00745d8601', '約伯記', 22, NOW() - INTERVAL '83 days'),
  ('a0ea7f02-293c-4145-9158-ae6da0f3bd17', '143f30ca-0d35-4c56-aac5-0e00745d8601', '約伯記', 23, NOW() - INTERVAL '82 days'),
  ('a0ea7f02-293c-4145-9158-ae6da0f3bd17', '143f30ca-0d35-4c56-aac5-0e00745d8601', '約伯記', 24, NOW() - INTERVAL '82 days'),
  ('a0ea7f02-293c-4145-9158-ae6da0f3bd17', '143f30ca-0d35-4c56-aac5-0e00745d8601', '約伯記', 25, NOW() - INTERVAL '82 days'),
  ('a0ea7f02-293c-4145-9158-ae6da0f3bd17', '143f30ca-0d35-4c56-aac5-0e00745d8601', '約伯記', 26, NOW() - INTERVAL '82 days'),
  ('a0ea7f02-293c-4145-9158-ae6da0f3bd17', '143f30ca-0d35-4c56-aac5-0e00745d8601', '約伯記', 27, NOW() - INTERVAL '82 days'),
  ('a0ea7f02-293c-4145-9158-ae6da0f3bd17', '143f30ca-0d35-4c56-aac5-0e00745d8601', '約伯記', 28, NOW() - INTERVAL '81 days'),
  ('a0ea7f02-293c-4145-9158-ae6da0f3bd17', '143f30ca-0d35-4c56-aac5-0e00745d8601', '約伯記', 29, NOW() - INTERVAL '81 days'),
  ('a0ea7f02-293c-4145-9158-ae6da0f3bd17', '143f30ca-0d35-4c56-aac5-0e00745d8601', '約伯記', 30, NOW() - INTERVAL '81 days'),
  ('a0ea7f02-293c-4145-9158-ae6da0f3bd17', '143f30ca-0d35-4c56-aac5-0e00745d8601', '約伯記', 31, NOW() - INTERVAL '81 days'),
  ('a0ea7f02-293c-4145-9158-ae6da0f3bd17', '143f30ca-0d35-4c56-aac5-0e00745d8601', '約伯記', 32, NOW() - INTERVAL '81 days'),
  ('a0ea7f02-293c-4145-9158-ae6da0f3bd17', '143f30ca-0d35-4c56-aac5-0e00745d8601', '約伯記', 33, NOW() - INTERVAL '80 days'),
  ('a0ea7f02-293c-4145-9158-ae6da0f3bd17', '143f30ca-0d35-4c56-aac5-0e00745d8601', '約伯記', 34, NOW() - INTERVAL '80 days'),
  ('a0ea7f02-293c-4145-9158-ae6da0f3bd17', '143f30ca-0d35-4c56-aac5-0e00745d8601', '約伯記', 35, NOW() - INTERVAL '80 days'),
  ('a0ea7f02-293c-4145-9158-ae6da0f3bd17', '143f30ca-0d35-4c56-aac5-0e00745d8601', '約伯記', 36, NOW() - INTERVAL '80 days'),
  ('a0ea7f02-293c-4145-9158-ae6da0f3bd17', '143f30ca-0d35-4c56-aac5-0e00745d8601', '約伯記', 37, NOW() - INTERVAL '80 days'),
  ('a0ea7f02-293c-4145-9158-ae6da0f3bd17', '143f30ca-0d35-4c56-aac5-0e00745d8601', '約伯記', 38, NOW() - INTERVAL '79 days'),
  ('a0ea7f02-293c-4145-9158-ae6da0f3bd17', '143f30ca-0d35-4c56-aac5-0e00745d8601', '約伯記', 39, NOW() - INTERVAL '79 days'),
  ('a0ea7f02-293c-4145-9158-ae6da0f3bd17', '143f30ca-0d35-4c56-aac5-0e00745d8601', '約伯記', 40, NOW() - INTERVAL '79 days'),
  ('a0ea7f02-293c-4145-9158-ae6da0f3bd17', '143f30ca-0d35-4c56-aac5-0e00745d8601', '約伯記', 41, NOW() - INTERVAL '79 days'),
  ('a0ea7f02-293c-4145-9158-ae6da0f3bd17', '143f30ca-0d35-4c56-aac5-0e00745d8601', '約伯記', 42, NOW() - INTERVAL '79 days'),
  ('a0ea7f02-293c-4145-9158-ae6da0f3bd17', '143f30ca-0d35-4c56-aac5-0e00745d8601', '加拉太書', 1, NOW() - INTERVAL '78 days'),
  ('a0ea7f02-293c-4145-9158-ae6da0f3bd17', '143f30ca-0d35-4c56-aac5-0e00745d8601', '加拉太書', 2, NOW() - INTERVAL '78 days'),
  ('a0ea7f02-293c-4145-9158-ae6da0f3bd17', '143f30ca-0d35-4c56-aac5-0e00745d8601', '加拉太書', 3, NOW() - INTERVAL '78 days'),
  ('a0ea7f02-293c-4145-9158-ae6da0f3bd17', '143f30ca-0d35-4c56-aac5-0e00745d8601', '加拉太書', 4, NOW() - INTERVAL '78 days'),
  ('a0ea7f02-293c-4145-9158-ae6da0f3bd17', '143f30ca-0d35-4c56-aac5-0e00745d8601', '加拉太書', 5, NOW() - INTERVAL '78 days'),
  ('a0ea7f02-293c-4145-9158-ae6da0f3bd17', '143f30ca-0d35-4c56-aac5-0e00745d8601', '加拉太書', 6, NOW() - INTERVAL '77 days'),
  ('a0ea7f02-293c-4145-9158-ae6da0f3bd17', '143f30ca-0d35-4c56-aac5-0e00745d8601', '哈巴谷書', 1, NOW() - INTERVAL '77 days'),
  ('a0ea7f02-293c-4145-9158-ae6da0f3bd17', '143f30ca-0d35-4c56-aac5-0e00745d8601', '哈巴谷書', 2, NOW() - INTERVAL '77 days'),
  ('a0ea7f02-293c-4145-9158-ae6da0f3bd17', '143f30ca-0d35-4c56-aac5-0e00745d8601', '哈巴谷書', 3, NOW() - INTERVAL '77 days'),
  ('a0ea7f02-293c-4145-9158-ae6da0f3bd17', '143f30ca-0d35-4c56-aac5-0e00745d8601', '猶大書', 1, NOW() - INTERVAL '77 days'),
  ('a0ea7f02-293c-4145-9158-ae6da0f3bd17', '143f30ca-0d35-4c56-aac5-0e00745d8601', '利未記', 1, NOW() - INTERVAL '76 days'),
  ('a0ea7f02-293c-4145-9158-ae6da0f3bd17', '143f30ca-0d35-4c56-aac5-0e00745d8601', '利未記', 2, NOW() - INTERVAL '76 days'),
  ('a0ea7f02-293c-4145-9158-ae6da0f3bd17', '143f30ca-0d35-4c56-aac5-0e00745d8601', '利未記', 3, NOW() - INTERVAL '76 days'),
  ('a0ea7f02-293c-4145-9158-ae6da0f3bd17', '143f30ca-0d35-4c56-aac5-0e00745d8601', '利未記', 4, NOW() - INTERVAL '76 days'),
  ('a0ea7f02-293c-4145-9158-ae6da0f3bd17', '143f30ca-0d35-4c56-aac5-0e00745d8601', '利未記', 5, NOW() - INTERVAL '76 days'),
  ('a0ea7f02-293c-4145-9158-ae6da0f3bd17', '143f30ca-0d35-4c56-aac5-0e00745d8601', '利未記', 6, NOW() - INTERVAL '75 days'),
  ('a0ea7f02-293c-4145-9158-ae6da0f3bd17', '143f30ca-0d35-4c56-aac5-0e00745d8601', '利未記', 7, NOW() - INTERVAL '75 days'),
  ('a0ea7f02-293c-4145-9158-ae6da0f3bd17', '143f30ca-0d35-4c56-aac5-0e00745d8601', '利未記', 8, NOW() - INTERVAL '75 days'),
  ('a0ea7f02-293c-4145-9158-ae6da0f3bd17', '143f30ca-0d35-4c56-aac5-0e00745d8601', '利未記', 9, NOW() - INTERVAL '75 days'),
  ('a0ea7f02-293c-4145-9158-ae6da0f3bd17', '143f30ca-0d35-4c56-aac5-0e00745d8601', '利未記', 10, NOW() - INTERVAL '75 days'),
  ('a0ea7f02-293c-4145-9158-ae6da0f3bd17', '143f30ca-0d35-4c56-aac5-0e00745d8601', '利未記', 11, NOW() - INTERVAL '74 days'),
  ('a0ea7f02-293c-4145-9158-ae6da0f3bd17', '143f30ca-0d35-4c56-aac5-0e00745d8601', '利未記', 12, NOW() - INTERVAL '74 days'),
  ('a0ea7f02-293c-4145-9158-ae6da0f3bd17', '143f30ca-0d35-4c56-aac5-0e00745d8601', '利未記', 13, NOW() - INTERVAL '74 days'),
  ('a0ea7f02-293c-4145-9158-ae6da0f3bd17', '143f30ca-0d35-4c56-aac5-0e00745d8601', '利未記', 14, NOW() - INTERVAL '74 days'),
  ('a0ea7f02-293c-4145-9158-ae6da0f3bd17', '143f30ca-0d35-4c56-aac5-0e00745d8601', '利未記', 15, NOW() - INTERVAL '74 days'),
  ('a0ea7f02-293c-4145-9158-ae6da0f3bd17', '143f30ca-0d35-4c56-aac5-0e00745d8601', '利未記', 16, NOW() - INTERVAL '73 days'),
  ('a0ea7f02-293c-4145-9158-ae6da0f3bd17', '143f30ca-0d35-4c56-aac5-0e00745d8601', '利未記', 17, NOW() - INTERVAL '73 days'),
  ('a0ea7f02-293c-4145-9158-ae6da0f3bd17', '143f30ca-0d35-4c56-aac5-0e00745d8601', '利未記', 18, NOW() - INTERVAL '73 days'),
  ('a0ea7f02-293c-4145-9158-ae6da0f3bd17', '143f30ca-0d35-4c56-aac5-0e00745d8601', '利未記', 19, NOW() - INTERVAL '73 days'),
  ('a0ea7f02-293c-4145-9158-ae6da0f3bd17', '143f30ca-0d35-4c56-aac5-0e00745d8601', '利未記', 20, NOW() - INTERVAL '73 days'),
  ('a0ea7f02-293c-4145-9158-ae6da0f3bd17', '143f30ca-0d35-4c56-aac5-0e00745d8601', '利未記', 21, NOW() - INTERVAL '72 days'),
  ('a0ea7f02-293c-4145-9158-ae6da0f3bd17', '143f30ca-0d35-4c56-aac5-0e00745d8601', '利未記', 22, NOW() - INTERVAL '72 days'),
  ('a0ea7f02-293c-4145-9158-ae6da0f3bd17', '143f30ca-0d35-4c56-aac5-0e00745d8601', '利未記', 23, NOW() - INTERVAL '72 days'),
  ('a0ea7f02-293c-4145-9158-ae6da0f3bd17', '143f30ca-0d35-4c56-aac5-0e00745d8601', '利未記', 24, NOW() - INTERVAL '72 days'),
  ('a0ea7f02-293c-4145-9158-ae6da0f3bd17', '143f30ca-0d35-4c56-aac5-0e00745d8601', '利未記', 25, NOW() - INTERVAL '72 days'),
  ('a0ea7f02-293c-4145-9158-ae6da0f3bd17', '143f30ca-0d35-4c56-aac5-0e00745d8601', '利未記', 26, NOW() - INTERVAL '71 days'),
  ('a0ea7f02-293c-4145-9158-ae6da0f3bd17', '143f30ca-0d35-4c56-aac5-0e00745d8601', '利未記', 27, NOW() - INTERVAL '71 days'),
  ('a0ea7f02-293c-4145-9158-ae6da0f3bd17', '143f30ca-0d35-4c56-aac5-0e00745d8601', '路加福音', 1, NOW() - INTERVAL '71 days'),
  ('a0ea7f02-293c-4145-9158-ae6da0f3bd17', '143f30ca-0d35-4c56-aac5-0e00745d8601', '路加福音', 2, NOW() - INTERVAL '71 days'),
  ('a0ea7f02-293c-4145-9158-ae6da0f3bd17', '143f30ca-0d35-4c56-aac5-0e00745d8601', '路加福音', 3, NOW() - INTERVAL '71 days'),
  ('a0ea7f02-293c-4145-9158-ae6da0f3bd17', '143f30ca-0d35-4c56-aac5-0e00745d8601', '路加福音', 4, NOW() - INTERVAL '70 days'),
  ('a0ea7f02-293c-4145-9158-ae6da0f3bd17', '143f30ca-0d35-4c56-aac5-0e00745d8601', '路加福音', 5, NOW() - INTERVAL '70 days'),
  ('a0ea7f02-293c-4145-9158-ae6da0f3bd17', '143f30ca-0d35-4c56-aac5-0e00745d8601', '路加福音', 6, NOW() - INTERVAL '70 days'),
  ('a0ea7f02-293c-4145-9158-ae6da0f3bd17', '143f30ca-0d35-4c56-aac5-0e00745d8601', '路加福音', 7, NOW() - INTERVAL '70 days'),
  ('a0ea7f02-293c-4145-9158-ae6da0f3bd17', '143f30ca-0d35-4c56-aac5-0e00745d8601', '路加福音', 8, NOW() - INTERVAL '70 days'),
  ('a0ea7f02-293c-4145-9158-ae6da0f3bd17', '143f30ca-0d35-4c56-aac5-0e00745d8601', '路加福音', 9, NOW() - INTERVAL '69 days'),
  ('a0ea7f02-293c-4145-9158-ae6da0f3bd17', '143f30ca-0d35-4c56-aac5-0e00745d8601', '路加福音', 10, NOW() - INTERVAL '69 days'),
  ('a0ea7f02-293c-4145-9158-ae6da0f3bd17', '143f30ca-0d35-4c56-aac5-0e00745d8601', '路加福音', 11, NOW() - INTERVAL '69 days'),
  ('a0ea7f02-293c-4145-9158-ae6da0f3bd17', '143f30ca-0d35-4c56-aac5-0e00745d8601', '路加福音', 12, NOW() - INTERVAL '69 days'),
  ('a0ea7f02-293c-4145-9158-ae6da0f3bd17', '143f30ca-0d35-4c56-aac5-0e00745d8601', '路加福音', 13, NOW() - INTERVAL '69 days'),
  ('a0ea7f02-293c-4145-9158-ae6da0f3bd17', '143f30ca-0d35-4c56-aac5-0e00745d8601', '路加福音', 14, NOW() - INTERVAL '68 days'),
  ('a0ea7f02-293c-4145-9158-ae6da0f3bd17', '143f30ca-0d35-4c56-aac5-0e00745d8601', '路加福音', 15, NOW() - INTERVAL '68 days'),
  ('a0ea7f02-293c-4145-9158-ae6da0f3bd17', '143f30ca-0d35-4c56-aac5-0e00745d8601', '路加福音', 16, NOW() - INTERVAL '68 days'),
  ('a0ea7f02-293c-4145-9158-ae6da0f3bd17', '143f30ca-0d35-4c56-aac5-0e00745d8601', '路加福音', 17, NOW() - INTERVAL '68 days'),
  ('a0ea7f02-293c-4145-9158-ae6da0f3bd17', '143f30ca-0d35-4c56-aac5-0e00745d8601', '路加福音', 18, NOW() - INTERVAL '68 days'),
  ('a0ea7f02-293c-4145-9158-ae6da0f3bd17', '143f30ca-0d35-4c56-aac5-0e00745d8601', '路加福音', 19, NOW() - INTERVAL '67 days'),
  ('a0ea7f02-293c-4145-9158-ae6da0f3bd17', '143f30ca-0d35-4c56-aac5-0e00745d8601', '路加福音', 20, NOW() - INTERVAL '67 days'),
  ('a0ea7f02-293c-4145-9158-ae6da0f3bd17', '143f30ca-0d35-4c56-aac5-0e00745d8601', '路加福音', 21, NOW() - INTERVAL '67 days'),
  ('a0ea7f02-293c-4145-9158-ae6da0f3bd17', '143f30ca-0d35-4c56-aac5-0e00745d8601', '路加福音', 22, NOW() - INTERVAL '67 days'),
  ('a0ea7f02-293c-4145-9158-ae6da0f3bd17', '143f30ca-0d35-4c56-aac5-0e00745d8601', '路加福音', 23, NOW() - INTERVAL '67 days'),
  ('a0ea7f02-293c-4145-9158-ae6da0f3bd17', '143f30ca-0d35-4c56-aac5-0e00745d8601', '路加福音', 24, NOW() - INTERVAL '66 days'),
  ('a0ea7f02-293c-4145-9158-ae6da0f3bd17', '143f30ca-0d35-4c56-aac5-0e00745d8601', '歷代志下', 1, NOW() - INTERVAL '66 days'),
  ('a0ea7f02-293c-4145-9158-ae6da0f3bd17', '143f30ca-0d35-4c56-aac5-0e00745d8601', '歷代志下', 2, NOW() - INTERVAL '66 days'),
  ('a0ea7f02-293c-4145-9158-ae6da0f3bd17', '143f30ca-0d35-4c56-aac5-0e00745d8601', '歷代志下', 3, NOW() - INTERVAL '66 days'),
  ('a0ea7f02-293c-4145-9158-ae6da0f3bd17', '143f30ca-0d35-4c56-aac5-0e00745d8601', '歷代志下', 4, NOW() - INTERVAL '66 days'),
  ('a0ea7f02-293c-4145-9158-ae6da0f3bd17', '143f30ca-0d35-4c56-aac5-0e00745d8601', '歷代志下', 5, NOW() - INTERVAL '65 days'),
  ('a0ea7f02-293c-4145-9158-ae6da0f3bd17', '143f30ca-0d35-4c56-aac5-0e00745d8601', '歷代志下', 6, NOW() - INTERVAL '65 days'),
  ('a0ea7f02-293c-4145-9158-ae6da0f3bd17', '143f30ca-0d35-4c56-aac5-0e00745d8601', '歷代志下', 7, NOW() - INTERVAL '65 days'),
  ('a0ea7f02-293c-4145-9158-ae6da0f3bd17', '143f30ca-0d35-4c56-aac5-0e00745d8601', '歷代志下', 8, NOW() - INTERVAL '65 days'),
  ('a0ea7f02-293c-4145-9158-ae6da0f3bd17', '143f30ca-0d35-4c56-aac5-0e00745d8601', '歷代志下', 9, NOW() - INTERVAL '65 days'),
  ('a0ea7f02-293c-4145-9158-ae6da0f3bd17', '143f30ca-0d35-4c56-aac5-0e00745d8601', '歷代志下', 10, NOW() - INTERVAL '64 days'),
  ('a0ea7f02-293c-4145-9158-ae6da0f3bd17', '143f30ca-0d35-4c56-aac5-0e00745d8601', '歷代志下', 11, NOW() - INTERVAL '64 days'),
  ('a0ea7f02-293c-4145-9158-ae6da0f3bd17', '143f30ca-0d35-4c56-aac5-0e00745d8601', '歷代志下', 12, NOW() - INTERVAL '64 days'),
  ('a0ea7f02-293c-4145-9158-ae6da0f3bd17', '143f30ca-0d35-4c56-aac5-0e00745d8601', '歷代志下', 13, NOW() - INTERVAL '64 days'),
  ('a0ea7f02-293c-4145-9158-ae6da0f3bd17', '143f30ca-0d35-4c56-aac5-0e00745d8601', '歷代志下', 14, NOW() - INTERVAL '64 days'),
  ('a0ea7f02-293c-4145-9158-ae6da0f3bd17', '143f30ca-0d35-4c56-aac5-0e00745d8601', '歷代志下', 15, NOW() - INTERVAL '63 days'),
  ('a0ea7f02-293c-4145-9158-ae6da0f3bd17', '143f30ca-0d35-4c56-aac5-0e00745d8601', '歷代志下', 16, NOW() - INTERVAL '63 days'),
  ('a0ea7f02-293c-4145-9158-ae6da0f3bd17', '143f30ca-0d35-4c56-aac5-0e00745d8601', '歷代志下', 17, NOW() - INTERVAL '63 days'),
  ('a0ea7f02-293c-4145-9158-ae6da0f3bd17', '143f30ca-0d35-4c56-aac5-0e00745d8601', '歷代志下', 18, NOW() - INTERVAL '63 days'),
  ('a0ea7f02-293c-4145-9158-ae6da0f3bd17', '143f30ca-0d35-4c56-aac5-0e00745d8601', '歷代志下', 19, NOW() - INTERVAL '63 days'),
  ('a0ea7f02-293c-4145-9158-ae6da0f3bd17', '143f30ca-0d35-4c56-aac5-0e00745d8601', '歷代志下', 20, NOW() - INTERVAL '62 days'),
  ('a0ea7f02-293c-4145-9158-ae6da0f3bd17', '143f30ca-0d35-4c56-aac5-0e00745d8601', '歷代志下', 21, NOW() - INTERVAL '62 days'),
  ('a0ea7f02-293c-4145-9158-ae6da0f3bd17', '143f30ca-0d35-4c56-aac5-0e00745d8601', '歷代志下', 22, NOW() - INTERVAL '62 days'),
  ('a0ea7f02-293c-4145-9158-ae6da0f3bd17', '143f30ca-0d35-4c56-aac5-0e00745d8601', '歷代志下', 23, NOW() - INTERVAL '62 days'),
  ('a0ea7f02-293c-4145-9158-ae6da0f3bd17', '143f30ca-0d35-4c56-aac5-0e00745d8601', '歷代志下', 24, NOW() - INTERVAL '62 days'),
  ('a0ea7f02-293c-4145-9158-ae6da0f3bd17', '143f30ca-0d35-4c56-aac5-0e00745d8601', '歷代志下', 25, NOW() - INTERVAL '61 days'),
  ('a0ea7f02-293c-4145-9158-ae6da0f3bd17', '143f30ca-0d35-4c56-aac5-0e00745d8601', '歷代志下', 26, NOW() - INTERVAL '61 days'),
  ('a0ea7f02-293c-4145-9158-ae6da0f3bd17', '143f30ca-0d35-4c56-aac5-0e00745d8601', '歷代志下', 27, NOW() - INTERVAL '61 days'),
  ('a0ea7f02-293c-4145-9158-ae6da0f3bd17', '143f30ca-0d35-4c56-aac5-0e00745d8601', '歷代志下', 28, NOW() - INTERVAL '61 days'),
  ('a0ea7f02-293c-4145-9158-ae6da0f3bd17', '143f30ca-0d35-4c56-aac5-0e00745d8601', '歷代志下', 29, NOW() - INTERVAL '61 days'),
  ('a0ea7f02-293c-4145-9158-ae6da0f3bd17', '143f30ca-0d35-4c56-aac5-0e00745d8601', '歷代志下', 30, NOW() - INTERVAL '60 days'),
  ('a0ea7f02-293c-4145-9158-ae6da0f3bd17', '143f30ca-0d35-4c56-aac5-0e00745d8601', '歷代志下', 31, NOW() - INTERVAL '60 days'),
  ('a0ea7f02-293c-4145-9158-ae6da0f3bd17', '143f30ca-0d35-4c56-aac5-0e00745d8601', '歷代志下', 32, NOW() - INTERVAL '60 days'),
  ('a0ea7f02-293c-4145-9158-ae6da0f3bd17', '143f30ca-0d35-4c56-aac5-0e00745d8601', '歷代志下', 33, NOW() - INTERVAL '60 days'),
  ('a0ea7f02-293c-4145-9158-ae6da0f3bd17', '143f30ca-0d35-4c56-aac5-0e00745d8601', '歷代志下', 34, NOW() - INTERVAL '60 days'),
  ('a0ea7f02-293c-4145-9158-ae6da0f3bd17', '143f30ca-0d35-4c56-aac5-0e00745d8601', '歷代志下', 35, NOW() - INTERVAL '59 days'),
  ('a0ea7f02-293c-4145-9158-ae6da0f3bd17', '143f30ca-0d35-4c56-aac5-0e00745d8601', '歷代志下', 36, NOW() - INTERVAL '59 days'),
  ('a0ea7f02-293c-4145-9158-ae6da0f3bd17', '143f30ca-0d35-4c56-aac5-0e00745d8601', '帖撒羅尼迦前書', 1, NOW() - INTERVAL '59 days'),
  ('a0ea7f02-293c-4145-9158-ae6da0f3bd17', '143f30ca-0d35-4c56-aac5-0e00745d8601', '帖撒羅尼迦前書', 2, NOW() - INTERVAL '59 days'),
  ('a0ea7f02-293c-4145-9158-ae6da0f3bd17', '143f30ca-0d35-4c56-aac5-0e00745d8601', '帖撒羅尼迦前書', 3, NOW() - INTERVAL '59 days'),
  ('a0ea7f02-293c-4145-9158-ae6da0f3bd17', '143f30ca-0d35-4c56-aac5-0e00745d8601', '帖撒羅尼迦前書', 4, NOW() - INTERVAL '58 days'),
  ('a0ea7f02-293c-4145-9158-ae6da0f3bd17', '143f30ca-0d35-4c56-aac5-0e00745d8601', '帖撒羅尼迦前書', 5, NOW() - INTERVAL '58 days'),
  ('a0ea7f02-293c-4145-9158-ae6da0f3bd17', '143f30ca-0d35-4c56-aac5-0e00745d8601', '約拿書', 1, NOW() - INTERVAL '58 days'),
  ('a0ea7f02-293c-4145-9158-ae6da0f3bd17', '143f30ca-0d35-4c56-aac5-0e00745d8601', '約拿書', 2, NOW() - INTERVAL '58 days'),
  ('a0ea7f02-293c-4145-9158-ae6da0f3bd17', '143f30ca-0d35-4c56-aac5-0e00745d8601', '約拿書', 3, NOW() - INTERVAL '58 days'),
  ('a0ea7f02-293c-4145-9158-ae6da0f3bd17', '143f30ca-0d35-4c56-aac5-0e00745d8601', '約拿書', 4, NOW() - INTERVAL '57 days'),
  ('a0ea7f02-293c-4145-9158-ae6da0f3bd17', '143f30ca-0d35-4c56-aac5-0e00745d8601', '約翰二書', 1, NOW() - INTERVAL '57 days'),
  ('a0ea7f02-293c-4145-9158-ae6da0f3bd17', '143f30ca-0d35-4c56-aac5-0e00745d8601', '彌迦書', 1, NOW() - INTERVAL '57 days'),
  ('a0ea7f02-293c-4145-9158-ae6da0f3bd17', '143f30ca-0d35-4c56-aac5-0e00745d8601', '彌迦書', 2, NOW() - INTERVAL '57 days'),
  ('a0ea7f02-293c-4145-9158-ae6da0f3bd17', '143f30ca-0d35-4c56-aac5-0e00745d8601', '彌迦書', 3, NOW() - INTERVAL '57 days'),
  ('a0ea7f02-293c-4145-9158-ae6da0f3bd17', '143f30ca-0d35-4c56-aac5-0e00745d8601', '彌迦書', 4, NOW() - INTERVAL '56 days'),
  ('a0ea7f02-293c-4145-9158-ae6da0f3bd17', '143f30ca-0d35-4c56-aac5-0e00745d8601', '彌迦書', 5, NOW() - INTERVAL '56 days'),
  ('a0ea7f02-293c-4145-9158-ae6da0f3bd17', '143f30ca-0d35-4c56-aac5-0e00745d8601', '彌迦書', 6, NOW() - INTERVAL '56 days'),
  ('a0ea7f02-293c-4145-9158-ae6da0f3bd17', '143f30ca-0d35-4c56-aac5-0e00745d8601', '彌迦書', 7, NOW() - INTERVAL '56 days'),
  ('a0ea7f02-293c-4145-9158-ae6da0f3bd17', '143f30ca-0d35-4c56-aac5-0e00745d8601', '約翰三書', 1, NOW() - INTERVAL '56 days'),
  ('a0ea7f02-293c-4145-9158-ae6da0f3bd17', '143f30ca-0d35-4c56-aac5-0e00745d8601', '民數記', 1, NOW() - INTERVAL '55 days'),
  ('a0ea7f02-293c-4145-9158-ae6da0f3bd17', '143f30ca-0d35-4c56-aac5-0e00745d8601', '民數記', 2, NOW() - INTERVAL '55 days'),
  ('a0ea7f02-293c-4145-9158-ae6da0f3bd17', '143f30ca-0d35-4c56-aac5-0e00745d8601', '民數記', 3, NOW() - INTERVAL '55 days'),
  ('a0ea7f02-293c-4145-9158-ae6da0f3bd17', '143f30ca-0d35-4c56-aac5-0e00745d8601', '民數記', 4, NOW() - INTERVAL '55 days'),
  ('a0ea7f02-293c-4145-9158-ae6da0f3bd17', '143f30ca-0d35-4c56-aac5-0e00745d8601', '民數記', 5, NOW() - INTERVAL '55 days'),
  ('a0ea7f02-293c-4145-9158-ae6da0f3bd17', '143f30ca-0d35-4c56-aac5-0e00745d8601', '民數記', 6, NOW() - INTERVAL '54 days'),
  ('a0ea7f02-293c-4145-9158-ae6da0f3bd17', '143f30ca-0d35-4c56-aac5-0e00745d8601', '民數記', 7, NOW() - INTERVAL '54 days'),
  ('a0ea7f02-293c-4145-9158-ae6da0f3bd17', '143f30ca-0d35-4c56-aac5-0e00745d8601', '民數記', 8, NOW() - INTERVAL '54 days'),
  ('a0ea7f02-293c-4145-9158-ae6da0f3bd17', '143f30ca-0d35-4c56-aac5-0e00745d8601', '民數記', 9, NOW() - INTERVAL '54 days'),
  ('a0ea7f02-293c-4145-9158-ae6da0f3bd17', '143f30ca-0d35-4c56-aac5-0e00745d8601', '民數記', 10, NOW() - INTERVAL '54 days'),
  ('a0ea7f02-293c-4145-9158-ae6da0f3bd17', '143f30ca-0d35-4c56-aac5-0e00745d8601', '民數記', 11, NOW() - INTERVAL '53 days'),
  ('a0ea7f02-293c-4145-9158-ae6da0f3bd17', '143f30ca-0d35-4c56-aac5-0e00745d8601', '民數記', 12, NOW() - INTERVAL '53 days'),
  ('a0ea7f02-293c-4145-9158-ae6da0f3bd17', '143f30ca-0d35-4c56-aac5-0e00745d8601', '民數記', 13, NOW() - INTERVAL '53 days'),
  ('a0ea7f02-293c-4145-9158-ae6da0f3bd17', '143f30ca-0d35-4c56-aac5-0e00745d8601', '民數記', 14, NOW() - INTERVAL '53 days'),
  ('a0ea7f02-293c-4145-9158-ae6da0f3bd17', '143f30ca-0d35-4c56-aac5-0e00745d8601', '民數記', 15, NOW() - INTERVAL '53 days'),
  ('a0ea7f02-293c-4145-9158-ae6da0f3bd17', '143f30ca-0d35-4c56-aac5-0e00745d8601', '民數記', 16, NOW() - INTERVAL '52 days'),
  ('a0ea7f02-293c-4145-9158-ae6da0f3bd17', '143f30ca-0d35-4c56-aac5-0e00745d8601', '民數記', 17, NOW() - INTERVAL '52 days'),
  ('a0ea7f02-293c-4145-9158-ae6da0f3bd17', '143f30ca-0d35-4c56-aac5-0e00745d8601', '民數記', 18, NOW() - INTERVAL '52 days'),
  ('a0ea7f02-293c-4145-9158-ae6da0f3bd17', '143f30ca-0d35-4c56-aac5-0e00745d8601', '民數記', 19, NOW() - INTERVAL '52 days'),
  ('a0ea7f02-293c-4145-9158-ae6da0f3bd17', '143f30ca-0d35-4c56-aac5-0e00745d8601', '民數記', 20, NOW() - INTERVAL '52 days'),
  ('a0ea7f02-293c-4145-9158-ae6da0f3bd17', '143f30ca-0d35-4c56-aac5-0e00745d8601', '民數記', 21, NOW() - INTERVAL '51 days'),
  ('a0ea7f02-293c-4145-9158-ae6da0f3bd17', '143f30ca-0d35-4c56-aac5-0e00745d8601', '民數記', 22, NOW() - INTERVAL '51 days'),
  ('a0ea7f02-293c-4145-9158-ae6da0f3bd17', '143f30ca-0d35-4c56-aac5-0e00745d8601', '民數記', 23, NOW() - INTERVAL '51 days'),
  ('a0ea7f02-293c-4145-9158-ae6da0f3bd17', '143f30ca-0d35-4c56-aac5-0e00745d8601', '民數記', 24, NOW() - INTERVAL '51 days'),
  ('a0ea7f02-293c-4145-9158-ae6da0f3bd17', '143f30ca-0d35-4c56-aac5-0e00745d8601', '民數記', 25, NOW() - INTERVAL '51 days'),
  ('a0ea7f02-293c-4145-9158-ae6da0f3bd17', '143f30ca-0d35-4c56-aac5-0e00745d8601', '民數記', 26, NOW() - INTERVAL '50 days'),
  ('a0ea7f02-293c-4145-9158-ae6da0f3bd17', '143f30ca-0d35-4c56-aac5-0e00745d8601', '民數記', 27, NOW() - INTERVAL '50 days'),
  ('a0ea7f02-293c-4145-9158-ae6da0f3bd17', '143f30ca-0d35-4c56-aac5-0e00745d8601', '民數記', 28, NOW() - INTERVAL '50 days'),
  ('a0ea7f02-293c-4145-9158-ae6da0f3bd17', '143f30ca-0d35-4c56-aac5-0e00745d8601', '民數記', 29, NOW() - INTERVAL '50 days'),
  ('a0ea7f02-293c-4145-9158-ae6da0f3bd17', '143f30ca-0d35-4c56-aac5-0e00745d8601', '民數記', 30, NOW() - INTERVAL '50 days'),
  ('a0ea7f02-293c-4145-9158-ae6da0f3bd17', '143f30ca-0d35-4c56-aac5-0e00745d8601', '民數記', 31, NOW() - INTERVAL '49 days'),
  ('a0ea7f02-293c-4145-9158-ae6da0f3bd17', '143f30ca-0d35-4c56-aac5-0e00745d8601', '民數記', 32, NOW() - INTERVAL '49 days'),
  ('a0ea7f02-293c-4145-9158-ae6da0f3bd17', '143f30ca-0d35-4c56-aac5-0e00745d8601', '民數記', 33, NOW() - INTERVAL '49 days'),
  ('a0ea7f02-293c-4145-9158-ae6da0f3bd17', '143f30ca-0d35-4c56-aac5-0e00745d8601', '民數記', 34, NOW() - INTERVAL '49 days'),
  ('a0ea7f02-293c-4145-9158-ae6da0f3bd17', '143f30ca-0d35-4c56-aac5-0e00745d8601', '民數記', 35, NOW() - INTERVAL '49 days'),
  ('a0ea7f02-293c-4145-9158-ae6da0f3bd17', '143f30ca-0d35-4c56-aac5-0e00745d8601', '民數記', 36, NOW() - INTERVAL '48 days'),
  ('a0ea7f02-293c-4145-9158-ae6da0f3bd17', '143f30ca-0d35-4c56-aac5-0e00745d8601', '約翰福音', 1, NOW() - INTERVAL '48 days'),
  ('a0ea7f02-293c-4145-9158-ae6da0f3bd17', '143f30ca-0d35-4c56-aac5-0e00745d8601', '約翰福音', 2, NOW() - INTERVAL '48 days'),
  ('a0ea7f02-293c-4145-9158-ae6da0f3bd17', '143f30ca-0d35-4c56-aac5-0e00745d8601', '約翰福音', 3, NOW() - INTERVAL '48 days'),
  ('a0ea7f02-293c-4145-9158-ae6da0f3bd17', '143f30ca-0d35-4c56-aac5-0e00745d8601', '約翰福音', 4, NOW() - INTERVAL '48 days'),
  ('a0ea7f02-293c-4145-9158-ae6da0f3bd17', '143f30ca-0d35-4c56-aac5-0e00745d8601', '約翰福音', 5, NOW() - INTERVAL '47 days'),
  ('a0ea7f02-293c-4145-9158-ae6da0f3bd17', '143f30ca-0d35-4c56-aac5-0e00745d8601', '約翰福音', 6, NOW() - INTERVAL '47 days'),
  ('a0ea7f02-293c-4145-9158-ae6da0f3bd17', '143f30ca-0d35-4c56-aac5-0e00745d8601', '約翰福音', 7, NOW() - INTERVAL '47 days'),
  ('a0ea7f02-293c-4145-9158-ae6da0f3bd17', '143f30ca-0d35-4c56-aac5-0e00745d8601', '約翰福音', 8, NOW() - INTERVAL '47 days'),
  ('a0ea7f02-293c-4145-9158-ae6da0f3bd17', '143f30ca-0d35-4c56-aac5-0e00745d8601', '約翰福音', 9, NOW() - INTERVAL '47 days'),
  ('a0ea7f02-293c-4145-9158-ae6da0f3bd17', '143f30ca-0d35-4c56-aac5-0e00745d8601', '約翰福音', 10, NOW() - INTERVAL '46 days'),
  ('a0ea7f02-293c-4145-9158-ae6da0f3bd17', '143f30ca-0d35-4c56-aac5-0e00745d8601', '約翰福音', 11, NOW() - INTERVAL '46 days'),
  ('a0ea7f02-293c-4145-9158-ae6da0f3bd17', '143f30ca-0d35-4c56-aac5-0e00745d8601', '約翰福音', 12, NOW() - INTERVAL '46 days'),
  ('a0ea7f02-293c-4145-9158-ae6da0f3bd17', '143f30ca-0d35-4c56-aac5-0e00745d8601', '約翰福音', 13, NOW() - INTERVAL '46 days'),
  ('a0ea7f02-293c-4145-9158-ae6da0f3bd17', '143f30ca-0d35-4c56-aac5-0e00745d8601', '約翰福音', 14, NOW() - INTERVAL '46 days'),
  ('a0ea7f02-293c-4145-9158-ae6da0f3bd17', '143f30ca-0d35-4c56-aac5-0e00745d8601', '約翰福音', 15, NOW() - INTERVAL '45 days'),
  ('a0ea7f02-293c-4145-9158-ae6da0f3bd17', '143f30ca-0d35-4c56-aac5-0e00745d8601', '約翰福音', 16, NOW() - INTERVAL '45 days'),
  ('a0ea7f02-293c-4145-9158-ae6da0f3bd17', '143f30ca-0d35-4c56-aac5-0e00745d8601', '約翰福音', 17, NOW() - INTERVAL '45 days'),
  ('a0ea7f02-293c-4145-9158-ae6da0f3bd17', '143f30ca-0d35-4c56-aac5-0e00745d8601', '約翰福音', 18, NOW() - INTERVAL '45 days'),
  ('a0ea7f02-293c-4145-9158-ae6da0f3bd17', '143f30ca-0d35-4c56-aac5-0e00745d8601', '約翰福音', 19, NOW() - INTERVAL '45 days'),
  ('a0ea7f02-293c-4145-9158-ae6da0f3bd17', '143f30ca-0d35-4c56-aac5-0e00745d8601', '約翰福音', 20, NOW() - INTERVAL '44 days'),
  ('a0ea7f02-293c-4145-9158-ae6da0f3bd17', '143f30ca-0d35-4c56-aac5-0e00745d8601', '約翰福音', 21, NOW() - INTERVAL '44 days'),
  ('a0ea7f02-293c-4145-9158-ae6da0f3bd17', '143f30ca-0d35-4c56-aac5-0e00745d8601', '以西結書', 1, NOW() - INTERVAL '44 days'),
  ('a0ea7f02-293c-4145-9158-ae6da0f3bd17', '143f30ca-0d35-4c56-aac5-0e00745d8601', '以西結書', 2, NOW() - INTERVAL '44 days'),
  ('a0ea7f02-293c-4145-9158-ae6da0f3bd17', '143f30ca-0d35-4c56-aac5-0e00745d8601', '以西結書', 3, NOW() - INTERVAL '44 days'),
  ('a0ea7f02-293c-4145-9158-ae6da0f3bd17', '143f30ca-0d35-4c56-aac5-0e00745d8601', '以西結書', 4, NOW() - INTERVAL '43 days'),
  ('a0ea7f02-293c-4145-9158-ae6da0f3bd17', '143f30ca-0d35-4c56-aac5-0e00745d8601', '以西結書', 5, NOW() - INTERVAL '43 days'),
  ('a0ea7f02-293c-4145-9158-ae6da0f3bd17', '143f30ca-0d35-4c56-aac5-0e00745d8601', '以西結書', 6, NOW() - INTERVAL '43 days'),
  ('a0ea7f02-293c-4145-9158-ae6da0f3bd17', '143f30ca-0d35-4c56-aac5-0e00745d8601', '以西結書', 7, NOW() - INTERVAL '43 days'),
  ('a0ea7f02-293c-4145-9158-ae6da0f3bd17', '143f30ca-0d35-4c56-aac5-0e00745d8601', '以西結書', 8, NOW() - INTERVAL '43 days'),
  ('a0ea7f02-293c-4145-9158-ae6da0f3bd17', '143f30ca-0d35-4c56-aac5-0e00745d8601', '以西結書', 9, NOW() - INTERVAL '42 days'),
  ('a0ea7f02-293c-4145-9158-ae6da0f3bd17', '143f30ca-0d35-4c56-aac5-0e00745d8601', '以西結書', 10, NOW() - INTERVAL '42 days'),
  ('a0ea7f02-293c-4145-9158-ae6da0f3bd17', '143f30ca-0d35-4c56-aac5-0e00745d8601', '以西結書', 11, NOW() - INTERVAL '42 days'),
  ('a0ea7f02-293c-4145-9158-ae6da0f3bd17', '143f30ca-0d35-4c56-aac5-0e00745d8601', '以西結書', 12, NOW() - INTERVAL '42 days'),
  ('a0ea7f02-293c-4145-9158-ae6da0f3bd17', '143f30ca-0d35-4c56-aac5-0e00745d8601', '以西結書', 13, NOW() - INTERVAL '42 days'),
  ('a0ea7f02-293c-4145-9158-ae6da0f3bd17', '143f30ca-0d35-4c56-aac5-0e00745d8601', '以西結書', 14, NOW() - INTERVAL '41 days'),
  ('a0ea7f02-293c-4145-9158-ae6da0f3bd17', '143f30ca-0d35-4c56-aac5-0e00745d8601', '以西結書', 15, NOW() - INTERVAL '41 days'),
  ('a0ea7f02-293c-4145-9158-ae6da0f3bd17', '143f30ca-0d35-4c56-aac5-0e00745d8601', '以西結書', 16, NOW() - INTERVAL '41 days'),
  ('a0ea7f02-293c-4145-9158-ae6da0f3bd17', '143f30ca-0d35-4c56-aac5-0e00745d8601', '以西結書', 17, NOW() - INTERVAL '41 days'),
  ('a0ea7f02-293c-4145-9158-ae6da0f3bd17', '143f30ca-0d35-4c56-aac5-0e00745d8601', '以西結書', 18, NOW() - INTERVAL '41 days'),
  ('a0ea7f02-293c-4145-9158-ae6da0f3bd17', '143f30ca-0d35-4c56-aac5-0e00745d8601', '以西結書', 19, NOW() - INTERVAL '40 days'),
  ('a0ea7f02-293c-4145-9158-ae6da0f3bd17', '143f30ca-0d35-4c56-aac5-0e00745d8601', '以西結書', 20, NOW() - INTERVAL '40 days'),
  ('a0ea7f02-293c-4145-9158-ae6da0f3bd17', '143f30ca-0d35-4c56-aac5-0e00745d8601', '以西結書', 21, NOW() - INTERVAL '40 days'),
  ('a0ea7f02-293c-4145-9158-ae6da0f3bd17', '143f30ca-0d35-4c56-aac5-0e00745d8601', '以西結書', 22, NOW() - INTERVAL '40 days'),
  ('a0ea7f02-293c-4145-9158-ae6da0f3bd17', '143f30ca-0d35-4c56-aac5-0e00745d8601', '以西結書', 23, NOW() - INTERVAL '40 days'),
  ('a0ea7f02-293c-4145-9158-ae6da0f3bd17', '143f30ca-0d35-4c56-aac5-0e00745d8601', '以西結書', 24, NOW() - INTERVAL '39 days'),
  ('a0ea7f02-293c-4145-9158-ae6da0f3bd17', '143f30ca-0d35-4c56-aac5-0e00745d8601', '以西結書', 25, NOW() - INTERVAL '39 days'),
  ('a0ea7f02-293c-4145-9158-ae6da0f3bd17', '143f30ca-0d35-4c56-aac5-0e00745d8601', '以西結書', 26, NOW() - INTERVAL '39 days'),
  ('a0ea7f02-293c-4145-9158-ae6da0f3bd17', '143f30ca-0d35-4c56-aac5-0e00745d8601', '以西結書', 27, NOW() - INTERVAL '39 days'),
  ('a0ea7f02-293c-4145-9158-ae6da0f3bd17', '143f30ca-0d35-4c56-aac5-0e00745d8601', '以西結書', 28, NOW() - INTERVAL '39 days'),
  ('a0ea7f02-293c-4145-9158-ae6da0f3bd17', '143f30ca-0d35-4c56-aac5-0e00745d8601', '以西結書', 29, NOW() - INTERVAL '38 days'),
  ('a0ea7f02-293c-4145-9158-ae6da0f3bd17', '143f30ca-0d35-4c56-aac5-0e00745d8601', '以西結書', 30, NOW() - INTERVAL '38 days'),
  ('a0ea7f02-293c-4145-9158-ae6da0f3bd17', '143f30ca-0d35-4c56-aac5-0e00745d8601', '以西結書', 31, NOW() - INTERVAL '38 days'),
  ('a0ea7f02-293c-4145-9158-ae6da0f3bd17', '143f30ca-0d35-4c56-aac5-0e00745d8601', '以西結書', 32, NOW() - INTERVAL '38 days'),
  ('a0ea7f02-293c-4145-9158-ae6da0f3bd17', '143f30ca-0d35-4c56-aac5-0e00745d8601', '以西結書', 33, NOW() - INTERVAL '38 days'),
  ('a0ea7f02-293c-4145-9158-ae6da0f3bd17', '143f30ca-0d35-4c56-aac5-0e00745d8601', '以西結書', 34, NOW() - INTERVAL '37 days'),
  ('a0ea7f02-293c-4145-9158-ae6da0f3bd17', '143f30ca-0d35-4c56-aac5-0e00745d8601', '以西結書', 35, NOW() - INTERVAL '37 days'),
  ('a0ea7f02-293c-4145-9158-ae6da0f3bd17', '143f30ca-0d35-4c56-aac5-0e00745d8601', '以西結書', 36, NOW() - INTERVAL '37 days'),
  ('a0ea7f02-293c-4145-9158-ae6da0f3bd17', '143f30ca-0d35-4c56-aac5-0e00745d8601', '以西結書', 37, NOW() - INTERVAL '37 days'),
  ('a0ea7f02-293c-4145-9158-ae6da0f3bd17', '143f30ca-0d35-4c56-aac5-0e00745d8601', '以西結書', 38, NOW() - INTERVAL '37 days'),
  ('a0ea7f02-293c-4145-9158-ae6da0f3bd17', '143f30ca-0d35-4c56-aac5-0e00745d8601', '以西結書', 39, NOW() - INTERVAL '36 days'),
  ('a0ea7f02-293c-4145-9158-ae6da0f3bd17', '143f30ca-0d35-4c56-aac5-0e00745d8601', '以西結書', 40, NOW() - INTERVAL '36 days'),
  ('a0ea7f02-293c-4145-9158-ae6da0f3bd17', '143f30ca-0d35-4c56-aac5-0e00745d8601', '以西結書', 41, NOW() - INTERVAL '36 days'),
  ('a0ea7f02-293c-4145-9158-ae6da0f3bd17', '143f30ca-0d35-4c56-aac5-0e00745d8601', '以西結書', 42, NOW() - INTERVAL '36 days'),
  ('a0ea7f02-293c-4145-9158-ae6da0f3bd17', '143f30ca-0d35-4c56-aac5-0e00745d8601', '以西結書', 43, NOW() - INTERVAL '36 days'),
  ('a0ea7f02-293c-4145-9158-ae6da0f3bd17', '143f30ca-0d35-4c56-aac5-0e00745d8601', '以西結書', 44, NOW() - INTERVAL '35 days'),
  ('a0ea7f02-293c-4145-9158-ae6da0f3bd17', '143f30ca-0d35-4c56-aac5-0e00745d8601', '以西結書', 45, NOW() - INTERVAL '35 days'),
  ('a0ea7f02-293c-4145-9158-ae6da0f3bd17', '143f30ca-0d35-4c56-aac5-0e00745d8601', '以西結書', 46, NOW() - INTERVAL '35 days'),
  ('a0ea7f02-293c-4145-9158-ae6da0f3bd17', '143f30ca-0d35-4c56-aac5-0e00745d8601', '以西結書', 47, NOW() - INTERVAL '35 days'),
  ('a0ea7f02-293c-4145-9158-ae6da0f3bd17', '143f30ca-0d35-4c56-aac5-0e00745d8601', '以西結書', 48, NOW() - INTERVAL '35 days'),
  ('a0ea7f02-293c-4145-9158-ae6da0f3bd17', '143f30ca-0d35-4c56-aac5-0e00745d8601', '約翰一書', 1, NOW() - INTERVAL '34 days'),
  ('a0ea7f02-293c-4145-9158-ae6da0f3bd17', '143f30ca-0d35-4c56-aac5-0e00745d8601', '約翰一書', 2, NOW() - INTERVAL '34 days'),
  ('a0ea7f02-293c-4145-9158-ae6da0f3bd17', '143f30ca-0d35-4c56-aac5-0e00745d8601', '約翰一書', 3, NOW() - INTERVAL '34 days'),
  ('a0ea7f02-293c-4145-9158-ae6da0f3bd17', '143f30ca-0d35-4c56-aac5-0e00745d8601', '約翰一書', 4, NOW() - INTERVAL '34 days'),
  ('a0ea7f02-293c-4145-9158-ae6da0f3bd17', '143f30ca-0d35-4c56-aac5-0e00745d8601', '約翰一書', 5, NOW() - INTERVAL '34 days'),
  ('a0ea7f02-293c-4145-9158-ae6da0f3bd17', '143f30ca-0d35-4c56-aac5-0e00745d8601', '申命記', 1, NOW() - INTERVAL '33 days'),
  ('a0ea7f02-293c-4145-9158-ae6da0f3bd17', '143f30ca-0d35-4c56-aac5-0e00745d8601', '申命記', 2, NOW() - INTERVAL '33 days'),
  ('a0ea7f02-293c-4145-9158-ae6da0f3bd17', '143f30ca-0d35-4c56-aac5-0e00745d8601', '申命記', 3, NOW() - INTERVAL '33 days'),
  ('a0ea7f02-293c-4145-9158-ae6da0f3bd17', '143f30ca-0d35-4c56-aac5-0e00745d8601', '申命記', 4, NOW() - INTERVAL '33 days'),
  ('a0ea7f02-293c-4145-9158-ae6da0f3bd17', '143f30ca-0d35-4c56-aac5-0e00745d8601', '申命記', 5, NOW() - INTERVAL '33 days'),
  ('a0ea7f02-293c-4145-9158-ae6da0f3bd17', '143f30ca-0d35-4c56-aac5-0e00745d8601', '申命記', 6, NOW() - INTERVAL '32 days'),
  ('a0ea7f02-293c-4145-9158-ae6da0f3bd17', '143f30ca-0d35-4c56-aac5-0e00745d8601', '申命記', 7, NOW() - INTERVAL '32 days'),
  ('a0ea7f02-293c-4145-9158-ae6da0f3bd17', '143f30ca-0d35-4c56-aac5-0e00745d8601', '申命記', 8, NOW() - INTERVAL '32 days'),
  ('a0ea7f02-293c-4145-9158-ae6da0f3bd17', '143f30ca-0d35-4c56-aac5-0e00745d8601', '申命記', 9, NOW() - INTERVAL '32 days'),
  ('a0ea7f02-293c-4145-9158-ae6da0f3bd17', '143f30ca-0d35-4c56-aac5-0e00745d8601', '申命記', 10, NOW() - INTERVAL '32 days'),
  ('a0ea7f02-293c-4145-9158-ae6da0f3bd17', '143f30ca-0d35-4c56-aac5-0e00745d8601', '申命記', 11, NOW() - INTERVAL '31 days'),
  ('a0ea7f02-293c-4145-9158-ae6da0f3bd17', '143f30ca-0d35-4c56-aac5-0e00745d8601', '申命記', 12, NOW() - INTERVAL '31 days'),
  ('a0ea7f02-293c-4145-9158-ae6da0f3bd17', '143f30ca-0d35-4c56-aac5-0e00745d8601', '申命記', 13, NOW() - INTERVAL '31 days'),
  ('a0ea7f02-293c-4145-9158-ae6da0f3bd17', '143f30ca-0d35-4c56-aac5-0e00745d8601', '申命記', 14, NOW() - INTERVAL '31 days'),
  ('a0ea7f02-293c-4145-9158-ae6da0f3bd17', '143f30ca-0d35-4c56-aac5-0e00745d8601', '申命記', 15, NOW() - INTERVAL '31 days'),
  ('a0ea7f02-293c-4145-9158-ae6da0f3bd17', '143f30ca-0d35-4c56-aac5-0e00745d8601', '申命記', 16, NOW() - INTERVAL '30 days'),
  ('a0ea7f02-293c-4145-9158-ae6da0f3bd17', '143f30ca-0d35-4c56-aac5-0e00745d8601', '申命記', 17, NOW() - INTERVAL '30 days'),
  ('a0ea7f02-293c-4145-9158-ae6da0f3bd17', '143f30ca-0d35-4c56-aac5-0e00745d8601', '申命記', 18, NOW() - INTERVAL '30 days'),
  ('a0ea7f02-293c-4145-9158-ae6da0f3bd17', '143f30ca-0d35-4c56-aac5-0e00745d8601', '申命記', 19, NOW() - INTERVAL '30 days'),
  ('a0ea7f02-293c-4145-9158-ae6da0f3bd17', '143f30ca-0d35-4c56-aac5-0e00745d8601', '申命記', 20, NOW() - INTERVAL '30 days'),
  ('a0ea7f02-293c-4145-9158-ae6da0f3bd17', '143f30ca-0d35-4c56-aac5-0e00745d8601', '申命記', 21, NOW() - INTERVAL '29 days'),
  ('a0ea7f02-293c-4145-9158-ae6da0f3bd17', '143f30ca-0d35-4c56-aac5-0e00745d8601', '申命記', 22, NOW() - INTERVAL '29 days'),
  ('a0ea7f02-293c-4145-9158-ae6da0f3bd17', '143f30ca-0d35-4c56-aac5-0e00745d8601', '申命記', 23, NOW() - INTERVAL '29 days'),
  ('a0ea7f02-293c-4145-9158-ae6da0f3bd17', '143f30ca-0d35-4c56-aac5-0e00745d8601', '申命記', 24, NOW() - INTERVAL '29 days'),
  ('a0ea7f02-293c-4145-9158-ae6da0f3bd17', '143f30ca-0d35-4c56-aac5-0e00745d8601', '申命記', 25, NOW() - INTERVAL '29 days'),
  ('a0ea7f02-293c-4145-9158-ae6da0f3bd17', '143f30ca-0d35-4c56-aac5-0e00745d8601', '申命記', 26, NOW() - INTERVAL '28 days'),
  ('a0ea7f02-293c-4145-9158-ae6da0f3bd17', '143f30ca-0d35-4c56-aac5-0e00745d8601', '申命記', 27, NOW() - INTERVAL '28 days'),
  ('a0ea7f02-293c-4145-9158-ae6da0f3bd17', '143f30ca-0d35-4c56-aac5-0e00745d8601', '申命記', 28, NOW() - INTERVAL '28 days'),
  ('a0ea7f02-293c-4145-9158-ae6da0f3bd17', '143f30ca-0d35-4c56-aac5-0e00745d8601', '申命記', 29, NOW() - INTERVAL '28 days'),
  ('a0ea7f02-293c-4145-9158-ae6da0f3bd17', '143f30ca-0d35-4c56-aac5-0e00745d8601', '申命記', 30, NOW() - INTERVAL '28 days'),
  ('a0ea7f02-293c-4145-9158-ae6da0f3bd17', '143f30ca-0d35-4c56-aac5-0e00745d8601', '申命記', 31, NOW() - INTERVAL '27 days'),
  ('a0ea7f02-293c-4145-9158-ae6da0f3bd17', '143f30ca-0d35-4c56-aac5-0e00745d8601', '申命記', 32, NOW() - INTERVAL '27 days'),
  ('a0ea7f02-293c-4145-9158-ae6da0f3bd17', '143f30ca-0d35-4c56-aac5-0e00745d8601', '申命記', 33, NOW() - INTERVAL '27 days'),
  ('a0ea7f02-293c-4145-9158-ae6da0f3bd17', '143f30ca-0d35-4c56-aac5-0e00745d8601', '申命記', 34, NOW() - INTERVAL '27 days'),
  ('a0ea7f02-293c-4145-9158-ae6da0f3bd17', '143f30ca-0d35-4c56-aac5-0e00745d8601', '使徒行傳', 1, NOW() - INTERVAL '27 days'),
  ('a0ea7f02-293c-4145-9158-ae6da0f3bd17', '143f30ca-0d35-4c56-aac5-0e00745d8601', '使徒行傳', 2, NOW() - INTERVAL '26 days'),
  ('a0ea7f02-293c-4145-9158-ae6da0f3bd17', '143f30ca-0d35-4c56-aac5-0e00745d8601', '使徒行傳', 3, NOW() - INTERVAL '26 days'),
  ('a0ea7f02-293c-4145-9158-ae6da0f3bd17', '143f30ca-0d35-4c56-aac5-0e00745d8601', '使徒行傳', 4, NOW() - INTERVAL '26 days'),
  ('a0ea7f02-293c-4145-9158-ae6da0f3bd17', '143f30ca-0d35-4c56-aac5-0e00745d8601', '使徒行傳', 5, NOW() - INTERVAL '26 days'),
  ('a0ea7f02-293c-4145-9158-ae6da0f3bd17', '143f30ca-0d35-4c56-aac5-0e00745d8601', '使徒行傳', 6, NOW() - INTERVAL '26 days'),
  ('a0ea7f02-293c-4145-9158-ae6da0f3bd17', '143f30ca-0d35-4c56-aac5-0e00745d8601', '使徒行傳', 7, NOW() - INTERVAL '25 days'),
  ('a0ea7f02-293c-4145-9158-ae6da0f3bd17', '143f30ca-0d35-4c56-aac5-0e00745d8601', '使徒行傳', 8, NOW() - INTERVAL '25 days'),
  ('a0ea7f02-293c-4145-9158-ae6da0f3bd17', '143f30ca-0d35-4c56-aac5-0e00745d8601', '使徒行傳', 9, NOW() - INTERVAL '25 days'),
  ('a0ea7f02-293c-4145-9158-ae6da0f3bd17', '143f30ca-0d35-4c56-aac5-0e00745d8601', '使徒行傳', 10, NOW() - INTERVAL '25 days'),
  ('a0ea7f02-293c-4145-9158-ae6da0f3bd17', '143f30ca-0d35-4c56-aac5-0e00745d8601', '使徒行傳', 11, NOW() - INTERVAL '25 days'),
  ('a0ea7f02-293c-4145-9158-ae6da0f3bd17', '143f30ca-0d35-4c56-aac5-0e00745d8601', '使徒行傳', 12, NOW() - INTERVAL '24 days'),
  ('a0ea7f02-293c-4145-9158-ae6da0f3bd17', '143f30ca-0d35-4c56-aac5-0e00745d8601', '使徒行傳', 13, NOW() - INTERVAL '24 days'),
  ('a0ea7f02-293c-4145-9158-ae6da0f3bd17', '143f30ca-0d35-4c56-aac5-0e00745d8601', '使徒行傳', 14, NOW() - INTERVAL '24 days'),
  ('a0ea7f02-293c-4145-9158-ae6da0f3bd17', '143f30ca-0d35-4c56-aac5-0e00745d8601', '使徒行傳', 15, NOW() - INTERVAL '24 days'),
  ('a0ea7f02-293c-4145-9158-ae6da0f3bd17', '143f30ca-0d35-4c56-aac5-0e00745d8601', '使徒行傳', 16, NOW() - INTERVAL '24 days'),
  ('a0ea7f02-293c-4145-9158-ae6da0f3bd17', '143f30ca-0d35-4c56-aac5-0e00745d8601', '使徒行傳', 17, NOW() - INTERVAL '23 days'),
  ('a0ea7f02-293c-4145-9158-ae6da0f3bd17', '143f30ca-0d35-4c56-aac5-0e00745d8601', '使徒行傳', 18, NOW() - INTERVAL '23 days'),
  ('a0ea7f02-293c-4145-9158-ae6da0f3bd17', '143f30ca-0d35-4c56-aac5-0e00745d8601', '使徒行傳', 19, NOW() - INTERVAL '23 days'),
  ('a0ea7f02-293c-4145-9158-ae6da0f3bd17', '143f30ca-0d35-4c56-aac5-0e00745d8601', '使徒行傳', 20, NOW() - INTERVAL '23 days'),
  ('a0ea7f02-293c-4145-9158-ae6da0f3bd17', '143f30ca-0d35-4c56-aac5-0e00745d8601', '使徒行傳', 21, NOW() - INTERVAL '23 days'),
  ('a0ea7f02-293c-4145-9158-ae6da0f3bd17', '143f30ca-0d35-4c56-aac5-0e00745d8601', '使徒行傳', 22, NOW() - INTERVAL '22 days'),
  ('a0ea7f02-293c-4145-9158-ae6da0f3bd17', '143f30ca-0d35-4c56-aac5-0e00745d8601', '使徒行傳', 23, NOW() - INTERVAL '22 days'),
  ('a0ea7f02-293c-4145-9158-ae6da0f3bd17', '143f30ca-0d35-4c56-aac5-0e00745d8601', '使徒行傳', 24, NOW() - INTERVAL '22 days'),
  ('a0ea7f02-293c-4145-9158-ae6da0f3bd17', '143f30ca-0d35-4c56-aac5-0e00745d8601', '使徒行傳', 25, NOW() - INTERVAL '22 days'),
  ('a0ea7f02-293c-4145-9158-ae6da0f3bd17', '143f30ca-0d35-4c56-aac5-0e00745d8601', '使徒行傳', 26, NOW() - INTERVAL '22 days'),
  ('a0ea7f02-293c-4145-9158-ae6da0f3bd17', '143f30ca-0d35-4c56-aac5-0e00745d8601', '使徒行傳', 27, NOW() - INTERVAL '21 days'),
  ('a0ea7f02-293c-4145-9158-ae6da0f3bd17', '143f30ca-0d35-4c56-aac5-0e00745d8601', '使徒行傳', 28, NOW() - INTERVAL '21 days'),
  ('a0ea7f02-293c-4145-9158-ae6da0f3bd17', '143f30ca-0d35-4c56-aac5-0e00745d8601', '箴言', 1, NOW() - INTERVAL '21 days'),
  ('a0ea7f02-293c-4145-9158-ae6da0f3bd17', '143f30ca-0d35-4c56-aac5-0e00745d8601', '箴言', 2, NOW() - INTERVAL '21 days'),
  ('a0ea7f02-293c-4145-9158-ae6da0f3bd17', '143f30ca-0d35-4c56-aac5-0e00745d8601', '箴言', 3, NOW() - INTERVAL '21 days'),
  ('a0ea7f02-293c-4145-9158-ae6da0f3bd17', '143f30ca-0d35-4c56-aac5-0e00745d8601', '箴言', 4, NOW() - INTERVAL '20 days'),
  ('a0ea7f02-293c-4145-9158-ae6da0f3bd17', '143f30ca-0d35-4c56-aac5-0e00745d8601', '箴言', 5, NOW() - INTERVAL '20 days'),
  ('a0ea7f02-293c-4145-9158-ae6da0f3bd17', '143f30ca-0d35-4c56-aac5-0e00745d8601', '箴言', 6, NOW() - INTERVAL '20 days'),
  ('a0ea7f02-293c-4145-9158-ae6da0f3bd17', '143f30ca-0d35-4c56-aac5-0e00745d8601', '箴言', 7, NOW() - INTERVAL '20 days'),
  ('a0ea7f02-293c-4145-9158-ae6da0f3bd17', '143f30ca-0d35-4c56-aac5-0e00745d8601', '箴言', 8, NOW() - INTERVAL '20 days'),
  ('a0ea7f02-293c-4145-9158-ae6da0f3bd17', '143f30ca-0d35-4c56-aac5-0e00745d8601', '箴言', 9, NOW() - INTERVAL '19 days'),
  ('a0ea7f02-293c-4145-9158-ae6da0f3bd17', '143f30ca-0d35-4c56-aac5-0e00745d8601', '箴言', 10, NOW() - INTERVAL '19 days'),
  ('a0ea7f02-293c-4145-9158-ae6da0f3bd17', '143f30ca-0d35-4c56-aac5-0e00745d8601', '箴言', 11, NOW() - INTERVAL '19 days'),
  ('a0ea7f02-293c-4145-9158-ae6da0f3bd17', '143f30ca-0d35-4c56-aac5-0e00745d8601', '箴言', 12, NOW() - INTERVAL '19 days'),
  ('a0ea7f02-293c-4145-9158-ae6da0f3bd17', '143f30ca-0d35-4c56-aac5-0e00745d8601', '箴言', 13, NOW() - INTERVAL '19 days'),
  ('a0ea7f02-293c-4145-9158-ae6da0f3bd17', '143f30ca-0d35-4c56-aac5-0e00745d8601', '箴言', 14, NOW() - INTERVAL '18 days'),
  ('a0ea7f02-293c-4145-9158-ae6da0f3bd17', '143f30ca-0d35-4c56-aac5-0e00745d8601', '箴言', 15, NOW() - INTERVAL '18 days'),
  ('a0ea7f02-293c-4145-9158-ae6da0f3bd17', '143f30ca-0d35-4c56-aac5-0e00745d8601', '箴言', 16, NOW() - INTERVAL '18 days'),
  ('a0ea7f02-293c-4145-9158-ae6da0f3bd17', '143f30ca-0d35-4c56-aac5-0e00745d8601', '箴言', 17, NOW() - INTERVAL '18 days'),
  ('a0ea7f02-293c-4145-9158-ae6da0f3bd17', '143f30ca-0d35-4c56-aac5-0e00745d8601', '箴言', 18, NOW() - INTERVAL '18 days'),
  ('a0ea7f02-293c-4145-9158-ae6da0f3bd17', '143f30ca-0d35-4c56-aac5-0e00745d8601', '箴言', 19, NOW() - INTERVAL '17 days'),
  ('a0ea7f02-293c-4145-9158-ae6da0f3bd17', '143f30ca-0d35-4c56-aac5-0e00745d8601', '箴言', 20, NOW() - INTERVAL '17 days'),
  ('a0ea7f02-293c-4145-9158-ae6da0f3bd17', '143f30ca-0d35-4c56-aac5-0e00745d8601', '箴言', 21, NOW() - INTERVAL '17 days'),
  ('a0ea7f02-293c-4145-9158-ae6da0f3bd17', '143f30ca-0d35-4c56-aac5-0e00745d8601', '箴言', 22, NOW() - INTERVAL '17 days'),
  ('a0ea7f02-293c-4145-9158-ae6da0f3bd17', '143f30ca-0d35-4c56-aac5-0e00745d8601', '箴言', 23, NOW() - INTERVAL '17 days'),
  ('a0ea7f02-293c-4145-9158-ae6da0f3bd17', '143f30ca-0d35-4c56-aac5-0e00745d8601', '箴言', 24, NOW() - INTERVAL '16 days'),
  ('a0ea7f02-293c-4145-9158-ae6da0f3bd17', '143f30ca-0d35-4c56-aac5-0e00745d8601', '箴言', 25, NOW() - INTERVAL '16 days'),
  ('a0ea7f02-293c-4145-9158-ae6da0f3bd17', '143f30ca-0d35-4c56-aac5-0e00745d8601', '箴言', 26, NOW() - INTERVAL '16 days'),
  ('a0ea7f02-293c-4145-9158-ae6da0f3bd17', '143f30ca-0d35-4c56-aac5-0e00745d8601', '箴言', 27, NOW() - INTERVAL '16 days'),
  ('a0ea7f02-293c-4145-9158-ae6da0f3bd17', '143f30ca-0d35-4c56-aac5-0e00745d8601', '箴言', 28, NOW() - INTERVAL '16 days'),
  ('a0ea7f02-293c-4145-9158-ae6da0f3bd17', '143f30ca-0d35-4c56-aac5-0e00745d8601', '箴言', 29, NOW() - INTERVAL '15 days'),
  ('a0ea7f02-293c-4145-9158-ae6da0f3bd17', '143f30ca-0d35-4c56-aac5-0e00745d8601', '箴言', 30, NOW() - INTERVAL '15 days'),
  ('a0ea7f02-293c-4145-9158-ae6da0f3bd17', '143f30ca-0d35-4c56-aac5-0e00745d8601', '箴言', 31, NOW() - INTERVAL '15 days'),
  ('a0ea7f02-293c-4145-9158-ae6da0f3bd17', '143f30ca-0d35-4c56-aac5-0e00745d8601', '提摩太後書', 1, NOW() - INTERVAL '15 days'),
  ('a0ea7f02-293c-4145-9158-ae6da0f3bd17', '143f30ca-0d35-4c56-aac5-0e00745d8601', '提摩太後書', 2, NOW() - INTERVAL '15 days'),
  ('a0ea7f02-293c-4145-9158-ae6da0f3bd17', '143f30ca-0d35-4c56-aac5-0e00745d8601', '提摩太後書', 3, NOW() - INTERVAL '14 days'),
  ('a0ea7f02-293c-4145-9158-ae6da0f3bd17', '143f30ca-0d35-4c56-aac5-0e00745d8601', '提摩太後書', 4, NOW() - INTERVAL '14 days'),
  ('a0ea7f02-293c-4145-9158-ae6da0f3bd17', '143f30ca-0d35-4c56-aac5-0e00745d8601', '傳道書', 1, NOW() - INTERVAL '14 days'),
  ('a0ea7f02-293c-4145-9158-ae6da0f3bd17', '143f30ca-0d35-4c56-aac5-0e00745d8601', '傳道書', 2, NOW() - INTERVAL '14 days'),
  ('a0ea7f02-293c-4145-9158-ae6da0f3bd17', '143f30ca-0d35-4c56-aac5-0e00745d8601', '傳道書', 3, NOW() - INTERVAL '14 days'),
  ('a0ea7f02-293c-4145-9158-ae6da0f3bd17', '143f30ca-0d35-4c56-aac5-0e00745d8601', '傳道書', 4, NOW() - INTERVAL '13 days'),
  ('a0ea7f02-293c-4145-9158-ae6da0f3bd17', '143f30ca-0d35-4c56-aac5-0e00745d8601', '傳道書', 5, NOW() - INTERVAL '13 days'),
  ('a0ea7f02-293c-4145-9158-ae6da0f3bd17', '143f30ca-0d35-4c56-aac5-0e00745d8601', '傳道書', 6, NOW() - INTERVAL '13 days'),
  ('a0ea7f02-293c-4145-9158-ae6da0f3bd17', '143f30ca-0d35-4c56-aac5-0e00745d8601', '傳道書', 7, NOW() - INTERVAL '13 days'),
  ('a0ea7f02-293c-4145-9158-ae6da0f3bd17', '143f30ca-0d35-4c56-aac5-0e00745d8601', '傳道書', 8, NOW() - INTERVAL '13 days'),
  ('a0ea7f02-293c-4145-9158-ae6da0f3bd17', '143f30ca-0d35-4c56-aac5-0e00745d8601', '傳道書', 9, NOW() - INTERVAL '12 days'),
  ('a0ea7f02-293c-4145-9158-ae6da0f3bd17', '143f30ca-0d35-4c56-aac5-0e00745d8601', '傳道書', 10, NOW() - INTERVAL '12 days'),
  ('a0ea7f02-293c-4145-9158-ae6da0f3bd17', '143f30ca-0d35-4c56-aac5-0e00745d8601', '傳道書', 11, NOW() - INTERVAL '12 days'),
  ('a0ea7f02-293c-4145-9158-ae6da0f3bd17', '143f30ca-0d35-4c56-aac5-0e00745d8601', '傳道書', 12, NOW() - INTERVAL '12 days'),
  ('a0ea7f02-293c-4145-9158-ae6da0f3bd17', '143f30ca-0d35-4c56-aac5-0e00745d8601', '腓利門書', 1, NOW() - INTERVAL '12 days'),
  ('a0ea7f02-293c-4145-9158-ae6da0f3bd17', '143f30ca-0d35-4c56-aac5-0e00745d8601', '約書亞記', 1, NOW() - INTERVAL '11 days'),
  ('a0ea7f02-293c-4145-9158-ae6da0f3bd17', '143f30ca-0d35-4c56-aac5-0e00745d8601', '約書亞記', 2, NOW() - INTERVAL '11 days'),
  ('a0ea7f02-293c-4145-9158-ae6da0f3bd17', '143f30ca-0d35-4c56-aac5-0e00745d8601', '約書亞記', 3, NOW() - INTERVAL '11 days'),
  ('a0ea7f02-293c-4145-9158-ae6da0f3bd17', '143f30ca-0d35-4c56-aac5-0e00745d8601', '約書亞記', 4, NOW() - INTERVAL '11 days'),
  ('a0ea7f02-293c-4145-9158-ae6da0f3bd17', '143f30ca-0d35-4c56-aac5-0e00745d8601', '約書亞記', 5, NOW() - INTERVAL '11 days'),
  ('a0ea7f02-293c-4145-9158-ae6da0f3bd17', '143f30ca-0d35-4c56-aac5-0e00745d8601', '約書亞記', 6, NOW() - INTERVAL '10 days'),
  ('a0ea7f02-293c-4145-9158-ae6da0f3bd17', '143f30ca-0d35-4c56-aac5-0e00745d8601', '約書亞記', 7, NOW() - INTERVAL '10 days'),
  ('a0ea7f02-293c-4145-9158-ae6da0f3bd17', '143f30ca-0d35-4c56-aac5-0e00745d8601', '約書亞記', 8, NOW() - INTERVAL '10 days'),
  ('a0ea7f02-293c-4145-9158-ae6da0f3bd17', '143f30ca-0d35-4c56-aac5-0e00745d8601', '約書亞記', 9, NOW() - INTERVAL '10 days'),
  ('a0ea7f02-293c-4145-9158-ae6da0f3bd17', '143f30ca-0d35-4c56-aac5-0e00745d8601', '約書亞記', 10, NOW() - INTERVAL '10 days'),
  ('a0ea7f02-293c-4145-9158-ae6da0f3bd17', '143f30ca-0d35-4c56-aac5-0e00745d8601', '約書亞記', 11, NOW() - INTERVAL '9 days'),
  ('a0ea7f02-293c-4145-9158-ae6da0f3bd17', '143f30ca-0d35-4c56-aac5-0e00745d8601', '約書亞記', 12, NOW() - INTERVAL '9 days'),
  ('a0ea7f02-293c-4145-9158-ae6da0f3bd17', '143f30ca-0d35-4c56-aac5-0e00745d8601', '約書亞記', 13, NOW() - INTERVAL '9 days'),
  ('a0ea7f02-293c-4145-9158-ae6da0f3bd17', '143f30ca-0d35-4c56-aac5-0e00745d8601', '約書亞記', 14, NOW() - INTERVAL '9 days'),
  ('a0ea7f02-293c-4145-9158-ae6da0f3bd17', '143f30ca-0d35-4c56-aac5-0e00745d8601', '約書亞記', 15, NOW() - INTERVAL '9 days'),
  ('a0ea7f02-293c-4145-9158-ae6da0f3bd17', '143f30ca-0d35-4c56-aac5-0e00745d8601', '約書亞記', 16, NOW() - INTERVAL '8 days'),
  ('a0ea7f02-293c-4145-9158-ae6da0f3bd17', '143f30ca-0d35-4c56-aac5-0e00745d8601', '約書亞記', 17, NOW() - INTERVAL '8 days'),
  ('a0ea7f02-293c-4145-9158-ae6da0f3bd17', '143f30ca-0d35-4c56-aac5-0e00745d8601', '約書亞記', 18, NOW() - INTERVAL '8 days'),
  ('a0ea7f02-293c-4145-9158-ae6da0f3bd17', '143f30ca-0d35-4c56-aac5-0e00745d8601', '約書亞記', 19, NOW() - INTERVAL '8 days'),
  ('a0ea7f02-293c-4145-9158-ae6da0f3bd17', '143f30ca-0d35-4c56-aac5-0e00745d8601', '約書亞記', 20, NOW() - INTERVAL '8 days'),
  ('a0ea7f02-293c-4145-9158-ae6da0f3bd17', '143f30ca-0d35-4c56-aac5-0e00745d8601', '約書亞記', 21, NOW() - INTERVAL '7 days'),
  ('a0ea7f02-293c-4145-9158-ae6da0f3bd17', '143f30ca-0d35-4c56-aac5-0e00745d8601', '約書亞記', 22, NOW() - INTERVAL '7 days'),
  ('a0ea7f02-293c-4145-9158-ae6da0f3bd17', '143f30ca-0d35-4c56-aac5-0e00745d8601', '約書亞記', 23, NOW() - INTERVAL '7 days'),
  ('a0ea7f02-293c-4145-9158-ae6da0f3bd17', '143f30ca-0d35-4c56-aac5-0e00745d8601', '約書亞記', 24, NOW() - INTERVAL '7 days'),
  ('a0ea7f02-293c-4145-9158-ae6da0f3bd17', '143f30ca-0d35-4c56-aac5-0e00745d8601', '羅馬書', 1, NOW() - INTERVAL '7 days'),
  ('a0ea7f02-293c-4145-9158-ae6da0f3bd17', '143f30ca-0d35-4c56-aac5-0e00745d8601', '羅馬書', 2, NOW() - INTERVAL '6 days'),
  ('a0ea7f02-293c-4145-9158-ae6da0f3bd17', '143f30ca-0d35-4c56-aac5-0e00745d8601', '羅馬書', 3, NOW() - INTERVAL '6 days'),
  ('a0ea7f02-293c-4145-9158-ae6da0f3bd17', '143f30ca-0d35-4c56-aac5-0e00745d8601', '羅馬書', 4, NOW() - INTERVAL '6 days'),
  ('a0ea7f02-293c-4145-9158-ae6da0f3bd17', '143f30ca-0d35-4c56-aac5-0e00745d8601', '羅馬書', 5, NOW() - INTERVAL '6 days'),
  ('a0ea7f02-293c-4145-9158-ae6da0f3bd17', '143f30ca-0d35-4c56-aac5-0e00745d8601', '羅馬書', 6, NOW() - INTERVAL '6 days'),
  ('a0ea7f02-293c-4145-9158-ae6da0f3bd17', '143f30ca-0d35-4c56-aac5-0e00745d8601', '羅馬書', 7, NOW() - INTERVAL '5 days'),
  ('a0ea7f02-293c-4145-9158-ae6da0f3bd17', '143f30ca-0d35-4c56-aac5-0e00745d8601', '羅馬書', 8, NOW() - INTERVAL '5 days'),
  ('a0ea7f02-293c-4145-9158-ae6da0f3bd17', '143f30ca-0d35-4c56-aac5-0e00745d8601', '羅馬書', 9, NOW() - INTERVAL '5 days'),
  ('a0ea7f02-293c-4145-9158-ae6da0f3bd17', '143f30ca-0d35-4c56-aac5-0e00745d8601', '羅馬書', 10, NOW() - INTERVAL '5 days'),
  ('a0ea7f02-293c-4145-9158-ae6da0f3bd17', '143f30ca-0d35-4c56-aac5-0e00745d8601', '羅馬書', 11, NOW() - INTERVAL '5 days'),
  ('a0ea7f02-293c-4145-9158-ae6da0f3bd17', '143f30ca-0d35-4c56-aac5-0e00745d8601', '羅馬書', 12, NOW() - INTERVAL '4 days'),
  ('a0ea7f02-293c-4145-9158-ae6da0f3bd17', '143f30ca-0d35-4c56-aac5-0e00745d8601', '羅馬書', 13, NOW() - INTERVAL '4 days'),
  ('a0ea7f02-293c-4145-9158-ae6da0f3bd17', '143f30ca-0d35-4c56-aac5-0e00745d8601', '羅馬書', 14, NOW() - INTERVAL '4 days'),
  ('a0ea7f02-293c-4145-9158-ae6da0f3bd17', '143f30ca-0d35-4c56-aac5-0e00745d8601', '羅馬書', 15, NOW() - INTERVAL '4 days'),
  ('a0ea7f02-293c-4145-9158-ae6da0f3bd17', '143f30ca-0d35-4c56-aac5-0e00745d8601', '羅馬書', 16, NOW() - INTERVAL '4 days'),
  ('a0ea7f02-293c-4145-9158-ae6da0f3bd17', '143f30ca-0d35-4c56-aac5-0e00745d8601', '耶利米書', 1, NOW() - INTERVAL '3 days'),
  ('a0ea7f02-293c-4145-9158-ae6da0f3bd17', '143f30ca-0d35-4c56-aac5-0e00745d8601', '耶利米書', 2, NOW() - INTERVAL '3 days'),
  ('a0ea7f02-293c-4145-9158-ae6da0f3bd17', '143f30ca-0d35-4c56-aac5-0e00745d8601', '耶利米書', 3, NOW() - INTERVAL '3 days'),
  ('a0ea7f02-293c-4145-9158-ae6da0f3bd17', '143f30ca-0d35-4c56-aac5-0e00745d8601', '耶利米書', 4, NOW() - INTERVAL '3 days'),
  ('a0ea7f02-293c-4145-9158-ae6da0f3bd17', '143f30ca-0d35-4c56-aac5-0e00745d8601', '耶利米書', 5, NOW() - INTERVAL '3 days'),
  ('a0ea7f02-293c-4145-9158-ae6da0f3bd17', '143f30ca-0d35-4c56-aac5-0e00745d8601', '耶利米書', 6, NOW() - INTERVAL '2 days'),
  ('a0ea7f02-293c-4145-9158-ae6da0f3bd17', '143f30ca-0d35-4c56-aac5-0e00745d8601', '耶利米書', 7, NOW() - INTERVAL '2 days'),
  ('a0ea7f02-293c-4145-9158-ae6da0f3bd17', '143f30ca-0d35-4c56-aac5-0e00745d8601', '耶利米書', 8, NOW() - INTERVAL '2 days'),
  ('a0ea7f02-293c-4145-9158-ae6da0f3bd17', '143f30ca-0d35-4c56-aac5-0e00745d8601', '耶利米書', 9, NOW() - INTERVAL '2 days'),
  ('a0ea7f02-293c-4145-9158-ae6da0f3bd17', '143f30ca-0d35-4c56-aac5-0e00745d8601', '耶利米書', 10, NOW() - INTERVAL '2 days'),
  ('a0ea7f02-293c-4145-9158-ae6da0f3bd17', '143f30ca-0d35-4c56-aac5-0e00745d8601', '耶利米書', 11, NOW() - INTERVAL '1 days'),
  ('a0ea7f02-293c-4145-9158-ae6da0f3bd17', '143f30ca-0d35-4c56-aac5-0e00745d8601', '耶利米書', 12, NOW() - INTERVAL '1 days'),
  ('a0ea7f02-293c-4145-9158-ae6da0f3bd17', '143f30ca-0d35-4c56-aac5-0e00745d8601', '耶利米書', 13, NOW() - INTERVAL '1 days'),
  ('a0ea7f02-293c-4145-9158-ae6da0f3bd17', '143f30ca-0d35-4c56-aac5-0e00745d8601', '耶利米書', 14, NOW() - INTERVAL '1 days'),
  ('a0ea7f02-293c-4145-9158-ae6da0f3bd17', '143f30ca-0d35-4c56-aac5-0e00745d8601', '耶利米書', 15, NOW() - INTERVAL '1 days'),
  ('a0ea7f02-293c-4145-9158-ae6da0f3bd17', '143f30ca-0d35-4c56-aac5-0e00745d8601', '耶利米書', 16, NOW() - INTERVAL '0 days'),
  ('a0ea7f02-293c-4145-9158-ae6da0f3bd17', '143f30ca-0d35-4c56-aac5-0e00745d8601', '耶利米書', 17, NOW() - INTERVAL '0 days'),
  ('a0ea7f02-293c-4145-9158-ae6da0f3bd17', '143f30ca-0d35-4c56-aac5-0e00745d8601', '耶利米書', 18, NOW() - INTERVAL '0 days'),
  ('a0ea7f02-293c-4145-9158-ae6da0f3bd17', '143f30ca-0d35-4c56-aac5-0e00745d8601', '耶利米書', 19, NOW() - INTERVAL '0 days');

--------------------------------------------------

-- 使用者: 示範大區長甲
INSERT INTO auth.users (id, email, raw_user_meta_data, created_at, updated_at, instance_id, aud, role, encrypted_password)
VALUES (
  'cb2538c7-402d-4ad3-8776-bb715a2ec4fc',
  'cb2538c7@church-bible.com',
  '{"full_name": "示範大區長甲"}',
  NOW() - INTERVAL '51 days',
  NOW(),
  '00000000-0000-0000-0000-000000000000',
  'authenticated',
  'authenticated',
  '$2a$10$abcdefghijklmnopqrstuv' -- Dummy bcrypt hash
) ON CONFLICT (id) DO NOTHING;

INSERT INTO public.profiles (id, name, great_region, pastoral_zone, small_group, role, is_demo, updated_at)
VALUES (
  'cb2538c7-402d-4ad3-8776-bb715a2ec4fc',
  '示範大區長甲',
  '示範大區A',
  '示範牧區甲',
  '示範小組1',
  'great_zone_leader',
  TRUE,
  NOW()
) ON CONFLICT (id) DO NOTHING;

INSERT INTO public.reading_plans (id, user_id, name, start_date, end_date, target_books)
VALUES (
  '29379c6a-3b5c-40ae-989c-73dc5d59177d',
  'cb2538c7-402d-4ad3-8776-bb715a2ec4fc',
  '第一季速讀：2026年7月~9月',
  '2026-07-01',
  '2026-09-30',
  ARRAY['創世記', '馬太福音', '列王紀下', '雅各書', '出埃及記', '馬可福音', '約伯記', '加拉太書', '哈巴谷書', '猶大書', '利未記', '路加福音', '歷代志下', '帖撒羅尼迦前書', '約拿書', '約翰二書', '彌迦書', '約翰三書']
) ON CONFLICT (id) DO NOTHING;

INSERT INTO public.reading_logs (user_id, plan_id, book, chapter, read_at)
VALUES
  ('cb2538c7-402d-4ad3-8776-bb715a2ec4fc', '29379c6a-3b5c-40ae-989c-73dc5d59177d', '創世記', 1, NOW() - INTERVAL '150 days'),
  ('cb2538c7-402d-4ad3-8776-bb715a2ec4fc', '29379c6a-3b5c-40ae-989c-73dc5d59177d', '創世記', 2, NOW() - INTERVAL '149 days'),
  ('cb2538c7-402d-4ad3-8776-bb715a2ec4fc', '29379c6a-3b5c-40ae-989c-73dc5d59177d', '創世記', 3, NOW() - INTERVAL '149 days'),
  ('cb2538c7-402d-4ad3-8776-bb715a2ec4fc', '29379c6a-3b5c-40ae-989c-73dc5d59177d', '創世記', 4, NOW() - INTERVAL '149 days'),
  ('cb2538c7-402d-4ad3-8776-bb715a2ec4fc', '29379c6a-3b5c-40ae-989c-73dc5d59177d', '創世記', 5, NOW() - INTERVAL '149 days'),
  ('cb2538c7-402d-4ad3-8776-bb715a2ec4fc', '29379c6a-3b5c-40ae-989c-73dc5d59177d', '創世記', 6, NOW() - INTERVAL '149 days'),
  ('cb2538c7-402d-4ad3-8776-bb715a2ec4fc', '29379c6a-3b5c-40ae-989c-73dc5d59177d', '創世記', 7, NOW() - INTERVAL '148 days'),
  ('cb2538c7-402d-4ad3-8776-bb715a2ec4fc', '29379c6a-3b5c-40ae-989c-73dc5d59177d', '創世記', 8, NOW() - INTERVAL '148 days'),
  ('cb2538c7-402d-4ad3-8776-bb715a2ec4fc', '29379c6a-3b5c-40ae-989c-73dc5d59177d', '創世記', 9, NOW() - INTERVAL '148 days'),
  ('cb2538c7-402d-4ad3-8776-bb715a2ec4fc', '29379c6a-3b5c-40ae-989c-73dc5d59177d', '創世記', 10, NOW() - INTERVAL '148 days'),
  ('cb2538c7-402d-4ad3-8776-bb715a2ec4fc', '29379c6a-3b5c-40ae-989c-73dc5d59177d', '創世記', 11, NOW() - INTERVAL '148 days'),
  ('cb2538c7-402d-4ad3-8776-bb715a2ec4fc', '29379c6a-3b5c-40ae-989c-73dc5d59177d', '創世記', 12, NOW() - INTERVAL '147 days'),
  ('cb2538c7-402d-4ad3-8776-bb715a2ec4fc', '29379c6a-3b5c-40ae-989c-73dc5d59177d', '創世記', 13, NOW() - INTERVAL '147 days'),
  ('cb2538c7-402d-4ad3-8776-bb715a2ec4fc', '29379c6a-3b5c-40ae-989c-73dc5d59177d', '創世記', 14, NOW() - INTERVAL '147 days'),
  ('cb2538c7-402d-4ad3-8776-bb715a2ec4fc', '29379c6a-3b5c-40ae-989c-73dc5d59177d', '創世記', 15, NOW() - INTERVAL '147 days'),
  ('cb2538c7-402d-4ad3-8776-bb715a2ec4fc', '29379c6a-3b5c-40ae-989c-73dc5d59177d', '創世記', 16, NOW() - INTERVAL '147 days'),
  ('cb2538c7-402d-4ad3-8776-bb715a2ec4fc', '29379c6a-3b5c-40ae-989c-73dc5d59177d', '創世記', 17, NOW() - INTERVAL '146 days'),
  ('cb2538c7-402d-4ad3-8776-bb715a2ec4fc', '29379c6a-3b5c-40ae-989c-73dc5d59177d', '創世記', 18, NOW() - INTERVAL '146 days'),
  ('cb2538c7-402d-4ad3-8776-bb715a2ec4fc', '29379c6a-3b5c-40ae-989c-73dc5d59177d', '創世記', 19, NOW() - INTERVAL '146 days'),
  ('cb2538c7-402d-4ad3-8776-bb715a2ec4fc', '29379c6a-3b5c-40ae-989c-73dc5d59177d', '創世記', 20, NOW() - INTERVAL '146 days'),
  ('cb2538c7-402d-4ad3-8776-bb715a2ec4fc', '29379c6a-3b5c-40ae-989c-73dc5d59177d', '創世記', 21, NOW() - INTERVAL '146 days'),
  ('cb2538c7-402d-4ad3-8776-bb715a2ec4fc', '29379c6a-3b5c-40ae-989c-73dc5d59177d', '創世記', 22, NOW() - INTERVAL '145 days'),
  ('cb2538c7-402d-4ad3-8776-bb715a2ec4fc', '29379c6a-3b5c-40ae-989c-73dc5d59177d', '創世記', 23, NOW() - INTERVAL '145 days'),
  ('cb2538c7-402d-4ad3-8776-bb715a2ec4fc', '29379c6a-3b5c-40ae-989c-73dc5d59177d', '創世記', 24, NOW() - INTERVAL '145 days'),
  ('cb2538c7-402d-4ad3-8776-bb715a2ec4fc', '29379c6a-3b5c-40ae-989c-73dc5d59177d', '創世記', 25, NOW() - INTERVAL '145 days'),
  ('cb2538c7-402d-4ad3-8776-bb715a2ec4fc', '29379c6a-3b5c-40ae-989c-73dc5d59177d', '創世記', 26, NOW() - INTERVAL '145 days'),
  ('cb2538c7-402d-4ad3-8776-bb715a2ec4fc', '29379c6a-3b5c-40ae-989c-73dc5d59177d', '創世記', 27, NOW() - INTERVAL '144 days'),
  ('cb2538c7-402d-4ad3-8776-bb715a2ec4fc', '29379c6a-3b5c-40ae-989c-73dc5d59177d', '創世記', 28, NOW() - INTERVAL '144 days'),
  ('cb2538c7-402d-4ad3-8776-bb715a2ec4fc', '29379c6a-3b5c-40ae-989c-73dc5d59177d', '創世記', 29, NOW() - INTERVAL '144 days'),
  ('cb2538c7-402d-4ad3-8776-bb715a2ec4fc', '29379c6a-3b5c-40ae-989c-73dc5d59177d', '創世記', 30, NOW() - INTERVAL '144 days'),
  ('cb2538c7-402d-4ad3-8776-bb715a2ec4fc', '29379c6a-3b5c-40ae-989c-73dc5d59177d', '創世記', 31, NOW() - INTERVAL '144 days'),
  ('cb2538c7-402d-4ad3-8776-bb715a2ec4fc', '29379c6a-3b5c-40ae-989c-73dc5d59177d', '創世記', 32, NOW() - INTERVAL '143 days'),
  ('cb2538c7-402d-4ad3-8776-bb715a2ec4fc', '29379c6a-3b5c-40ae-989c-73dc5d59177d', '創世記', 33, NOW() - INTERVAL '143 days'),
  ('cb2538c7-402d-4ad3-8776-bb715a2ec4fc', '29379c6a-3b5c-40ae-989c-73dc5d59177d', '創世記', 34, NOW() - INTERVAL '143 days'),
  ('cb2538c7-402d-4ad3-8776-bb715a2ec4fc', '29379c6a-3b5c-40ae-989c-73dc5d59177d', '創世記', 35, NOW() - INTERVAL '143 days'),
  ('cb2538c7-402d-4ad3-8776-bb715a2ec4fc', '29379c6a-3b5c-40ae-989c-73dc5d59177d', '創世記', 36, NOW() - INTERVAL '143 days'),
  ('cb2538c7-402d-4ad3-8776-bb715a2ec4fc', '29379c6a-3b5c-40ae-989c-73dc5d59177d', '創世記', 37, NOW() - INTERVAL '142 days'),
  ('cb2538c7-402d-4ad3-8776-bb715a2ec4fc', '29379c6a-3b5c-40ae-989c-73dc5d59177d', '創世記', 38, NOW() - INTERVAL '142 days'),
  ('cb2538c7-402d-4ad3-8776-bb715a2ec4fc', '29379c6a-3b5c-40ae-989c-73dc5d59177d', '創世記', 39, NOW() - INTERVAL '142 days'),
  ('cb2538c7-402d-4ad3-8776-bb715a2ec4fc', '29379c6a-3b5c-40ae-989c-73dc5d59177d', '創世記', 40, NOW() - INTERVAL '142 days'),
  ('cb2538c7-402d-4ad3-8776-bb715a2ec4fc', '29379c6a-3b5c-40ae-989c-73dc5d59177d', '創世記', 41, NOW() - INTERVAL '142 days'),
  ('cb2538c7-402d-4ad3-8776-bb715a2ec4fc', '29379c6a-3b5c-40ae-989c-73dc5d59177d', '創世記', 42, NOW() - INTERVAL '141 days'),
  ('cb2538c7-402d-4ad3-8776-bb715a2ec4fc', '29379c6a-3b5c-40ae-989c-73dc5d59177d', '創世記', 43, NOW() - INTERVAL '141 days'),
  ('cb2538c7-402d-4ad3-8776-bb715a2ec4fc', '29379c6a-3b5c-40ae-989c-73dc5d59177d', '創世記', 44, NOW() - INTERVAL '141 days'),
  ('cb2538c7-402d-4ad3-8776-bb715a2ec4fc', '29379c6a-3b5c-40ae-989c-73dc5d59177d', '創世記', 45, NOW() - INTERVAL '141 days'),
  ('cb2538c7-402d-4ad3-8776-bb715a2ec4fc', '29379c6a-3b5c-40ae-989c-73dc5d59177d', '創世記', 46, NOW() - INTERVAL '141 days'),
  ('cb2538c7-402d-4ad3-8776-bb715a2ec4fc', '29379c6a-3b5c-40ae-989c-73dc5d59177d', '創世記', 47, NOW() - INTERVAL '140 days'),
  ('cb2538c7-402d-4ad3-8776-bb715a2ec4fc', '29379c6a-3b5c-40ae-989c-73dc5d59177d', '創世記', 48, NOW() - INTERVAL '140 days'),
  ('cb2538c7-402d-4ad3-8776-bb715a2ec4fc', '29379c6a-3b5c-40ae-989c-73dc5d59177d', '創世記', 49, NOW() - INTERVAL '140 days'),
  ('cb2538c7-402d-4ad3-8776-bb715a2ec4fc', '29379c6a-3b5c-40ae-989c-73dc5d59177d', '創世記', 50, NOW() - INTERVAL '140 days'),
  ('cb2538c7-402d-4ad3-8776-bb715a2ec4fc', '29379c6a-3b5c-40ae-989c-73dc5d59177d', '馬太福音', 1, NOW() - INTERVAL '140 days'),
  ('cb2538c7-402d-4ad3-8776-bb715a2ec4fc', '29379c6a-3b5c-40ae-989c-73dc5d59177d', '馬太福音', 2, NOW() - INTERVAL '139 days'),
  ('cb2538c7-402d-4ad3-8776-bb715a2ec4fc', '29379c6a-3b5c-40ae-989c-73dc5d59177d', '馬太福音', 3, NOW() - INTERVAL '139 days'),
  ('cb2538c7-402d-4ad3-8776-bb715a2ec4fc', '29379c6a-3b5c-40ae-989c-73dc5d59177d', '馬太福音', 4, NOW() - INTERVAL '139 days'),
  ('cb2538c7-402d-4ad3-8776-bb715a2ec4fc', '29379c6a-3b5c-40ae-989c-73dc5d59177d', '馬太福音', 5, NOW() - INTERVAL '139 days'),
  ('cb2538c7-402d-4ad3-8776-bb715a2ec4fc', '29379c6a-3b5c-40ae-989c-73dc5d59177d', '馬太福音', 6, NOW() - INTERVAL '139 days'),
  ('cb2538c7-402d-4ad3-8776-bb715a2ec4fc', '29379c6a-3b5c-40ae-989c-73dc5d59177d', '馬太福音', 7, NOW() - INTERVAL '138 days'),
  ('cb2538c7-402d-4ad3-8776-bb715a2ec4fc', '29379c6a-3b5c-40ae-989c-73dc5d59177d', '馬太福音', 8, NOW() - INTERVAL '138 days'),
  ('cb2538c7-402d-4ad3-8776-bb715a2ec4fc', '29379c6a-3b5c-40ae-989c-73dc5d59177d', '馬太福音', 9, NOW() - INTERVAL '138 days'),
  ('cb2538c7-402d-4ad3-8776-bb715a2ec4fc', '29379c6a-3b5c-40ae-989c-73dc5d59177d', '馬太福音', 10, NOW() - INTERVAL '138 days'),
  ('cb2538c7-402d-4ad3-8776-bb715a2ec4fc', '29379c6a-3b5c-40ae-989c-73dc5d59177d', '馬太福音', 11, NOW() - INTERVAL '138 days'),
  ('cb2538c7-402d-4ad3-8776-bb715a2ec4fc', '29379c6a-3b5c-40ae-989c-73dc5d59177d', '馬太福音', 12, NOW() - INTERVAL '137 days'),
  ('cb2538c7-402d-4ad3-8776-bb715a2ec4fc', '29379c6a-3b5c-40ae-989c-73dc5d59177d', '馬太福音', 13, NOW() - INTERVAL '137 days'),
  ('cb2538c7-402d-4ad3-8776-bb715a2ec4fc', '29379c6a-3b5c-40ae-989c-73dc5d59177d', '馬太福音', 14, NOW() - INTERVAL '137 days'),
  ('cb2538c7-402d-4ad3-8776-bb715a2ec4fc', '29379c6a-3b5c-40ae-989c-73dc5d59177d', '馬太福音', 15, NOW() - INTERVAL '137 days'),
  ('cb2538c7-402d-4ad3-8776-bb715a2ec4fc', '29379c6a-3b5c-40ae-989c-73dc5d59177d', '馬太福音', 16, NOW() - INTERVAL '137 days'),
  ('cb2538c7-402d-4ad3-8776-bb715a2ec4fc', '29379c6a-3b5c-40ae-989c-73dc5d59177d', '馬太福音', 17, NOW() - INTERVAL '136 days'),
  ('cb2538c7-402d-4ad3-8776-bb715a2ec4fc', '29379c6a-3b5c-40ae-989c-73dc5d59177d', '馬太福音', 18, NOW() - INTERVAL '136 days'),
  ('cb2538c7-402d-4ad3-8776-bb715a2ec4fc', '29379c6a-3b5c-40ae-989c-73dc5d59177d', '馬太福音', 19, NOW() - INTERVAL '136 days'),
  ('cb2538c7-402d-4ad3-8776-bb715a2ec4fc', '29379c6a-3b5c-40ae-989c-73dc5d59177d', '馬太福音', 20, NOW() - INTERVAL '136 days'),
  ('cb2538c7-402d-4ad3-8776-bb715a2ec4fc', '29379c6a-3b5c-40ae-989c-73dc5d59177d', '馬太福音', 21, NOW() - INTERVAL '136 days'),
  ('cb2538c7-402d-4ad3-8776-bb715a2ec4fc', '29379c6a-3b5c-40ae-989c-73dc5d59177d', '馬太福音', 22, NOW() - INTERVAL '135 days'),
  ('cb2538c7-402d-4ad3-8776-bb715a2ec4fc', '29379c6a-3b5c-40ae-989c-73dc5d59177d', '馬太福音', 23, NOW() - INTERVAL '135 days'),
  ('cb2538c7-402d-4ad3-8776-bb715a2ec4fc', '29379c6a-3b5c-40ae-989c-73dc5d59177d', '馬太福音', 24, NOW() - INTERVAL '135 days'),
  ('cb2538c7-402d-4ad3-8776-bb715a2ec4fc', '29379c6a-3b5c-40ae-989c-73dc5d59177d', '馬太福音', 25, NOW() - INTERVAL '135 days'),
  ('cb2538c7-402d-4ad3-8776-bb715a2ec4fc', '29379c6a-3b5c-40ae-989c-73dc5d59177d', '馬太福音', 26, NOW() - INTERVAL '135 days'),
  ('cb2538c7-402d-4ad3-8776-bb715a2ec4fc', '29379c6a-3b5c-40ae-989c-73dc5d59177d', '馬太福音', 27, NOW() - INTERVAL '134 days'),
  ('cb2538c7-402d-4ad3-8776-bb715a2ec4fc', '29379c6a-3b5c-40ae-989c-73dc5d59177d', '馬太福音', 28, NOW() - INTERVAL '134 days'),
  ('cb2538c7-402d-4ad3-8776-bb715a2ec4fc', '29379c6a-3b5c-40ae-989c-73dc5d59177d', '列王紀下', 1, NOW() - INTERVAL '134 days'),
  ('cb2538c7-402d-4ad3-8776-bb715a2ec4fc', '29379c6a-3b5c-40ae-989c-73dc5d59177d', '列王紀下', 2, NOW() - INTERVAL '134 days'),
  ('cb2538c7-402d-4ad3-8776-bb715a2ec4fc', '29379c6a-3b5c-40ae-989c-73dc5d59177d', '列王紀下', 3, NOW() - INTERVAL '134 days'),
  ('cb2538c7-402d-4ad3-8776-bb715a2ec4fc', '29379c6a-3b5c-40ae-989c-73dc5d59177d', '列王紀下', 4, NOW() - INTERVAL '133 days'),
  ('cb2538c7-402d-4ad3-8776-bb715a2ec4fc', '29379c6a-3b5c-40ae-989c-73dc5d59177d', '列王紀下', 5, NOW() - INTERVAL '133 days'),
  ('cb2538c7-402d-4ad3-8776-bb715a2ec4fc', '29379c6a-3b5c-40ae-989c-73dc5d59177d', '列王紀下', 6, NOW() - INTERVAL '133 days'),
  ('cb2538c7-402d-4ad3-8776-bb715a2ec4fc', '29379c6a-3b5c-40ae-989c-73dc5d59177d', '列王紀下', 7, NOW() - INTERVAL '133 days'),
  ('cb2538c7-402d-4ad3-8776-bb715a2ec4fc', '29379c6a-3b5c-40ae-989c-73dc5d59177d', '列王紀下', 8, NOW() - INTERVAL '133 days'),
  ('cb2538c7-402d-4ad3-8776-bb715a2ec4fc', '29379c6a-3b5c-40ae-989c-73dc5d59177d', '列王紀下', 9, NOW() - INTERVAL '132 days'),
  ('cb2538c7-402d-4ad3-8776-bb715a2ec4fc', '29379c6a-3b5c-40ae-989c-73dc5d59177d', '列王紀下', 10, NOW() - INTERVAL '132 days'),
  ('cb2538c7-402d-4ad3-8776-bb715a2ec4fc', '29379c6a-3b5c-40ae-989c-73dc5d59177d', '列王紀下', 11, NOW() - INTERVAL '132 days'),
  ('cb2538c7-402d-4ad3-8776-bb715a2ec4fc', '29379c6a-3b5c-40ae-989c-73dc5d59177d', '列王紀下', 12, NOW() - INTERVAL '132 days'),
  ('cb2538c7-402d-4ad3-8776-bb715a2ec4fc', '29379c6a-3b5c-40ae-989c-73dc5d59177d', '列王紀下', 13, NOW() - INTERVAL '132 days'),
  ('cb2538c7-402d-4ad3-8776-bb715a2ec4fc', '29379c6a-3b5c-40ae-989c-73dc5d59177d', '列王紀下', 14, NOW() - INTERVAL '131 days'),
  ('cb2538c7-402d-4ad3-8776-bb715a2ec4fc', '29379c6a-3b5c-40ae-989c-73dc5d59177d', '列王紀下', 15, NOW() - INTERVAL '131 days'),
  ('cb2538c7-402d-4ad3-8776-bb715a2ec4fc', '29379c6a-3b5c-40ae-989c-73dc5d59177d', '列王紀下', 16, NOW() - INTERVAL '131 days'),
  ('cb2538c7-402d-4ad3-8776-bb715a2ec4fc', '29379c6a-3b5c-40ae-989c-73dc5d59177d', '列王紀下', 17, NOW() - INTERVAL '131 days'),
  ('cb2538c7-402d-4ad3-8776-bb715a2ec4fc', '29379c6a-3b5c-40ae-989c-73dc5d59177d', '列王紀下', 18, NOW() - INTERVAL '131 days'),
  ('cb2538c7-402d-4ad3-8776-bb715a2ec4fc', '29379c6a-3b5c-40ae-989c-73dc5d59177d', '列王紀下', 19, NOW() - INTERVAL '130 days'),
  ('cb2538c7-402d-4ad3-8776-bb715a2ec4fc', '29379c6a-3b5c-40ae-989c-73dc5d59177d', '列王紀下', 20, NOW() - INTERVAL '130 days'),
  ('cb2538c7-402d-4ad3-8776-bb715a2ec4fc', '29379c6a-3b5c-40ae-989c-73dc5d59177d', '列王紀下', 21, NOW() - INTERVAL '130 days'),
  ('cb2538c7-402d-4ad3-8776-bb715a2ec4fc', '29379c6a-3b5c-40ae-989c-73dc5d59177d', '列王紀下', 22, NOW() - INTERVAL '130 days'),
  ('cb2538c7-402d-4ad3-8776-bb715a2ec4fc', '29379c6a-3b5c-40ae-989c-73dc5d59177d', '列王紀下', 23, NOW() - INTERVAL '130 days'),
  ('cb2538c7-402d-4ad3-8776-bb715a2ec4fc', '29379c6a-3b5c-40ae-989c-73dc5d59177d', '列王紀下', 24, NOW() - INTERVAL '129 days'),
  ('cb2538c7-402d-4ad3-8776-bb715a2ec4fc', '29379c6a-3b5c-40ae-989c-73dc5d59177d', '列王紀下', 25, NOW() - INTERVAL '129 days'),
  ('cb2538c7-402d-4ad3-8776-bb715a2ec4fc', '29379c6a-3b5c-40ae-989c-73dc5d59177d', '雅各書', 1, NOW() - INTERVAL '129 days'),
  ('cb2538c7-402d-4ad3-8776-bb715a2ec4fc', '29379c6a-3b5c-40ae-989c-73dc5d59177d', '雅各書', 2, NOW() - INTERVAL '129 days'),
  ('cb2538c7-402d-4ad3-8776-bb715a2ec4fc', '29379c6a-3b5c-40ae-989c-73dc5d59177d', '雅各書', 3, NOW() - INTERVAL '129 days'),
  ('cb2538c7-402d-4ad3-8776-bb715a2ec4fc', '29379c6a-3b5c-40ae-989c-73dc5d59177d', '雅各書', 4, NOW() - INTERVAL '128 days'),
  ('cb2538c7-402d-4ad3-8776-bb715a2ec4fc', '29379c6a-3b5c-40ae-989c-73dc5d59177d', '雅各書', 5, NOW() - INTERVAL '128 days'),
  ('cb2538c7-402d-4ad3-8776-bb715a2ec4fc', '29379c6a-3b5c-40ae-989c-73dc5d59177d', '出埃及記', 1, NOW() - INTERVAL '128 days'),
  ('cb2538c7-402d-4ad3-8776-bb715a2ec4fc', '29379c6a-3b5c-40ae-989c-73dc5d59177d', '出埃及記', 2, NOW() - INTERVAL '128 days'),
  ('cb2538c7-402d-4ad3-8776-bb715a2ec4fc', '29379c6a-3b5c-40ae-989c-73dc5d59177d', '出埃及記', 3, NOW() - INTERVAL '128 days'),
  ('cb2538c7-402d-4ad3-8776-bb715a2ec4fc', '29379c6a-3b5c-40ae-989c-73dc5d59177d', '出埃及記', 4, NOW() - INTERVAL '127 days'),
  ('cb2538c7-402d-4ad3-8776-bb715a2ec4fc', '29379c6a-3b5c-40ae-989c-73dc5d59177d', '出埃及記', 5, NOW() - INTERVAL '127 days'),
  ('cb2538c7-402d-4ad3-8776-bb715a2ec4fc', '29379c6a-3b5c-40ae-989c-73dc5d59177d', '出埃及記', 6, NOW() - INTERVAL '127 days'),
  ('cb2538c7-402d-4ad3-8776-bb715a2ec4fc', '29379c6a-3b5c-40ae-989c-73dc5d59177d', '出埃及記', 7, NOW() - INTERVAL '127 days'),
  ('cb2538c7-402d-4ad3-8776-bb715a2ec4fc', '29379c6a-3b5c-40ae-989c-73dc5d59177d', '出埃及記', 8, NOW() - INTERVAL '127 days'),
  ('cb2538c7-402d-4ad3-8776-bb715a2ec4fc', '29379c6a-3b5c-40ae-989c-73dc5d59177d', '出埃及記', 9, NOW() - INTERVAL '126 days'),
  ('cb2538c7-402d-4ad3-8776-bb715a2ec4fc', '29379c6a-3b5c-40ae-989c-73dc5d59177d', '出埃及記', 10, NOW() - INTERVAL '126 days'),
  ('cb2538c7-402d-4ad3-8776-bb715a2ec4fc', '29379c6a-3b5c-40ae-989c-73dc5d59177d', '出埃及記', 11, NOW() - INTERVAL '126 days'),
  ('cb2538c7-402d-4ad3-8776-bb715a2ec4fc', '29379c6a-3b5c-40ae-989c-73dc5d59177d', '出埃及記', 12, NOW() - INTERVAL '126 days'),
  ('cb2538c7-402d-4ad3-8776-bb715a2ec4fc', '29379c6a-3b5c-40ae-989c-73dc5d59177d', '出埃及記', 13, NOW() - INTERVAL '126 days'),
  ('cb2538c7-402d-4ad3-8776-bb715a2ec4fc', '29379c6a-3b5c-40ae-989c-73dc5d59177d', '出埃及記', 14, NOW() - INTERVAL '125 days'),
  ('cb2538c7-402d-4ad3-8776-bb715a2ec4fc', '29379c6a-3b5c-40ae-989c-73dc5d59177d', '出埃及記', 15, NOW() - INTERVAL '125 days'),
  ('cb2538c7-402d-4ad3-8776-bb715a2ec4fc', '29379c6a-3b5c-40ae-989c-73dc5d59177d', '出埃及記', 16, NOW() - INTERVAL '125 days'),
  ('cb2538c7-402d-4ad3-8776-bb715a2ec4fc', '29379c6a-3b5c-40ae-989c-73dc5d59177d', '出埃及記', 17, NOW() - INTERVAL '125 days'),
  ('cb2538c7-402d-4ad3-8776-bb715a2ec4fc', '29379c6a-3b5c-40ae-989c-73dc5d59177d', '出埃及記', 18, NOW() - INTERVAL '125 days'),
  ('cb2538c7-402d-4ad3-8776-bb715a2ec4fc', '29379c6a-3b5c-40ae-989c-73dc5d59177d', '出埃及記', 19, NOW() - INTERVAL '124 days'),
  ('cb2538c7-402d-4ad3-8776-bb715a2ec4fc', '29379c6a-3b5c-40ae-989c-73dc5d59177d', '出埃及記', 20, NOW() - INTERVAL '124 days'),
  ('cb2538c7-402d-4ad3-8776-bb715a2ec4fc', '29379c6a-3b5c-40ae-989c-73dc5d59177d', '出埃及記', 21, NOW() - INTERVAL '124 days'),
  ('cb2538c7-402d-4ad3-8776-bb715a2ec4fc', '29379c6a-3b5c-40ae-989c-73dc5d59177d', '出埃及記', 22, NOW() - INTERVAL '124 days'),
  ('cb2538c7-402d-4ad3-8776-bb715a2ec4fc', '29379c6a-3b5c-40ae-989c-73dc5d59177d', '出埃及記', 23, NOW() - INTERVAL '124 days'),
  ('cb2538c7-402d-4ad3-8776-bb715a2ec4fc', '29379c6a-3b5c-40ae-989c-73dc5d59177d', '出埃及記', 24, NOW() - INTERVAL '123 days'),
  ('cb2538c7-402d-4ad3-8776-bb715a2ec4fc', '29379c6a-3b5c-40ae-989c-73dc5d59177d', '出埃及記', 25, NOW() - INTERVAL '123 days'),
  ('cb2538c7-402d-4ad3-8776-bb715a2ec4fc', '29379c6a-3b5c-40ae-989c-73dc5d59177d', '出埃及記', 26, NOW() - INTERVAL '123 days'),
  ('cb2538c7-402d-4ad3-8776-bb715a2ec4fc', '29379c6a-3b5c-40ae-989c-73dc5d59177d', '出埃及記', 27, NOW() - INTERVAL '123 days'),
  ('cb2538c7-402d-4ad3-8776-bb715a2ec4fc', '29379c6a-3b5c-40ae-989c-73dc5d59177d', '出埃及記', 28, NOW() - INTERVAL '123 days'),
  ('cb2538c7-402d-4ad3-8776-bb715a2ec4fc', '29379c6a-3b5c-40ae-989c-73dc5d59177d', '出埃及記', 29, NOW() - INTERVAL '122 days'),
  ('cb2538c7-402d-4ad3-8776-bb715a2ec4fc', '29379c6a-3b5c-40ae-989c-73dc5d59177d', '出埃及記', 30, NOW() - INTERVAL '122 days'),
  ('cb2538c7-402d-4ad3-8776-bb715a2ec4fc', '29379c6a-3b5c-40ae-989c-73dc5d59177d', '出埃及記', 31, NOW() - INTERVAL '122 days'),
  ('cb2538c7-402d-4ad3-8776-bb715a2ec4fc', '29379c6a-3b5c-40ae-989c-73dc5d59177d', '出埃及記', 32, NOW() - INTERVAL '122 days'),
  ('cb2538c7-402d-4ad3-8776-bb715a2ec4fc', '29379c6a-3b5c-40ae-989c-73dc5d59177d', '出埃及記', 33, NOW() - INTERVAL '122 days'),
  ('cb2538c7-402d-4ad3-8776-bb715a2ec4fc', '29379c6a-3b5c-40ae-989c-73dc5d59177d', '出埃及記', 34, NOW() - INTERVAL '121 days'),
  ('cb2538c7-402d-4ad3-8776-bb715a2ec4fc', '29379c6a-3b5c-40ae-989c-73dc5d59177d', '出埃及記', 35, NOW() - INTERVAL '121 days'),
  ('cb2538c7-402d-4ad3-8776-bb715a2ec4fc', '29379c6a-3b5c-40ae-989c-73dc5d59177d', '出埃及記', 36, NOW() - INTERVAL '121 days'),
  ('cb2538c7-402d-4ad3-8776-bb715a2ec4fc', '29379c6a-3b5c-40ae-989c-73dc5d59177d', '出埃及記', 37, NOW() - INTERVAL '121 days'),
  ('cb2538c7-402d-4ad3-8776-bb715a2ec4fc', '29379c6a-3b5c-40ae-989c-73dc5d59177d', '出埃及記', 38, NOW() - INTERVAL '121 days'),
  ('cb2538c7-402d-4ad3-8776-bb715a2ec4fc', '29379c6a-3b5c-40ae-989c-73dc5d59177d', '出埃及記', 39, NOW() - INTERVAL '120 days'),
  ('cb2538c7-402d-4ad3-8776-bb715a2ec4fc', '29379c6a-3b5c-40ae-989c-73dc5d59177d', '出埃及記', 40, NOW() - INTERVAL '120 days'),
  ('cb2538c7-402d-4ad3-8776-bb715a2ec4fc', '29379c6a-3b5c-40ae-989c-73dc5d59177d', '馬可福音', 1, NOW() - INTERVAL '120 days'),
  ('cb2538c7-402d-4ad3-8776-bb715a2ec4fc', '29379c6a-3b5c-40ae-989c-73dc5d59177d', '馬可福音', 2, NOW() - INTERVAL '120 days'),
  ('cb2538c7-402d-4ad3-8776-bb715a2ec4fc', '29379c6a-3b5c-40ae-989c-73dc5d59177d', '馬可福音', 3, NOW() - INTERVAL '120 days'),
  ('cb2538c7-402d-4ad3-8776-bb715a2ec4fc', '29379c6a-3b5c-40ae-989c-73dc5d59177d', '馬可福音', 4, NOW() - INTERVAL '119 days'),
  ('cb2538c7-402d-4ad3-8776-bb715a2ec4fc', '29379c6a-3b5c-40ae-989c-73dc5d59177d', '馬可福音', 5, NOW() - INTERVAL '119 days'),
  ('cb2538c7-402d-4ad3-8776-bb715a2ec4fc', '29379c6a-3b5c-40ae-989c-73dc5d59177d', '馬可福音', 6, NOW() - INTERVAL '119 days'),
  ('cb2538c7-402d-4ad3-8776-bb715a2ec4fc', '29379c6a-3b5c-40ae-989c-73dc5d59177d', '馬可福音', 7, NOW() - INTERVAL '119 days'),
  ('cb2538c7-402d-4ad3-8776-bb715a2ec4fc', '29379c6a-3b5c-40ae-989c-73dc5d59177d', '馬可福音', 8, NOW() - INTERVAL '119 days'),
  ('cb2538c7-402d-4ad3-8776-bb715a2ec4fc', '29379c6a-3b5c-40ae-989c-73dc5d59177d', '馬可福音', 9, NOW() - INTERVAL '118 days'),
  ('cb2538c7-402d-4ad3-8776-bb715a2ec4fc', '29379c6a-3b5c-40ae-989c-73dc5d59177d', '馬可福音', 10, NOW() - INTERVAL '118 days'),
  ('cb2538c7-402d-4ad3-8776-bb715a2ec4fc', '29379c6a-3b5c-40ae-989c-73dc5d59177d', '馬可福音', 11, NOW() - INTERVAL '118 days'),
  ('cb2538c7-402d-4ad3-8776-bb715a2ec4fc', '29379c6a-3b5c-40ae-989c-73dc5d59177d', '馬可福音', 12, NOW() - INTERVAL '118 days'),
  ('cb2538c7-402d-4ad3-8776-bb715a2ec4fc', '29379c6a-3b5c-40ae-989c-73dc5d59177d', '馬可福音', 13, NOW() - INTERVAL '118 days'),
  ('cb2538c7-402d-4ad3-8776-bb715a2ec4fc', '29379c6a-3b5c-40ae-989c-73dc5d59177d', '馬可福音', 14, NOW() - INTERVAL '117 days'),
  ('cb2538c7-402d-4ad3-8776-bb715a2ec4fc', '29379c6a-3b5c-40ae-989c-73dc5d59177d', '馬可福音', 15, NOW() - INTERVAL '117 days'),
  ('cb2538c7-402d-4ad3-8776-bb715a2ec4fc', '29379c6a-3b5c-40ae-989c-73dc5d59177d', '馬可福音', 16, NOW() - INTERVAL '117 days'),
  ('cb2538c7-402d-4ad3-8776-bb715a2ec4fc', '29379c6a-3b5c-40ae-989c-73dc5d59177d', '約伯記', 1, NOW() - INTERVAL '117 days'),
  ('cb2538c7-402d-4ad3-8776-bb715a2ec4fc', '29379c6a-3b5c-40ae-989c-73dc5d59177d', '約伯記', 2, NOW() - INTERVAL '117 days'),
  ('cb2538c7-402d-4ad3-8776-bb715a2ec4fc', '29379c6a-3b5c-40ae-989c-73dc5d59177d', '約伯記', 3, NOW() - INTERVAL '116 days'),
  ('cb2538c7-402d-4ad3-8776-bb715a2ec4fc', '29379c6a-3b5c-40ae-989c-73dc5d59177d', '約伯記', 4, NOW() - INTERVAL '116 days'),
  ('cb2538c7-402d-4ad3-8776-bb715a2ec4fc', '29379c6a-3b5c-40ae-989c-73dc5d59177d', '約伯記', 5, NOW() - INTERVAL '116 days'),
  ('cb2538c7-402d-4ad3-8776-bb715a2ec4fc', '29379c6a-3b5c-40ae-989c-73dc5d59177d', '約伯記', 6, NOW() - INTERVAL '116 days'),
  ('cb2538c7-402d-4ad3-8776-bb715a2ec4fc', '29379c6a-3b5c-40ae-989c-73dc5d59177d', '約伯記', 7, NOW() - INTERVAL '116 days'),
  ('cb2538c7-402d-4ad3-8776-bb715a2ec4fc', '29379c6a-3b5c-40ae-989c-73dc5d59177d', '約伯記', 8, NOW() - INTERVAL '115 days'),
  ('cb2538c7-402d-4ad3-8776-bb715a2ec4fc', '29379c6a-3b5c-40ae-989c-73dc5d59177d', '約伯記', 9, NOW() - INTERVAL '115 days'),
  ('cb2538c7-402d-4ad3-8776-bb715a2ec4fc', '29379c6a-3b5c-40ae-989c-73dc5d59177d', '約伯記', 10, NOW() - INTERVAL '115 days'),
  ('cb2538c7-402d-4ad3-8776-bb715a2ec4fc', '29379c6a-3b5c-40ae-989c-73dc5d59177d', '約伯記', 11, NOW() - INTERVAL '115 days'),
  ('cb2538c7-402d-4ad3-8776-bb715a2ec4fc', '29379c6a-3b5c-40ae-989c-73dc5d59177d', '約伯記', 12, NOW() - INTERVAL '115 days'),
  ('cb2538c7-402d-4ad3-8776-bb715a2ec4fc', '29379c6a-3b5c-40ae-989c-73dc5d59177d', '約伯記', 13, NOW() - INTERVAL '114 days'),
  ('cb2538c7-402d-4ad3-8776-bb715a2ec4fc', '29379c6a-3b5c-40ae-989c-73dc5d59177d', '約伯記', 14, NOW() - INTERVAL '114 days'),
  ('cb2538c7-402d-4ad3-8776-bb715a2ec4fc', '29379c6a-3b5c-40ae-989c-73dc5d59177d', '約伯記', 15, NOW() - INTERVAL '114 days'),
  ('cb2538c7-402d-4ad3-8776-bb715a2ec4fc', '29379c6a-3b5c-40ae-989c-73dc5d59177d', '約伯記', 16, NOW() - INTERVAL '114 days'),
  ('cb2538c7-402d-4ad3-8776-bb715a2ec4fc', '29379c6a-3b5c-40ae-989c-73dc5d59177d', '約伯記', 17, NOW() - INTERVAL '114 days'),
  ('cb2538c7-402d-4ad3-8776-bb715a2ec4fc', '29379c6a-3b5c-40ae-989c-73dc5d59177d', '約伯記', 18, NOW() - INTERVAL '113 days'),
  ('cb2538c7-402d-4ad3-8776-bb715a2ec4fc', '29379c6a-3b5c-40ae-989c-73dc5d59177d', '約伯記', 19, NOW() - INTERVAL '113 days'),
  ('cb2538c7-402d-4ad3-8776-bb715a2ec4fc', '29379c6a-3b5c-40ae-989c-73dc5d59177d', '約伯記', 20, NOW() - INTERVAL '113 days'),
  ('cb2538c7-402d-4ad3-8776-bb715a2ec4fc', '29379c6a-3b5c-40ae-989c-73dc5d59177d', '約伯記', 21, NOW() - INTERVAL '113 days'),
  ('cb2538c7-402d-4ad3-8776-bb715a2ec4fc', '29379c6a-3b5c-40ae-989c-73dc5d59177d', '約伯記', 22, NOW() - INTERVAL '113 days'),
  ('cb2538c7-402d-4ad3-8776-bb715a2ec4fc', '29379c6a-3b5c-40ae-989c-73dc5d59177d', '約伯記', 23, NOW() - INTERVAL '112 days'),
  ('cb2538c7-402d-4ad3-8776-bb715a2ec4fc', '29379c6a-3b5c-40ae-989c-73dc5d59177d', '約伯記', 24, NOW() - INTERVAL '112 days'),
  ('cb2538c7-402d-4ad3-8776-bb715a2ec4fc', '29379c6a-3b5c-40ae-989c-73dc5d59177d', '約伯記', 25, NOW() - INTERVAL '112 days'),
  ('cb2538c7-402d-4ad3-8776-bb715a2ec4fc', '29379c6a-3b5c-40ae-989c-73dc5d59177d', '約伯記', 26, NOW() - INTERVAL '112 days'),
  ('cb2538c7-402d-4ad3-8776-bb715a2ec4fc', '29379c6a-3b5c-40ae-989c-73dc5d59177d', '約伯記', 27, NOW() - INTERVAL '112 days'),
  ('cb2538c7-402d-4ad3-8776-bb715a2ec4fc', '29379c6a-3b5c-40ae-989c-73dc5d59177d', '約伯記', 28, NOW() - INTERVAL '111 days'),
  ('cb2538c7-402d-4ad3-8776-bb715a2ec4fc', '29379c6a-3b5c-40ae-989c-73dc5d59177d', '約伯記', 29, NOW() - INTERVAL '111 days'),
  ('cb2538c7-402d-4ad3-8776-bb715a2ec4fc', '29379c6a-3b5c-40ae-989c-73dc5d59177d', '約伯記', 30, NOW() - INTERVAL '111 days'),
  ('cb2538c7-402d-4ad3-8776-bb715a2ec4fc', '29379c6a-3b5c-40ae-989c-73dc5d59177d', '約伯記', 31, NOW() - INTERVAL '111 days'),
  ('cb2538c7-402d-4ad3-8776-bb715a2ec4fc', '29379c6a-3b5c-40ae-989c-73dc5d59177d', '約伯記', 32, NOW() - INTERVAL '111 days'),
  ('cb2538c7-402d-4ad3-8776-bb715a2ec4fc', '29379c6a-3b5c-40ae-989c-73dc5d59177d', '約伯記', 33, NOW() - INTERVAL '110 days'),
  ('cb2538c7-402d-4ad3-8776-bb715a2ec4fc', '29379c6a-3b5c-40ae-989c-73dc5d59177d', '約伯記', 34, NOW() - INTERVAL '110 days'),
  ('cb2538c7-402d-4ad3-8776-bb715a2ec4fc', '29379c6a-3b5c-40ae-989c-73dc5d59177d', '約伯記', 35, NOW() - INTERVAL '110 days'),
  ('cb2538c7-402d-4ad3-8776-bb715a2ec4fc', '29379c6a-3b5c-40ae-989c-73dc5d59177d', '約伯記', 36, NOW() - INTERVAL '110 days'),
  ('cb2538c7-402d-4ad3-8776-bb715a2ec4fc', '29379c6a-3b5c-40ae-989c-73dc5d59177d', '約伯記', 37, NOW() - INTERVAL '110 days'),
  ('cb2538c7-402d-4ad3-8776-bb715a2ec4fc', '29379c6a-3b5c-40ae-989c-73dc5d59177d', '約伯記', 38, NOW() - INTERVAL '109 days'),
  ('cb2538c7-402d-4ad3-8776-bb715a2ec4fc', '29379c6a-3b5c-40ae-989c-73dc5d59177d', '約伯記', 39, NOW() - INTERVAL '109 days'),
  ('cb2538c7-402d-4ad3-8776-bb715a2ec4fc', '29379c6a-3b5c-40ae-989c-73dc5d59177d', '約伯記', 40, NOW() - INTERVAL '109 days'),
  ('cb2538c7-402d-4ad3-8776-bb715a2ec4fc', '29379c6a-3b5c-40ae-989c-73dc5d59177d', '約伯記', 41, NOW() - INTERVAL '109 days'),
  ('cb2538c7-402d-4ad3-8776-bb715a2ec4fc', '29379c6a-3b5c-40ae-989c-73dc5d59177d', '約伯記', 42, NOW() - INTERVAL '109 days'),
  ('cb2538c7-402d-4ad3-8776-bb715a2ec4fc', '29379c6a-3b5c-40ae-989c-73dc5d59177d', '加拉太書', 1, NOW() - INTERVAL '108 days'),
  ('cb2538c7-402d-4ad3-8776-bb715a2ec4fc', '29379c6a-3b5c-40ae-989c-73dc5d59177d', '加拉太書', 2, NOW() - INTERVAL '108 days'),
  ('cb2538c7-402d-4ad3-8776-bb715a2ec4fc', '29379c6a-3b5c-40ae-989c-73dc5d59177d', '加拉太書', 3, NOW() - INTERVAL '108 days'),
  ('cb2538c7-402d-4ad3-8776-bb715a2ec4fc', '29379c6a-3b5c-40ae-989c-73dc5d59177d', '加拉太書', 4, NOW() - INTERVAL '108 days'),
  ('cb2538c7-402d-4ad3-8776-bb715a2ec4fc', '29379c6a-3b5c-40ae-989c-73dc5d59177d', '加拉太書', 5, NOW() - INTERVAL '108 days'),
  ('cb2538c7-402d-4ad3-8776-bb715a2ec4fc', '29379c6a-3b5c-40ae-989c-73dc5d59177d', '加拉太書', 6, NOW() - INTERVAL '107 days'),
  ('cb2538c7-402d-4ad3-8776-bb715a2ec4fc', '29379c6a-3b5c-40ae-989c-73dc5d59177d', '哈巴谷書', 1, NOW() - INTERVAL '107 days'),
  ('cb2538c7-402d-4ad3-8776-bb715a2ec4fc', '29379c6a-3b5c-40ae-989c-73dc5d59177d', '哈巴谷書', 2, NOW() - INTERVAL '107 days'),
  ('cb2538c7-402d-4ad3-8776-bb715a2ec4fc', '29379c6a-3b5c-40ae-989c-73dc5d59177d', '哈巴谷書', 3, NOW() - INTERVAL '107 days'),
  ('cb2538c7-402d-4ad3-8776-bb715a2ec4fc', '29379c6a-3b5c-40ae-989c-73dc5d59177d', '猶大書', 1, NOW() - INTERVAL '107 days'),
  ('cb2538c7-402d-4ad3-8776-bb715a2ec4fc', '29379c6a-3b5c-40ae-989c-73dc5d59177d', '利未記', 1, NOW() - INTERVAL '106 days'),
  ('cb2538c7-402d-4ad3-8776-bb715a2ec4fc', '29379c6a-3b5c-40ae-989c-73dc5d59177d', '利未記', 2, NOW() - INTERVAL '106 days'),
  ('cb2538c7-402d-4ad3-8776-bb715a2ec4fc', '29379c6a-3b5c-40ae-989c-73dc5d59177d', '利未記', 3, NOW() - INTERVAL '106 days'),
  ('cb2538c7-402d-4ad3-8776-bb715a2ec4fc', '29379c6a-3b5c-40ae-989c-73dc5d59177d', '利未記', 4, NOW() - INTERVAL '106 days'),
  ('cb2538c7-402d-4ad3-8776-bb715a2ec4fc', '29379c6a-3b5c-40ae-989c-73dc5d59177d', '利未記', 5, NOW() - INTERVAL '106 days'),
  ('cb2538c7-402d-4ad3-8776-bb715a2ec4fc', '29379c6a-3b5c-40ae-989c-73dc5d59177d', '利未記', 6, NOW() - INTERVAL '105 days'),
  ('cb2538c7-402d-4ad3-8776-bb715a2ec4fc', '29379c6a-3b5c-40ae-989c-73dc5d59177d', '利未記', 7, NOW() - INTERVAL '105 days'),
  ('cb2538c7-402d-4ad3-8776-bb715a2ec4fc', '29379c6a-3b5c-40ae-989c-73dc5d59177d', '利未記', 8, NOW() - INTERVAL '105 days'),
  ('cb2538c7-402d-4ad3-8776-bb715a2ec4fc', '29379c6a-3b5c-40ae-989c-73dc5d59177d', '利未記', 9, NOW() - INTERVAL '105 days'),
  ('cb2538c7-402d-4ad3-8776-bb715a2ec4fc', '29379c6a-3b5c-40ae-989c-73dc5d59177d', '利未記', 10, NOW() - INTERVAL '105 days'),
  ('cb2538c7-402d-4ad3-8776-bb715a2ec4fc', '29379c6a-3b5c-40ae-989c-73dc5d59177d', '利未記', 11, NOW() - INTERVAL '104 days'),
  ('cb2538c7-402d-4ad3-8776-bb715a2ec4fc', '29379c6a-3b5c-40ae-989c-73dc5d59177d', '利未記', 12, NOW() - INTERVAL '104 days'),
  ('cb2538c7-402d-4ad3-8776-bb715a2ec4fc', '29379c6a-3b5c-40ae-989c-73dc5d59177d', '利未記', 13, NOW() - INTERVAL '104 days'),
  ('cb2538c7-402d-4ad3-8776-bb715a2ec4fc', '29379c6a-3b5c-40ae-989c-73dc5d59177d', '利未記', 14, NOW() - INTERVAL '104 days'),
  ('cb2538c7-402d-4ad3-8776-bb715a2ec4fc', '29379c6a-3b5c-40ae-989c-73dc5d59177d', '利未記', 15, NOW() - INTERVAL '104 days'),
  ('cb2538c7-402d-4ad3-8776-bb715a2ec4fc', '29379c6a-3b5c-40ae-989c-73dc5d59177d', '利未記', 16, NOW() - INTERVAL '103 days'),
  ('cb2538c7-402d-4ad3-8776-bb715a2ec4fc', '29379c6a-3b5c-40ae-989c-73dc5d59177d', '利未記', 17, NOW() - INTERVAL '103 days'),
  ('cb2538c7-402d-4ad3-8776-bb715a2ec4fc', '29379c6a-3b5c-40ae-989c-73dc5d59177d', '利未記', 18, NOW() - INTERVAL '103 days'),
  ('cb2538c7-402d-4ad3-8776-bb715a2ec4fc', '29379c6a-3b5c-40ae-989c-73dc5d59177d', '利未記', 19, NOW() - INTERVAL '103 days'),
  ('cb2538c7-402d-4ad3-8776-bb715a2ec4fc', '29379c6a-3b5c-40ae-989c-73dc5d59177d', '利未記', 20, NOW() - INTERVAL '103 days'),
  ('cb2538c7-402d-4ad3-8776-bb715a2ec4fc', '29379c6a-3b5c-40ae-989c-73dc5d59177d', '利未記', 21, NOW() - INTERVAL '102 days'),
  ('cb2538c7-402d-4ad3-8776-bb715a2ec4fc', '29379c6a-3b5c-40ae-989c-73dc5d59177d', '利未記', 22, NOW() - INTERVAL '102 days'),
  ('cb2538c7-402d-4ad3-8776-bb715a2ec4fc', '29379c6a-3b5c-40ae-989c-73dc5d59177d', '利未記', 23, NOW() - INTERVAL '102 days'),
  ('cb2538c7-402d-4ad3-8776-bb715a2ec4fc', '29379c6a-3b5c-40ae-989c-73dc5d59177d', '利未記', 24, NOW() - INTERVAL '102 days'),
  ('cb2538c7-402d-4ad3-8776-bb715a2ec4fc', '29379c6a-3b5c-40ae-989c-73dc5d59177d', '利未記', 25, NOW() - INTERVAL '102 days'),
  ('cb2538c7-402d-4ad3-8776-bb715a2ec4fc', '29379c6a-3b5c-40ae-989c-73dc5d59177d', '利未記', 26, NOW() - INTERVAL '101 days'),
  ('cb2538c7-402d-4ad3-8776-bb715a2ec4fc', '29379c6a-3b5c-40ae-989c-73dc5d59177d', '利未記', 27, NOW() - INTERVAL '101 days'),
  ('cb2538c7-402d-4ad3-8776-bb715a2ec4fc', '29379c6a-3b5c-40ae-989c-73dc5d59177d', '路加福音', 1, NOW() - INTERVAL '101 days'),
  ('cb2538c7-402d-4ad3-8776-bb715a2ec4fc', '29379c6a-3b5c-40ae-989c-73dc5d59177d', '路加福音', 2, NOW() - INTERVAL '101 days'),
  ('cb2538c7-402d-4ad3-8776-bb715a2ec4fc', '29379c6a-3b5c-40ae-989c-73dc5d59177d', '路加福音', 3, NOW() - INTERVAL '101 days'),
  ('cb2538c7-402d-4ad3-8776-bb715a2ec4fc', '29379c6a-3b5c-40ae-989c-73dc5d59177d', '路加福音', 4, NOW() - INTERVAL '100 days'),
  ('cb2538c7-402d-4ad3-8776-bb715a2ec4fc', '29379c6a-3b5c-40ae-989c-73dc5d59177d', '路加福音', 5, NOW() - INTERVAL '100 days'),
  ('cb2538c7-402d-4ad3-8776-bb715a2ec4fc', '29379c6a-3b5c-40ae-989c-73dc5d59177d', '路加福音', 6, NOW() - INTERVAL '100 days'),
  ('cb2538c7-402d-4ad3-8776-bb715a2ec4fc', '29379c6a-3b5c-40ae-989c-73dc5d59177d', '路加福音', 7, NOW() - INTERVAL '100 days'),
  ('cb2538c7-402d-4ad3-8776-bb715a2ec4fc', '29379c6a-3b5c-40ae-989c-73dc5d59177d', '路加福音', 8, NOW() - INTERVAL '100 days'),
  ('cb2538c7-402d-4ad3-8776-bb715a2ec4fc', '29379c6a-3b5c-40ae-989c-73dc5d59177d', '路加福音', 9, NOW() - INTERVAL '99 days'),
  ('cb2538c7-402d-4ad3-8776-bb715a2ec4fc', '29379c6a-3b5c-40ae-989c-73dc5d59177d', '路加福音', 10, NOW() - INTERVAL '99 days'),
  ('cb2538c7-402d-4ad3-8776-bb715a2ec4fc', '29379c6a-3b5c-40ae-989c-73dc5d59177d', '路加福音', 11, NOW() - INTERVAL '99 days'),
  ('cb2538c7-402d-4ad3-8776-bb715a2ec4fc', '29379c6a-3b5c-40ae-989c-73dc5d59177d', '路加福音', 12, NOW() - INTERVAL '99 days'),
  ('cb2538c7-402d-4ad3-8776-bb715a2ec4fc', '29379c6a-3b5c-40ae-989c-73dc5d59177d', '路加福音', 13, NOW() - INTERVAL '99 days'),
  ('cb2538c7-402d-4ad3-8776-bb715a2ec4fc', '29379c6a-3b5c-40ae-989c-73dc5d59177d', '路加福音', 14, NOW() - INTERVAL '98 days'),
  ('cb2538c7-402d-4ad3-8776-bb715a2ec4fc', '29379c6a-3b5c-40ae-989c-73dc5d59177d', '路加福音', 15, NOW() - INTERVAL '98 days'),
  ('cb2538c7-402d-4ad3-8776-bb715a2ec4fc', '29379c6a-3b5c-40ae-989c-73dc5d59177d', '路加福音', 16, NOW() - INTERVAL '98 days'),
  ('cb2538c7-402d-4ad3-8776-bb715a2ec4fc', '29379c6a-3b5c-40ae-989c-73dc5d59177d', '路加福音', 17, NOW() - INTERVAL '98 days'),
  ('cb2538c7-402d-4ad3-8776-bb715a2ec4fc', '29379c6a-3b5c-40ae-989c-73dc5d59177d', '路加福音', 18, NOW() - INTERVAL '98 days'),
  ('cb2538c7-402d-4ad3-8776-bb715a2ec4fc', '29379c6a-3b5c-40ae-989c-73dc5d59177d', '路加福音', 19, NOW() - INTERVAL '97 days'),
  ('cb2538c7-402d-4ad3-8776-bb715a2ec4fc', '29379c6a-3b5c-40ae-989c-73dc5d59177d', '路加福音', 20, NOW() - INTERVAL '97 days'),
  ('cb2538c7-402d-4ad3-8776-bb715a2ec4fc', '29379c6a-3b5c-40ae-989c-73dc5d59177d', '路加福音', 21, NOW() - INTERVAL '97 days'),
  ('cb2538c7-402d-4ad3-8776-bb715a2ec4fc', '29379c6a-3b5c-40ae-989c-73dc5d59177d', '路加福音', 22, NOW() - INTERVAL '97 days'),
  ('cb2538c7-402d-4ad3-8776-bb715a2ec4fc', '29379c6a-3b5c-40ae-989c-73dc5d59177d', '路加福音', 23, NOW() - INTERVAL '97 days'),
  ('cb2538c7-402d-4ad3-8776-bb715a2ec4fc', '29379c6a-3b5c-40ae-989c-73dc5d59177d', '路加福音', 24, NOW() - INTERVAL '96 days'),
  ('cb2538c7-402d-4ad3-8776-bb715a2ec4fc', '29379c6a-3b5c-40ae-989c-73dc5d59177d', '歷代志下', 1, NOW() - INTERVAL '96 days'),
  ('cb2538c7-402d-4ad3-8776-bb715a2ec4fc', '29379c6a-3b5c-40ae-989c-73dc5d59177d', '歷代志下', 2, NOW() - INTERVAL '96 days'),
  ('cb2538c7-402d-4ad3-8776-bb715a2ec4fc', '29379c6a-3b5c-40ae-989c-73dc5d59177d', '歷代志下', 3, NOW() - INTERVAL '96 days'),
  ('cb2538c7-402d-4ad3-8776-bb715a2ec4fc', '29379c6a-3b5c-40ae-989c-73dc5d59177d', '歷代志下', 4, NOW() - INTERVAL '96 days'),
  ('cb2538c7-402d-4ad3-8776-bb715a2ec4fc', '29379c6a-3b5c-40ae-989c-73dc5d59177d', '歷代志下', 5, NOW() - INTERVAL '95 days'),
  ('cb2538c7-402d-4ad3-8776-bb715a2ec4fc', '29379c6a-3b5c-40ae-989c-73dc5d59177d', '歷代志下', 6, NOW() - INTERVAL '95 days'),
  ('cb2538c7-402d-4ad3-8776-bb715a2ec4fc', '29379c6a-3b5c-40ae-989c-73dc5d59177d', '歷代志下', 7, NOW() - INTERVAL '95 days'),
  ('cb2538c7-402d-4ad3-8776-bb715a2ec4fc', '29379c6a-3b5c-40ae-989c-73dc5d59177d', '歷代志下', 8, NOW() - INTERVAL '95 days'),
  ('cb2538c7-402d-4ad3-8776-bb715a2ec4fc', '29379c6a-3b5c-40ae-989c-73dc5d59177d', '歷代志下', 9, NOW() - INTERVAL '95 days'),
  ('cb2538c7-402d-4ad3-8776-bb715a2ec4fc', '29379c6a-3b5c-40ae-989c-73dc5d59177d', '歷代志下', 10, NOW() - INTERVAL '94 days'),
  ('cb2538c7-402d-4ad3-8776-bb715a2ec4fc', '29379c6a-3b5c-40ae-989c-73dc5d59177d', '歷代志下', 11, NOW() - INTERVAL '94 days'),
  ('cb2538c7-402d-4ad3-8776-bb715a2ec4fc', '29379c6a-3b5c-40ae-989c-73dc5d59177d', '歷代志下', 12, NOW() - INTERVAL '94 days'),
  ('cb2538c7-402d-4ad3-8776-bb715a2ec4fc', '29379c6a-3b5c-40ae-989c-73dc5d59177d', '歷代志下', 13, NOW() - INTERVAL '94 days'),
  ('cb2538c7-402d-4ad3-8776-bb715a2ec4fc', '29379c6a-3b5c-40ae-989c-73dc5d59177d', '歷代志下', 14, NOW() - INTERVAL '94 days'),
  ('cb2538c7-402d-4ad3-8776-bb715a2ec4fc', '29379c6a-3b5c-40ae-989c-73dc5d59177d', '歷代志下', 15, NOW() - INTERVAL '93 days'),
  ('cb2538c7-402d-4ad3-8776-bb715a2ec4fc', '29379c6a-3b5c-40ae-989c-73dc5d59177d', '歷代志下', 16, NOW() - INTERVAL '93 days'),
  ('cb2538c7-402d-4ad3-8776-bb715a2ec4fc', '29379c6a-3b5c-40ae-989c-73dc5d59177d', '歷代志下', 17, NOW() - INTERVAL '93 days'),
  ('cb2538c7-402d-4ad3-8776-bb715a2ec4fc', '29379c6a-3b5c-40ae-989c-73dc5d59177d', '歷代志下', 18, NOW() - INTERVAL '93 days'),
  ('cb2538c7-402d-4ad3-8776-bb715a2ec4fc', '29379c6a-3b5c-40ae-989c-73dc5d59177d', '歷代志下', 19, NOW() - INTERVAL '93 days'),
  ('cb2538c7-402d-4ad3-8776-bb715a2ec4fc', '29379c6a-3b5c-40ae-989c-73dc5d59177d', '歷代志下', 20, NOW() - INTERVAL '92 days'),
  ('cb2538c7-402d-4ad3-8776-bb715a2ec4fc', '29379c6a-3b5c-40ae-989c-73dc5d59177d', '歷代志下', 21, NOW() - INTERVAL '92 days'),
  ('cb2538c7-402d-4ad3-8776-bb715a2ec4fc', '29379c6a-3b5c-40ae-989c-73dc5d59177d', '歷代志下', 22, NOW() - INTERVAL '92 days'),
  ('cb2538c7-402d-4ad3-8776-bb715a2ec4fc', '29379c6a-3b5c-40ae-989c-73dc5d59177d', '歷代志下', 23, NOW() - INTERVAL '92 days'),
  ('cb2538c7-402d-4ad3-8776-bb715a2ec4fc', '29379c6a-3b5c-40ae-989c-73dc5d59177d', '歷代志下', 24, NOW() - INTERVAL '92 days'),
  ('cb2538c7-402d-4ad3-8776-bb715a2ec4fc', '29379c6a-3b5c-40ae-989c-73dc5d59177d', '歷代志下', 25, NOW() - INTERVAL '91 days'),
  ('cb2538c7-402d-4ad3-8776-bb715a2ec4fc', '29379c6a-3b5c-40ae-989c-73dc5d59177d', '歷代志下', 26, NOW() - INTERVAL '91 days'),
  ('cb2538c7-402d-4ad3-8776-bb715a2ec4fc', '29379c6a-3b5c-40ae-989c-73dc5d59177d', '歷代志下', 27, NOW() - INTERVAL '91 days'),
  ('cb2538c7-402d-4ad3-8776-bb715a2ec4fc', '29379c6a-3b5c-40ae-989c-73dc5d59177d', '歷代志下', 28, NOW() - INTERVAL '91 days'),
  ('cb2538c7-402d-4ad3-8776-bb715a2ec4fc', '29379c6a-3b5c-40ae-989c-73dc5d59177d', '歷代志下', 29, NOW() - INTERVAL '91 days'),
  ('cb2538c7-402d-4ad3-8776-bb715a2ec4fc', '29379c6a-3b5c-40ae-989c-73dc5d59177d', '歷代志下', 30, NOW() - INTERVAL '90 days'),
  ('cb2538c7-402d-4ad3-8776-bb715a2ec4fc', '29379c6a-3b5c-40ae-989c-73dc5d59177d', '歷代志下', 31, NOW() - INTERVAL '90 days'),
  ('cb2538c7-402d-4ad3-8776-bb715a2ec4fc', '29379c6a-3b5c-40ae-989c-73dc5d59177d', '歷代志下', 32, NOW() - INTERVAL '90 days'),
  ('cb2538c7-402d-4ad3-8776-bb715a2ec4fc', '29379c6a-3b5c-40ae-989c-73dc5d59177d', '歷代志下', 33, NOW() - INTERVAL '90 days'),
  ('cb2538c7-402d-4ad3-8776-bb715a2ec4fc', '29379c6a-3b5c-40ae-989c-73dc5d59177d', '歷代志下', 34, NOW() - INTERVAL '90 days'),
  ('cb2538c7-402d-4ad3-8776-bb715a2ec4fc', '29379c6a-3b5c-40ae-989c-73dc5d59177d', '歷代志下', 35, NOW() - INTERVAL '89 days'),
  ('cb2538c7-402d-4ad3-8776-bb715a2ec4fc', '29379c6a-3b5c-40ae-989c-73dc5d59177d', '歷代志下', 36, NOW() - INTERVAL '89 days'),
  ('cb2538c7-402d-4ad3-8776-bb715a2ec4fc', '29379c6a-3b5c-40ae-989c-73dc5d59177d', '帖撒羅尼迦前書', 1, NOW() - INTERVAL '89 days'),
  ('cb2538c7-402d-4ad3-8776-bb715a2ec4fc', '29379c6a-3b5c-40ae-989c-73dc5d59177d', '帖撒羅尼迦前書', 2, NOW() - INTERVAL '89 days'),
  ('cb2538c7-402d-4ad3-8776-bb715a2ec4fc', '29379c6a-3b5c-40ae-989c-73dc5d59177d', '帖撒羅尼迦前書', 3, NOW() - INTERVAL '89 days'),
  ('cb2538c7-402d-4ad3-8776-bb715a2ec4fc', '29379c6a-3b5c-40ae-989c-73dc5d59177d', '帖撒羅尼迦前書', 4, NOW() - INTERVAL '88 days'),
  ('cb2538c7-402d-4ad3-8776-bb715a2ec4fc', '29379c6a-3b5c-40ae-989c-73dc5d59177d', '帖撒羅尼迦前書', 5, NOW() - INTERVAL '88 days'),
  ('cb2538c7-402d-4ad3-8776-bb715a2ec4fc', '29379c6a-3b5c-40ae-989c-73dc5d59177d', '約拿書', 1, NOW() - INTERVAL '88 days'),
  ('cb2538c7-402d-4ad3-8776-bb715a2ec4fc', '29379c6a-3b5c-40ae-989c-73dc5d59177d', '約拿書', 2, NOW() - INTERVAL '88 days'),
  ('cb2538c7-402d-4ad3-8776-bb715a2ec4fc', '29379c6a-3b5c-40ae-989c-73dc5d59177d', '約拿書', 3, NOW() - INTERVAL '88 days'),
  ('cb2538c7-402d-4ad3-8776-bb715a2ec4fc', '29379c6a-3b5c-40ae-989c-73dc5d59177d', '約拿書', 4, NOW() - INTERVAL '87 days'),
  ('cb2538c7-402d-4ad3-8776-bb715a2ec4fc', '29379c6a-3b5c-40ae-989c-73dc5d59177d', '約翰二書', 1, NOW() - INTERVAL '87 days'),
  ('cb2538c7-402d-4ad3-8776-bb715a2ec4fc', '29379c6a-3b5c-40ae-989c-73dc5d59177d', '彌迦書', 1, NOW() - INTERVAL '87 days'),
  ('cb2538c7-402d-4ad3-8776-bb715a2ec4fc', '29379c6a-3b5c-40ae-989c-73dc5d59177d', '彌迦書', 2, NOW() - INTERVAL '87 days'),
  ('cb2538c7-402d-4ad3-8776-bb715a2ec4fc', '29379c6a-3b5c-40ae-989c-73dc5d59177d', '彌迦書', 3, NOW() - INTERVAL '87 days'),
  ('cb2538c7-402d-4ad3-8776-bb715a2ec4fc', '29379c6a-3b5c-40ae-989c-73dc5d59177d', '彌迦書', 4, NOW() - INTERVAL '86 days'),
  ('cb2538c7-402d-4ad3-8776-bb715a2ec4fc', '29379c6a-3b5c-40ae-989c-73dc5d59177d', '彌迦書', 5, NOW() - INTERVAL '86 days'),
  ('cb2538c7-402d-4ad3-8776-bb715a2ec4fc', '29379c6a-3b5c-40ae-989c-73dc5d59177d', '彌迦書', 6, NOW() - INTERVAL '86 days'),
  ('cb2538c7-402d-4ad3-8776-bb715a2ec4fc', '29379c6a-3b5c-40ae-989c-73dc5d59177d', '彌迦書', 7, NOW() - INTERVAL '86 days'),
  ('cb2538c7-402d-4ad3-8776-bb715a2ec4fc', '29379c6a-3b5c-40ae-989c-73dc5d59177d', '約翰三書', 1, NOW() - INTERVAL '86 days'),
  ('cb2538c7-402d-4ad3-8776-bb715a2ec4fc', '29379c6a-3b5c-40ae-989c-73dc5d59177d', '民數記', 1, NOW() - INTERVAL '85 days'),
  ('cb2538c7-402d-4ad3-8776-bb715a2ec4fc', '29379c6a-3b5c-40ae-989c-73dc5d59177d', '民數記', 2, NOW() - INTERVAL '85 days'),
  ('cb2538c7-402d-4ad3-8776-bb715a2ec4fc', '29379c6a-3b5c-40ae-989c-73dc5d59177d', '民數記', 3, NOW() - INTERVAL '85 days'),
  ('cb2538c7-402d-4ad3-8776-bb715a2ec4fc', '29379c6a-3b5c-40ae-989c-73dc5d59177d', '民數記', 4, NOW() - INTERVAL '85 days'),
  ('cb2538c7-402d-4ad3-8776-bb715a2ec4fc', '29379c6a-3b5c-40ae-989c-73dc5d59177d', '民數記', 5, NOW() - INTERVAL '85 days'),
  ('cb2538c7-402d-4ad3-8776-bb715a2ec4fc', '29379c6a-3b5c-40ae-989c-73dc5d59177d', '民數記', 6, NOW() - INTERVAL '84 days'),
  ('cb2538c7-402d-4ad3-8776-bb715a2ec4fc', '29379c6a-3b5c-40ae-989c-73dc5d59177d', '民數記', 7, NOW() - INTERVAL '84 days'),
  ('cb2538c7-402d-4ad3-8776-bb715a2ec4fc', '29379c6a-3b5c-40ae-989c-73dc5d59177d', '民數記', 8, NOW() - INTERVAL '84 days'),
  ('cb2538c7-402d-4ad3-8776-bb715a2ec4fc', '29379c6a-3b5c-40ae-989c-73dc5d59177d', '民數記', 9, NOW() - INTERVAL '84 days'),
  ('cb2538c7-402d-4ad3-8776-bb715a2ec4fc', '29379c6a-3b5c-40ae-989c-73dc5d59177d', '民數記', 10, NOW() - INTERVAL '84 days'),
  ('cb2538c7-402d-4ad3-8776-bb715a2ec4fc', '29379c6a-3b5c-40ae-989c-73dc5d59177d', '民數記', 11, NOW() - INTERVAL '83 days'),
  ('cb2538c7-402d-4ad3-8776-bb715a2ec4fc', '29379c6a-3b5c-40ae-989c-73dc5d59177d', '民數記', 12, NOW() - INTERVAL '83 days'),
  ('cb2538c7-402d-4ad3-8776-bb715a2ec4fc', '29379c6a-3b5c-40ae-989c-73dc5d59177d', '民數記', 13, NOW() - INTERVAL '83 days'),
  ('cb2538c7-402d-4ad3-8776-bb715a2ec4fc', '29379c6a-3b5c-40ae-989c-73dc5d59177d', '民數記', 14, NOW() - INTERVAL '83 days'),
  ('cb2538c7-402d-4ad3-8776-bb715a2ec4fc', '29379c6a-3b5c-40ae-989c-73dc5d59177d', '民數記', 15, NOW() - INTERVAL '83 days'),
  ('cb2538c7-402d-4ad3-8776-bb715a2ec4fc', '29379c6a-3b5c-40ae-989c-73dc5d59177d', '民數記', 16, NOW() - INTERVAL '82 days'),
  ('cb2538c7-402d-4ad3-8776-bb715a2ec4fc', '29379c6a-3b5c-40ae-989c-73dc5d59177d', '民數記', 17, NOW() - INTERVAL '82 days'),
  ('cb2538c7-402d-4ad3-8776-bb715a2ec4fc', '29379c6a-3b5c-40ae-989c-73dc5d59177d', '民數記', 18, NOW() - INTERVAL '82 days'),
  ('cb2538c7-402d-4ad3-8776-bb715a2ec4fc', '29379c6a-3b5c-40ae-989c-73dc5d59177d', '民數記', 19, NOW() - INTERVAL '82 days'),
  ('cb2538c7-402d-4ad3-8776-bb715a2ec4fc', '29379c6a-3b5c-40ae-989c-73dc5d59177d', '民數記', 20, NOW() - INTERVAL '82 days'),
  ('cb2538c7-402d-4ad3-8776-bb715a2ec4fc', '29379c6a-3b5c-40ae-989c-73dc5d59177d', '民數記', 21, NOW() - INTERVAL '81 days'),
  ('cb2538c7-402d-4ad3-8776-bb715a2ec4fc', '29379c6a-3b5c-40ae-989c-73dc5d59177d', '民數記', 22, NOW() - INTERVAL '81 days'),
  ('cb2538c7-402d-4ad3-8776-bb715a2ec4fc', '29379c6a-3b5c-40ae-989c-73dc5d59177d', '民數記', 23, NOW() - INTERVAL '81 days'),
  ('cb2538c7-402d-4ad3-8776-bb715a2ec4fc', '29379c6a-3b5c-40ae-989c-73dc5d59177d', '民數記', 24, NOW() - INTERVAL '81 days'),
  ('cb2538c7-402d-4ad3-8776-bb715a2ec4fc', '29379c6a-3b5c-40ae-989c-73dc5d59177d', '民數記', 25, NOW() - INTERVAL '81 days'),
  ('cb2538c7-402d-4ad3-8776-bb715a2ec4fc', '29379c6a-3b5c-40ae-989c-73dc5d59177d', '民數記', 26, NOW() - INTERVAL '80 days'),
  ('cb2538c7-402d-4ad3-8776-bb715a2ec4fc', '29379c6a-3b5c-40ae-989c-73dc5d59177d', '民數記', 27, NOW() - INTERVAL '80 days'),
  ('cb2538c7-402d-4ad3-8776-bb715a2ec4fc', '29379c6a-3b5c-40ae-989c-73dc5d59177d', '民數記', 28, NOW() - INTERVAL '80 days'),
  ('cb2538c7-402d-4ad3-8776-bb715a2ec4fc', '29379c6a-3b5c-40ae-989c-73dc5d59177d', '民數記', 29, NOW() - INTERVAL '80 days'),
  ('cb2538c7-402d-4ad3-8776-bb715a2ec4fc', '29379c6a-3b5c-40ae-989c-73dc5d59177d', '民數記', 30, NOW() - INTERVAL '80 days'),
  ('cb2538c7-402d-4ad3-8776-bb715a2ec4fc', '29379c6a-3b5c-40ae-989c-73dc5d59177d', '民數記', 31, NOW() - INTERVAL '79 days'),
  ('cb2538c7-402d-4ad3-8776-bb715a2ec4fc', '29379c6a-3b5c-40ae-989c-73dc5d59177d', '民數記', 32, NOW() - INTERVAL '79 days'),
  ('cb2538c7-402d-4ad3-8776-bb715a2ec4fc', '29379c6a-3b5c-40ae-989c-73dc5d59177d', '民數記', 33, NOW() - INTERVAL '79 days'),
  ('cb2538c7-402d-4ad3-8776-bb715a2ec4fc', '29379c6a-3b5c-40ae-989c-73dc5d59177d', '民數記', 34, NOW() - INTERVAL '79 days'),
  ('cb2538c7-402d-4ad3-8776-bb715a2ec4fc', '29379c6a-3b5c-40ae-989c-73dc5d59177d', '民數記', 35, NOW() - INTERVAL '79 days'),
  ('cb2538c7-402d-4ad3-8776-bb715a2ec4fc', '29379c6a-3b5c-40ae-989c-73dc5d59177d', '民數記', 36, NOW() - INTERVAL '78 days'),
  ('cb2538c7-402d-4ad3-8776-bb715a2ec4fc', '29379c6a-3b5c-40ae-989c-73dc5d59177d', '約翰福音', 1, NOW() - INTERVAL '78 days'),
  ('cb2538c7-402d-4ad3-8776-bb715a2ec4fc', '29379c6a-3b5c-40ae-989c-73dc5d59177d', '約翰福音', 2, NOW() - INTERVAL '78 days'),
  ('cb2538c7-402d-4ad3-8776-bb715a2ec4fc', '29379c6a-3b5c-40ae-989c-73dc5d59177d', '約翰福音', 3, NOW() - INTERVAL '78 days'),
  ('cb2538c7-402d-4ad3-8776-bb715a2ec4fc', '29379c6a-3b5c-40ae-989c-73dc5d59177d', '約翰福音', 4, NOW() - INTERVAL '78 days'),
  ('cb2538c7-402d-4ad3-8776-bb715a2ec4fc', '29379c6a-3b5c-40ae-989c-73dc5d59177d', '約翰福音', 5, NOW() - INTERVAL '77 days'),
  ('cb2538c7-402d-4ad3-8776-bb715a2ec4fc', '29379c6a-3b5c-40ae-989c-73dc5d59177d', '約翰福音', 6, NOW() - INTERVAL '77 days'),
  ('cb2538c7-402d-4ad3-8776-bb715a2ec4fc', '29379c6a-3b5c-40ae-989c-73dc5d59177d', '約翰福音', 7, NOW() - INTERVAL '77 days'),
  ('cb2538c7-402d-4ad3-8776-bb715a2ec4fc', '29379c6a-3b5c-40ae-989c-73dc5d59177d', '約翰福音', 8, NOW() - INTERVAL '77 days'),
  ('cb2538c7-402d-4ad3-8776-bb715a2ec4fc', '29379c6a-3b5c-40ae-989c-73dc5d59177d', '約翰福音', 9, NOW() - INTERVAL '77 days'),
  ('cb2538c7-402d-4ad3-8776-bb715a2ec4fc', '29379c6a-3b5c-40ae-989c-73dc5d59177d', '約翰福音', 10, NOW() - INTERVAL '76 days'),
  ('cb2538c7-402d-4ad3-8776-bb715a2ec4fc', '29379c6a-3b5c-40ae-989c-73dc5d59177d', '約翰福音', 11, NOW() - INTERVAL '76 days'),
  ('cb2538c7-402d-4ad3-8776-bb715a2ec4fc', '29379c6a-3b5c-40ae-989c-73dc5d59177d', '約翰福音', 12, NOW() - INTERVAL '76 days'),
  ('cb2538c7-402d-4ad3-8776-bb715a2ec4fc', '29379c6a-3b5c-40ae-989c-73dc5d59177d', '約翰福音', 13, NOW() - INTERVAL '76 days'),
  ('cb2538c7-402d-4ad3-8776-bb715a2ec4fc', '29379c6a-3b5c-40ae-989c-73dc5d59177d', '約翰福音', 14, NOW() - INTERVAL '76 days'),
  ('cb2538c7-402d-4ad3-8776-bb715a2ec4fc', '29379c6a-3b5c-40ae-989c-73dc5d59177d', '約翰福音', 15, NOW() - INTERVAL '75 days'),
  ('cb2538c7-402d-4ad3-8776-bb715a2ec4fc', '29379c6a-3b5c-40ae-989c-73dc5d59177d', '約翰福音', 16, NOW() - INTERVAL '75 days'),
  ('cb2538c7-402d-4ad3-8776-bb715a2ec4fc', '29379c6a-3b5c-40ae-989c-73dc5d59177d', '約翰福音', 17, NOW() - INTERVAL '75 days'),
  ('cb2538c7-402d-4ad3-8776-bb715a2ec4fc', '29379c6a-3b5c-40ae-989c-73dc5d59177d', '約翰福音', 18, NOW() - INTERVAL '75 days'),
  ('cb2538c7-402d-4ad3-8776-bb715a2ec4fc', '29379c6a-3b5c-40ae-989c-73dc5d59177d', '約翰福音', 19, NOW() - INTERVAL '75 days'),
  ('cb2538c7-402d-4ad3-8776-bb715a2ec4fc', '29379c6a-3b5c-40ae-989c-73dc5d59177d', '約翰福音', 20, NOW() - INTERVAL '74 days'),
  ('cb2538c7-402d-4ad3-8776-bb715a2ec4fc', '29379c6a-3b5c-40ae-989c-73dc5d59177d', '約翰福音', 21, NOW() - INTERVAL '74 days'),
  ('cb2538c7-402d-4ad3-8776-bb715a2ec4fc', '29379c6a-3b5c-40ae-989c-73dc5d59177d', '以西結書', 1, NOW() - INTERVAL '74 days'),
  ('cb2538c7-402d-4ad3-8776-bb715a2ec4fc', '29379c6a-3b5c-40ae-989c-73dc5d59177d', '以西結書', 2, NOW() - INTERVAL '74 days'),
  ('cb2538c7-402d-4ad3-8776-bb715a2ec4fc', '29379c6a-3b5c-40ae-989c-73dc5d59177d', '以西結書', 3, NOW() - INTERVAL '74 days'),
  ('cb2538c7-402d-4ad3-8776-bb715a2ec4fc', '29379c6a-3b5c-40ae-989c-73dc5d59177d', '以西結書', 4, NOW() - INTERVAL '73 days'),
  ('cb2538c7-402d-4ad3-8776-bb715a2ec4fc', '29379c6a-3b5c-40ae-989c-73dc5d59177d', '以西結書', 5, NOW() - INTERVAL '73 days'),
  ('cb2538c7-402d-4ad3-8776-bb715a2ec4fc', '29379c6a-3b5c-40ae-989c-73dc5d59177d', '以西結書', 6, NOW() - INTERVAL '73 days'),
  ('cb2538c7-402d-4ad3-8776-bb715a2ec4fc', '29379c6a-3b5c-40ae-989c-73dc5d59177d', '以西結書', 7, NOW() - INTERVAL '73 days'),
  ('cb2538c7-402d-4ad3-8776-bb715a2ec4fc', '29379c6a-3b5c-40ae-989c-73dc5d59177d', '以西結書', 8, NOW() - INTERVAL '73 days'),
  ('cb2538c7-402d-4ad3-8776-bb715a2ec4fc', '29379c6a-3b5c-40ae-989c-73dc5d59177d', '以西結書', 9, NOW() - INTERVAL '72 days'),
  ('cb2538c7-402d-4ad3-8776-bb715a2ec4fc', '29379c6a-3b5c-40ae-989c-73dc5d59177d', '以西結書', 10, NOW() - INTERVAL '72 days'),
  ('cb2538c7-402d-4ad3-8776-bb715a2ec4fc', '29379c6a-3b5c-40ae-989c-73dc5d59177d', '以西結書', 11, NOW() - INTERVAL '72 days'),
  ('cb2538c7-402d-4ad3-8776-bb715a2ec4fc', '29379c6a-3b5c-40ae-989c-73dc5d59177d', '以西結書', 12, NOW() - INTERVAL '72 days'),
  ('cb2538c7-402d-4ad3-8776-bb715a2ec4fc', '29379c6a-3b5c-40ae-989c-73dc5d59177d', '以西結書', 13, NOW() - INTERVAL '72 days'),
  ('cb2538c7-402d-4ad3-8776-bb715a2ec4fc', '29379c6a-3b5c-40ae-989c-73dc5d59177d', '以西結書', 14, NOW() - INTERVAL '71 days'),
  ('cb2538c7-402d-4ad3-8776-bb715a2ec4fc', '29379c6a-3b5c-40ae-989c-73dc5d59177d', '以西結書', 15, NOW() - INTERVAL '71 days'),
  ('cb2538c7-402d-4ad3-8776-bb715a2ec4fc', '29379c6a-3b5c-40ae-989c-73dc5d59177d', '以西結書', 16, NOW() - INTERVAL '71 days'),
  ('cb2538c7-402d-4ad3-8776-bb715a2ec4fc', '29379c6a-3b5c-40ae-989c-73dc5d59177d', '以西結書', 17, NOW() - INTERVAL '71 days'),
  ('cb2538c7-402d-4ad3-8776-bb715a2ec4fc', '29379c6a-3b5c-40ae-989c-73dc5d59177d', '以西結書', 18, NOW() - INTERVAL '71 days'),
  ('cb2538c7-402d-4ad3-8776-bb715a2ec4fc', '29379c6a-3b5c-40ae-989c-73dc5d59177d', '以西結書', 19, NOW() - INTERVAL '70 days'),
  ('cb2538c7-402d-4ad3-8776-bb715a2ec4fc', '29379c6a-3b5c-40ae-989c-73dc5d59177d', '以西結書', 20, NOW() - INTERVAL '70 days'),
  ('cb2538c7-402d-4ad3-8776-bb715a2ec4fc', '29379c6a-3b5c-40ae-989c-73dc5d59177d', '以西結書', 21, NOW() - INTERVAL '70 days'),
  ('cb2538c7-402d-4ad3-8776-bb715a2ec4fc', '29379c6a-3b5c-40ae-989c-73dc5d59177d', '以西結書', 22, NOW() - INTERVAL '70 days'),
  ('cb2538c7-402d-4ad3-8776-bb715a2ec4fc', '29379c6a-3b5c-40ae-989c-73dc5d59177d', '以西結書', 23, NOW() - INTERVAL '70 days'),
  ('cb2538c7-402d-4ad3-8776-bb715a2ec4fc', '29379c6a-3b5c-40ae-989c-73dc5d59177d', '以西結書', 24, NOW() - INTERVAL '69 days'),
  ('cb2538c7-402d-4ad3-8776-bb715a2ec4fc', '29379c6a-3b5c-40ae-989c-73dc5d59177d', '以西結書', 25, NOW() - INTERVAL '69 days'),
  ('cb2538c7-402d-4ad3-8776-bb715a2ec4fc', '29379c6a-3b5c-40ae-989c-73dc5d59177d', '以西結書', 26, NOW() - INTERVAL '69 days'),
  ('cb2538c7-402d-4ad3-8776-bb715a2ec4fc', '29379c6a-3b5c-40ae-989c-73dc5d59177d', '以西結書', 27, NOW() - INTERVAL '69 days'),
  ('cb2538c7-402d-4ad3-8776-bb715a2ec4fc', '29379c6a-3b5c-40ae-989c-73dc5d59177d', '以西結書', 28, NOW() - INTERVAL '69 days'),
  ('cb2538c7-402d-4ad3-8776-bb715a2ec4fc', '29379c6a-3b5c-40ae-989c-73dc5d59177d', '以西結書', 29, NOW() - INTERVAL '68 days'),
  ('cb2538c7-402d-4ad3-8776-bb715a2ec4fc', '29379c6a-3b5c-40ae-989c-73dc5d59177d', '以西結書', 30, NOW() - INTERVAL '68 days'),
  ('cb2538c7-402d-4ad3-8776-bb715a2ec4fc', '29379c6a-3b5c-40ae-989c-73dc5d59177d', '以西結書', 31, NOW() - INTERVAL '68 days'),
  ('cb2538c7-402d-4ad3-8776-bb715a2ec4fc', '29379c6a-3b5c-40ae-989c-73dc5d59177d', '以西結書', 32, NOW() - INTERVAL '68 days'),
  ('cb2538c7-402d-4ad3-8776-bb715a2ec4fc', '29379c6a-3b5c-40ae-989c-73dc5d59177d', '以西結書', 33, NOW() - INTERVAL '68 days'),
  ('cb2538c7-402d-4ad3-8776-bb715a2ec4fc', '29379c6a-3b5c-40ae-989c-73dc5d59177d', '以西結書', 34, NOW() - INTERVAL '67 days'),
  ('cb2538c7-402d-4ad3-8776-bb715a2ec4fc', '29379c6a-3b5c-40ae-989c-73dc5d59177d', '以西結書', 35, NOW() - INTERVAL '67 days'),
  ('cb2538c7-402d-4ad3-8776-bb715a2ec4fc', '29379c6a-3b5c-40ae-989c-73dc5d59177d', '以西結書', 36, NOW() - INTERVAL '67 days'),
  ('cb2538c7-402d-4ad3-8776-bb715a2ec4fc', '29379c6a-3b5c-40ae-989c-73dc5d59177d', '以西結書', 37, NOW() - INTERVAL '67 days'),
  ('cb2538c7-402d-4ad3-8776-bb715a2ec4fc', '29379c6a-3b5c-40ae-989c-73dc5d59177d', '以西結書', 38, NOW() - INTERVAL '67 days'),
  ('cb2538c7-402d-4ad3-8776-bb715a2ec4fc', '29379c6a-3b5c-40ae-989c-73dc5d59177d', '以西結書', 39, NOW() - INTERVAL '66 days'),
  ('cb2538c7-402d-4ad3-8776-bb715a2ec4fc', '29379c6a-3b5c-40ae-989c-73dc5d59177d', '以西結書', 40, NOW() - INTERVAL '66 days'),
  ('cb2538c7-402d-4ad3-8776-bb715a2ec4fc', '29379c6a-3b5c-40ae-989c-73dc5d59177d', '以西結書', 41, NOW() - INTERVAL '66 days'),
  ('cb2538c7-402d-4ad3-8776-bb715a2ec4fc', '29379c6a-3b5c-40ae-989c-73dc5d59177d', '以西結書', 42, NOW() - INTERVAL '66 days'),
  ('cb2538c7-402d-4ad3-8776-bb715a2ec4fc', '29379c6a-3b5c-40ae-989c-73dc5d59177d', '以西結書', 43, NOW() - INTERVAL '66 days'),
  ('cb2538c7-402d-4ad3-8776-bb715a2ec4fc', '29379c6a-3b5c-40ae-989c-73dc5d59177d', '以西結書', 44, NOW() - INTERVAL '65 days'),
  ('cb2538c7-402d-4ad3-8776-bb715a2ec4fc', '29379c6a-3b5c-40ae-989c-73dc5d59177d', '以西結書', 45, NOW() - INTERVAL '65 days'),
  ('cb2538c7-402d-4ad3-8776-bb715a2ec4fc', '29379c6a-3b5c-40ae-989c-73dc5d59177d', '以西結書', 46, NOW() - INTERVAL '65 days'),
  ('cb2538c7-402d-4ad3-8776-bb715a2ec4fc', '29379c6a-3b5c-40ae-989c-73dc5d59177d', '以西結書', 47, NOW() - INTERVAL '65 days'),
  ('cb2538c7-402d-4ad3-8776-bb715a2ec4fc', '29379c6a-3b5c-40ae-989c-73dc5d59177d', '以西結書', 48, NOW() - INTERVAL '65 days'),
  ('cb2538c7-402d-4ad3-8776-bb715a2ec4fc', '29379c6a-3b5c-40ae-989c-73dc5d59177d', '約翰一書', 1, NOW() - INTERVAL '64 days'),
  ('cb2538c7-402d-4ad3-8776-bb715a2ec4fc', '29379c6a-3b5c-40ae-989c-73dc5d59177d', '約翰一書', 2, NOW() - INTERVAL '64 days'),
  ('cb2538c7-402d-4ad3-8776-bb715a2ec4fc', '29379c6a-3b5c-40ae-989c-73dc5d59177d', '約翰一書', 3, NOW() - INTERVAL '64 days'),
  ('cb2538c7-402d-4ad3-8776-bb715a2ec4fc', '29379c6a-3b5c-40ae-989c-73dc5d59177d', '約翰一書', 4, NOW() - INTERVAL '64 days'),
  ('cb2538c7-402d-4ad3-8776-bb715a2ec4fc', '29379c6a-3b5c-40ae-989c-73dc5d59177d', '約翰一書', 5, NOW() - INTERVAL '64 days'),
  ('cb2538c7-402d-4ad3-8776-bb715a2ec4fc', '29379c6a-3b5c-40ae-989c-73dc5d59177d', '申命記', 1, NOW() - INTERVAL '63 days'),
  ('cb2538c7-402d-4ad3-8776-bb715a2ec4fc', '29379c6a-3b5c-40ae-989c-73dc5d59177d', '申命記', 2, NOW() - INTERVAL '63 days'),
  ('cb2538c7-402d-4ad3-8776-bb715a2ec4fc', '29379c6a-3b5c-40ae-989c-73dc5d59177d', '申命記', 3, NOW() - INTERVAL '63 days'),
  ('cb2538c7-402d-4ad3-8776-bb715a2ec4fc', '29379c6a-3b5c-40ae-989c-73dc5d59177d', '申命記', 4, NOW() - INTERVAL '63 days'),
  ('cb2538c7-402d-4ad3-8776-bb715a2ec4fc', '29379c6a-3b5c-40ae-989c-73dc5d59177d', '申命記', 5, NOW() - INTERVAL '63 days'),
  ('cb2538c7-402d-4ad3-8776-bb715a2ec4fc', '29379c6a-3b5c-40ae-989c-73dc5d59177d', '申命記', 6, NOW() - INTERVAL '62 days'),
  ('cb2538c7-402d-4ad3-8776-bb715a2ec4fc', '29379c6a-3b5c-40ae-989c-73dc5d59177d', '申命記', 7, NOW() - INTERVAL '62 days'),
  ('cb2538c7-402d-4ad3-8776-bb715a2ec4fc', '29379c6a-3b5c-40ae-989c-73dc5d59177d', '申命記', 8, NOW() - INTERVAL '62 days'),
  ('cb2538c7-402d-4ad3-8776-bb715a2ec4fc', '29379c6a-3b5c-40ae-989c-73dc5d59177d', '申命記', 9, NOW() - INTERVAL '62 days'),
  ('cb2538c7-402d-4ad3-8776-bb715a2ec4fc', '29379c6a-3b5c-40ae-989c-73dc5d59177d', '申命記', 10, NOW() - INTERVAL '62 days'),
  ('cb2538c7-402d-4ad3-8776-bb715a2ec4fc', '29379c6a-3b5c-40ae-989c-73dc5d59177d', '申命記', 11, NOW() - INTERVAL '61 days'),
  ('cb2538c7-402d-4ad3-8776-bb715a2ec4fc', '29379c6a-3b5c-40ae-989c-73dc5d59177d', '申命記', 12, NOW() - INTERVAL '61 days'),
  ('cb2538c7-402d-4ad3-8776-bb715a2ec4fc', '29379c6a-3b5c-40ae-989c-73dc5d59177d', '申命記', 13, NOW() - INTERVAL '61 days'),
  ('cb2538c7-402d-4ad3-8776-bb715a2ec4fc', '29379c6a-3b5c-40ae-989c-73dc5d59177d', '申命記', 14, NOW() - INTERVAL '61 days'),
  ('cb2538c7-402d-4ad3-8776-bb715a2ec4fc', '29379c6a-3b5c-40ae-989c-73dc5d59177d', '申命記', 15, NOW() - INTERVAL '61 days'),
  ('cb2538c7-402d-4ad3-8776-bb715a2ec4fc', '29379c6a-3b5c-40ae-989c-73dc5d59177d', '申命記', 16, NOW() - INTERVAL '60 days'),
  ('cb2538c7-402d-4ad3-8776-bb715a2ec4fc', '29379c6a-3b5c-40ae-989c-73dc5d59177d', '申命記', 17, NOW() - INTERVAL '60 days'),
  ('cb2538c7-402d-4ad3-8776-bb715a2ec4fc', '29379c6a-3b5c-40ae-989c-73dc5d59177d', '申命記', 18, NOW() - INTERVAL '60 days'),
  ('cb2538c7-402d-4ad3-8776-bb715a2ec4fc', '29379c6a-3b5c-40ae-989c-73dc5d59177d', '申命記', 19, NOW() - INTERVAL '60 days'),
  ('cb2538c7-402d-4ad3-8776-bb715a2ec4fc', '29379c6a-3b5c-40ae-989c-73dc5d59177d', '申命記', 20, NOW() - INTERVAL '60 days'),
  ('cb2538c7-402d-4ad3-8776-bb715a2ec4fc', '29379c6a-3b5c-40ae-989c-73dc5d59177d', '申命記', 21, NOW() - INTERVAL '59 days'),
  ('cb2538c7-402d-4ad3-8776-bb715a2ec4fc', '29379c6a-3b5c-40ae-989c-73dc5d59177d', '申命記', 22, NOW() - INTERVAL '59 days'),
  ('cb2538c7-402d-4ad3-8776-bb715a2ec4fc', '29379c6a-3b5c-40ae-989c-73dc5d59177d', '申命記', 23, NOW() - INTERVAL '59 days'),
  ('cb2538c7-402d-4ad3-8776-bb715a2ec4fc', '29379c6a-3b5c-40ae-989c-73dc5d59177d', '申命記', 24, NOW() - INTERVAL '59 days'),
  ('cb2538c7-402d-4ad3-8776-bb715a2ec4fc', '29379c6a-3b5c-40ae-989c-73dc5d59177d', '申命記', 25, NOW() - INTERVAL '59 days'),
  ('cb2538c7-402d-4ad3-8776-bb715a2ec4fc', '29379c6a-3b5c-40ae-989c-73dc5d59177d', '申命記', 26, NOW() - INTERVAL '58 days'),
  ('cb2538c7-402d-4ad3-8776-bb715a2ec4fc', '29379c6a-3b5c-40ae-989c-73dc5d59177d', '申命記', 27, NOW() - INTERVAL '58 days'),
  ('cb2538c7-402d-4ad3-8776-bb715a2ec4fc', '29379c6a-3b5c-40ae-989c-73dc5d59177d', '申命記', 28, NOW() - INTERVAL '58 days'),
  ('cb2538c7-402d-4ad3-8776-bb715a2ec4fc', '29379c6a-3b5c-40ae-989c-73dc5d59177d', '申命記', 29, NOW() - INTERVAL '58 days'),
  ('cb2538c7-402d-4ad3-8776-bb715a2ec4fc', '29379c6a-3b5c-40ae-989c-73dc5d59177d', '申命記', 30, NOW() - INTERVAL '58 days'),
  ('cb2538c7-402d-4ad3-8776-bb715a2ec4fc', '29379c6a-3b5c-40ae-989c-73dc5d59177d', '申命記', 31, NOW() - INTERVAL '57 days'),
  ('cb2538c7-402d-4ad3-8776-bb715a2ec4fc', '29379c6a-3b5c-40ae-989c-73dc5d59177d', '申命記', 32, NOW() - INTERVAL '57 days'),
  ('cb2538c7-402d-4ad3-8776-bb715a2ec4fc', '29379c6a-3b5c-40ae-989c-73dc5d59177d', '申命記', 33, NOW() - INTERVAL '57 days'),
  ('cb2538c7-402d-4ad3-8776-bb715a2ec4fc', '29379c6a-3b5c-40ae-989c-73dc5d59177d', '申命記', 34, NOW() - INTERVAL '57 days'),
  ('cb2538c7-402d-4ad3-8776-bb715a2ec4fc', '29379c6a-3b5c-40ae-989c-73dc5d59177d', '使徒行傳', 1, NOW() - INTERVAL '57 days'),
  ('cb2538c7-402d-4ad3-8776-bb715a2ec4fc', '29379c6a-3b5c-40ae-989c-73dc5d59177d', '使徒行傳', 2, NOW() - INTERVAL '56 days'),
  ('cb2538c7-402d-4ad3-8776-bb715a2ec4fc', '29379c6a-3b5c-40ae-989c-73dc5d59177d', '使徒行傳', 3, NOW() - INTERVAL '56 days'),
  ('cb2538c7-402d-4ad3-8776-bb715a2ec4fc', '29379c6a-3b5c-40ae-989c-73dc5d59177d', '使徒行傳', 4, NOW() - INTERVAL '56 days'),
  ('cb2538c7-402d-4ad3-8776-bb715a2ec4fc', '29379c6a-3b5c-40ae-989c-73dc5d59177d', '使徒行傳', 5, NOW() - INTERVAL '56 days'),
  ('cb2538c7-402d-4ad3-8776-bb715a2ec4fc', '29379c6a-3b5c-40ae-989c-73dc5d59177d', '使徒行傳', 6, NOW() - INTERVAL '56 days'),
  ('cb2538c7-402d-4ad3-8776-bb715a2ec4fc', '29379c6a-3b5c-40ae-989c-73dc5d59177d', '使徒行傳', 7, NOW() - INTERVAL '55 days'),
  ('cb2538c7-402d-4ad3-8776-bb715a2ec4fc', '29379c6a-3b5c-40ae-989c-73dc5d59177d', '使徒行傳', 8, NOW() - INTERVAL '55 days'),
  ('cb2538c7-402d-4ad3-8776-bb715a2ec4fc', '29379c6a-3b5c-40ae-989c-73dc5d59177d', '使徒行傳', 9, NOW() - INTERVAL '55 days'),
  ('cb2538c7-402d-4ad3-8776-bb715a2ec4fc', '29379c6a-3b5c-40ae-989c-73dc5d59177d', '使徒行傳', 10, NOW() - INTERVAL '55 days'),
  ('cb2538c7-402d-4ad3-8776-bb715a2ec4fc', '29379c6a-3b5c-40ae-989c-73dc5d59177d', '使徒行傳', 11, NOW() - INTERVAL '55 days'),
  ('cb2538c7-402d-4ad3-8776-bb715a2ec4fc', '29379c6a-3b5c-40ae-989c-73dc5d59177d', '使徒行傳', 12, NOW() - INTERVAL '54 days'),
  ('cb2538c7-402d-4ad3-8776-bb715a2ec4fc', '29379c6a-3b5c-40ae-989c-73dc5d59177d', '使徒行傳', 13, NOW() - INTERVAL '54 days'),
  ('cb2538c7-402d-4ad3-8776-bb715a2ec4fc', '29379c6a-3b5c-40ae-989c-73dc5d59177d', '使徒行傳', 14, NOW() - INTERVAL '54 days'),
  ('cb2538c7-402d-4ad3-8776-bb715a2ec4fc', '29379c6a-3b5c-40ae-989c-73dc5d59177d', '使徒行傳', 15, NOW() - INTERVAL '54 days'),
  ('cb2538c7-402d-4ad3-8776-bb715a2ec4fc', '29379c6a-3b5c-40ae-989c-73dc5d59177d', '使徒行傳', 16, NOW() - INTERVAL '54 days'),
  ('cb2538c7-402d-4ad3-8776-bb715a2ec4fc', '29379c6a-3b5c-40ae-989c-73dc5d59177d', '使徒行傳', 17, NOW() - INTERVAL '53 days'),
  ('cb2538c7-402d-4ad3-8776-bb715a2ec4fc', '29379c6a-3b5c-40ae-989c-73dc5d59177d', '使徒行傳', 18, NOW() - INTERVAL '53 days'),
  ('cb2538c7-402d-4ad3-8776-bb715a2ec4fc', '29379c6a-3b5c-40ae-989c-73dc5d59177d', '使徒行傳', 19, NOW() - INTERVAL '53 days'),
  ('cb2538c7-402d-4ad3-8776-bb715a2ec4fc', '29379c6a-3b5c-40ae-989c-73dc5d59177d', '使徒行傳', 20, NOW() - INTERVAL '53 days'),
  ('cb2538c7-402d-4ad3-8776-bb715a2ec4fc', '29379c6a-3b5c-40ae-989c-73dc5d59177d', '使徒行傳', 21, NOW() - INTERVAL '53 days'),
  ('cb2538c7-402d-4ad3-8776-bb715a2ec4fc', '29379c6a-3b5c-40ae-989c-73dc5d59177d', '使徒行傳', 22, NOW() - INTERVAL '52 days'),
  ('cb2538c7-402d-4ad3-8776-bb715a2ec4fc', '29379c6a-3b5c-40ae-989c-73dc5d59177d', '使徒行傳', 23, NOW() - INTERVAL '52 days'),
  ('cb2538c7-402d-4ad3-8776-bb715a2ec4fc', '29379c6a-3b5c-40ae-989c-73dc5d59177d', '使徒行傳', 24, NOW() - INTERVAL '52 days'),
  ('cb2538c7-402d-4ad3-8776-bb715a2ec4fc', '29379c6a-3b5c-40ae-989c-73dc5d59177d', '使徒行傳', 25, NOW() - INTERVAL '52 days'),
  ('cb2538c7-402d-4ad3-8776-bb715a2ec4fc', '29379c6a-3b5c-40ae-989c-73dc5d59177d', '使徒行傳', 26, NOW() - INTERVAL '52 days'),
  ('cb2538c7-402d-4ad3-8776-bb715a2ec4fc', '29379c6a-3b5c-40ae-989c-73dc5d59177d', '使徒行傳', 27, NOW() - INTERVAL '51 days'),
  ('cb2538c7-402d-4ad3-8776-bb715a2ec4fc', '29379c6a-3b5c-40ae-989c-73dc5d59177d', '使徒行傳', 28, NOW() - INTERVAL '51 days'),
  ('cb2538c7-402d-4ad3-8776-bb715a2ec4fc', '29379c6a-3b5c-40ae-989c-73dc5d59177d', '箴言', 1, NOW() - INTERVAL '51 days'),
  ('cb2538c7-402d-4ad3-8776-bb715a2ec4fc', '29379c6a-3b5c-40ae-989c-73dc5d59177d', '箴言', 2, NOW() - INTERVAL '51 days'),
  ('cb2538c7-402d-4ad3-8776-bb715a2ec4fc', '29379c6a-3b5c-40ae-989c-73dc5d59177d', '箴言', 3, NOW() - INTERVAL '51 days'),
  ('cb2538c7-402d-4ad3-8776-bb715a2ec4fc', '29379c6a-3b5c-40ae-989c-73dc5d59177d', '箴言', 4, NOW() - INTERVAL '50 days'),
  ('cb2538c7-402d-4ad3-8776-bb715a2ec4fc', '29379c6a-3b5c-40ae-989c-73dc5d59177d', '箴言', 5, NOW() - INTERVAL '50 days'),
  ('cb2538c7-402d-4ad3-8776-bb715a2ec4fc', '29379c6a-3b5c-40ae-989c-73dc5d59177d', '箴言', 6, NOW() - INTERVAL '50 days'),
  ('cb2538c7-402d-4ad3-8776-bb715a2ec4fc', '29379c6a-3b5c-40ae-989c-73dc5d59177d', '箴言', 7, NOW() - INTERVAL '50 days'),
  ('cb2538c7-402d-4ad3-8776-bb715a2ec4fc', '29379c6a-3b5c-40ae-989c-73dc5d59177d', '箴言', 8, NOW() - INTERVAL '50 days'),
  ('cb2538c7-402d-4ad3-8776-bb715a2ec4fc', '29379c6a-3b5c-40ae-989c-73dc5d59177d', '箴言', 9, NOW() - INTERVAL '49 days'),
  ('cb2538c7-402d-4ad3-8776-bb715a2ec4fc', '29379c6a-3b5c-40ae-989c-73dc5d59177d', '箴言', 10, NOW() - INTERVAL '49 days'),
  ('cb2538c7-402d-4ad3-8776-bb715a2ec4fc', '29379c6a-3b5c-40ae-989c-73dc5d59177d', '箴言', 11, NOW() - INTERVAL '49 days'),
  ('cb2538c7-402d-4ad3-8776-bb715a2ec4fc', '29379c6a-3b5c-40ae-989c-73dc5d59177d', '箴言', 12, NOW() - INTERVAL '49 days'),
  ('cb2538c7-402d-4ad3-8776-bb715a2ec4fc', '29379c6a-3b5c-40ae-989c-73dc5d59177d', '箴言', 13, NOW() - INTERVAL '49 days'),
  ('cb2538c7-402d-4ad3-8776-bb715a2ec4fc', '29379c6a-3b5c-40ae-989c-73dc5d59177d', '箴言', 14, NOW() - INTERVAL '48 days'),
  ('cb2538c7-402d-4ad3-8776-bb715a2ec4fc', '29379c6a-3b5c-40ae-989c-73dc5d59177d', '箴言', 15, NOW() - INTERVAL '48 days'),
  ('cb2538c7-402d-4ad3-8776-bb715a2ec4fc', '29379c6a-3b5c-40ae-989c-73dc5d59177d', '箴言', 16, NOW() - INTERVAL '48 days'),
  ('cb2538c7-402d-4ad3-8776-bb715a2ec4fc', '29379c6a-3b5c-40ae-989c-73dc5d59177d', '箴言', 17, NOW() - INTERVAL '48 days'),
  ('cb2538c7-402d-4ad3-8776-bb715a2ec4fc', '29379c6a-3b5c-40ae-989c-73dc5d59177d', '箴言', 18, NOW() - INTERVAL '48 days'),
  ('cb2538c7-402d-4ad3-8776-bb715a2ec4fc', '29379c6a-3b5c-40ae-989c-73dc5d59177d', '箴言', 19, NOW() - INTERVAL '47 days'),
  ('cb2538c7-402d-4ad3-8776-bb715a2ec4fc', '29379c6a-3b5c-40ae-989c-73dc5d59177d', '箴言', 20, NOW() - INTERVAL '47 days'),
  ('cb2538c7-402d-4ad3-8776-bb715a2ec4fc', '29379c6a-3b5c-40ae-989c-73dc5d59177d', '箴言', 21, NOW() - INTERVAL '47 days'),
  ('cb2538c7-402d-4ad3-8776-bb715a2ec4fc', '29379c6a-3b5c-40ae-989c-73dc5d59177d', '箴言', 22, NOW() - INTERVAL '47 days'),
  ('cb2538c7-402d-4ad3-8776-bb715a2ec4fc', '29379c6a-3b5c-40ae-989c-73dc5d59177d', '箴言', 23, NOW() - INTERVAL '47 days'),
  ('cb2538c7-402d-4ad3-8776-bb715a2ec4fc', '29379c6a-3b5c-40ae-989c-73dc5d59177d', '箴言', 24, NOW() - INTERVAL '46 days'),
  ('cb2538c7-402d-4ad3-8776-bb715a2ec4fc', '29379c6a-3b5c-40ae-989c-73dc5d59177d', '箴言', 25, NOW() - INTERVAL '46 days'),
  ('cb2538c7-402d-4ad3-8776-bb715a2ec4fc', '29379c6a-3b5c-40ae-989c-73dc5d59177d', '箴言', 26, NOW() - INTERVAL '46 days'),
  ('cb2538c7-402d-4ad3-8776-bb715a2ec4fc', '29379c6a-3b5c-40ae-989c-73dc5d59177d', '箴言', 27, NOW() - INTERVAL '46 days'),
  ('cb2538c7-402d-4ad3-8776-bb715a2ec4fc', '29379c6a-3b5c-40ae-989c-73dc5d59177d', '箴言', 28, NOW() - INTERVAL '46 days'),
  ('cb2538c7-402d-4ad3-8776-bb715a2ec4fc', '29379c6a-3b5c-40ae-989c-73dc5d59177d', '箴言', 29, NOW() - INTERVAL '45 days'),
  ('cb2538c7-402d-4ad3-8776-bb715a2ec4fc', '29379c6a-3b5c-40ae-989c-73dc5d59177d', '箴言', 30, NOW() - INTERVAL '45 days'),
  ('cb2538c7-402d-4ad3-8776-bb715a2ec4fc', '29379c6a-3b5c-40ae-989c-73dc5d59177d', '箴言', 31, NOW() - INTERVAL '45 days'),
  ('cb2538c7-402d-4ad3-8776-bb715a2ec4fc', '29379c6a-3b5c-40ae-989c-73dc5d59177d', '提摩太後書', 1, NOW() - INTERVAL '45 days'),
  ('cb2538c7-402d-4ad3-8776-bb715a2ec4fc', '29379c6a-3b5c-40ae-989c-73dc5d59177d', '提摩太後書', 2, NOW() - INTERVAL '45 days'),
  ('cb2538c7-402d-4ad3-8776-bb715a2ec4fc', '29379c6a-3b5c-40ae-989c-73dc5d59177d', '提摩太後書', 3, NOW() - INTERVAL '44 days'),
  ('cb2538c7-402d-4ad3-8776-bb715a2ec4fc', '29379c6a-3b5c-40ae-989c-73dc5d59177d', '提摩太後書', 4, NOW() - INTERVAL '44 days'),
  ('cb2538c7-402d-4ad3-8776-bb715a2ec4fc', '29379c6a-3b5c-40ae-989c-73dc5d59177d', '傳道書', 1, NOW() - INTERVAL '44 days'),
  ('cb2538c7-402d-4ad3-8776-bb715a2ec4fc', '29379c6a-3b5c-40ae-989c-73dc5d59177d', '傳道書', 2, NOW() - INTERVAL '44 days'),
  ('cb2538c7-402d-4ad3-8776-bb715a2ec4fc', '29379c6a-3b5c-40ae-989c-73dc5d59177d', '傳道書', 3, NOW() - INTERVAL '44 days'),
  ('cb2538c7-402d-4ad3-8776-bb715a2ec4fc', '29379c6a-3b5c-40ae-989c-73dc5d59177d', '傳道書', 4, NOW() - INTERVAL '43 days'),
  ('cb2538c7-402d-4ad3-8776-bb715a2ec4fc', '29379c6a-3b5c-40ae-989c-73dc5d59177d', '傳道書', 5, NOW() - INTERVAL '43 days'),
  ('cb2538c7-402d-4ad3-8776-bb715a2ec4fc', '29379c6a-3b5c-40ae-989c-73dc5d59177d', '傳道書', 6, NOW() - INTERVAL '43 days'),
  ('cb2538c7-402d-4ad3-8776-bb715a2ec4fc', '29379c6a-3b5c-40ae-989c-73dc5d59177d', '傳道書', 7, NOW() - INTERVAL '43 days'),
  ('cb2538c7-402d-4ad3-8776-bb715a2ec4fc', '29379c6a-3b5c-40ae-989c-73dc5d59177d', '傳道書', 8, NOW() - INTERVAL '43 days'),
  ('cb2538c7-402d-4ad3-8776-bb715a2ec4fc', '29379c6a-3b5c-40ae-989c-73dc5d59177d', '傳道書', 9, NOW() - INTERVAL '42 days'),
  ('cb2538c7-402d-4ad3-8776-bb715a2ec4fc', '29379c6a-3b5c-40ae-989c-73dc5d59177d', '傳道書', 10, NOW() - INTERVAL '42 days'),
  ('cb2538c7-402d-4ad3-8776-bb715a2ec4fc', '29379c6a-3b5c-40ae-989c-73dc5d59177d', '傳道書', 11, NOW() - INTERVAL '42 days'),
  ('cb2538c7-402d-4ad3-8776-bb715a2ec4fc', '29379c6a-3b5c-40ae-989c-73dc5d59177d', '傳道書', 12, NOW() - INTERVAL '42 days'),
  ('cb2538c7-402d-4ad3-8776-bb715a2ec4fc', '29379c6a-3b5c-40ae-989c-73dc5d59177d', '腓利門書', 1, NOW() - INTERVAL '42 days'),
  ('cb2538c7-402d-4ad3-8776-bb715a2ec4fc', '29379c6a-3b5c-40ae-989c-73dc5d59177d', '約書亞記', 1, NOW() - INTERVAL '41 days'),
  ('cb2538c7-402d-4ad3-8776-bb715a2ec4fc', '29379c6a-3b5c-40ae-989c-73dc5d59177d', '約書亞記', 2, NOW() - INTERVAL '41 days'),
  ('cb2538c7-402d-4ad3-8776-bb715a2ec4fc', '29379c6a-3b5c-40ae-989c-73dc5d59177d', '約書亞記', 3, NOW() - INTERVAL '41 days'),
  ('cb2538c7-402d-4ad3-8776-bb715a2ec4fc', '29379c6a-3b5c-40ae-989c-73dc5d59177d', '約書亞記', 4, NOW() - INTERVAL '41 days'),
  ('cb2538c7-402d-4ad3-8776-bb715a2ec4fc', '29379c6a-3b5c-40ae-989c-73dc5d59177d', '約書亞記', 5, NOW() - INTERVAL '41 days'),
  ('cb2538c7-402d-4ad3-8776-bb715a2ec4fc', '29379c6a-3b5c-40ae-989c-73dc5d59177d', '約書亞記', 6, NOW() - INTERVAL '40 days'),
  ('cb2538c7-402d-4ad3-8776-bb715a2ec4fc', '29379c6a-3b5c-40ae-989c-73dc5d59177d', '約書亞記', 7, NOW() - INTERVAL '40 days'),
  ('cb2538c7-402d-4ad3-8776-bb715a2ec4fc', '29379c6a-3b5c-40ae-989c-73dc5d59177d', '約書亞記', 8, NOW() - INTERVAL '40 days'),
  ('cb2538c7-402d-4ad3-8776-bb715a2ec4fc', '29379c6a-3b5c-40ae-989c-73dc5d59177d', '約書亞記', 9, NOW() - INTERVAL '40 days'),
  ('cb2538c7-402d-4ad3-8776-bb715a2ec4fc', '29379c6a-3b5c-40ae-989c-73dc5d59177d', '約書亞記', 10, NOW() - INTERVAL '40 days'),
  ('cb2538c7-402d-4ad3-8776-bb715a2ec4fc', '29379c6a-3b5c-40ae-989c-73dc5d59177d', '約書亞記', 11, NOW() - INTERVAL '39 days'),
  ('cb2538c7-402d-4ad3-8776-bb715a2ec4fc', '29379c6a-3b5c-40ae-989c-73dc5d59177d', '約書亞記', 12, NOW() - INTERVAL '39 days'),
  ('cb2538c7-402d-4ad3-8776-bb715a2ec4fc', '29379c6a-3b5c-40ae-989c-73dc5d59177d', '約書亞記', 13, NOW() - INTERVAL '39 days'),
  ('cb2538c7-402d-4ad3-8776-bb715a2ec4fc', '29379c6a-3b5c-40ae-989c-73dc5d59177d', '約書亞記', 14, NOW() - INTERVAL '39 days'),
  ('cb2538c7-402d-4ad3-8776-bb715a2ec4fc', '29379c6a-3b5c-40ae-989c-73dc5d59177d', '約書亞記', 15, NOW() - INTERVAL '39 days'),
  ('cb2538c7-402d-4ad3-8776-bb715a2ec4fc', '29379c6a-3b5c-40ae-989c-73dc5d59177d', '約書亞記', 16, NOW() - INTERVAL '38 days'),
  ('cb2538c7-402d-4ad3-8776-bb715a2ec4fc', '29379c6a-3b5c-40ae-989c-73dc5d59177d', '約書亞記', 17, NOW() - INTERVAL '38 days'),
  ('cb2538c7-402d-4ad3-8776-bb715a2ec4fc', '29379c6a-3b5c-40ae-989c-73dc5d59177d', '約書亞記', 18, NOW() - INTERVAL '38 days'),
  ('cb2538c7-402d-4ad3-8776-bb715a2ec4fc', '29379c6a-3b5c-40ae-989c-73dc5d59177d', '約書亞記', 19, NOW() - INTERVAL '38 days'),
  ('cb2538c7-402d-4ad3-8776-bb715a2ec4fc', '29379c6a-3b5c-40ae-989c-73dc5d59177d', '約書亞記', 20, NOW() - INTERVAL '38 days'),
  ('cb2538c7-402d-4ad3-8776-bb715a2ec4fc', '29379c6a-3b5c-40ae-989c-73dc5d59177d', '約書亞記', 21, NOW() - INTERVAL '37 days'),
  ('cb2538c7-402d-4ad3-8776-bb715a2ec4fc', '29379c6a-3b5c-40ae-989c-73dc5d59177d', '約書亞記', 22, NOW() - INTERVAL '37 days'),
  ('cb2538c7-402d-4ad3-8776-bb715a2ec4fc', '29379c6a-3b5c-40ae-989c-73dc5d59177d', '約書亞記', 23, NOW() - INTERVAL '37 days'),
  ('cb2538c7-402d-4ad3-8776-bb715a2ec4fc', '29379c6a-3b5c-40ae-989c-73dc5d59177d', '約書亞記', 24, NOW() - INTERVAL '37 days'),
  ('cb2538c7-402d-4ad3-8776-bb715a2ec4fc', '29379c6a-3b5c-40ae-989c-73dc5d59177d', '羅馬書', 1, NOW() - INTERVAL '37 days'),
  ('cb2538c7-402d-4ad3-8776-bb715a2ec4fc', '29379c6a-3b5c-40ae-989c-73dc5d59177d', '羅馬書', 2, NOW() - INTERVAL '36 days'),
  ('cb2538c7-402d-4ad3-8776-bb715a2ec4fc', '29379c6a-3b5c-40ae-989c-73dc5d59177d', '羅馬書', 3, NOW() - INTERVAL '36 days'),
  ('cb2538c7-402d-4ad3-8776-bb715a2ec4fc', '29379c6a-3b5c-40ae-989c-73dc5d59177d', '羅馬書', 4, NOW() - INTERVAL '36 days'),
  ('cb2538c7-402d-4ad3-8776-bb715a2ec4fc', '29379c6a-3b5c-40ae-989c-73dc5d59177d', '羅馬書', 5, NOW() - INTERVAL '36 days'),
  ('cb2538c7-402d-4ad3-8776-bb715a2ec4fc', '29379c6a-3b5c-40ae-989c-73dc5d59177d', '羅馬書', 6, NOW() - INTERVAL '36 days'),
  ('cb2538c7-402d-4ad3-8776-bb715a2ec4fc', '29379c6a-3b5c-40ae-989c-73dc5d59177d', '羅馬書', 7, NOW() - INTERVAL '35 days'),
  ('cb2538c7-402d-4ad3-8776-bb715a2ec4fc', '29379c6a-3b5c-40ae-989c-73dc5d59177d', '羅馬書', 8, NOW() - INTERVAL '35 days'),
  ('cb2538c7-402d-4ad3-8776-bb715a2ec4fc', '29379c6a-3b5c-40ae-989c-73dc5d59177d', '羅馬書', 9, NOW() - INTERVAL '35 days'),
  ('cb2538c7-402d-4ad3-8776-bb715a2ec4fc', '29379c6a-3b5c-40ae-989c-73dc5d59177d', '羅馬書', 10, NOW() - INTERVAL '35 days'),
  ('cb2538c7-402d-4ad3-8776-bb715a2ec4fc', '29379c6a-3b5c-40ae-989c-73dc5d59177d', '羅馬書', 11, NOW() - INTERVAL '35 days'),
  ('cb2538c7-402d-4ad3-8776-bb715a2ec4fc', '29379c6a-3b5c-40ae-989c-73dc5d59177d', '羅馬書', 12, NOW() - INTERVAL '34 days'),
  ('cb2538c7-402d-4ad3-8776-bb715a2ec4fc', '29379c6a-3b5c-40ae-989c-73dc5d59177d', '羅馬書', 13, NOW() - INTERVAL '34 days'),
  ('cb2538c7-402d-4ad3-8776-bb715a2ec4fc', '29379c6a-3b5c-40ae-989c-73dc5d59177d', '羅馬書', 14, NOW() - INTERVAL '34 days'),
  ('cb2538c7-402d-4ad3-8776-bb715a2ec4fc', '29379c6a-3b5c-40ae-989c-73dc5d59177d', '羅馬書', 15, NOW() - INTERVAL '34 days'),
  ('cb2538c7-402d-4ad3-8776-bb715a2ec4fc', '29379c6a-3b5c-40ae-989c-73dc5d59177d', '羅馬書', 16, NOW() - INTERVAL '34 days'),
  ('cb2538c7-402d-4ad3-8776-bb715a2ec4fc', '29379c6a-3b5c-40ae-989c-73dc5d59177d', '耶利米書', 1, NOW() - INTERVAL '33 days'),
  ('cb2538c7-402d-4ad3-8776-bb715a2ec4fc', '29379c6a-3b5c-40ae-989c-73dc5d59177d', '耶利米書', 2, NOW() - INTERVAL '33 days'),
  ('cb2538c7-402d-4ad3-8776-bb715a2ec4fc', '29379c6a-3b5c-40ae-989c-73dc5d59177d', '耶利米書', 3, NOW() - INTERVAL '33 days'),
  ('cb2538c7-402d-4ad3-8776-bb715a2ec4fc', '29379c6a-3b5c-40ae-989c-73dc5d59177d', '耶利米書', 4, NOW() - INTERVAL '33 days'),
  ('cb2538c7-402d-4ad3-8776-bb715a2ec4fc', '29379c6a-3b5c-40ae-989c-73dc5d59177d', '耶利米書', 5, NOW() - INTERVAL '33 days'),
  ('cb2538c7-402d-4ad3-8776-bb715a2ec4fc', '29379c6a-3b5c-40ae-989c-73dc5d59177d', '耶利米書', 6, NOW() - INTERVAL '32 days'),
  ('cb2538c7-402d-4ad3-8776-bb715a2ec4fc', '29379c6a-3b5c-40ae-989c-73dc5d59177d', '耶利米書', 7, NOW() - INTERVAL '32 days'),
  ('cb2538c7-402d-4ad3-8776-bb715a2ec4fc', '29379c6a-3b5c-40ae-989c-73dc5d59177d', '耶利米書', 8, NOW() - INTERVAL '32 days'),
  ('cb2538c7-402d-4ad3-8776-bb715a2ec4fc', '29379c6a-3b5c-40ae-989c-73dc5d59177d', '耶利米書', 9, NOW() - INTERVAL '32 days'),
  ('cb2538c7-402d-4ad3-8776-bb715a2ec4fc', '29379c6a-3b5c-40ae-989c-73dc5d59177d', '耶利米書', 10, NOW() - INTERVAL '32 days'),
  ('cb2538c7-402d-4ad3-8776-bb715a2ec4fc', '29379c6a-3b5c-40ae-989c-73dc5d59177d', '耶利米書', 11, NOW() - INTERVAL '31 days'),
  ('cb2538c7-402d-4ad3-8776-bb715a2ec4fc', '29379c6a-3b5c-40ae-989c-73dc5d59177d', '耶利米書', 12, NOW() - INTERVAL '31 days'),
  ('cb2538c7-402d-4ad3-8776-bb715a2ec4fc', '29379c6a-3b5c-40ae-989c-73dc5d59177d', '耶利米書', 13, NOW() - INTERVAL '31 days'),
  ('cb2538c7-402d-4ad3-8776-bb715a2ec4fc', '29379c6a-3b5c-40ae-989c-73dc5d59177d', '耶利米書', 14, NOW() - INTERVAL '31 days'),
  ('cb2538c7-402d-4ad3-8776-bb715a2ec4fc', '29379c6a-3b5c-40ae-989c-73dc5d59177d', '耶利米書', 15, NOW() - INTERVAL '31 days'),
  ('cb2538c7-402d-4ad3-8776-bb715a2ec4fc', '29379c6a-3b5c-40ae-989c-73dc5d59177d', '耶利米書', 16, NOW() - INTERVAL '30 days'),
  ('cb2538c7-402d-4ad3-8776-bb715a2ec4fc', '29379c6a-3b5c-40ae-989c-73dc5d59177d', '耶利米書', 17, NOW() - INTERVAL '30 days'),
  ('cb2538c7-402d-4ad3-8776-bb715a2ec4fc', '29379c6a-3b5c-40ae-989c-73dc5d59177d', '耶利米書', 18, NOW() - INTERVAL '30 days'),
  ('cb2538c7-402d-4ad3-8776-bb715a2ec4fc', '29379c6a-3b5c-40ae-989c-73dc5d59177d', '耶利米書', 19, NOW() - INTERVAL '30 days'),
  ('cb2538c7-402d-4ad3-8776-bb715a2ec4fc', '29379c6a-3b5c-40ae-989c-73dc5d59177d', '耶利米書', 20, NOW() - INTERVAL '30 days'),
  ('cb2538c7-402d-4ad3-8776-bb715a2ec4fc', '29379c6a-3b5c-40ae-989c-73dc5d59177d', '耶利米書', 21, NOW() - INTERVAL '29 days'),
  ('cb2538c7-402d-4ad3-8776-bb715a2ec4fc', '29379c6a-3b5c-40ae-989c-73dc5d59177d', '耶利米書', 22, NOW() - INTERVAL '29 days'),
  ('cb2538c7-402d-4ad3-8776-bb715a2ec4fc', '29379c6a-3b5c-40ae-989c-73dc5d59177d', '耶利米書', 23, NOW() - INTERVAL '29 days'),
  ('cb2538c7-402d-4ad3-8776-bb715a2ec4fc', '29379c6a-3b5c-40ae-989c-73dc5d59177d', '耶利米書', 24, NOW() - INTERVAL '29 days'),
  ('cb2538c7-402d-4ad3-8776-bb715a2ec4fc', '29379c6a-3b5c-40ae-989c-73dc5d59177d', '耶利米書', 25, NOW() - INTERVAL '29 days'),
  ('cb2538c7-402d-4ad3-8776-bb715a2ec4fc', '29379c6a-3b5c-40ae-989c-73dc5d59177d', '耶利米書', 26, NOW() - INTERVAL '28 days'),
  ('cb2538c7-402d-4ad3-8776-bb715a2ec4fc', '29379c6a-3b5c-40ae-989c-73dc5d59177d', '耶利米書', 27, NOW() - INTERVAL '28 days'),
  ('cb2538c7-402d-4ad3-8776-bb715a2ec4fc', '29379c6a-3b5c-40ae-989c-73dc5d59177d', '耶利米書', 28, NOW() - INTERVAL '28 days'),
  ('cb2538c7-402d-4ad3-8776-bb715a2ec4fc', '29379c6a-3b5c-40ae-989c-73dc5d59177d', '耶利米書', 29, NOW() - INTERVAL '28 days'),
  ('cb2538c7-402d-4ad3-8776-bb715a2ec4fc', '29379c6a-3b5c-40ae-989c-73dc5d59177d', '耶利米書', 30, NOW() - INTERVAL '28 days'),
  ('cb2538c7-402d-4ad3-8776-bb715a2ec4fc', '29379c6a-3b5c-40ae-989c-73dc5d59177d', '耶利米書', 31, NOW() - INTERVAL '27 days'),
  ('cb2538c7-402d-4ad3-8776-bb715a2ec4fc', '29379c6a-3b5c-40ae-989c-73dc5d59177d', '耶利米書', 32, NOW() - INTERVAL '27 days'),
  ('cb2538c7-402d-4ad3-8776-bb715a2ec4fc', '29379c6a-3b5c-40ae-989c-73dc5d59177d', '耶利米書', 33, NOW() - INTERVAL '27 days'),
  ('cb2538c7-402d-4ad3-8776-bb715a2ec4fc', '29379c6a-3b5c-40ae-989c-73dc5d59177d', '耶利米書', 34, NOW() - INTERVAL '27 days'),
  ('cb2538c7-402d-4ad3-8776-bb715a2ec4fc', '29379c6a-3b5c-40ae-989c-73dc5d59177d', '耶利米書', 35, NOW() - INTERVAL '27 days'),
  ('cb2538c7-402d-4ad3-8776-bb715a2ec4fc', '29379c6a-3b5c-40ae-989c-73dc5d59177d', '耶利米書', 36, NOW() - INTERVAL '26 days'),
  ('cb2538c7-402d-4ad3-8776-bb715a2ec4fc', '29379c6a-3b5c-40ae-989c-73dc5d59177d', '耶利米書', 37, NOW() - INTERVAL '26 days'),
  ('cb2538c7-402d-4ad3-8776-bb715a2ec4fc', '29379c6a-3b5c-40ae-989c-73dc5d59177d', '耶利米書', 38, NOW() - INTERVAL '26 days'),
  ('cb2538c7-402d-4ad3-8776-bb715a2ec4fc', '29379c6a-3b5c-40ae-989c-73dc5d59177d', '耶利米書', 39, NOW() - INTERVAL '26 days'),
  ('cb2538c7-402d-4ad3-8776-bb715a2ec4fc', '29379c6a-3b5c-40ae-989c-73dc5d59177d', '耶利米書', 40, NOW() - INTERVAL '26 days'),
  ('cb2538c7-402d-4ad3-8776-bb715a2ec4fc', '29379c6a-3b5c-40ae-989c-73dc5d59177d', '耶利米書', 41, NOW() - INTERVAL '25 days'),
  ('cb2538c7-402d-4ad3-8776-bb715a2ec4fc', '29379c6a-3b5c-40ae-989c-73dc5d59177d', '耶利米書', 42, NOW() - INTERVAL '25 days'),
  ('cb2538c7-402d-4ad3-8776-bb715a2ec4fc', '29379c6a-3b5c-40ae-989c-73dc5d59177d', '耶利米書', 43, NOW() - INTERVAL '25 days'),
  ('cb2538c7-402d-4ad3-8776-bb715a2ec4fc', '29379c6a-3b5c-40ae-989c-73dc5d59177d', '耶利米書', 44, NOW() - INTERVAL '25 days'),
  ('cb2538c7-402d-4ad3-8776-bb715a2ec4fc', '29379c6a-3b5c-40ae-989c-73dc5d59177d', '耶利米書', 45, NOW() - INTERVAL '25 days'),
  ('cb2538c7-402d-4ad3-8776-bb715a2ec4fc', '29379c6a-3b5c-40ae-989c-73dc5d59177d', '耶利米書', 46, NOW() - INTERVAL '24 days'),
  ('cb2538c7-402d-4ad3-8776-bb715a2ec4fc', '29379c6a-3b5c-40ae-989c-73dc5d59177d', '耶利米書', 47, NOW() - INTERVAL '24 days'),
  ('cb2538c7-402d-4ad3-8776-bb715a2ec4fc', '29379c6a-3b5c-40ae-989c-73dc5d59177d', '耶利米書', 48, NOW() - INTERVAL '24 days'),
  ('cb2538c7-402d-4ad3-8776-bb715a2ec4fc', '29379c6a-3b5c-40ae-989c-73dc5d59177d', '耶利米書', 49, NOW() - INTERVAL '24 days'),
  ('cb2538c7-402d-4ad3-8776-bb715a2ec4fc', '29379c6a-3b5c-40ae-989c-73dc5d59177d', '耶利米書', 50, NOW() - INTERVAL '24 days'),
  ('cb2538c7-402d-4ad3-8776-bb715a2ec4fc', '29379c6a-3b5c-40ae-989c-73dc5d59177d', '耶利米書', 51, NOW() - INTERVAL '23 days'),
  ('cb2538c7-402d-4ad3-8776-bb715a2ec4fc', '29379c6a-3b5c-40ae-989c-73dc5d59177d', '耶利米書', 52, NOW() - INTERVAL '23 days'),
  ('cb2538c7-402d-4ad3-8776-bb715a2ec4fc', '29379c6a-3b5c-40ae-989c-73dc5d59177d', '彼得後書', 1, NOW() - INTERVAL '23 days'),
  ('cb2538c7-402d-4ad3-8776-bb715a2ec4fc', '29379c6a-3b5c-40ae-989c-73dc5d59177d', '彼得後書', 2, NOW() - INTERVAL '23 days'),
  ('cb2538c7-402d-4ad3-8776-bb715a2ec4fc', '29379c6a-3b5c-40ae-989c-73dc5d59177d', '彼得後書', 3, NOW() - INTERVAL '23 days'),
  ('cb2538c7-402d-4ad3-8776-bb715a2ec4fc', '29379c6a-3b5c-40ae-989c-73dc5d59177d', '西番雅書', 1, NOW() - INTERVAL '22 days'),
  ('cb2538c7-402d-4ad3-8776-bb715a2ec4fc', '29379c6a-3b5c-40ae-989c-73dc5d59177d', '西番雅書', 2, NOW() - INTERVAL '22 days'),
  ('cb2538c7-402d-4ad3-8776-bb715a2ec4fc', '29379c6a-3b5c-40ae-989c-73dc5d59177d', '西番雅書', 3, NOW() - INTERVAL '22 days'),
  ('cb2538c7-402d-4ad3-8776-bb715a2ec4fc', '29379c6a-3b5c-40ae-989c-73dc5d59177d', '哈該書', 1, NOW() - INTERVAL '22 days'),
  ('cb2538c7-402d-4ad3-8776-bb715a2ec4fc', '29379c6a-3b5c-40ae-989c-73dc5d59177d', '哈該書', 2, NOW() - INTERVAL '22 days'),
  ('cb2538c7-402d-4ad3-8776-bb715a2ec4fc', '29379c6a-3b5c-40ae-989c-73dc5d59177d', '士師記', 1, NOW() - INTERVAL '21 days'),
  ('cb2538c7-402d-4ad3-8776-bb715a2ec4fc', '29379c6a-3b5c-40ae-989c-73dc5d59177d', '士師記', 2, NOW() - INTERVAL '21 days'),
  ('cb2538c7-402d-4ad3-8776-bb715a2ec4fc', '29379c6a-3b5c-40ae-989c-73dc5d59177d', '士師記', 3, NOW() - INTERVAL '21 days'),
  ('cb2538c7-402d-4ad3-8776-bb715a2ec4fc', '29379c6a-3b5c-40ae-989c-73dc5d59177d', '士師記', 4, NOW() - INTERVAL '21 days'),
  ('cb2538c7-402d-4ad3-8776-bb715a2ec4fc', '29379c6a-3b5c-40ae-989c-73dc5d59177d', '士師記', 5, NOW() - INTERVAL '21 days'),
  ('cb2538c7-402d-4ad3-8776-bb715a2ec4fc', '29379c6a-3b5c-40ae-989c-73dc5d59177d', '士師記', 6, NOW() - INTERVAL '20 days'),
  ('cb2538c7-402d-4ad3-8776-bb715a2ec4fc', '29379c6a-3b5c-40ae-989c-73dc5d59177d', '士師記', 7, NOW() - INTERVAL '20 days'),
  ('cb2538c7-402d-4ad3-8776-bb715a2ec4fc', '29379c6a-3b5c-40ae-989c-73dc5d59177d', '士師記', 8, NOW() - INTERVAL '20 days'),
  ('cb2538c7-402d-4ad3-8776-bb715a2ec4fc', '29379c6a-3b5c-40ae-989c-73dc5d59177d', '士師記', 9, NOW() - INTERVAL '20 days'),
  ('cb2538c7-402d-4ad3-8776-bb715a2ec4fc', '29379c6a-3b5c-40ae-989c-73dc5d59177d', '士師記', 10, NOW() - INTERVAL '20 days'),
  ('cb2538c7-402d-4ad3-8776-bb715a2ec4fc', '29379c6a-3b5c-40ae-989c-73dc5d59177d', '士師記', 11, NOW() - INTERVAL '19 days'),
  ('cb2538c7-402d-4ad3-8776-bb715a2ec4fc', '29379c6a-3b5c-40ae-989c-73dc5d59177d', '士師記', 12, NOW() - INTERVAL '19 days'),
  ('cb2538c7-402d-4ad3-8776-bb715a2ec4fc', '29379c6a-3b5c-40ae-989c-73dc5d59177d', '士師記', 13, NOW() - INTERVAL '19 days'),
  ('cb2538c7-402d-4ad3-8776-bb715a2ec4fc', '29379c6a-3b5c-40ae-989c-73dc5d59177d', '士師記', 14, NOW() - INTERVAL '19 days'),
  ('cb2538c7-402d-4ad3-8776-bb715a2ec4fc', '29379c6a-3b5c-40ae-989c-73dc5d59177d', '士師記', 15, NOW() - INTERVAL '19 days'),
  ('cb2538c7-402d-4ad3-8776-bb715a2ec4fc', '29379c6a-3b5c-40ae-989c-73dc5d59177d', '士師記', 16, NOW() - INTERVAL '18 days'),
  ('cb2538c7-402d-4ad3-8776-bb715a2ec4fc', '29379c6a-3b5c-40ae-989c-73dc5d59177d', '士師記', 17, NOW() - INTERVAL '18 days'),
  ('cb2538c7-402d-4ad3-8776-bb715a2ec4fc', '29379c6a-3b5c-40ae-989c-73dc5d59177d', '士師記', 18, NOW() - INTERVAL '18 days'),
  ('cb2538c7-402d-4ad3-8776-bb715a2ec4fc', '29379c6a-3b5c-40ae-989c-73dc5d59177d', '士師記', 19, NOW() - INTERVAL '18 days'),
  ('cb2538c7-402d-4ad3-8776-bb715a2ec4fc', '29379c6a-3b5c-40ae-989c-73dc5d59177d', '士師記', 20, NOW() - INTERVAL '18 days'),
  ('cb2538c7-402d-4ad3-8776-bb715a2ec4fc', '29379c6a-3b5c-40ae-989c-73dc5d59177d', '士師記', 21, NOW() - INTERVAL '17 days'),
  ('cb2538c7-402d-4ad3-8776-bb715a2ec4fc', '29379c6a-3b5c-40ae-989c-73dc5d59177d', '哥林多前書', 1, NOW() - INTERVAL '17 days'),
  ('cb2538c7-402d-4ad3-8776-bb715a2ec4fc', '29379c6a-3b5c-40ae-989c-73dc5d59177d', '哥林多前書', 2, NOW() - INTERVAL '17 days'),
  ('cb2538c7-402d-4ad3-8776-bb715a2ec4fc', '29379c6a-3b5c-40ae-989c-73dc5d59177d', '哥林多前書', 3, NOW() - INTERVAL '17 days'),
  ('cb2538c7-402d-4ad3-8776-bb715a2ec4fc', '29379c6a-3b5c-40ae-989c-73dc5d59177d', '哥林多前書', 4, NOW() - INTERVAL '17 days'),
  ('cb2538c7-402d-4ad3-8776-bb715a2ec4fc', '29379c6a-3b5c-40ae-989c-73dc5d59177d', '哥林多前書', 5, NOW() - INTERVAL '16 days'),
  ('cb2538c7-402d-4ad3-8776-bb715a2ec4fc', '29379c6a-3b5c-40ae-989c-73dc5d59177d', '哥林多前書', 6, NOW() - INTERVAL '16 days'),
  ('cb2538c7-402d-4ad3-8776-bb715a2ec4fc', '29379c6a-3b5c-40ae-989c-73dc5d59177d', '哥林多前書', 7, NOW() - INTERVAL '16 days'),
  ('cb2538c7-402d-4ad3-8776-bb715a2ec4fc', '29379c6a-3b5c-40ae-989c-73dc5d59177d', '哥林多前書', 8, NOW() - INTERVAL '16 days'),
  ('cb2538c7-402d-4ad3-8776-bb715a2ec4fc', '29379c6a-3b5c-40ae-989c-73dc5d59177d', '哥林多前書', 9, NOW() - INTERVAL '16 days'),
  ('cb2538c7-402d-4ad3-8776-bb715a2ec4fc', '29379c6a-3b5c-40ae-989c-73dc5d59177d', '哥林多前書', 10, NOW() - INTERVAL '15 days'),
  ('cb2538c7-402d-4ad3-8776-bb715a2ec4fc', '29379c6a-3b5c-40ae-989c-73dc5d59177d', '哥林多前書', 11, NOW() - INTERVAL '15 days'),
  ('cb2538c7-402d-4ad3-8776-bb715a2ec4fc', '29379c6a-3b5c-40ae-989c-73dc5d59177d', '哥林多前書', 12, NOW() - INTERVAL '15 days'),
  ('cb2538c7-402d-4ad3-8776-bb715a2ec4fc', '29379c6a-3b5c-40ae-989c-73dc5d59177d', '哥林多前書', 13, NOW() - INTERVAL '15 days'),
  ('cb2538c7-402d-4ad3-8776-bb715a2ec4fc', '29379c6a-3b5c-40ae-989c-73dc5d59177d', '哥林多前書', 14, NOW() - INTERVAL '15 days'),
  ('cb2538c7-402d-4ad3-8776-bb715a2ec4fc', '29379c6a-3b5c-40ae-989c-73dc5d59177d', '哥林多前書', 15, NOW() - INTERVAL '14 days'),
  ('cb2538c7-402d-4ad3-8776-bb715a2ec4fc', '29379c6a-3b5c-40ae-989c-73dc5d59177d', '哥林多前書', 16, NOW() - INTERVAL '14 days'),
  ('cb2538c7-402d-4ad3-8776-bb715a2ec4fc', '29379c6a-3b5c-40ae-989c-73dc5d59177d', '以斯拉記', 1, NOW() - INTERVAL '14 days'),
  ('cb2538c7-402d-4ad3-8776-bb715a2ec4fc', '29379c6a-3b5c-40ae-989c-73dc5d59177d', '以斯拉記', 2, NOW() - INTERVAL '14 days'),
  ('cb2538c7-402d-4ad3-8776-bb715a2ec4fc', '29379c6a-3b5c-40ae-989c-73dc5d59177d', '以斯拉記', 3, NOW() - INTERVAL '14 days'),
  ('cb2538c7-402d-4ad3-8776-bb715a2ec4fc', '29379c6a-3b5c-40ae-989c-73dc5d59177d', '以斯拉記', 4, NOW() - INTERVAL '13 days'),
  ('cb2538c7-402d-4ad3-8776-bb715a2ec4fc', '29379c6a-3b5c-40ae-989c-73dc5d59177d', '以斯拉記', 5, NOW() - INTERVAL '13 days'),
  ('cb2538c7-402d-4ad3-8776-bb715a2ec4fc', '29379c6a-3b5c-40ae-989c-73dc5d59177d', '以斯拉記', 6, NOW() - INTERVAL '13 days'),
  ('cb2538c7-402d-4ad3-8776-bb715a2ec4fc', '29379c6a-3b5c-40ae-989c-73dc5d59177d', '以斯拉記', 7, NOW() - INTERVAL '13 days'),
  ('cb2538c7-402d-4ad3-8776-bb715a2ec4fc', '29379c6a-3b5c-40ae-989c-73dc5d59177d', '以斯拉記', 8, NOW() - INTERVAL '13 days'),
  ('cb2538c7-402d-4ad3-8776-bb715a2ec4fc', '29379c6a-3b5c-40ae-989c-73dc5d59177d', '以斯拉記', 9, NOW() - INTERVAL '12 days'),
  ('cb2538c7-402d-4ad3-8776-bb715a2ec4fc', '29379c6a-3b5c-40ae-989c-73dc5d59177d', '以斯拉記', 10, NOW() - INTERVAL '12 days'),
  ('cb2538c7-402d-4ad3-8776-bb715a2ec4fc', '29379c6a-3b5c-40ae-989c-73dc5d59177d', '以西結書', 1, NOW() - INTERVAL '12 days'),
  ('cb2538c7-402d-4ad3-8776-bb715a2ec4fc', '29379c6a-3b5c-40ae-989c-73dc5d59177d', '以西結書', 2, NOW() - INTERVAL '12 days'),
  ('cb2538c7-402d-4ad3-8776-bb715a2ec4fc', '29379c6a-3b5c-40ae-989c-73dc5d59177d', '以西結書', 3, NOW() - INTERVAL '12 days'),
  ('cb2538c7-402d-4ad3-8776-bb715a2ec4fc', '29379c6a-3b5c-40ae-989c-73dc5d59177d', '以西結書', 4, NOW() - INTERVAL '11 days'),
  ('cb2538c7-402d-4ad3-8776-bb715a2ec4fc', '29379c6a-3b5c-40ae-989c-73dc5d59177d', '以西結書', 5, NOW() - INTERVAL '11 days'),
  ('cb2538c7-402d-4ad3-8776-bb715a2ec4fc', '29379c6a-3b5c-40ae-989c-73dc5d59177d', '以西結書', 6, NOW() - INTERVAL '11 days'),
  ('cb2538c7-402d-4ad3-8776-bb715a2ec4fc', '29379c6a-3b5c-40ae-989c-73dc5d59177d', '以西結書', 7, NOW() - INTERVAL '11 days'),
  ('cb2538c7-402d-4ad3-8776-bb715a2ec4fc', '29379c6a-3b5c-40ae-989c-73dc5d59177d', '以西結書', 8, NOW() - INTERVAL '11 days'),
  ('cb2538c7-402d-4ad3-8776-bb715a2ec4fc', '29379c6a-3b5c-40ae-989c-73dc5d59177d', '以西結書', 9, NOW() - INTERVAL '10 days'),
  ('cb2538c7-402d-4ad3-8776-bb715a2ec4fc', '29379c6a-3b5c-40ae-989c-73dc5d59177d', '以西結書', 10, NOW() - INTERVAL '10 days'),
  ('cb2538c7-402d-4ad3-8776-bb715a2ec4fc', '29379c6a-3b5c-40ae-989c-73dc5d59177d', '以西結書', 11, NOW() - INTERVAL '10 days'),
  ('cb2538c7-402d-4ad3-8776-bb715a2ec4fc', '29379c6a-3b5c-40ae-989c-73dc5d59177d', '以西結書', 12, NOW() - INTERVAL '10 days'),
  ('cb2538c7-402d-4ad3-8776-bb715a2ec4fc', '29379c6a-3b5c-40ae-989c-73dc5d59177d', '以西結書', 13, NOW() - INTERVAL '10 days'),
  ('cb2538c7-402d-4ad3-8776-bb715a2ec4fc', '29379c6a-3b5c-40ae-989c-73dc5d59177d', '以西結書', 14, NOW() - INTERVAL '9 days'),
  ('cb2538c7-402d-4ad3-8776-bb715a2ec4fc', '29379c6a-3b5c-40ae-989c-73dc5d59177d', '以西結書', 15, NOW() - INTERVAL '9 days'),
  ('cb2538c7-402d-4ad3-8776-bb715a2ec4fc', '29379c6a-3b5c-40ae-989c-73dc5d59177d', '以西結書', 16, NOW() - INTERVAL '9 days'),
  ('cb2538c7-402d-4ad3-8776-bb715a2ec4fc', '29379c6a-3b5c-40ae-989c-73dc5d59177d', '以西結書', 17, NOW() - INTERVAL '9 days'),
  ('cb2538c7-402d-4ad3-8776-bb715a2ec4fc', '29379c6a-3b5c-40ae-989c-73dc5d59177d', '以西結書', 18, NOW() - INTERVAL '9 days'),
  ('cb2538c7-402d-4ad3-8776-bb715a2ec4fc', '29379c6a-3b5c-40ae-989c-73dc5d59177d', '以西結書', 19, NOW() - INTERVAL '8 days'),
  ('cb2538c7-402d-4ad3-8776-bb715a2ec4fc', '29379c6a-3b5c-40ae-989c-73dc5d59177d', '以西結書', 20, NOW() - INTERVAL '8 days'),
  ('cb2538c7-402d-4ad3-8776-bb715a2ec4fc', '29379c6a-3b5c-40ae-989c-73dc5d59177d', '以西結書', 21, NOW() - INTERVAL '8 days'),
  ('cb2538c7-402d-4ad3-8776-bb715a2ec4fc', '29379c6a-3b5c-40ae-989c-73dc5d59177d', '以西結書', 22, NOW() - INTERVAL '8 days'),
  ('cb2538c7-402d-4ad3-8776-bb715a2ec4fc', '29379c6a-3b5c-40ae-989c-73dc5d59177d', '以西結書', 23, NOW() - INTERVAL '8 days'),
  ('cb2538c7-402d-4ad3-8776-bb715a2ec4fc', '29379c6a-3b5c-40ae-989c-73dc5d59177d', '以西結書', 24, NOW() - INTERVAL '7 days'),
  ('cb2538c7-402d-4ad3-8776-bb715a2ec4fc', '29379c6a-3b5c-40ae-989c-73dc5d59177d', '以西結書', 25, NOW() - INTERVAL '7 days'),
  ('cb2538c7-402d-4ad3-8776-bb715a2ec4fc', '29379c6a-3b5c-40ae-989c-73dc5d59177d', '以西結書', 26, NOW() - INTERVAL '7 days'),
  ('cb2538c7-402d-4ad3-8776-bb715a2ec4fc', '29379c6a-3b5c-40ae-989c-73dc5d59177d', '以西結書', 27, NOW() - INTERVAL '7 days'),
  ('cb2538c7-402d-4ad3-8776-bb715a2ec4fc', '29379c6a-3b5c-40ae-989c-73dc5d59177d', '以西結書', 28, NOW() - INTERVAL '7 days'),
  ('cb2538c7-402d-4ad3-8776-bb715a2ec4fc', '29379c6a-3b5c-40ae-989c-73dc5d59177d', '以西結書', 29, NOW() - INTERVAL '6 days'),
  ('cb2538c7-402d-4ad3-8776-bb715a2ec4fc', '29379c6a-3b5c-40ae-989c-73dc5d59177d', '以西結書', 30, NOW() - INTERVAL '6 days'),
  ('cb2538c7-402d-4ad3-8776-bb715a2ec4fc', '29379c6a-3b5c-40ae-989c-73dc5d59177d', '以西結書', 31, NOW() - INTERVAL '6 days'),
  ('cb2538c7-402d-4ad3-8776-bb715a2ec4fc', '29379c6a-3b5c-40ae-989c-73dc5d59177d', '以西結書', 32, NOW() - INTERVAL '6 days'),
  ('cb2538c7-402d-4ad3-8776-bb715a2ec4fc', '29379c6a-3b5c-40ae-989c-73dc5d59177d', '以西結書', 33, NOW() - INTERVAL '6 days'),
  ('cb2538c7-402d-4ad3-8776-bb715a2ec4fc', '29379c6a-3b5c-40ae-989c-73dc5d59177d', '以西結書', 34, NOW() - INTERVAL '5 days'),
  ('cb2538c7-402d-4ad3-8776-bb715a2ec4fc', '29379c6a-3b5c-40ae-989c-73dc5d59177d', '以西結書', 35, NOW() - INTERVAL '5 days'),
  ('cb2538c7-402d-4ad3-8776-bb715a2ec4fc', '29379c6a-3b5c-40ae-989c-73dc5d59177d', '以西結書', 36, NOW() - INTERVAL '5 days'),
  ('cb2538c7-402d-4ad3-8776-bb715a2ec4fc', '29379c6a-3b5c-40ae-989c-73dc5d59177d', '以西結書', 37, NOW() - INTERVAL '5 days'),
  ('cb2538c7-402d-4ad3-8776-bb715a2ec4fc', '29379c6a-3b5c-40ae-989c-73dc5d59177d', '以西結書', 38, NOW() - INTERVAL '5 days'),
  ('cb2538c7-402d-4ad3-8776-bb715a2ec4fc', '29379c6a-3b5c-40ae-989c-73dc5d59177d', '以西結書', 39, NOW() - INTERVAL '4 days'),
  ('cb2538c7-402d-4ad3-8776-bb715a2ec4fc', '29379c6a-3b5c-40ae-989c-73dc5d59177d', '以西結書', 40, NOW() - INTERVAL '4 days'),
  ('cb2538c7-402d-4ad3-8776-bb715a2ec4fc', '29379c6a-3b5c-40ae-989c-73dc5d59177d', '以西結書', 41, NOW() - INTERVAL '4 days'),
  ('cb2538c7-402d-4ad3-8776-bb715a2ec4fc', '29379c6a-3b5c-40ae-989c-73dc5d59177d', '以西結書', 42, NOW() - INTERVAL '4 days'),
  ('cb2538c7-402d-4ad3-8776-bb715a2ec4fc', '29379c6a-3b5c-40ae-989c-73dc5d59177d', '以西結書', 43, NOW() - INTERVAL '4 days'),
  ('cb2538c7-402d-4ad3-8776-bb715a2ec4fc', '29379c6a-3b5c-40ae-989c-73dc5d59177d', '以西結書', 44, NOW() - INTERVAL '3 days'),
  ('cb2538c7-402d-4ad3-8776-bb715a2ec4fc', '29379c6a-3b5c-40ae-989c-73dc5d59177d', '以西結書', 45, NOW() - INTERVAL '3 days'),
  ('cb2538c7-402d-4ad3-8776-bb715a2ec4fc', '29379c6a-3b5c-40ae-989c-73dc5d59177d', '以西結書', 46, NOW() - INTERVAL '3 days'),
  ('cb2538c7-402d-4ad3-8776-bb715a2ec4fc', '29379c6a-3b5c-40ae-989c-73dc5d59177d', '以西結書', 47, NOW() - INTERVAL '3 days'),
  ('cb2538c7-402d-4ad3-8776-bb715a2ec4fc', '29379c6a-3b5c-40ae-989c-73dc5d59177d', '以西結書', 48, NOW() - INTERVAL '3 days'),
  ('cb2538c7-402d-4ad3-8776-bb715a2ec4fc', '29379c6a-3b5c-40ae-989c-73dc5d59177d', '約珥書', 1, NOW() - INTERVAL '2 days'),
  ('cb2538c7-402d-4ad3-8776-bb715a2ec4fc', '29379c6a-3b5c-40ae-989c-73dc5d59177d', '約珥書', 2, NOW() - INTERVAL '2 days'),
  ('cb2538c7-402d-4ad3-8776-bb715a2ec4fc', '29379c6a-3b5c-40ae-989c-73dc5d59177d', '約珥書', 3, NOW() - INTERVAL '2 days'),
  ('cb2538c7-402d-4ad3-8776-bb715a2ec4fc', '29379c6a-3b5c-40ae-989c-73dc5d59177d', '阿摩司書', 1, NOW() - INTERVAL '2 days'),
  ('cb2538c7-402d-4ad3-8776-bb715a2ec4fc', '29379c6a-3b5c-40ae-989c-73dc5d59177d', '阿摩司書', 2, NOW() - INTERVAL '2 days'),
  ('cb2538c7-402d-4ad3-8776-bb715a2ec4fc', '29379c6a-3b5c-40ae-989c-73dc5d59177d', '阿摩司書', 3, NOW() - INTERVAL '1 days'),
  ('cb2538c7-402d-4ad3-8776-bb715a2ec4fc', '29379c6a-3b5c-40ae-989c-73dc5d59177d', '阿摩司書', 4, NOW() - INTERVAL '1 days'),
  ('cb2538c7-402d-4ad3-8776-bb715a2ec4fc', '29379c6a-3b5c-40ae-989c-73dc5d59177d', '阿摩司書', 5, NOW() - INTERVAL '1 days'),
  ('cb2538c7-402d-4ad3-8776-bb715a2ec4fc', '29379c6a-3b5c-40ae-989c-73dc5d59177d', '阿摩司書', 6, NOW() - INTERVAL '1 days'),
  ('cb2538c7-402d-4ad3-8776-bb715a2ec4fc', '29379c6a-3b5c-40ae-989c-73dc5d59177d', '阿摩司書', 7, NOW() - INTERVAL '1 days'),
  ('cb2538c7-402d-4ad3-8776-bb715a2ec4fc', '29379c6a-3b5c-40ae-989c-73dc5d59177d', '阿摩司書', 8, NOW() - INTERVAL '0 days'),
  ('cb2538c7-402d-4ad3-8776-bb715a2ec4fc', '29379c6a-3b5c-40ae-989c-73dc5d59177d', '阿摩司書', 9, NOW() - INTERVAL '0 days'),
  ('cb2538c7-402d-4ad3-8776-bb715a2ec4fc', '29379c6a-3b5c-40ae-989c-73dc5d59177d', '路得記', 1, NOW() - INTERVAL '0 days'),
  ('cb2538c7-402d-4ad3-8776-bb715a2ec4fc', '29379c6a-3b5c-40ae-989c-73dc5d59177d', '路得記', 2, NOW() - INTERVAL '0 days');

--------------------------------------------------

-- 使用者: 示範組長丁
INSERT INTO auth.users (id, email, raw_user_meta_data, created_at, updated_at, instance_id, aud, role, encrypted_password)
VALUES (
  '8c24dce7-8552-4821-932a-263c40597f87',
  '8c24dce7@church-bible.com',
  '{"full_name": "示範組長丁"}',
  NOW() - INTERVAL '81 days',
  NOW(),
  '00000000-0000-0000-0000-000000000000',
  'authenticated',
  'authenticated',
  '$2a$10$abcdefghijklmnopqrstuv' -- Dummy bcrypt hash
) ON CONFLICT (id) DO NOTHING;

INSERT INTO public.profiles (id, name, great_region, pastoral_zone, small_group, role, is_demo, updated_at)
VALUES (
  '8c24dce7-8552-4821-932a-263c40597f87',
  '示範組長丁',
  '示範大區B',
  '示範牧區丁',
  '示範小組5',
  'group_leader',
  TRUE,
  NOW()
) ON CONFLICT (id) DO NOTHING;

INSERT INTO public.reading_plans (id, user_id, name, start_date, end_date, target_books)
VALUES (
  'db2b2911-19bc-4169-8d8e-dba75af65d17',
  '8c24dce7-8552-4821-932a-263c40597f87',
  '第一季速讀：2026年7月~9月',
  '2026-07-01',
  '2026-09-30',
  ARRAY['創世記', '馬太福音', '列王紀下', '雅各書', '出埃及記', '馬可福音', '約伯記', '加拉太書', '哈巴谷書', '猶大書', '利未記', '路加福音', '歷代志下', '帖撒羅尼迦前書', '約拿書', '約翰二書', '彌迦書', '約翰三書']
) ON CONFLICT (id) DO NOTHING;

INSERT INTO public.reading_logs (user_id, plan_id, book, chapter, read_at)
VALUES
  ('8c24dce7-8552-4821-932a-263c40597f87', 'db2b2911-19bc-4169-8d8e-dba75af65d17', '創世記', 1, NOW() - INTERVAL '196 days'),
  ('8c24dce7-8552-4821-932a-263c40597f87', 'db2b2911-19bc-4169-8d8e-dba75af65d17', '創世記', 2, NOW() - INTERVAL '195 days'),
  ('8c24dce7-8552-4821-932a-263c40597f87', 'db2b2911-19bc-4169-8d8e-dba75af65d17', '創世記', 3, NOW() - INTERVAL '195 days'),
  ('8c24dce7-8552-4821-932a-263c40597f87', 'db2b2911-19bc-4169-8d8e-dba75af65d17', '創世記', 4, NOW() - INTERVAL '195 days'),
  ('8c24dce7-8552-4821-932a-263c40597f87', 'db2b2911-19bc-4169-8d8e-dba75af65d17', '創世記', 5, NOW() - INTERVAL '195 days'),
  ('8c24dce7-8552-4821-932a-263c40597f87', 'db2b2911-19bc-4169-8d8e-dba75af65d17', '創世記', 6, NOW() - INTERVAL '195 days'),
  ('8c24dce7-8552-4821-932a-263c40597f87', 'db2b2911-19bc-4169-8d8e-dba75af65d17', '創世記', 7, NOW() - INTERVAL '194 days'),
  ('8c24dce7-8552-4821-932a-263c40597f87', 'db2b2911-19bc-4169-8d8e-dba75af65d17', '創世記', 8, NOW() - INTERVAL '194 days'),
  ('8c24dce7-8552-4821-932a-263c40597f87', 'db2b2911-19bc-4169-8d8e-dba75af65d17', '創世記', 9, NOW() - INTERVAL '194 days'),
  ('8c24dce7-8552-4821-932a-263c40597f87', 'db2b2911-19bc-4169-8d8e-dba75af65d17', '創世記', 10, NOW() - INTERVAL '194 days'),
  ('8c24dce7-8552-4821-932a-263c40597f87', 'db2b2911-19bc-4169-8d8e-dba75af65d17', '創世記', 11, NOW() - INTERVAL '194 days'),
  ('8c24dce7-8552-4821-932a-263c40597f87', 'db2b2911-19bc-4169-8d8e-dba75af65d17', '創世記', 12, NOW() - INTERVAL '193 days'),
  ('8c24dce7-8552-4821-932a-263c40597f87', 'db2b2911-19bc-4169-8d8e-dba75af65d17', '創世記', 13, NOW() - INTERVAL '193 days'),
  ('8c24dce7-8552-4821-932a-263c40597f87', 'db2b2911-19bc-4169-8d8e-dba75af65d17', '創世記', 14, NOW() - INTERVAL '193 days'),
  ('8c24dce7-8552-4821-932a-263c40597f87', 'db2b2911-19bc-4169-8d8e-dba75af65d17', '創世記', 15, NOW() - INTERVAL '193 days'),
  ('8c24dce7-8552-4821-932a-263c40597f87', 'db2b2911-19bc-4169-8d8e-dba75af65d17', '創世記', 16, NOW() - INTERVAL '193 days'),
  ('8c24dce7-8552-4821-932a-263c40597f87', 'db2b2911-19bc-4169-8d8e-dba75af65d17', '創世記', 17, NOW() - INTERVAL '192 days'),
  ('8c24dce7-8552-4821-932a-263c40597f87', 'db2b2911-19bc-4169-8d8e-dba75af65d17', '創世記', 18, NOW() - INTERVAL '192 days'),
  ('8c24dce7-8552-4821-932a-263c40597f87', 'db2b2911-19bc-4169-8d8e-dba75af65d17', '創世記', 19, NOW() - INTERVAL '192 days'),
  ('8c24dce7-8552-4821-932a-263c40597f87', 'db2b2911-19bc-4169-8d8e-dba75af65d17', '創世記', 20, NOW() - INTERVAL '192 days'),
  ('8c24dce7-8552-4821-932a-263c40597f87', 'db2b2911-19bc-4169-8d8e-dba75af65d17', '創世記', 21, NOW() - INTERVAL '192 days'),
  ('8c24dce7-8552-4821-932a-263c40597f87', 'db2b2911-19bc-4169-8d8e-dba75af65d17', '創世記', 22, NOW() - INTERVAL '191 days'),
  ('8c24dce7-8552-4821-932a-263c40597f87', 'db2b2911-19bc-4169-8d8e-dba75af65d17', '創世記', 23, NOW() - INTERVAL '191 days'),
  ('8c24dce7-8552-4821-932a-263c40597f87', 'db2b2911-19bc-4169-8d8e-dba75af65d17', '創世記', 24, NOW() - INTERVAL '191 days'),
  ('8c24dce7-8552-4821-932a-263c40597f87', 'db2b2911-19bc-4169-8d8e-dba75af65d17', '創世記', 25, NOW() - INTERVAL '191 days'),
  ('8c24dce7-8552-4821-932a-263c40597f87', 'db2b2911-19bc-4169-8d8e-dba75af65d17', '創世記', 26, NOW() - INTERVAL '191 days'),
  ('8c24dce7-8552-4821-932a-263c40597f87', 'db2b2911-19bc-4169-8d8e-dba75af65d17', '創世記', 27, NOW() - INTERVAL '190 days'),
  ('8c24dce7-8552-4821-932a-263c40597f87', 'db2b2911-19bc-4169-8d8e-dba75af65d17', '創世記', 28, NOW() - INTERVAL '190 days'),
  ('8c24dce7-8552-4821-932a-263c40597f87', 'db2b2911-19bc-4169-8d8e-dba75af65d17', '創世記', 29, NOW() - INTERVAL '190 days'),
  ('8c24dce7-8552-4821-932a-263c40597f87', 'db2b2911-19bc-4169-8d8e-dba75af65d17', '創世記', 30, NOW() - INTERVAL '190 days'),
  ('8c24dce7-8552-4821-932a-263c40597f87', 'db2b2911-19bc-4169-8d8e-dba75af65d17', '創世記', 31, NOW() - INTERVAL '190 days'),
  ('8c24dce7-8552-4821-932a-263c40597f87', 'db2b2911-19bc-4169-8d8e-dba75af65d17', '創世記', 32, NOW() - INTERVAL '189 days'),
  ('8c24dce7-8552-4821-932a-263c40597f87', 'db2b2911-19bc-4169-8d8e-dba75af65d17', '創世記', 33, NOW() - INTERVAL '189 days'),
  ('8c24dce7-8552-4821-932a-263c40597f87', 'db2b2911-19bc-4169-8d8e-dba75af65d17', '創世記', 34, NOW() - INTERVAL '189 days'),
  ('8c24dce7-8552-4821-932a-263c40597f87', 'db2b2911-19bc-4169-8d8e-dba75af65d17', '創世記', 35, NOW() - INTERVAL '189 days'),
  ('8c24dce7-8552-4821-932a-263c40597f87', 'db2b2911-19bc-4169-8d8e-dba75af65d17', '創世記', 36, NOW() - INTERVAL '189 days'),
  ('8c24dce7-8552-4821-932a-263c40597f87', 'db2b2911-19bc-4169-8d8e-dba75af65d17', '創世記', 37, NOW() - INTERVAL '188 days'),
  ('8c24dce7-8552-4821-932a-263c40597f87', 'db2b2911-19bc-4169-8d8e-dba75af65d17', '創世記', 38, NOW() - INTERVAL '188 days'),
  ('8c24dce7-8552-4821-932a-263c40597f87', 'db2b2911-19bc-4169-8d8e-dba75af65d17', '創世記', 39, NOW() - INTERVAL '188 days'),
  ('8c24dce7-8552-4821-932a-263c40597f87', 'db2b2911-19bc-4169-8d8e-dba75af65d17', '創世記', 40, NOW() - INTERVAL '188 days'),
  ('8c24dce7-8552-4821-932a-263c40597f87', 'db2b2911-19bc-4169-8d8e-dba75af65d17', '創世記', 41, NOW() - INTERVAL '188 days'),
  ('8c24dce7-8552-4821-932a-263c40597f87', 'db2b2911-19bc-4169-8d8e-dba75af65d17', '創世記', 42, NOW() - INTERVAL '187 days'),
  ('8c24dce7-8552-4821-932a-263c40597f87', 'db2b2911-19bc-4169-8d8e-dba75af65d17', '創世記', 43, NOW() - INTERVAL '187 days'),
  ('8c24dce7-8552-4821-932a-263c40597f87', 'db2b2911-19bc-4169-8d8e-dba75af65d17', '創世記', 44, NOW() - INTERVAL '187 days'),
  ('8c24dce7-8552-4821-932a-263c40597f87', 'db2b2911-19bc-4169-8d8e-dba75af65d17', '創世記', 45, NOW() - INTERVAL '187 days'),
  ('8c24dce7-8552-4821-932a-263c40597f87', 'db2b2911-19bc-4169-8d8e-dba75af65d17', '創世記', 46, NOW() - INTERVAL '187 days'),
  ('8c24dce7-8552-4821-932a-263c40597f87', 'db2b2911-19bc-4169-8d8e-dba75af65d17', '創世記', 47, NOW() - INTERVAL '186 days'),
  ('8c24dce7-8552-4821-932a-263c40597f87', 'db2b2911-19bc-4169-8d8e-dba75af65d17', '創世記', 48, NOW() - INTERVAL '186 days'),
  ('8c24dce7-8552-4821-932a-263c40597f87', 'db2b2911-19bc-4169-8d8e-dba75af65d17', '創世記', 49, NOW() - INTERVAL '186 days'),
  ('8c24dce7-8552-4821-932a-263c40597f87', 'db2b2911-19bc-4169-8d8e-dba75af65d17', '創世記', 50, NOW() - INTERVAL '186 days'),
  ('8c24dce7-8552-4821-932a-263c40597f87', 'db2b2911-19bc-4169-8d8e-dba75af65d17', '馬太福音', 1, NOW() - INTERVAL '186 days'),
  ('8c24dce7-8552-4821-932a-263c40597f87', 'db2b2911-19bc-4169-8d8e-dba75af65d17', '馬太福音', 2, NOW() - INTERVAL '185 days'),
  ('8c24dce7-8552-4821-932a-263c40597f87', 'db2b2911-19bc-4169-8d8e-dba75af65d17', '馬太福音', 3, NOW() - INTERVAL '185 days'),
  ('8c24dce7-8552-4821-932a-263c40597f87', 'db2b2911-19bc-4169-8d8e-dba75af65d17', '馬太福音', 4, NOW() - INTERVAL '185 days'),
  ('8c24dce7-8552-4821-932a-263c40597f87', 'db2b2911-19bc-4169-8d8e-dba75af65d17', '馬太福音', 5, NOW() - INTERVAL '185 days'),
  ('8c24dce7-8552-4821-932a-263c40597f87', 'db2b2911-19bc-4169-8d8e-dba75af65d17', '馬太福音', 6, NOW() - INTERVAL '185 days'),
  ('8c24dce7-8552-4821-932a-263c40597f87', 'db2b2911-19bc-4169-8d8e-dba75af65d17', '馬太福音', 7, NOW() - INTERVAL '184 days'),
  ('8c24dce7-8552-4821-932a-263c40597f87', 'db2b2911-19bc-4169-8d8e-dba75af65d17', '馬太福音', 8, NOW() - INTERVAL '184 days'),
  ('8c24dce7-8552-4821-932a-263c40597f87', 'db2b2911-19bc-4169-8d8e-dba75af65d17', '馬太福音', 9, NOW() - INTERVAL '184 days'),
  ('8c24dce7-8552-4821-932a-263c40597f87', 'db2b2911-19bc-4169-8d8e-dba75af65d17', '馬太福音', 10, NOW() - INTERVAL '184 days'),
  ('8c24dce7-8552-4821-932a-263c40597f87', 'db2b2911-19bc-4169-8d8e-dba75af65d17', '馬太福音', 11, NOW() - INTERVAL '184 days'),
  ('8c24dce7-8552-4821-932a-263c40597f87', 'db2b2911-19bc-4169-8d8e-dba75af65d17', '馬太福音', 12, NOW() - INTERVAL '183 days'),
  ('8c24dce7-8552-4821-932a-263c40597f87', 'db2b2911-19bc-4169-8d8e-dba75af65d17', '馬太福音', 13, NOW() - INTERVAL '183 days'),
  ('8c24dce7-8552-4821-932a-263c40597f87', 'db2b2911-19bc-4169-8d8e-dba75af65d17', '馬太福音', 14, NOW() - INTERVAL '183 days'),
  ('8c24dce7-8552-4821-932a-263c40597f87', 'db2b2911-19bc-4169-8d8e-dba75af65d17', '馬太福音', 15, NOW() - INTERVAL '183 days'),
  ('8c24dce7-8552-4821-932a-263c40597f87', 'db2b2911-19bc-4169-8d8e-dba75af65d17', '馬太福音', 16, NOW() - INTERVAL '183 days'),
  ('8c24dce7-8552-4821-932a-263c40597f87', 'db2b2911-19bc-4169-8d8e-dba75af65d17', '馬太福音', 17, NOW() - INTERVAL '182 days'),
  ('8c24dce7-8552-4821-932a-263c40597f87', 'db2b2911-19bc-4169-8d8e-dba75af65d17', '馬太福音', 18, NOW() - INTERVAL '182 days'),
  ('8c24dce7-8552-4821-932a-263c40597f87', 'db2b2911-19bc-4169-8d8e-dba75af65d17', '馬太福音', 19, NOW() - INTERVAL '182 days'),
  ('8c24dce7-8552-4821-932a-263c40597f87', 'db2b2911-19bc-4169-8d8e-dba75af65d17', '馬太福音', 20, NOW() - INTERVAL '182 days'),
  ('8c24dce7-8552-4821-932a-263c40597f87', 'db2b2911-19bc-4169-8d8e-dba75af65d17', '馬太福音', 21, NOW() - INTERVAL '182 days'),
  ('8c24dce7-8552-4821-932a-263c40597f87', 'db2b2911-19bc-4169-8d8e-dba75af65d17', '馬太福音', 22, NOW() - INTERVAL '181 days'),
  ('8c24dce7-8552-4821-932a-263c40597f87', 'db2b2911-19bc-4169-8d8e-dba75af65d17', '馬太福音', 23, NOW() - INTERVAL '181 days'),
  ('8c24dce7-8552-4821-932a-263c40597f87', 'db2b2911-19bc-4169-8d8e-dba75af65d17', '馬太福音', 24, NOW() - INTERVAL '181 days'),
  ('8c24dce7-8552-4821-932a-263c40597f87', 'db2b2911-19bc-4169-8d8e-dba75af65d17', '馬太福音', 25, NOW() - INTERVAL '181 days'),
  ('8c24dce7-8552-4821-932a-263c40597f87', 'db2b2911-19bc-4169-8d8e-dba75af65d17', '馬太福音', 26, NOW() - INTERVAL '181 days'),
  ('8c24dce7-8552-4821-932a-263c40597f87', 'db2b2911-19bc-4169-8d8e-dba75af65d17', '馬太福音', 27, NOW() - INTERVAL '180 days'),
  ('8c24dce7-8552-4821-932a-263c40597f87', 'db2b2911-19bc-4169-8d8e-dba75af65d17', '馬太福音', 28, NOW() - INTERVAL '180 days'),
  ('8c24dce7-8552-4821-932a-263c40597f87', 'db2b2911-19bc-4169-8d8e-dba75af65d17', '列王紀下', 1, NOW() - INTERVAL '180 days'),
  ('8c24dce7-8552-4821-932a-263c40597f87', 'db2b2911-19bc-4169-8d8e-dba75af65d17', '列王紀下', 2, NOW() - INTERVAL '180 days'),
  ('8c24dce7-8552-4821-932a-263c40597f87', 'db2b2911-19bc-4169-8d8e-dba75af65d17', '列王紀下', 3, NOW() - INTERVAL '180 days'),
  ('8c24dce7-8552-4821-932a-263c40597f87', 'db2b2911-19bc-4169-8d8e-dba75af65d17', '列王紀下', 4, NOW() - INTERVAL '179 days'),
  ('8c24dce7-8552-4821-932a-263c40597f87', 'db2b2911-19bc-4169-8d8e-dba75af65d17', '列王紀下', 5, NOW() - INTERVAL '179 days'),
  ('8c24dce7-8552-4821-932a-263c40597f87', 'db2b2911-19bc-4169-8d8e-dba75af65d17', '列王紀下', 6, NOW() - INTERVAL '179 days'),
  ('8c24dce7-8552-4821-932a-263c40597f87', 'db2b2911-19bc-4169-8d8e-dba75af65d17', '列王紀下', 7, NOW() - INTERVAL '179 days'),
  ('8c24dce7-8552-4821-932a-263c40597f87', 'db2b2911-19bc-4169-8d8e-dba75af65d17', '列王紀下', 8, NOW() - INTERVAL '179 days'),
  ('8c24dce7-8552-4821-932a-263c40597f87', 'db2b2911-19bc-4169-8d8e-dba75af65d17', '列王紀下', 9, NOW() - INTERVAL '178 days'),
  ('8c24dce7-8552-4821-932a-263c40597f87', 'db2b2911-19bc-4169-8d8e-dba75af65d17', '列王紀下', 10, NOW() - INTERVAL '178 days'),
  ('8c24dce7-8552-4821-932a-263c40597f87', 'db2b2911-19bc-4169-8d8e-dba75af65d17', '列王紀下', 11, NOW() - INTERVAL '178 days'),
  ('8c24dce7-8552-4821-932a-263c40597f87', 'db2b2911-19bc-4169-8d8e-dba75af65d17', '列王紀下', 12, NOW() - INTERVAL '178 days'),
  ('8c24dce7-8552-4821-932a-263c40597f87', 'db2b2911-19bc-4169-8d8e-dba75af65d17', '列王紀下', 13, NOW() - INTERVAL '178 days'),
  ('8c24dce7-8552-4821-932a-263c40597f87', 'db2b2911-19bc-4169-8d8e-dba75af65d17', '列王紀下', 14, NOW() - INTERVAL '177 days'),
  ('8c24dce7-8552-4821-932a-263c40597f87', 'db2b2911-19bc-4169-8d8e-dba75af65d17', '列王紀下', 15, NOW() - INTERVAL '177 days'),
  ('8c24dce7-8552-4821-932a-263c40597f87', 'db2b2911-19bc-4169-8d8e-dba75af65d17', '列王紀下', 16, NOW() - INTERVAL '177 days'),
  ('8c24dce7-8552-4821-932a-263c40597f87', 'db2b2911-19bc-4169-8d8e-dba75af65d17', '列王紀下', 17, NOW() - INTERVAL '177 days'),
  ('8c24dce7-8552-4821-932a-263c40597f87', 'db2b2911-19bc-4169-8d8e-dba75af65d17', '列王紀下', 18, NOW() - INTERVAL '177 days'),
  ('8c24dce7-8552-4821-932a-263c40597f87', 'db2b2911-19bc-4169-8d8e-dba75af65d17', '列王紀下', 19, NOW() - INTERVAL '176 days'),
  ('8c24dce7-8552-4821-932a-263c40597f87', 'db2b2911-19bc-4169-8d8e-dba75af65d17', '列王紀下', 20, NOW() - INTERVAL '176 days'),
  ('8c24dce7-8552-4821-932a-263c40597f87', 'db2b2911-19bc-4169-8d8e-dba75af65d17', '列王紀下', 21, NOW() - INTERVAL '176 days'),
  ('8c24dce7-8552-4821-932a-263c40597f87', 'db2b2911-19bc-4169-8d8e-dba75af65d17', '列王紀下', 22, NOW() - INTERVAL '176 days'),
  ('8c24dce7-8552-4821-932a-263c40597f87', 'db2b2911-19bc-4169-8d8e-dba75af65d17', '列王紀下', 23, NOW() - INTERVAL '176 days'),
  ('8c24dce7-8552-4821-932a-263c40597f87', 'db2b2911-19bc-4169-8d8e-dba75af65d17', '列王紀下', 24, NOW() - INTERVAL '175 days'),
  ('8c24dce7-8552-4821-932a-263c40597f87', 'db2b2911-19bc-4169-8d8e-dba75af65d17', '列王紀下', 25, NOW() - INTERVAL '175 days'),
  ('8c24dce7-8552-4821-932a-263c40597f87', 'db2b2911-19bc-4169-8d8e-dba75af65d17', '雅各書', 1, NOW() - INTERVAL '175 days'),
  ('8c24dce7-8552-4821-932a-263c40597f87', 'db2b2911-19bc-4169-8d8e-dba75af65d17', '雅各書', 2, NOW() - INTERVAL '175 days'),
  ('8c24dce7-8552-4821-932a-263c40597f87', 'db2b2911-19bc-4169-8d8e-dba75af65d17', '雅各書', 3, NOW() - INTERVAL '175 days'),
  ('8c24dce7-8552-4821-932a-263c40597f87', 'db2b2911-19bc-4169-8d8e-dba75af65d17', '雅各書', 4, NOW() - INTERVAL '174 days'),
  ('8c24dce7-8552-4821-932a-263c40597f87', 'db2b2911-19bc-4169-8d8e-dba75af65d17', '雅各書', 5, NOW() - INTERVAL '174 days'),
  ('8c24dce7-8552-4821-932a-263c40597f87', 'db2b2911-19bc-4169-8d8e-dba75af65d17', '出埃及記', 1, NOW() - INTERVAL '174 days'),
  ('8c24dce7-8552-4821-932a-263c40597f87', 'db2b2911-19bc-4169-8d8e-dba75af65d17', '出埃及記', 2, NOW() - INTERVAL '174 days'),
  ('8c24dce7-8552-4821-932a-263c40597f87', 'db2b2911-19bc-4169-8d8e-dba75af65d17', '出埃及記', 3, NOW() - INTERVAL '174 days'),
  ('8c24dce7-8552-4821-932a-263c40597f87', 'db2b2911-19bc-4169-8d8e-dba75af65d17', '出埃及記', 4, NOW() - INTERVAL '173 days'),
  ('8c24dce7-8552-4821-932a-263c40597f87', 'db2b2911-19bc-4169-8d8e-dba75af65d17', '出埃及記', 5, NOW() - INTERVAL '173 days'),
  ('8c24dce7-8552-4821-932a-263c40597f87', 'db2b2911-19bc-4169-8d8e-dba75af65d17', '出埃及記', 6, NOW() - INTERVAL '173 days'),
  ('8c24dce7-8552-4821-932a-263c40597f87', 'db2b2911-19bc-4169-8d8e-dba75af65d17', '出埃及記', 7, NOW() - INTERVAL '173 days'),
  ('8c24dce7-8552-4821-932a-263c40597f87', 'db2b2911-19bc-4169-8d8e-dba75af65d17', '出埃及記', 8, NOW() - INTERVAL '173 days'),
  ('8c24dce7-8552-4821-932a-263c40597f87', 'db2b2911-19bc-4169-8d8e-dba75af65d17', '出埃及記', 9, NOW() - INTERVAL '172 days'),
  ('8c24dce7-8552-4821-932a-263c40597f87', 'db2b2911-19bc-4169-8d8e-dba75af65d17', '出埃及記', 10, NOW() - INTERVAL '172 days'),
  ('8c24dce7-8552-4821-932a-263c40597f87', 'db2b2911-19bc-4169-8d8e-dba75af65d17', '出埃及記', 11, NOW() - INTERVAL '172 days'),
  ('8c24dce7-8552-4821-932a-263c40597f87', 'db2b2911-19bc-4169-8d8e-dba75af65d17', '出埃及記', 12, NOW() - INTERVAL '172 days'),
  ('8c24dce7-8552-4821-932a-263c40597f87', 'db2b2911-19bc-4169-8d8e-dba75af65d17', '出埃及記', 13, NOW() - INTERVAL '172 days'),
  ('8c24dce7-8552-4821-932a-263c40597f87', 'db2b2911-19bc-4169-8d8e-dba75af65d17', '出埃及記', 14, NOW() - INTERVAL '171 days'),
  ('8c24dce7-8552-4821-932a-263c40597f87', 'db2b2911-19bc-4169-8d8e-dba75af65d17', '出埃及記', 15, NOW() - INTERVAL '171 days'),
  ('8c24dce7-8552-4821-932a-263c40597f87', 'db2b2911-19bc-4169-8d8e-dba75af65d17', '出埃及記', 16, NOW() - INTERVAL '171 days'),
  ('8c24dce7-8552-4821-932a-263c40597f87', 'db2b2911-19bc-4169-8d8e-dba75af65d17', '出埃及記', 17, NOW() - INTERVAL '171 days'),
  ('8c24dce7-8552-4821-932a-263c40597f87', 'db2b2911-19bc-4169-8d8e-dba75af65d17', '出埃及記', 18, NOW() - INTERVAL '171 days'),
  ('8c24dce7-8552-4821-932a-263c40597f87', 'db2b2911-19bc-4169-8d8e-dba75af65d17', '出埃及記', 19, NOW() - INTERVAL '170 days'),
  ('8c24dce7-8552-4821-932a-263c40597f87', 'db2b2911-19bc-4169-8d8e-dba75af65d17', '出埃及記', 20, NOW() - INTERVAL '170 days'),
  ('8c24dce7-8552-4821-932a-263c40597f87', 'db2b2911-19bc-4169-8d8e-dba75af65d17', '出埃及記', 21, NOW() - INTERVAL '170 days'),
  ('8c24dce7-8552-4821-932a-263c40597f87', 'db2b2911-19bc-4169-8d8e-dba75af65d17', '出埃及記', 22, NOW() - INTERVAL '170 days'),
  ('8c24dce7-8552-4821-932a-263c40597f87', 'db2b2911-19bc-4169-8d8e-dba75af65d17', '出埃及記', 23, NOW() - INTERVAL '170 days'),
  ('8c24dce7-8552-4821-932a-263c40597f87', 'db2b2911-19bc-4169-8d8e-dba75af65d17', '出埃及記', 24, NOW() - INTERVAL '169 days'),
  ('8c24dce7-8552-4821-932a-263c40597f87', 'db2b2911-19bc-4169-8d8e-dba75af65d17', '出埃及記', 25, NOW() - INTERVAL '169 days'),
  ('8c24dce7-8552-4821-932a-263c40597f87', 'db2b2911-19bc-4169-8d8e-dba75af65d17', '出埃及記', 26, NOW() - INTERVAL '169 days'),
  ('8c24dce7-8552-4821-932a-263c40597f87', 'db2b2911-19bc-4169-8d8e-dba75af65d17', '出埃及記', 27, NOW() - INTERVAL '169 days'),
  ('8c24dce7-8552-4821-932a-263c40597f87', 'db2b2911-19bc-4169-8d8e-dba75af65d17', '出埃及記', 28, NOW() - INTERVAL '169 days'),
  ('8c24dce7-8552-4821-932a-263c40597f87', 'db2b2911-19bc-4169-8d8e-dba75af65d17', '出埃及記', 29, NOW() - INTERVAL '168 days'),
  ('8c24dce7-8552-4821-932a-263c40597f87', 'db2b2911-19bc-4169-8d8e-dba75af65d17', '出埃及記', 30, NOW() - INTERVAL '168 days'),
  ('8c24dce7-8552-4821-932a-263c40597f87', 'db2b2911-19bc-4169-8d8e-dba75af65d17', '出埃及記', 31, NOW() - INTERVAL '168 days'),
  ('8c24dce7-8552-4821-932a-263c40597f87', 'db2b2911-19bc-4169-8d8e-dba75af65d17', '出埃及記', 32, NOW() - INTERVAL '168 days'),
  ('8c24dce7-8552-4821-932a-263c40597f87', 'db2b2911-19bc-4169-8d8e-dba75af65d17', '出埃及記', 33, NOW() - INTERVAL '168 days'),
  ('8c24dce7-8552-4821-932a-263c40597f87', 'db2b2911-19bc-4169-8d8e-dba75af65d17', '出埃及記', 34, NOW() - INTERVAL '167 days'),
  ('8c24dce7-8552-4821-932a-263c40597f87', 'db2b2911-19bc-4169-8d8e-dba75af65d17', '出埃及記', 35, NOW() - INTERVAL '167 days'),
  ('8c24dce7-8552-4821-932a-263c40597f87', 'db2b2911-19bc-4169-8d8e-dba75af65d17', '出埃及記', 36, NOW() - INTERVAL '167 days'),
  ('8c24dce7-8552-4821-932a-263c40597f87', 'db2b2911-19bc-4169-8d8e-dba75af65d17', '出埃及記', 37, NOW() - INTERVAL '167 days'),
  ('8c24dce7-8552-4821-932a-263c40597f87', 'db2b2911-19bc-4169-8d8e-dba75af65d17', '出埃及記', 38, NOW() - INTERVAL '167 days'),
  ('8c24dce7-8552-4821-932a-263c40597f87', 'db2b2911-19bc-4169-8d8e-dba75af65d17', '出埃及記', 39, NOW() - INTERVAL '166 days'),
  ('8c24dce7-8552-4821-932a-263c40597f87', 'db2b2911-19bc-4169-8d8e-dba75af65d17', '出埃及記', 40, NOW() - INTERVAL '166 days'),
  ('8c24dce7-8552-4821-932a-263c40597f87', 'db2b2911-19bc-4169-8d8e-dba75af65d17', '馬可福音', 1, NOW() - INTERVAL '166 days'),
  ('8c24dce7-8552-4821-932a-263c40597f87', 'db2b2911-19bc-4169-8d8e-dba75af65d17', '馬可福音', 2, NOW() - INTERVAL '166 days'),
  ('8c24dce7-8552-4821-932a-263c40597f87', 'db2b2911-19bc-4169-8d8e-dba75af65d17', '馬可福音', 3, NOW() - INTERVAL '166 days'),
  ('8c24dce7-8552-4821-932a-263c40597f87', 'db2b2911-19bc-4169-8d8e-dba75af65d17', '馬可福音', 4, NOW() - INTERVAL '165 days'),
  ('8c24dce7-8552-4821-932a-263c40597f87', 'db2b2911-19bc-4169-8d8e-dba75af65d17', '馬可福音', 5, NOW() - INTERVAL '165 days'),
  ('8c24dce7-8552-4821-932a-263c40597f87', 'db2b2911-19bc-4169-8d8e-dba75af65d17', '馬可福音', 6, NOW() - INTERVAL '165 days'),
  ('8c24dce7-8552-4821-932a-263c40597f87', 'db2b2911-19bc-4169-8d8e-dba75af65d17', '馬可福音', 7, NOW() - INTERVAL '165 days'),
  ('8c24dce7-8552-4821-932a-263c40597f87', 'db2b2911-19bc-4169-8d8e-dba75af65d17', '馬可福音', 8, NOW() - INTERVAL '165 days'),
  ('8c24dce7-8552-4821-932a-263c40597f87', 'db2b2911-19bc-4169-8d8e-dba75af65d17', '馬可福音', 9, NOW() - INTERVAL '164 days'),
  ('8c24dce7-8552-4821-932a-263c40597f87', 'db2b2911-19bc-4169-8d8e-dba75af65d17', '馬可福音', 10, NOW() - INTERVAL '164 days'),
  ('8c24dce7-8552-4821-932a-263c40597f87', 'db2b2911-19bc-4169-8d8e-dba75af65d17', '馬可福音', 11, NOW() - INTERVAL '164 days'),
  ('8c24dce7-8552-4821-932a-263c40597f87', 'db2b2911-19bc-4169-8d8e-dba75af65d17', '馬可福音', 12, NOW() - INTERVAL '164 days'),
  ('8c24dce7-8552-4821-932a-263c40597f87', 'db2b2911-19bc-4169-8d8e-dba75af65d17', '馬可福音', 13, NOW() - INTERVAL '164 days'),
  ('8c24dce7-8552-4821-932a-263c40597f87', 'db2b2911-19bc-4169-8d8e-dba75af65d17', '馬可福音', 14, NOW() - INTERVAL '163 days'),
  ('8c24dce7-8552-4821-932a-263c40597f87', 'db2b2911-19bc-4169-8d8e-dba75af65d17', '馬可福音', 15, NOW() - INTERVAL '163 days'),
  ('8c24dce7-8552-4821-932a-263c40597f87', 'db2b2911-19bc-4169-8d8e-dba75af65d17', '馬可福音', 16, NOW() - INTERVAL '163 days'),
  ('8c24dce7-8552-4821-932a-263c40597f87', 'db2b2911-19bc-4169-8d8e-dba75af65d17', '約伯記', 1, NOW() - INTERVAL '163 days'),
  ('8c24dce7-8552-4821-932a-263c40597f87', 'db2b2911-19bc-4169-8d8e-dba75af65d17', '約伯記', 2, NOW() - INTERVAL '163 days'),
  ('8c24dce7-8552-4821-932a-263c40597f87', 'db2b2911-19bc-4169-8d8e-dba75af65d17', '約伯記', 3, NOW() - INTERVAL '162 days'),
  ('8c24dce7-8552-4821-932a-263c40597f87', 'db2b2911-19bc-4169-8d8e-dba75af65d17', '約伯記', 4, NOW() - INTERVAL '162 days'),
  ('8c24dce7-8552-4821-932a-263c40597f87', 'db2b2911-19bc-4169-8d8e-dba75af65d17', '約伯記', 5, NOW() - INTERVAL '162 days'),
  ('8c24dce7-8552-4821-932a-263c40597f87', 'db2b2911-19bc-4169-8d8e-dba75af65d17', '約伯記', 6, NOW() - INTERVAL '162 days'),
  ('8c24dce7-8552-4821-932a-263c40597f87', 'db2b2911-19bc-4169-8d8e-dba75af65d17', '約伯記', 7, NOW() - INTERVAL '162 days'),
  ('8c24dce7-8552-4821-932a-263c40597f87', 'db2b2911-19bc-4169-8d8e-dba75af65d17', '約伯記', 8, NOW() - INTERVAL '161 days'),
  ('8c24dce7-8552-4821-932a-263c40597f87', 'db2b2911-19bc-4169-8d8e-dba75af65d17', '約伯記', 9, NOW() - INTERVAL '161 days'),
  ('8c24dce7-8552-4821-932a-263c40597f87', 'db2b2911-19bc-4169-8d8e-dba75af65d17', '約伯記', 10, NOW() - INTERVAL '161 days'),
  ('8c24dce7-8552-4821-932a-263c40597f87', 'db2b2911-19bc-4169-8d8e-dba75af65d17', '約伯記', 11, NOW() - INTERVAL '161 days'),
  ('8c24dce7-8552-4821-932a-263c40597f87', 'db2b2911-19bc-4169-8d8e-dba75af65d17', '約伯記', 12, NOW() - INTERVAL '161 days'),
  ('8c24dce7-8552-4821-932a-263c40597f87', 'db2b2911-19bc-4169-8d8e-dba75af65d17', '約伯記', 13, NOW() - INTERVAL '160 days'),
  ('8c24dce7-8552-4821-932a-263c40597f87', 'db2b2911-19bc-4169-8d8e-dba75af65d17', '約伯記', 14, NOW() - INTERVAL '160 days'),
  ('8c24dce7-8552-4821-932a-263c40597f87', 'db2b2911-19bc-4169-8d8e-dba75af65d17', '約伯記', 15, NOW() - INTERVAL '160 days'),
  ('8c24dce7-8552-4821-932a-263c40597f87', 'db2b2911-19bc-4169-8d8e-dba75af65d17', '約伯記', 16, NOW() - INTERVAL '160 days'),
  ('8c24dce7-8552-4821-932a-263c40597f87', 'db2b2911-19bc-4169-8d8e-dba75af65d17', '約伯記', 17, NOW() - INTERVAL '160 days'),
  ('8c24dce7-8552-4821-932a-263c40597f87', 'db2b2911-19bc-4169-8d8e-dba75af65d17', '約伯記', 18, NOW() - INTERVAL '159 days'),
  ('8c24dce7-8552-4821-932a-263c40597f87', 'db2b2911-19bc-4169-8d8e-dba75af65d17', '約伯記', 19, NOW() - INTERVAL '159 days'),
  ('8c24dce7-8552-4821-932a-263c40597f87', 'db2b2911-19bc-4169-8d8e-dba75af65d17', '約伯記', 20, NOW() - INTERVAL '159 days'),
  ('8c24dce7-8552-4821-932a-263c40597f87', 'db2b2911-19bc-4169-8d8e-dba75af65d17', '約伯記', 21, NOW() - INTERVAL '159 days'),
  ('8c24dce7-8552-4821-932a-263c40597f87', 'db2b2911-19bc-4169-8d8e-dba75af65d17', '約伯記', 22, NOW() - INTERVAL '159 days'),
  ('8c24dce7-8552-4821-932a-263c40597f87', 'db2b2911-19bc-4169-8d8e-dba75af65d17', '約伯記', 23, NOW() - INTERVAL '158 days'),
  ('8c24dce7-8552-4821-932a-263c40597f87', 'db2b2911-19bc-4169-8d8e-dba75af65d17', '約伯記', 24, NOW() - INTERVAL '158 days'),
  ('8c24dce7-8552-4821-932a-263c40597f87', 'db2b2911-19bc-4169-8d8e-dba75af65d17', '約伯記', 25, NOW() - INTERVAL '158 days'),
  ('8c24dce7-8552-4821-932a-263c40597f87', 'db2b2911-19bc-4169-8d8e-dba75af65d17', '約伯記', 26, NOW() - INTERVAL '158 days'),
  ('8c24dce7-8552-4821-932a-263c40597f87', 'db2b2911-19bc-4169-8d8e-dba75af65d17', '約伯記', 27, NOW() - INTERVAL '158 days'),
  ('8c24dce7-8552-4821-932a-263c40597f87', 'db2b2911-19bc-4169-8d8e-dba75af65d17', '約伯記', 28, NOW() - INTERVAL '157 days'),
  ('8c24dce7-8552-4821-932a-263c40597f87', 'db2b2911-19bc-4169-8d8e-dba75af65d17', '約伯記', 29, NOW() - INTERVAL '157 days'),
  ('8c24dce7-8552-4821-932a-263c40597f87', 'db2b2911-19bc-4169-8d8e-dba75af65d17', '約伯記', 30, NOW() - INTERVAL '157 days'),
  ('8c24dce7-8552-4821-932a-263c40597f87', 'db2b2911-19bc-4169-8d8e-dba75af65d17', '約伯記', 31, NOW() - INTERVAL '157 days'),
  ('8c24dce7-8552-4821-932a-263c40597f87', 'db2b2911-19bc-4169-8d8e-dba75af65d17', '約伯記', 32, NOW() - INTERVAL '157 days'),
  ('8c24dce7-8552-4821-932a-263c40597f87', 'db2b2911-19bc-4169-8d8e-dba75af65d17', '約伯記', 33, NOW() - INTERVAL '156 days'),
  ('8c24dce7-8552-4821-932a-263c40597f87', 'db2b2911-19bc-4169-8d8e-dba75af65d17', '約伯記', 34, NOW() - INTERVAL '156 days'),
  ('8c24dce7-8552-4821-932a-263c40597f87', 'db2b2911-19bc-4169-8d8e-dba75af65d17', '約伯記', 35, NOW() - INTERVAL '156 days'),
  ('8c24dce7-8552-4821-932a-263c40597f87', 'db2b2911-19bc-4169-8d8e-dba75af65d17', '約伯記', 36, NOW() - INTERVAL '156 days'),
  ('8c24dce7-8552-4821-932a-263c40597f87', 'db2b2911-19bc-4169-8d8e-dba75af65d17', '約伯記', 37, NOW() - INTERVAL '156 days'),
  ('8c24dce7-8552-4821-932a-263c40597f87', 'db2b2911-19bc-4169-8d8e-dba75af65d17', '約伯記', 38, NOW() - INTERVAL '155 days'),
  ('8c24dce7-8552-4821-932a-263c40597f87', 'db2b2911-19bc-4169-8d8e-dba75af65d17', '約伯記', 39, NOW() - INTERVAL '155 days'),
  ('8c24dce7-8552-4821-932a-263c40597f87', 'db2b2911-19bc-4169-8d8e-dba75af65d17', '約伯記', 40, NOW() - INTERVAL '155 days'),
  ('8c24dce7-8552-4821-932a-263c40597f87', 'db2b2911-19bc-4169-8d8e-dba75af65d17', '約伯記', 41, NOW() - INTERVAL '155 days'),
  ('8c24dce7-8552-4821-932a-263c40597f87', 'db2b2911-19bc-4169-8d8e-dba75af65d17', '約伯記', 42, NOW() - INTERVAL '155 days'),
  ('8c24dce7-8552-4821-932a-263c40597f87', 'db2b2911-19bc-4169-8d8e-dba75af65d17', '加拉太書', 1, NOW() - INTERVAL '154 days'),
  ('8c24dce7-8552-4821-932a-263c40597f87', 'db2b2911-19bc-4169-8d8e-dba75af65d17', '加拉太書', 2, NOW() - INTERVAL '154 days'),
  ('8c24dce7-8552-4821-932a-263c40597f87', 'db2b2911-19bc-4169-8d8e-dba75af65d17', '加拉太書', 3, NOW() - INTERVAL '154 days'),
  ('8c24dce7-8552-4821-932a-263c40597f87', 'db2b2911-19bc-4169-8d8e-dba75af65d17', '加拉太書', 4, NOW() - INTERVAL '154 days'),
  ('8c24dce7-8552-4821-932a-263c40597f87', 'db2b2911-19bc-4169-8d8e-dba75af65d17', '加拉太書', 5, NOW() - INTERVAL '154 days'),
  ('8c24dce7-8552-4821-932a-263c40597f87', 'db2b2911-19bc-4169-8d8e-dba75af65d17', '加拉太書', 6, NOW() - INTERVAL '153 days'),
  ('8c24dce7-8552-4821-932a-263c40597f87', 'db2b2911-19bc-4169-8d8e-dba75af65d17', '哈巴谷書', 1, NOW() - INTERVAL '153 days'),
  ('8c24dce7-8552-4821-932a-263c40597f87', 'db2b2911-19bc-4169-8d8e-dba75af65d17', '哈巴谷書', 2, NOW() - INTERVAL '153 days'),
  ('8c24dce7-8552-4821-932a-263c40597f87', 'db2b2911-19bc-4169-8d8e-dba75af65d17', '哈巴谷書', 3, NOW() - INTERVAL '153 days'),
  ('8c24dce7-8552-4821-932a-263c40597f87', 'db2b2911-19bc-4169-8d8e-dba75af65d17', '猶大書', 1, NOW() - INTERVAL '153 days'),
  ('8c24dce7-8552-4821-932a-263c40597f87', 'db2b2911-19bc-4169-8d8e-dba75af65d17', '利未記', 1, NOW() - INTERVAL '152 days'),
  ('8c24dce7-8552-4821-932a-263c40597f87', 'db2b2911-19bc-4169-8d8e-dba75af65d17', '利未記', 2, NOW() - INTERVAL '152 days'),
  ('8c24dce7-8552-4821-932a-263c40597f87', 'db2b2911-19bc-4169-8d8e-dba75af65d17', '利未記', 3, NOW() - INTERVAL '152 days'),
  ('8c24dce7-8552-4821-932a-263c40597f87', 'db2b2911-19bc-4169-8d8e-dba75af65d17', '利未記', 4, NOW() - INTERVAL '152 days'),
  ('8c24dce7-8552-4821-932a-263c40597f87', 'db2b2911-19bc-4169-8d8e-dba75af65d17', '利未記', 5, NOW() - INTERVAL '152 days'),
  ('8c24dce7-8552-4821-932a-263c40597f87', 'db2b2911-19bc-4169-8d8e-dba75af65d17', '利未記', 6, NOW() - INTERVAL '151 days'),
  ('8c24dce7-8552-4821-932a-263c40597f87', 'db2b2911-19bc-4169-8d8e-dba75af65d17', '利未記', 7, NOW() - INTERVAL '151 days'),
  ('8c24dce7-8552-4821-932a-263c40597f87', 'db2b2911-19bc-4169-8d8e-dba75af65d17', '利未記', 8, NOW() - INTERVAL '151 days'),
  ('8c24dce7-8552-4821-932a-263c40597f87', 'db2b2911-19bc-4169-8d8e-dba75af65d17', '利未記', 9, NOW() - INTERVAL '151 days'),
  ('8c24dce7-8552-4821-932a-263c40597f87', 'db2b2911-19bc-4169-8d8e-dba75af65d17', '利未記', 10, NOW() - INTERVAL '151 days'),
  ('8c24dce7-8552-4821-932a-263c40597f87', 'db2b2911-19bc-4169-8d8e-dba75af65d17', '利未記', 11, NOW() - INTERVAL '150 days'),
  ('8c24dce7-8552-4821-932a-263c40597f87', 'db2b2911-19bc-4169-8d8e-dba75af65d17', '利未記', 12, NOW() - INTERVAL '150 days'),
  ('8c24dce7-8552-4821-932a-263c40597f87', 'db2b2911-19bc-4169-8d8e-dba75af65d17', '利未記', 13, NOW() - INTERVAL '150 days'),
  ('8c24dce7-8552-4821-932a-263c40597f87', 'db2b2911-19bc-4169-8d8e-dba75af65d17', '利未記', 14, NOW() - INTERVAL '150 days'),
  ('8c24dce7-8552-4821-932a-263c40597f87', 'db2b2911-19bc-4169-8d8e-dba75af65d17', '利未記', 15, NOW() - INTERVAL '150 days'),
  ('8c24dce7-8552-4821-932a-263c40597f87', 'db2b2911-19bc-4169-8d8e-dba75af65d17', '利未記', 16, NOW() - INTERVAL '149 days'),
  ('8c24dce7-8552-4821-932a-263c40597f87', 'db2b2911-19bc-4169-8d8e-dba75af65d17', '利未記', 17, NOW() - INTERVAL '149 days'),
  ('8c24dce7-8552-4821-932a-263c40597f87', 'db2b2911-19bc-4169-8d8e-dba75af65d17', '利未記', 18, NOW() - INTERVAL '149 days'),
  ('8c24dce7-8552-4821-932a-263c40597f87', 'db2b2911-19bc-4169-8d8e-dba75af65d17', '利未記', 19, NOW() - INTERVAL '149 days'),
  ('8c24dce7-8552-4821-932a-263c40597f87', 'db2b2911-19bc-4169-8d8e-dba75af65d17', '利未記', 20, NOW() - INTERVAL '149 days'),
  ('8c24dce7-8552-4821-932a-263c40597f87', 'db2b2911-19bc-4169-8d8e-dba75af65d17', '利未記', 21, NOW() - INTERVAL '148 days'),
  ('8c24dce7-8552-4821-932a-263c40597f87', 'db2b2911-19bc-4169-8d8e-dba75af65d17', '利未記', 22, NOW() - INTERVAL '148 days'),
  ('8c24dce7-8552-4821-932a-263c40597f87', 'db2b2911-19bc-4169-8d8e-dba75af65d17', '利未記', 23, NOW() - INTERVAL '148 days'),
  ('8c24dce7-8552-4821-932a-263c40597f87', 'db2b2911-19bc-4169-8d8e-dba75af65d17', '利未記', 24, NOW() - INTERVAL '148 days'),
  ('8c24dce7-8552-4821-932a-263c40597f87', 'db2b2911-19bc-4169-8d8e-dba75af65d17', '利未記', 25, NOW() - INTERVAL '148 days'),
  ('8c24dce7-8552-4821-932a-263c40597f87', 'db2b2911-19bc-4169-8d8e-dba75af65d17', '利未記', 26, NOW() - INTERVAL '147 days'),
  ('8c24dce7-8552-4821-932a-263c40597f87', 'db2b2911-19bc-4169-8d8e-dba75af65d17', '利未記', 27, NOW() - INTERVAL '147 days'),
  ('8c24dce7-8552-4821-932a-263c40597f87', 'db2b2911-19bc-4169-8d8e-dba75af65d17', '路加福音', 1, NOW() - INTERVAL '147 days'),
  ('8c24dce7-8552-4821-932a-263c40597f87', 'db2b2911-19bc-4169-8d8e-dba75af65d17', '路加福音', 2, NOW() - INTERVAL '147 days'),
  ('8c24dce7-8552-4821-932a-263c40597f87', 'db2b2911-19bc-4169-8d8e-dba75af65d17', '路加福音', 3, NOW() - INTERVAL '147 days'),
  ('8c24dce7-8552-4821-932a-263c40597f87', 'db2b2911-19bc-4169-8d8e-dba75af65d17', '路加福音', 4, NOW() - INTERVAL '146 days'),
  ('8c24dce7-8552-4821-932a-263c40597f87', 'db2b2911-19bc-4169-8d8e-dba75af65d17', '路加福音', 5, NOW() - INTERVAL '146 days'),
  ('8c24dce7-8552-4821-932a-263c40597f87', 'db2b2911-19bc-4169-8d8e-dba75af65d17', '路加福音', 6, NOW() - INTERVAL '146 days'),
  ('8c24dce7-8552-4821-932a-263c40597f87', 'db2b2911-19bc-4169-8d8e-dba75af65d17', '路加福音', 7, NOW() - INTERVAL '146 days'),
  ('8c24dce7-8552-4821-932a-263c40597f87', 'db2b2911-19bc-4169-8d8e-dba75af65d17', '路加福音', 8, NOW() - INTERVAL '146 days'),
  ('8c24dce7-8552-4821-932a-263c40597f87', 'db2b2911-19bc-4169-8d8e-dba75af65d17', '路加福音', 9, NOW() - INTERVAL '145 days'),
  ('8c24dce7-8552-4821-932a-263c40597f87', 'db2b2911-19bc-4169-8d8e-dba75af65d17', '路加福音', 10, NOW() - INTERVAL '145 days'),
  ('8c24dce7-8552-4821-932a-263c40597f87', 'db2b2911-19bc-4169-8d8e-dba75af65d17', '路加福音', 11, NOW() - INTERVAL '145 days'),
  ('8c24dce7-8552-4821-932a-263c40597f87', 'db2b2911-19bc-4169-8d8e-dba75af65d17', '路加福音', 12, NOW() - INTERVAL '145 days'),
  ('8c24dce7-8552-4821-932a-263c40597f87', 'db2b2911-19bc-4169-8d8e-dba75af65d17', '路加福音', 13, NOW() - INTERVAL '145 days'),
  ('8c24dce7-8552-4821-932a-263c40597f87', 'db2b2911-19bc-4169-8d8e-dba75af65d17', '路加福音', 14, NOW() - INTERVAL '144 days'),
  ('8c24dce7-8552-4821-932a-263c40597f87', 'db2b2911-19bc-4169-8d8e-dba75af65d17', '路加福音', 15, NOW() - INTERVAL '144 days'),
  ('8c24dce7-8552-4821-932a-263c40597f87', 'db2b2911-19bc-4169-8d8e-dba75af65d17', '路加福音', 16, NOW() - INTERVAL '144 days'),
  ('8c24dce7-8552-4821-932a-263c40597f87', 'db2b2911-19bc-4169-8d8e-dba75af65d17', '路加福音', 17, NOW() - INTERVAL '144 days'),
  ('8c24dce7-8552-4821-932a-263c40597f87', 'db2b2911-19bc-4169-8d8e-dba75af65d17', '路加福音', 18, NOW() - INTERVAL '144 days'),
  ('8c24dce7-8552-4821-932a-263c40597f87', 'db2b2911-19bc-4169-8d8e-dba75af65d17', '路加福音', 19, NOW() - INTERVAL '143 days'),
  ('8c24dce7-8552-4821-932a-263c40597f87', 'db2b2911-19bc-4169-8d8e-dba75af65d17', '路加福音', 20, NOW() - INTERVAL '143 days'),
  ('8c24dce7-8552-4821-932a-263c40597f87', 'db2b2911-19bc-4169-8d8e-dba75af65d17', '路加福音', 21, NOW() - INTERVAL '143 days'),
  ('8c24dce7-8552-4821-932a-263c40597f87', 'db2b2911-19bc-4169-8d8e-dba75af65d17', '路加福音', 22, NOW() - INTERVAL '143 days'),
  ('8c24dce7-8552-4821-932a-263c40597f87', 'db2b2911-19bc-4169-8d8e-dba75af65d17', '路加福音', 23, NOW() - INTERVAL '143 days'),
  ('8c24dce7-8552-4821-932a-263c40597f87', 'db2b2911-19bc-4169-8d8e-dba75af65d17', '路加福音', 24, NOW() - INTERVAL '142 days'),
  ('8c24dce7-8552-4821-932a-263c40597f87', 'db2b2911-19bc-4169-8d8e-dba75af65d17', '歷代志下', 1, NOW() - INTERVAL '142 days'),
  ('8c24dce7-8552-4821-932a-263c40597f87', 'db2b2911-19bc-4169-8d8e-dba75af65d17', '歷代志下', 2, NOW() - INTERVAL '142 days'),
  ('8c24dce7-8552-4821-932a-263c40597f87', 'db2b2911-19bc-4169-8d8e-dba75af65d17', '歷代志下', 3, NOW() - INTERVAL '142 days'),
  ('8c24dce7-8552-4821-932a-263c40597f87', 'db2b2911-19bc-4169-8d8e-dba75af65d17', '歷代志下', 4, NOW() - INTERVAL '142 days'),
  ('8c24dce7-8552-4821-932a-263c40597f87', 'db2b2911-19bc-4169-8d8e-dba75af65d17', '歷代志下', 5, NOW() - INTERVAL '141 days'),
  ('8c24dce7-8552-4821-932a-263c40597f87', 'db2b2911-19bc-4169-8d8e-dba75af65d17', '歷代志下', 6, NOW() - INTERVAL '141 days'),
  ('8c24dce7-8552-4821-932a-263c40597f87', 'db2b2911-19bc-4169-8d8e-dba75af65d17', '歷代志下', 7, NOW() - INTERVAL '141 days'),
  ('8c24dce7-8552-4821-932a-263c40597f87', 'db2b2911-19bc-4169-8d8e-dba75af65d17', '歷代志下', 8, NOW() - INTERVAL '141 days'),
  ('8c24dce7-8552-4821-932a-263c40597f87', 'db2b2911-19bc-4169-8d8e-dba75af65d17', '歷代志下', 9, NOW() - INTERVAL '141 days'),
  ('8c24dce7-8552-4821-932a-263c40597f87', 'db2b2911-19bc-4169-8d8e-dba75af65d17', '歷代志下', 10, NOW() - INTERVAL '140 days'),
  ('8c24dce7-8552-4821-932a-263c40597f87', 'db2b2911-19bc-4169-8d8e-dba75af65d17', '歷代志下', 11, NOW() - INTERVAL '140 days'),
  ('8c24dce7-8552-4821-932a-263c40597f87', 'db2b2911-19bc-4169-8d8e-dba75af65d17', '歷代志下', 12, NOW() - INTERVAL '140 days'),
  ('8c24dce7-8552-4821-932a-263c40597f87', 'db2b2911-19bc-4169-8d8e-dba75af65d17', '歷代志下', 13, NOW() - INTERVAL '140 days'),
  ('8c24dce7-8552-4821-932a-263c40597f87', 'db2b2911-19bc-4169-8d8e-dba75af65d17', '歷代志下', 14, NOW() - INTERVAL '140 days'),
  ('8c24dce7-8552-4821-932a-263c40597f87', 'db2b2911-19bc-4169-8d8e-dba75af65d17', '歷代志下', 15, NOW() - INTERVAL '139 days'),
  ('8c24dce7-8552-4821-932a-263c40597f87', 'db2b2911-19bc-4169-8d8e-dba75af65d17', '歷代志下', 16, NOW() - INTERVAL '139 days'),
  ('8c24dce7-8552-4821-932a-263c40597f87', 'db2b2911-19bc-4169-8d8e-dba75af65d17', '歷代志下', 17, NOW() - INTERVAL '139 days'),
  ('8c24dce7-8552-4821-932a-263c40597f87', 'db2b2911-19bc-4169-8d8e-dba75af65d17', '歷代志下', 18, NOW() - INTERVAL '139 days'),
  ('8c24dce7-8552-4821-932a-263c40597f87', 'db2b2911-19bc-4169-8d8e-dba75af65d17', '歷代志下', 19, NOW() - INTERVAL '139 days'),
  ('8c24dce7-8552-4821-932a-263c40597f87', 'db2b2911-19bc-4169-8d8e-dba75af65d17', '歷代志下', 20, NOW() - INTERVAL '138 days'),
  ('8c24dce7-8552-4821-932a-263c40597f87', 'db2b2911-19bc-4169-8d8e-dba75af65d17', '歷代志下', 21, NOW() - INTERVAL '138 days'),
  ('8c24dce7-8552-4821-932a-263c40597f87', 'db2b2911-19bc-4169-8d8e-dba75af65d17', '歷代志下', 22, NOW() - INTERVAL '138 days'),
  ('8c24dce7-8552-4821-932a-263c40597f87', 'db2b2911-19bc-4169-8d8e-dba75af65d17', '歷代志下', 23, NOW() - INTERVAL '138 days'),
  ('8c24dce7-8552-4821-932a-263c40597f87', 'db2b2911-19bc-4169-8d8e-dba75af65d17', '歷代志下', 24, NOW() - INTERVAL '138 days'),
  ('8c24dce7-8552-4821-932a-263c40597f87', 'db2b2911-19bc-4169-8d8e-dba75af65d17', '歷代志下', 25, NOW() - INTERVAL '137 days'),
  ('8c24dce7-8552-4821-932a-263c40597f87', 'db2b2911-19bc-4169-8d8e-dba75af65d17', '歷代志下', 26, NOW() - INTERVAL '137 days'),
  ('8c24dce7-8552-4821-932a-263c40597f87', 'db2b2911-19bc-4169-8d8e-dba75af65d17', '歷代志下', 27, NOW() - INTERVAL '137 days'),
  ('8c24dce7-8552-4821-932a-263c40597f87', 'db2b2911-19bc-4169-8d8e-dba75af65d17', '歷代志下', 28, NOW() - INTERVAL '137 days'),
  ('8c24dce7-8552-4821-932a-263c40597f87', 'db2b2911-19bc-4169-8d8e-dba75af65d17', '歷代志下', 29, NOW() - INTERVAL '137 days'),
  ('8c24dce7-8552-4821-932a-263c40597f87', 'db2b2911-19bc-4169-8d8e-dba75af65d17', '歷代志下', 30, NOW() - INTERVAL '136 days'),
  ('8c24dce7-8552-4821-932a-263c40597f87', 'db2b2911-19bc-4169-8d8e-dba75af65d17', '歷代志下', 31, NOW() - INTERVAL '136 days'),
  ('8c24dce7-8552-4821-932a-263c40597f87', 'db2b2911-19bc-4169-8d8e-dba75af65d17', '歷代志下', 32, NOW() - INTERVAL '136 days'),
  ('8c24dce7-8552-4821-932a-263c40597f87', 'db2b2911-19bc-4169-8d8e-dba75af65d17', '歷代志下', 33, NOW() - INTERVAL '136 days'),
  ('8c24dce7-8552-4821-932a-263c40597f87', 'db2b2911-19bc-4169-8d8e-dba75af65d17', '歷代志下', 34, NOW() - INTERVAL '136 days'),
  ('8c24dce7-8552-4821-932a-263c40597f87', 'db2b2911-19bc-4169-8d8e-dba75af65d17', '歷代志下', 35, NOW() - INTERVAL '135 days'),
  ('8c24dce7-8552-4821-932a-263c40597f87', 'db2b2911-19bc-4169-8d8e-dba75af65d17', '歷代志下', 36, NOW() - INTERVAL '135 days'),
  ('8c24dce7-8552-4821-932a-263c40597f87', 'db2b2911-19bc-4169-8d8e-dba75af65d17', '帖撒羅尼迦前書', 1, NOW() - INTERVAL '135 days'),
  ('8c24dce7-8552-4821-932a-263c40597f87', 'db2b2911-19bc-4169-8d8e-dba75af65d17', '帖撒羅尼迦前書', 2, NOW() - INTERVAL '135 days'),
  ('8c24dce7-8552-4821-932a-263c40597f87', 'db2b2911-19bc-4169-8d8e-dba75af65d17', '帖撒羅尼迦前書', 3, NOW() - INTERVAL '135 days'),
  ('8c24dce7-8552-4821-932a-263c40597f87', 'db2b2911-19bc-4169-8d8e-dba75af65d17', '帖撒羅尼迦前書', 4, NOW() - INTERVAL '134 days'),
  ('8c24dce7-8552-4821-932a-263c40597f87', 'db2b2911-19bc-4169-8d8e-dba75af65d17', '帖撒羅尼迦前書', 5, NOW() - INTERVAL '134 days'),
  ('8c24dce7-8552-4821-932a-263c40597f87', 'db2b2911-19bc-4169-8d8e-dba75af65d17', '約拿書', 1, NOW() - INTERVAL '134 days'),
  ('8c24dce7-8552-4821-932a-263c40597f87', 'db2b2911-19bc-4169-8d8e-dba75af65d17', '約拿書', 2, NOW() - INTERVAL '134 days'),
  ('8c24dce7-8552-4821-932a-263c40597f87', 'db2b2911-19bc-4169-8d8e-dba75af65d17', '約拿書', 3, NOW() - INTERVAL '134 days'),
  ('8c24dce7-8552-4821-932a-263c40597f87', 'db2b2911-19bc-4169-8d8e-dba75af65d17', '約拿書', 4, NOW() - INTERVAL '133 days'),
  ('8c24dce7-8552-4821-932a-263c40597f87', 'db2b2911-19bc-4169-8d8e-dba75af65d17', '約翰二書', 1, NOW() - INTERVAL '133 days'),
  ('8c24dce7-8552-4821-932a-263c40597f87', 'db2b2911-19bc-4169-8d8e-dba75af65d17', '彌迦書', 1, NOW() - INTERVAL '133 days'),
  ('8c24dce7-8552-4821-932a-263c40597f87', 'db2b2911-19bc-4169-8d8e-dba75af65d17', '彌迦書', 2, NOW() - INTERVAL '133 days'),
  ('8c24dce7-8552-4821-932a-263c40597f87', 'db2b2911-19bc-4169-8d8e-dba75af65d17', '彌迦書', 3, NOW() - INTERVAL '133 days'),
  ('8c24dce7-8552-4821-932a-263c40597f87', 'db2b2911-19bc-4169-8d8e-dba75af65d17', '彌迦書', 4, NOW() - INTERVAL '132 days'),
  ('8c24dce7-8552-4821-932a-263c40597f87', 'db2b2911-19bc-4169-8d8e-dba75af65d17', '彌迦書', 5, NOW() - INTERVAL '132 days'),
  ('8c24dce7-8552-4821-932a-263c40597f87', 'db2b2911-19bc-4169-8d8e-dba75af65d17', '彌迦書', 6, NOW() - INTERVAL '132 days'),
  ('8c24dce7-8552-4821-932a-263c40597f87', 'db2b2911-19bc-4169-8d8e-dba75af65d17', '彌迦書', 7, NOW() - INTERVAL '132 days'),
  ('8c24dce7-8552-4821-932a-263c40597f87', 'db2b2911-19bc-4169-8d8e-dba75af65d17', '約翰三書', 1, NOW() - INTERVAL '132 days'),
  ('8c24dce7-8552-4821-932a-263c40597f87', 'db2b2911-19bc-4169-8d8e-dba75af65d17', '民數記', 1, NOW() - INTERVAL '131 days'),
  ('8c24dce7-8552-4821-932a-263c40597f87', 'db2b2911-19bc-4169-8d8e-dba75af65d17', '民數記', 2, NOW() - INTERVAL '131 days'),
  ('8c24dce7-8552-4821-932a-263c40597f87', 'db2b2911-19bc-4169-8d8e-dba75af65d17', '民數記', 3, NOW() - INTERVAL '131 days'),
  ('8c24dce7-8552-4821-932a-263c40597f87', 'db2b2911-19bc-4169-8d8e-dba75af65d17', '民數記', 4, NOW() - INTERVAL '131 days'),
  ('8c24dce7-8552-4821-932a-263c40597f87', 'db2b2911-19bc-4169-8d8e-dba75af65d17', '民數記', 5, NOW() - INTERVAL '131 days'),
  ('8c24dce7-8552-4821-932a-263c40597f87', 'db2b2911-19bc-4169-8d8e-dba75af65d17', '民數記', 6, NOW() - INTERVAL '130 days'),
  ('8c24dce7-8552-4821-932a-263c40597f87', 'db2b2911-19bc-4169-8d8e-dba75af65d17', '民數記', 7, NOW() - INTERVAL '130 days'),
  ('8c24dce7-8552-4821-932a-263c40597f87', 'db2b2911-19bc-4169-8d8e-dba75af65d17', '民數記', 8, NOW() - INTERVAL '130 days'),
  ('8c24dce7-8552-4821-932a-263c40597f87', 'db2b2911-19bc-4169-8d8e-dba75af65d17', '民數記', 9, NOW() - INTERVAL '130 days'),
  ('8c24dce7-8552-4821-932a-263c40597f87', 'db2b2911-19bc-4169-8d8e-dba75af65d17', '民數記', 10, NOW() - INTERVAL '130 days'),
  ('8c24dce7-8552-4821-932a-263c40597f87', 'db2b2911-19bc-4169-8d8e-dba75af65d17', '民數記', 11, NOW() - INTERVAL '129 days'),
  ('8c24dce7-8552-4821-932a-263c40597f87', 'db2b2911-19bc-4169-8d8e-dba75af65d17', '民數記', 12, NOW() - INTERVAL '129 days'),
  ('8c24dce7-8552-4821-932a-263c40597f87', 'db2b2911-19bc-4169-8d8e-dba75af65d17', '民數記', 13, NOW() - INTERVAL '129 days'),
  ('8c24dce7-8552-4821-932a-263c40597f87', 'db2b2911-19bc-4169-8d8e-dba75af65d17', '民數記', 14, NOW() - INTERVAL '129 days'),
  ('8c24dce7-8552-4821-932a-263c40597f87', 'db2b2911-19bc-4169-8d8e-dba75af65d17', '民數記', 15, NOW() - INTERVAL '129 days'),
  ('8c24dce7-8552-4821-932a-263c40597f87', 'db2b2911-19bc-4169-8d8e-dba75af65d17', '民數記', 16, NOW() - INTERVAL '128 days'),
  ('8c24dce7-8552-4821-932a-263c40597f87', 'db2b2911-19bc-4169-8d8e-dba75af65d17', '民數記', 17, NOW() - INTERVAL '128 days'),
  ('8c24dce7-8552-4821-932a-263c40597f87', 'db2b2911-19bc-4169-8d8e-dba75af65d17', '民數記', 18, NOW() - INTERVAL '128 days'),
  ('8c24dce7-8552-4821-932a-263c40597f87', 'db2b2911-19bc-4169-8d8e-dba75af65d17', '民數記', 19, NOW() - INTERVAL '128 days'),
  ('8c24dce7-8552-4821-932a-263c40597f87', 'db2b2911-19bc-4169-8d8e-dba75af65d17', '民數記', 20, NOW() - INTERVAL '128 days'),
  ('8c24dce7-8552-4821-932a-263c40597f87', 'db2b2911-19bc-4169-8d8e-dba75af65d17', '民數記', 21, NOW() - INTERVAL '127 days'),
  ('8c24dce7-8552-4821-932a-263c40597f87', 'db2b2911-19bc-4169-8d8e-dba75af65d17', '民數記', 22, NOW() - INTERVAL '127 days'),
  ('8c24dce7-8552-4821-932a-263c40597f87', 'db2b2911-19bc-4169-8d8e-dba75af65d17', '民數記', 23, NOW() - INTERVAL '127 days'),
  ('8c24dce7-8552-4821-932a-263c40597f87', 'db2b2911-19bc-4169-8d8e-dba75af65d17', '民數記', 24, NOW() - INTERVAL '127 days'),
  ('8c24dce7-8552-4821-932a-263c40597f87', 'db2b2911-19bc-4169-8d8e-dba75af65d17', '民數記', 25, NOW() - INTERVAL '127 days'),
  ('8c24dce7-8552-4821-932a-263c40597f87', 'db2b2911-19bc-4169-8d8e-dba75af65d17', '民數記', 26, NOW() - INTERVAL '126 days'),
  ('8c24dce7-8552-4821-932a-263c40597f87', 'db2b2911-19bc-4169-8d8e-dba75af65d17', '民數記', 27, NOW() - INTERVAL '126 days'),
  ('8c24dce7-8552-4821-932a-263c40597f87', 'db2b2911-19bc-4169-8d8e-dba75af65d17', '民數記', 28, NOW() - INTERVAL '126 days'),
  ('8c24dce7-8552-4821-932a-263c40597f87', 'db2b2911-19bc-4169-8d8e-dba75af65d17', '民數記', 29, NOW() - INTERVAL '126 days'),
  ('8c24dce7-8552-4821-932a-263c40597f87', 'db2b2911-19bc-4169-8d8e-dba75af65d17', '民數記', 30, NOW() - INTERVAL '126 days'),
  ('8c24dce7-8552-4821-932a-263c40597f87', 'db2b2911-19bc-4169-8d8e-dba75af65d17', '民數記', 31, NOW() - INTERVAL '125 days'),
  ('8c24dce7-8552-4821-932a-263c40597f87', 'db2b2911-19bc-4169-8d8e-dba75af65d17', '民數記', 32, NOW() - INTERVAL '125 days'),
  ('8c24dce7-8552-4821-932a-263c40597f87', 'db2b2911-19bc-4169-8d8e-dba75af65d17', '民數記', 33, NOW() - INTERVAL '125 days'),
  ('8c24dce7-8552-4821-932a-263c40597f87', 'db2b2911-19bc-4169-8d8e-dba75af65d17', '民數記', 34, NOW() - INTERVAL '125 days'),
  ('8c24dce7-8552-4821-932a-263c40597f87', 'db2b2911-19bc-4169-8d8e-dba75af65d17', '民數記', 35, NOW() - INTERVAL '125 days'),
  ('8c24dce7-8552-4821-932a-263c40597f87', 'db2b2911-19bc-4169-8d8e-dba75af65d17', '民數記', 36, NOW() - INTERVAL '124 days'),
  ('8c24dce7-8552-4821-932a-263c40597f87', 'db2b2911-19bc-4169-8d8e-dba75af65d17', '約翰福音', 1, NOW() - INTERVAL '124 days'),
  ('8c24dce7-8552-4821-932a-263c40597f87', 'db2b2911-19bc-4169-8d8e-dba75af65d17', '約翰福音', 2, NOW() - INTERVAL '124 days'),
  ('8c24dce7-8552-4821-932a-263c40597f87', 'db2b2911-19bc-4169-8d8e-dba75af65d17', '約翰福音', 3, NOW() - INTERVAL '124 days'),
  ('8c24dce7-8552-4821-932a-263c40597f87', 'db2b2911-19bc-4169-8d8e-dba75af65d17', '約翰福音', 4, NOW() - INTERVAL '124 days'),
  ('8c24dce7-8552-4821-932a-263c40597f87', 'db2b2911-19bc-4169-8d8e-dba75af65d17', '約翰福音', 5, NOW() - INTERVAL '123 days'),
  ('8c24dce7-8552-4821-932a-263c40597f87', 'db2b2911-19bc-4169-8d8e-dba75af65d17', '約翰福音', 6, NOW() - INTERVAL '123 days'),
  ('8c24dce7-8552-4821-932a-263c40597f87', 'db2b2911-19bc-4169-8d8e-dba75af65d17', '約翰福音', 7, NOW() - INTERVAL '123 days'),
  ('8c24dce7-8552-4821-932a-263c40597f87', 'db2b2911-19bc-4169-8d8e-dba75af65d17', '約翰福音', 8, NOW() - INTERVAL '123 days'),
  ('8c24dce7-8552-4821-932a-263c40597f87', 'db2b2911-19bc-4169-8d8e-dba75af65d17', '約翰福音', 9, NOW() - INTERVAL '123 days'),
  ('8c24dce7-8552-4821-932a-263c40597f87', 'db2b2911-19bc-4169-8d8e-dba75af65d17', '約翰福音', 10, NOW() - INTERVAL '122 days'),
  ('8c24dce7-8552-4821-932a-263c40597f87', 'db2b2911-19bc-4169-8d8e-dba75af65d17', '約翰福音', 11, NOW() - INTERVAL '122 days'),
  ('8c24dce7-8552-4821-932a-263c40597f87', 'db2b2911-19bc-4169-8d8e-dba75af65d17', '約翰福音', 12, NOW() - INTERVAL '122 days'),
  ('8c24dce7-8552-4821-932a-263c40597f87', 'db2b2911-19bc-4169-8d8e-dba75af65d17', '約翰福音', 13, NOW() - INTERVAL '122 days'),
  ('8c24dce7-8552-4821-932a-263c40597f87', 'db2b2911-19bc-4169-8d8e-dba75af65d17', '約翰福音', 14, NOW() - INTERVAL '122 days'),
  ('8c24dce7-8552-4821-932a-263c40597f87', 'db2b2911-19bc-4169-8d8e-dba75af65d17', '約翰福音', 15, NOW() - INTERVAL '121 days'),
  ('8c24dce7-8552-4821-932a-263c40597f87', 'db2b2911-19bc-4169-8d8e-dba75af65d17', '約翰福音', 16, NOW() - INTERVAL '121 days'),
  ('8c24dce7-8552-4821-932a-263c40597f87', 'db2b2911-19bc-4169-8d8e-dba75af65d17', '約翰福音', 17, NOW() - INTERVAL '121 days'),
  ('8c24dce7-8552-4821-932a-263c40597f87', 'db2b2911-19bc-4169-8d8e-dba75af65d17', '約翰福音', 18, NOW() - INTERVAL '121 days'),
  ('8c24dce7-8552-4821-932a-263c40597f87', 'db2b2911-19bc-4169-8d8e-dba75af65d17', '約翰福音', 19, NOW() - INTERVAL '121 days'),
  ('8c24dce7-8552-4821-932a-263c40597f87', 'db2b2911-19bc-4169-8d8e-dba75af65d17', '約翰福音', 20, NOW() - INTERVAL '120 days'),
  ('8c24dce7-8552-4821-932a-263c40597f87', 'db2b2911-19bc-4169-8d8e-dba75af65d17', '約翰福音', 21, NOW() - INTERVAL '120 days'),
  ('8c24dce7-8552-4821-932a-263c40597f87', 'db2b2911-19bc-4169-8d8e-dba75af65d17', '以西結書', 1, NOW() - INTERVAL '120 days'),
  ('8c24dce7-8552-4821-932a-263c40597f87', 'db2b2911-19bc-4169-8d8e-dba75af65d17', '以西結書', 2, NOW() - INTERVAL '120 days'),
  ('8c24dce7-8552-4821-932a-263c40597f87', 'db2b2911-19bc-4169-8d8e-dba75af65d17', '以西結書', 3, NOW() - INTERVAL '120 days'),
  ('8c24dce7-8552-4821-932a-263c40597f87', 'db2b2911-19bc-4169-8d8e-dba75af65d17', '以西結書', 4, NOW() - INTERVAL '119 days'),
  ('8c24dce7-8552-4821-932a-263c40597f87', 'db2b2911-19bc-4169-8d8e-dba75af65d17', '以西結書', 5, NOW() - INTERVAL '119 days'),
  ('8c24dce7-8552-4821-932a-263c40597f87', 'db2b2911-19bc-4169-8d8e-dba75af65d17', '以西結書', 6, NOW() - INTERVAL '119 days'),
  ('8c24dce7-8552-4821-932a-263c40597f87', 'db2b2911-19bc-4169-8d8e-dba75af65d17', '以西結書', 7, NOW() - INTERVAL '119 days'),
  ('8c24dce7-8552-4821-932a-263c40597f87', 'db2b2911-19bc-4169-8d8e-dba75af65d17', '以西結書', 8, NOW() - INTERVAL '119 days'),
  ('8c24dce7-8552-4821-932a-263c40597f87', 'db2b2911-19bc-4169-8d8e-dba75af65d17', '以西結書', 9, NOW() - INTERVAL '118 days'),
  ('8c24dce7-8552-4821-932a-263c40597f87', 'db2b2911-19bc-4169-8d8e-dba75af65d17', '以西結書', 10, NOW() - INTERVAL '118 days'),
  ('8c24dce7-8552-4821-932a-263c40597f87', 'db2b2911-19bc-4169-8d8e-dba75af65d17', '以西結書', 11, NOW() - INTERVAL '118 days'),
  ('8c24dce7-8552-4821-932a-263c40597f87', 'db2b2911-19bc-4169-8d8e-dba75af65d17', '以西結書', 12, NOW() - INTERVAL '118 days'),
  ('8c24dce7-8552-4821-932a-263c40597f87', 'db2b2911-19bc-4169-8d8e-dba75af65d17', '以西結書', 13, NOW() - INTERVAL '118 days'),
  ('8c24dce7-8552-4821-932a-263c40597f87', 'db2b2911-19bc-4169-8d8e-dba75af65d17', '以西結書', 14, NOW() - INTERVAL '117 days'),
  ('8c24dce7-8552-4821-932a-263c40597f87', 'db2b2911-19bc-4169-8d8e-dba75af65d17', '以西結書', 15, NOW() - INTERVAL '117 days'),
  ('8c24dce7-8552-4821-932a-263c40597f87', 'db2b2911-19bc-4169-8d8e-dba75af65d17', '以西結書', 16, NOW() - INTERVAL '117 days'),
  ('8c24dce7-8552-4821-932a-263c40597f87', 'db2b2911-19bc-4169-8d8e-dba75af65d17', '以西結書', 17, NOW() - INTERVAL '117 days'),
  ('8c24dce7-8552-4821-932a-263c40597f87', 'db2b2911-19bc-4169-8d8e-dba75af65d17', '以西結書', 18, NOW() - INTERVAL '117 days'),
  ('8c24dce7-8552-4821-932a-263c40597f87', 'db2b2911-19bc-4169-8d8e-dba75af65d17', '以西結書', 19, NOW() - INTERVAL '116 days'),
  ('8c24dce7-8552-4821-932a-263c40597f87', 'db2b2911-19bc-4169-8d8e-dba75af65d17', '以西結書', 20, NOW() - INTERVAL '116 days'),
  ('8c24dce7-8552-4821-932a-263c40597f87', 'db2b2911-19bc-4169-8d8e-dba75af65d17', '以西結書', 21, NOW() - INTERVAL '116 days'),
  ('8c24dce7-8552-4821-932a-263c40597f87', 'db2b2911-19bc-4169-8d8e-dba75af65d17', '以西結書', 22, NOW() - INTERVAL '116 days'),
  ('8c24dce7-8552-4821-932a-263c40597f87', 'db2b2911-19bc-4169-8d8e-dba75af65d17', '以西結書', 23, NOW() - INTERVAL '116 days'),
  ('8c24dce7-8552-4821-932a-263c40597f87', 'db2b2911-19bc-4169-8d8e-dba75af65d17', '以西結書', 24, NOW() - INTERVAL '115 days'),
  ('8c24dce7-8552-4821-932a-263c40597f87', 'db2b2911-19bc-4169-8d8e-dba75af65d17', '以西結書', 25, NOW() - INTERVAL '115 days'),
  ('8c24dce7-8552-4821-932a-263c40597f87', 'db2b2911-19bc-4169-8d8e-dba75af65d17', '以西結書', 26, NOW() - INTERVAL '115 days'),
  ('8c24dce7-8552-4821-932a-263c40597f87', 'db2b2911-19bc-4169-8d8e-dba75af65d17', '以西結書', 27, NOW() - INTERVAL '115 days'),
  ('8c24dce7-8552-4821-932a-263c40597f87', 'db2b2911-19bc-4169-8d8e-dba75af65d17', '以西結書', 28, NOW() - INTERVAL '115 days'),
  ('8c24dce7-8552-4821-932a-263c40597f87', 'db2b2911-19bc-4169-8d8e-dba75af65d17', '以西結書', 29, NOW() - INTERVAL '114 days'),
  ('8c24dce7-8552-4821-932a-263c40597f87', 'db2b2911-19bc-4169-8d8e-dba75af65d17', '以西結書', 30, NOW() - INTERVAL '114 days'),
  ('8c24dce7-8552-4821-932a-263c40597f87', 'db2b2911-19bc-4169-8d8e-dba75af65d17', '以西結書', 31, NOW() - INTERVAL '114 days'),
  ('8c24dce7-8552-4821-932a-263c40597f87', 'db2b2911-19bc-4169-8d8e-dba75af65d17', '以西結書', 32, NOW() - INTERVAL '114 days'),
  ('8c24dce7-8552-4821-932a-263c40597f87', 'db2b2911-19bc-4169-8d8e-dba75af65d17', '以西結書', 33, NOW() - INTERVAL '114 days'),
  ('8c24dce7-8552-4821-932a-263c40597f87', 'db2b2911-19bc-4169-8d8e-dba75af65d17', '以西結書', 34, NOW() - INTERVAL '113 days'),
  ('8c24dce7-8552-4821-932a-263c40597f87', 'db2b2911-19bc-4169-8d8e-dba75af65d17', '以西結書', 35, NOW() - INTERVAL '113 days'),
  ('8c24dce7-8552-4821-932a-263c40597f87', 'db2b2911-19bc-4169-8d8e-dba75af65d17', '以西結書', 36, NOW() - INTERVAL '113 days'),
  ('8c24dce7-8552-4821-932a-263c40597f87', 'db2b2911-19bc-4169-8d8e-dba75af65d17', '以西結書', 37, NOW() - INTERVAL '113 days'),
  ('8c24dce7-8552-4821-932a-263c40597f87', 'db2b2911-19bc-4169-8d8e-dba75af65d17', '以西結書', 38, NOW() - INTERVAL '113 days'),
  ('8c24dce7-8552-4821-932a-263c40597f87', 'db2b2911-19bc-4169-8d8e-dba75af65d17', '以西結書', 39, NOW() - INTERVAL '112 days'),
  ('8c24dce7-8552-4821-932a-263c40597f87', 'db2b2911-19bc-4169-8d8e-dba75af65d17', '以西結書', 40, NOW() - INTERVAL '112 days'),
  ('8c24dce7-8552-4821-932a-263c40597f87', 'db2b2911-19bc-4169-8d8e-dba75af65d17', '以西結書', 41, NOW() - INTERVAL '112 days'),
  ('8c24dce7-8552-4821-932a-263c40597f87', 'db2b2911-19bc-4169-8d8e-dba75af65d17', '以西結書', 42, NOW() - INTERVAL '112 days'),
  ('8c24dce7-8552-4821-932a-263c40597f87', 'db2b2911-19bc-4169-8d8e-dba75af65d17', '以西結書', 43, NOW() - INTERVAL '112 days'),
  ('8c24dce7-8552-4821-932a-263c40597f87', 'db2b2911-19bc-4169-8d8e-dba75af65d17', '以西結書', 44, NOW() - INTERVAL '111 days'),
  ('8c24dce7-8552-4821-932a-263c40597f87', 'db2b2911-19bc-4169-8d8e-dba75af65d17', '以西結書', 45, NOW() - INTERVAL '111 days'),
  ('8c24dce7-8552-4821-932a-263c40597f87', 'db2b2911-19bc-4169-8d8e-dba75af65d17', '以西結書', 46, NOW() - INTERVAL '111 days'),
  ('8c24dce7-8552-4821-932a-263c40597f87', 'db2b2911-19bc-4169-8d8e-dba75af65d17', '以西結書', 47, NOW() - INTERVAL '111 days'),
  ('8c24dce7-8552-4821-932a-263c40597f87', 'db2b2911-19bc-4169-8d8e-dba75af65d17', '以西結書', 48, NOW() - INTERVAL '111 days'),
  ('8c24dce7-8552-4821-932a-263c40597f87', 'db2b2911-19bc-4169-8d8e-dba75af65d17', '約翰一書', 1, NOW() - INTERVAL '110 days'),
  ('8c24dce7-8552-4821-932a-263c40597f87', 'db2b2911-19bc-4169-8d8e-dba75af65d17', '約翰一書', 2, NOW() - INTERVAL '110 days'),
  ('8c24dce7-8552-4821-932a-263c40597f87', 'db2b2911-19bc-4169-8d8e-dba75af65d17', '約翰一書', 3, NOW() - INTERVAL '110 days'),
  ('8c24dce7-8552-4821-932a-263c40597f87', 'db2b2911-19bc-4169-8d8e-dba75af65d17', '約翰一書', 4, NOW() - INTERVAL '110 days'),
  ('8c24dce7-8552-4821-932a-263c40597f87', 'db2b2911-19bc-4169-8d8e-dba75af65d17', '約翰一書', 5, NOW() - INTERVAL '110 days'),
  ('8c24dce7-8552-4821-932a-263c40597f87', 'db2b2911-19bc-4169-8d8e-dba75af65d17', '申命記', 1, NOW() - INTERVAL '109 days'),
  ('8c24dce7-8552-4821-932a-263c40597f87', 'db2b2911-19bc-4169-8d8e-dba75af65d17', '申命記', 2, NOW() - INTERVAL '109 days'),
  ('8c24dce7-8552-4821-932a-263c40597f87', 'db2b2911-19bc-4169-8d8e-dba75af65d17', '申命記', 3, NOW() - INTERVAL '109 days'),
  ('8c24dce7-8552-4821-932a-263c40597f87', 'db2b2911-19bc-4169-8d8e-dba75af65d17', '申命記', 4, NOW() - INTERVAL '109 days'),
  ('8c24dce7-8552-4821-932a-263c40597f87', 'db2b2911-19bc-4169-8d8e-dba75af65d17', '申命記', 5, NOW() - INTERVAL '109 days'),
  ('8c24dce7-8552-4821-932a-263c40597f87', 'db2b2911-19bc-4169-8d8e-dba75af65d17', '申命記', 6, NOW() - INTERVAL '108 days'),
  ('8c24dce7-8552-4821-932a-263c40597f87', 'db2b2911-19bc-4169-8d8e-dba75af65d17', '申命記', 7, NOW() - INTERVAL '108 days'),
  ('8c24dce7-8552-4821-932a-263c40597f87', 'db2b2911-19bc-4169-8d8e-dba75af65d17', '申命記', 8, NOW() - INTERVAL '108 days'),
  ('8c24dce7-8552-4821-932a-263c40597f87', 'db2b2911-19bc-4169-8d8e-dba75af65d17', '申命記', 9, NOW() - INTERVAL '108 days'),
  ('8c24dce7-8552-4821-932a-263c40597f87', 'db2b2911-19bc-4169-8d8e-dba75af65d17', '申命記', 10, NOW() - INTERVAL '108 days'),
  ('8c24dce7-8552-4821-932a-263c40597f87', 'db2b2911-19bc-4169-8d8e-dba75af65d17', '申命記', 11, NOW() - INTERVAL '107 days'),
  ('8c24dce7-8552-4821-932a-263c40597f87', 'db2b2911-19bc-4169-8d8e-dba75af65d17', '申命記', 12, NOW() - INTERVAL '107 days'),
  ('8c24dce7-8552-4821-932a-263c40597f87', 'db2b2911-19bc-4169-8d8e-dba75af65d17', '申命記', 13, NOW() - INTERVAL '107 days'),
  ('8c24dce7-8552-4821-932a-263c40597f87', 'db2b2911-19bc-4169-8d8e-dba75af65d17', '申命記', 14, NOW() - INTERVAL '107 days'),
  ('8c24dce7-8552-4821-932a-263c40597f87', 'db2b2911-19bc-4169-8d8e-dba75af65d17', '申命記', 15, NOW() - INTERVAL '107 days'),
  ('8c24dce7-8552-4821-932a-263c40597f87', 'db2b2911-19bc-4169-8d8e-dba75af65d17', '申命記', 16, NOW() - INTERVAL '106 days'),
  ('8c24dce7-8552-4821-932a-263c40597f87', 'db2b2911-19bc-4169-8d8e-dba75af65d17', '申命記', 17, NOW() - INTERVAL '106 days'),
  ('8c24dce7-8552-4821-932a-263c40597f87', 'db2b2911-19bc-4169-8d8e-dba75af65d17', '申命記', 18, NOW() - INTERVAL '106 days'),
  ('8c24dce7-8552-4821-932a-263c40597f87', 'db2b2911-19bc-4169-8d8e-dba75af65d17', '申命記', 19, NOW() - INTERVAL '106 days'),
  ('8c24dce7-8552-4821-932a-263c40597f87', 'db2b2911-19bc-4169-8d8e-dba75af65d17', '申命記', 20, NOW() - INTERVAL '106 days'),
  ('8c24dce7-8552-4821-932a-263c40597f87', 'db2b2911-19bc-4169-8d8e-dba75af65d17', '申命記', 21, NOW() - INTERVAL '105 days'),
  ('8c24dce7-8552-4821-932a-263c40597f87', 'db2b2911-19bc-4169-8d8e-dba75af65d17', '申命記', 22, NOW() - INTERVAL '105 days'),
  ('8c24dce7-8552-4821-932a-263c40597f87', 'db2b2911-19bc-4169-8d8e-dba75af65d17', '申命記', 23, NOW() - INTERVAL '105 days'),
  ('8c24dce7-8552-4821-932a-263c40597f87', 'db2b2911-19bc-4169-8d8e-dba75af65d17', '申命記', 24, NOW() - INTERVAL '105 days'),
  ('8c24dce7-8552-4821-932a-263c40597f87', 'db2b2911-19bc-4169-8d8e-dba75af65d17', '申命記', 25, NOW() - INTERVAL '105 days'),
  ('8c24dce7-8552-4821-932a-263c40597f87', 'db2b2911-19bc-4169-8d8e-dba75af65d17', '申命記', 26, NOW() - INTERVAL '104 days'),
  ('8c24dce7-8552-4821-932a-263c40597f87', 'db2b2911-19bc-4169-8d8e-dba75af65d17', '申命記', 27, NOW() - INTERVAL '104 days'),
  ('8c24dce7-8552-4821-932a-263c40597f87', 'db2b2911-19bc-4169-8d8e-dba75af65d17', '申命記', 28, NOW() - INTERVAL '104 days'),
  ('8c24dce7-8552-4821-932a-263c40597f87', 'db2b2911-19bc-4169-8d8e-dba75af65d17', '申命記', 29, NOW() - INTERVAL '104 days'),
  ('8c24dce7-8552-4821-932a-263c40597f87', 'db2b2911-19bc-4169-8d8e-dba75af65d17', '申命記', 30, NOW() - INTERVAL '104 days'),
  ('8c24dce7-8552-4821-932a-263c40597f87', 'db2b2911-19bc-4169-8d8e-dba75af65d17', '申命記', 31, NOW() - INTERVAL '103 days'),
  ('8c24dce7-8552-4821-932a-263c40597f87', 'db2b2911-19bc-4169-8d8e-dba75af65d17', '申命記', 32, NOW() - INTERVAL '103 days'),
  ('8c24dce7-8552-4821-932a-263c40597f87', 'db2b2911-19bc-4169-8d8e-dba75af65d17', '申命記', 33, NOW() - INTERVAL '103 days'),
  ('8c24dce7-8552-4821-932a-263c40597f87', 'db2b2911-19bc-4169-8d8e-dba75af65d17', '申命記', 34, NOW() - INTERVAL '103 days'),
  ('8c24dce7-8552-4821-932a-263c40597f87', 'db2b2911-19bc-4169-8d8e-dba75af65d17', '使徒行傳', 1, NOW() - INTERVAL '103 days'),
  ('8c24dce7-8552-4821-932a-263c40597f87', 'db2b2911-19bc-4169-8d8e-dba75af65d17', '使徒行傳', 2, NOW() - INTERVAL '102 days'),
  ('8c24dce7-8552-4821-932a-263c40597f87', 'db2b2911-19bc-4169-8d8e-dba75af65d17', '使徒行傳', 3, NOW() - INTERVAL '102 days'),
  ('8c24dce7-8552-4821-932a-263c40597f87', 'db2b2911-19bc-4169-8d8e-dba75af65d17', '使徒行傳', 4, NOW() - INTERVAL '102 days'),
  ('8c24dce7-8552-4821-932a-263c40597f87', 'db2b2911-19bc-4169-8d8e-dba75af65d17', '使徒行傳', 5, NOW() - INTERVAL '102 days'),
  ('8c24dce7-8552-4821-932a-263c40597f87', 'db2b2911-19bc-4169-8d8e-dba75af65d17', '使徒行傳', 6, NOW() - INTERVAL '102 days'),
  ('8c24dce7-8552-4821-932a-263c40597f87', 'db2b2911-19bc-4169-8d8e-dba75af65d17', '使徒行傳', 7, NOW() - INTERVAL '101 days'),
  ('8c24dce7-8552-4821-932a-263c40597f87', 'db2b2911-19bc-4169-8d8e-dba75af65d17', '使徒行傳', 8, NOW() - INTERVAL '101 days'),
  ('8c24dce7-8552-4821-932a-263c40597f87', 'db2b2911-19bc-4169-8d8e-dba75af65d17', '使徒行傳', 9, NOW() - INTERVAL '101 days'),
  ('8c24dce7-8552-4821-932a-263c40597f87', 'db2b2911-19bc-4169-8d8e-dba75af65d17', '使徒行傳', 10, NOW() - INTERVAL '101 days'),
  ('8c24dce7-8552-4821-932a-263c40597f87', 'db2b2911-19bc-4169-8d8e-dba75af65d17', '使徒行傳', 11, NOW() - INTERVAL '101 days'),
  ('8c24dce7-8552-4821-932a-263c40597f87', 'db2b2911-19bc-4169-8d8e-dba75af65d17', '使徒行傳', 12, NOW() - INTERVAL '100 days'),
  ('8c24dce7-8552-4821-932a-263c40597f87', 'db2b2911-19bc-4169-8d8e-dba75af65d17', '使徒行傳', 13, NOW() - INTERVAL '100 days'),
  ('8c24dce7-8552-4821-932a-263c40597f87', 'db2b2911-19bc-4169-8d8e-dba75af65d17', '使徒行傳', 14, NOW() - INTERVAL '100 days'),
  ('8c24dce7-8552-4821-932a-263c40597f87', 'db2b2911-19bc-4169-8d8e-dba75af65d17', '使徒行傳', 15, NOW() - INTERVAL '100 days'),
  ('8c24dce7-8552-4821-932a-263c40597f87', 'db2b2911-19bc-4169-8d8e-dba75af65d17', '使徒行傳', 16, NOW() - INTERVAL '100 days'),
  ('8c24dce7-8552-4821-932a-263c40597f87', 'db2b2911-19bc-4169-8d8e-dba75af65d17', '使徒行傳', 17, NOW() - INTERVAL '99 days'),
  ('8c24dce7-8552-4821-932a-263c40597f87', 'db2b2911-19bc-4169-8d8e-dba75af65d17', '使徒行傳', 18, NOW() - INTERVAL '99 days'),
  ('8c24dce7-8552-4821-932a-263c40597f87', 'db2b2911-19bc-4169-8d8e-dba75af65d17', '使徒行傳', 19, NOW() - INTERVAL '99 days'),
  ('8c24dce7-8552-4821-932a-263c40597f87', 'db2b2911-19bc-4169-8d8e-dba75af65d17', '使徒行傳', 20, NOW() - INTERVAL '99 days'),
  ('8c24dce7-8552-4821-932a-263c40597f87', 'db2b2911-19bc-4169-8d8e-dba75af65d17', '使徒行傳', 21, NOW() - INTERVAL '99 days'),
  ('8c24dce7-8552-4821-932a-263c40597f87', 'db2b2911-19bc-4169-8d8e-dba75af65d17', '使徒行傳', 22, NOW() - INTERVAL '98 days'),
  ('8c24dce7-8552-4821-932a-263c40597f87', 'db2b2911-19bc-4169-8d8e-dba75af65d17', '使徒行傳', 23, NOW() - INTERVAL '98 days'),
  ('8c24dce7-8552-4821-932a-263c40597f87', 'db2b2911-19bc-4169-8d8e-dba75af65d17', '使徒行傳', 24, NOW() - INTERVAL '98 days'),
  ('8c24dce7-8552-4821-932a-263c40597f87', 'db2b2911-19bc-4169-8d8e-dba75af65d17', '使徒行傳', 25, NOW() - INTERVAL '98 days'),
  ('8c24dce7-8552-4821-932a-263c40597f87', 'db2b2911-19bc-4169-8d8e-dba75af65d17', '使徒行傳', 26, NOW() - INTERVAL '98 days'),
  ('8c24dce7-8552-4821-932a-263c40597f87', 'db2b2911-19bc-4169-8d8e-dba75af65d17', '使徒行傳', 27, NOW() - INTERVAL '97 days'),
  ('8c24dce7-8552-4821-932a-263c40597f87', 'db2b2911-19bc-4169-8d8e-dba75af65d17', '使徒行傳', 28, NOW() - INTERVAL '97 days'),
  ('8c24dce7-8552-4821-932a-263c40597f87', 'db2b2911-19bc-4169-8d8e-dba75af65d17', '箴言', 1, NOW() - INTERVAL '97 days'),
  ('8c24dce7-8552-4821-932a-263c40597f87', 'db2b2911-19bc-4169-8d8e-dba75af65d17', '箴言', 2, NOW() - INTERVAL '97 days'),
  ('8c24dce7-8552-4821-932a-263c40597f87', 'db2b2911-19bc-4169-8d8e-dba75af65d17', '箴言', 3, NOW() - INTERVAL '97 days'),
  ('8c24dce7-8552-4821-932a-263c40597f87', 'db2b2911-19bc-4169-8d8e-dba75af65d17', '箴言', 4, NOW() - INTERVAL '96 days'),
  ('8c24dce7-8552-4821-932a-263c40597f87', 'db2b2911-19bc-4169-8d8e-dba75af65d17', '箴言', 5, NOW() - INTERVAL '96 days'),
  ('8c24dce7-8552-4821-932a-263c40597f87', 'db2b2911-19bc-4169-8d8e-dba75af65d17', '箴言', 6, NOW() - INTERVAL '96 days'),
  ('8c24dce7-8552-4821-932a-263c40597f87', 'db2b2911-19bc-4169-8d8e-dba75af65d17', '箴言', 7, NOW() - INTERVAL '96 days'),
  ('8c24dce7-8552-4821-932a-263c40597f87', 'db2b2911-19bc-4169-8d8e-dba75af65d17', '箴言', 8, NOW() - INTERVAL '96 days'),
  ('8c24dce7-8552-4821-932a-263c40597f87', 'db2b2911-19bc-4169-8d8e-dba75af65d17', '箴言', 9, NOW() - INTERVAL '95 days'),
  ('8c24dce7-8552-4821-932a-263c40597f87', 'db2b2911-19bc-4169-8d8e-dba75af65d17', '箴言', 10, NOW() - INTERVAL '95 days'),
  ('8c24dce7-8552-4821-932a-263c40597f87', 'db2b2911-19bc-4169-8d8e-dba75af65d17', '箴言', 11, NOW() - INTERVAL '95 days'),
  ('8c24dce7-8552-4821-932a-263c40597f87', 'db2b2911-19bc-4169-8d8e-dba75af65d17', '箴言', 12, NOW() - INTERVAL '95 days'),
  ('8c24dce7-8552-4821-932a-263c40597f87', 'db2b2911-19bc-4169-8d8e-dba75af65d17', '箴言', 13, NOW() - INTERVAL '95 days'),
  ('8c24dce7-8552-4821-932a-263c40597f87', 'db2b2911-19bc-4169-8d8e-dba75af65d17', '箴言', 14, NOW() - INTERVAL '94 days'),
  ('8c24dce7-8552-4821-932a-263c40597f87', 'db2b2911-19bc-4169-8d8e-dba75af65d17', '箴言', 15, NOW() - INTERVAL '94 days'),
  ('8c24dce7-8552-4821-932a-263c40597f87', 'db2b2911-19bc-4169-8d8e-dba75af65d17', '箴言', 16, NOW() - INTERVAL '94 days'),
  ('8c24dce7-8552-4821-932a-263c40597f87', 'db2b2911-19bc-4169-8d8e-dba75af65d17', '箴言', 17, NOW() - INTERVAL '94 days'),
  ('8c24dce7-8552-4821-932a-263c40597f87', 'db2b2911-19bc-4169-8d8e-dba75af65d17', '箴言', 18, NOW() - INTERVAL '94 days'),
  ('8c24dce7-8552-4821-932a-263c40597f87', 'db2b2911-19bc-4169-8d8e-dba75af65d17', '箴言', 19, NOW() - INTERVAL '93 days'),
  ('8c24dce7-8552-4821-932a-263c40597f87', 'db2b2911-19bc-4169-8d8e-dba75af65d17', '箴言', 20, NOW() - INTERVAL '93 days'),
  ('8c24dce7-8552-4821-932a-263c40597f87', 'db2b2911-19bc-4169-8d8e-dba75af65d17', '箴言', 21, NOW() - INTERVAL '93 days'),
  ('8c24dce7-8552-4821-932a-263c40597f87', 'db2b2911-19bc-4169-8d8e-dba75af65d17', '箴言', 22, NOW() - INTERVAL '93 days'),
  ('8c24dce7-8552-4821-932a-263c40597f87', 'db2b2911-19bc-4169-8d8e-dba75af65d17', '箴言', 23, NOW() - INTERVAL '93 days'),
  ('8c24dce7-8552-4821-932a-263c40597f87', 'db2b2911-19bc-4169-8d8e-dba75af65d17', '箴言', 24, NOW() - INTERVAL '92 days'),
  ('8c24dce7-8552-4821-932a-263c40597f87', 'db2b2911-19bc-4169-8d8e-dba75af65d17', '箴言', 25, NOW() - INTERVAL '92 days'),
  ('8c24dce7-8552-4821-932a-263c40597f87', 'db2b2911-19bc-4169-8d8e-dba75af65d17', '箴言', 26, NOW() - INTERVAL '92 days'),
  ('8c24dce7-8552-4821-932a-263c40597f87', 'db2b2911-19bc-4169-8d8e-dba75af65d17', '箴言', 27, NOW() - INTERVAL '92 days'),
  ('8c24dce7-8552-4821-932a-263c40597f87', 'db2b2911-19bc-4169-8d8e-dba75af65d17', '箴言', 28, NOW() - INTERVAL '92 days'),
  ('8c24dce7-8552-4821-932a-263c40597f87', 'db2b2911-19bc-4169-8d8e-dba75af65d17', '箴言', 29, NOW() - INTERVAL '91 days'),
  ('8c24dce7-8552-4821-932a-263c40597f87', 'db2b2911-19bc-4169-8d8e-dba75af65d17', '箴言', 30, NOW() - INTERVAL '91 days'),
  ('8c24dce7-8552-4821-932a-263c40597f87', 'db2b2911-19bc-4169-8d8e-dba75af65d17', '箴言', 31, NOW() - INTERVAL '91 days'),
  ('8c24dce7-8552-4821-932a-263c40597f87', 'db2b2911-19bc-4169-8d8e-dba75af65d17', '提摩太後書', 1, NOW() - INTERVAL '91 days'),
  ('8c24dce7-8552-4821-932a-263c40597f87', 'db2b2911-19bc-4169-8d8e-dba75af65d17', '提摩太後書', 2, NOW() - INTERVAL '91 days'),
  ('8c24dce7-8552-4821-932a-263c40597f87', 'db2b2911-19bc-4169-8d8e-dba75af65d17', '提摩太後書', 3, NOW() - INTERVAL '90 days'),
  ('8c24dce7-8552-4821-932a-263c40597f87', 'db2b2911-19bc-4169-8d8e-dba75af65d17', '提摩太後書', 4, NOW() - INTERVAL '90 days'),
  ('8c24dce7-8552-4821-932a-263c40597f87', 'db2b2911-19bc-4169-8d8e-dba75af65d17', '傳道書', 1, NOW() - INTERVAL '90 days'),
  ('8c24dce7-8552-4821-932a-263c40597f87', 'db2b2911-19bc-4169-8d8e-dba75af65d17', '傳道書', 2, NOW() - INTERVAL '90 days'),
  ('8c24dce7-8552-4821-932a-263c40597f87', 'db2b2911-19bc-4169-8d8e-dba75af65d17', '傳道書', 3, NOW() - INTERVAL '90 days'),
  ('8c24dce7-8552-4821-932a-263c40597f87', 'db2b2911-19bc-4169-8d8e-dba75af65d17', '傳道書', 4, NOW() - INTERVAL '89 days'),
  ('8c24dce7-8552-4821-932a-263c40597f87', 'db2b2911-19bc-4169-8d8e-dba75af65d17', '傳道書', 5, NOW() - INTERVAL '89 days'),
  ('8c24dce7-8552-4821-932a-263c40597f87', 'db2b2911-19bc-4169-8d8e-dba75af65d17', '傳道書', 6, NOW() - INTERVAL '89 days'),
  ('8c24dce7-8552-4821-932a-263c40597f87', 'db2b2911-19bc-4169-8d8e-dba75af65d17', '傳道書', 7, NOW() - INTERVAL '89 days'),
  ('8c24dce7-8552-4821-932a-263c40597f87', 'db2b2911-19bc-4169-8d8e-dba75af65d17', '傳道書', 8, NOW() - INTERVAL '89 days'),
  ('8c24dce7-8552-4821-932a-263c40597f87', 'db2b2911-19bc-4169-8d8e-dba75af65d17', '傳道書', 9, NOW() - INTERVAL '88 days'),
  ('8c24dce7-8552-4821-932a-263c40597f87', 'db2b2911-19bc-4169-8d8e-dba75af65d17', '傳道書', 10, NOW() - INTERVAL '88 days'),
  ('8c24dce7-8552-4821-932a-263c40597f87', 'db2b2911-19bc-4169-8d8e-dba75af65d17', '傳道書', 11, NOW() - INTERVAL '88 days'),
  ('8c24dce7-8552-4821-932a-263c40597f87', 'db2b2911-19bc-4169-8d8e-dba75af65d17', '傳道書', 12, NOW() - INTERVAL '88 days'),
  ('8c24dce7-8552-4821-932a-263c40597f87', 'db2b2911-19bc-4169-8d8e-dba75af65d17', '腓利門書', 1, NOW() - INTERVAL '88 days'),
  ('8c24dce7-8552-4821-932a-263c40597f87', 'db2b2911-19bc-4169-8d8e-dba75af65d17', '約書亞記', 1, NOW() - INTERVAL '87 days'),
  ('8c24dce7-8552-4821-932a-263c40597f87', 'db2b2911-19bc-4169-8d8e-dba75af65d17', '約書亞記', 2, NOW() - INTERVAL '87 days'),
  ('8c24dce7-8552-4821-932a-263c40597f87', 'db2b2911-19bc-4169-8d8e-dba75af65d17', '約書亞記', 3, NOW() - INTERVAL '87 days'),
  ('8c24dce7-8552-4821-932a-263c40597f87', 'db2b2911-19bc-4169-8d8e-dba75af65d17', '約書亞記', 4, NOW() - INTERVAL '87 days'),
  ('8c24dce7-8552-4821-932a-263c40597f87', 'db2b2911-19bc-4169-8d8e-dba75af65d17', '約書亞記', 5, NOW() - INTERVAL '87 days'),
  ('8c24dce7-8552-4821-932a-263c40597f87', 'db2b2911-19bc-4169-8d8e-dba75af65d17', '約書亞記', 6, NOW() - INTERVAL '86 days'),
  ('8c24dce7-8552-4821-932a-263c40597f87', 'db2b2911-19bc-4169-8d8e-dba75af65d17', '約書亞記', 7, NOW() - INTERVAL '86 days'),
  ('8c24dce7-8552-4821-932a-263c40597f87', 'db2b2911-19bc-4169-8d8e-dba75af65d17', '約書亞記', 8, NOW() - INTERVAL '86 days'),
  ('8c24dce7-8552-4821-932a-263c40597f87', 'db2b2911-19bc-4169-8d8e-dba75af65d17', '約書亞記', 9, NOW() - INTERVAL '86 days'),
  ('8c24dce7-8552-4821-932a-263c40597f87', 'db2b2911-19bc-4169-8d8e-dba75af65d17', '約書亞記', 10, NOW() - INTERVAL '86 days'),
  ('8c24dce7-8552-4821-932a-263c40597f87', 'db2b2911-19bc-4169-8d8e-dba75af65d17', '約書亞記', 11, NOW() - INTERVAL '85 days'),
  ('8c24dce7-8552-4821-932a-263c40597f87', 'db2b2911-19bc-4169-8d8e-dba75af65d17', '約書亞記', 12, NOW() - INTERVAL '85 days'),
  ('8c24dce7-8552-4821-932a-263c40597f87', 'db2b2911-19bc-4169-8d8e-dba75af65d17', '約書亞記', 13, NOW() - INTERVAL '85 days'),
  ('8c24dce7-8552-4821-932a-263c40597f87', 'db2b2911-19bc-4169-8d8e-dba75af65d17', '約書亞記', 14, NOW() - INTERVAL '85 days'),
  ('8c24dce7-8552-4821-932a-263c40597f87', 'db2b2911-19bc-4169-8d8e-dba75af65d17', '約書亞記', 15, NOW() - INTERVAL '85 days'),
  ('8c24dce7-8552-4821-932a-263c40597f87', 'db2b2911-19bc-4169-8d8e-dba75af65d17', '約書亞記', 16, NOW() - INTERVAL '84 days'),
  ('8c24dce7-8552-4821-932a-263c40597f87', 'db2b2911-19bc-4169-8d8e-dba75af65d17', '約書亞記', 17, NOW() - INTERVAL '84 days'),
  ('8c24dce7-8552-4821-932a-263c40597f87', 'db2b2911-19bc-4169-8d8e-dba75af65d17', '約書亞記', 18, NOW() - INTERVAL '84 days'),
  ('8c24dce7-8552-4821-932a-263c40597f87', 'db2b2911-19bc-4169-8d8e-dba75af65d17', '約書亞記', 19, NOW() - INTERVAL '84 days'),
  ('8c24dce7-8552-4821-932a-263c40597f87', 'db2b2911-19bc-4169-8d8e-dba75af65d17', '約書亞記', 20, NOW() - INTERVAL '84 days'),
  ('8c24dce7-8552-4821-932a-263c40597f87', 'db2b2911-19bc-4169-8d8e-dba75af65d17', '約書亞記', 21, NOW() - INTERVAL '83 days'),
  ('8c24dce7-8552-4821-932a-263c40597f87', 'db2b2911-19bc-4169-8d8e-dba75af65d17', '約書亞記', 22, NOW() - INTERVAL '83 days'),
  ('8c24dce7-8552-4821-932a-263c40597f87', 'db2b2911-19bc-4169-8d8e-dba75af65d17', '約書亞記', 23, NOW() - INTERVAL '83 days'),
  ('8c24dce7-8552-4821-932a-263c40597f87', 'db2b2911-19bc-4169-8d8e-dba75af65d17', '約書亞記', 24, NOW() - INTERVAL '83 days'),
  ('8c24dce7-8552-4821-932a-263c40597f87', 'db2b2911-19bc-4169-8d8e-dba75af65d17', '羅馬書', 1, NOW() - INTERVAL '83 days'),
  ('8c24dce7-8552-4821-932a-263c40597f87', 'db2b2911-19bc-4169-8d8e-dba75af65d17', '羅馬書', 2, NOW() - INTERVAL '82 days'),
  ('8c24dce7-8552-4821-932a-263c40597f87', 'db2b2911-19bc-4169-8d8e-dba75af65d17', '羅馬書', 3, NOW() - INTERVAL '82 days'),
  ('8c24dce7-8552-4821-932a-263c40597f87', 'db2b2911-19bc-4169-8d8e-dba75af65d17', '羅馬書', 4, NOW() - INTERVAL '82 days'),
  ('8c24dce7-8552-4821-932a-263c40597f87', 'db2b2911-19bc-4169-8d8e-dba75af65d17', '羅馬書', 5, NOW() - INTERVAL '82 days'),
  ('8c24dce7-8552-4821-932a-263c40597f87', 'db2b2911-19bc-4169-8d8e-dba75af65d17', '羅馬書', 6, NOW() - INTERVAL '82 days'),
  ('8c24dce7-8552-4821-932a-263c40597f87', 'db2b2911-19bc-4169-8d8e-dba75af65d17', '羅馬書', 7, NOW() - INTERVAL '81 days'),
  ('8c24dce7-8552-4821-932a-263c40597f87', 'db2b2911-19bc-4169-8d8e-dba75af65d17', '羅馬書', 8, NOW() - INTERVAL '81 days'),
  ('8c24dce7-8552-4821-932a-263c40597f87', 'db2b2911-19bc-4169-8d8e-dba75af65d17', '羅馬書', 9, NOW() - INTERVAL '81 days'),
  ('8c24dce7-8552-4821-932a-263c40597f87', 'db2b2911-19bc-4169-8d8e-dba75af65d17', '羅馬書', 10, NOW() - INTERVAL '81 days'),
  ('8c24dce7-8552-4821-932a-263c40597f87', 'db2b2911-19bc-4169-8d8e-dba75af65d17', '羅馬書', 11, NOW() - INTERVAL '81 days'),
  ('8c24dce7-8552-4821-932a-263c40597f87', 'db2b2911-19bc-4169-8d8e-dba75af65d17', '羅馬書', 12, NOW() - INTERVAL '80 days'),
  ('8c24dce7-8552-4821-932a-263c40597f87', 'db2b2911-19bc-4169-8d8e-dba75af65d17', '羅馬書', 13, NOW() - INTERVAL '80 days'),
  ('8c24dce7-8552-4821-932a-263c40597f87', 'db2b2911-19bc-4169-8d8e-dba75af65d17', '羅馬書', 14, NOW() - INTERVAL '80 days'),
  ('8c24dce7-8552-4821-932a-263c40597f87', 'db2b2911-19bc-4169-8d8e-dba75af65d17', '羅馬書', 15, NOW() - INTERVAL '80 days'),
  ('8c24dce7-8552-4821-932a-263c40597f87', 'db2b2911-19bc-4169-8d8e-dba75af65d17', '羅馬書', 16, NOW() - INTERVAL '80 days'),
  ('8c24dce7-8552-4821-932a-263c40597f87', 'db2b2911-19bc-4169-8d8e-dba75af65d17', '耶利米書', 1, NOW() - INTERVAL '79 days'),
  ('8c24dce7-8552-4821-932a-263c40597f87', 'db2b2911-19bc-4169-8d8e-dba75af65d17', '耶利米書', 2, NOW() - INTERVAL '79 days'),
  ('8c24dce7-8552-4821-932a-263c40597f87', 'db2b2911-19bc-4169-8d8e-dba75af65d17', '耶利米書', 3, NOW() - INTERVAL '79 days'),
  ('8c24dce7-8552-4821-932a-263c40597f87', 'db2b2911-19bc-4169-8d8e-dba75af65d17', '耶利米書', 4, NOW() - INTERVAL '79 days'),
  ('8c24dce7-8552-4821-932a-263c40597f87', 'db2b2911-19bc-4169-8d8e-dba75af65d17', '耶利米書', 5, NOW() - INTERVAL '79 days'),
  ('8c24dce7-8552-4821-932a-263c40597f87', 'db2b2911-19bc-4169-8d8e-dba75af65d17', '耶利米書', 6, NOW() - INTERVAL '78 days'),
  ('8c24dce7-8552-4821-932a-263c40597f87', 'db2b2911-19bc-4169-8d8e-dba75af65d17', '耶利米書', 7, NOW() - INTERVAL '78 days'),
  ('8c24dce7-8552-4821-932a-263c40597f87', 'db2b2911-19bc-4169-8d8e-dba75af65d17', '耶利米書', 8, NOW() - INTERVAL '78 days'),
  ('8c24dce7-8552-4821-932a-263c40597f87', 'db2b2911-19bc-4169-8d8e-dba75af65d17', '耶利米書', 9, NOW() - INTERVAL '78 days'),
  ('8c24dce7-8552-4821-932a-263c40597f87', 'db2b2911-19bc-4169-8d8e-dba75af65d17', '耶利米書', 10, NOW() - INTERVAL '78 days'),
  ('8c24dce7-8552-4821-932a-263c40597f87', 'db2b2911-19bc-4169-8d8e-dba75af65d17', '耶利米書', 11, NOW() - INTERVAL '77 days'),
  ('8c24dce7-8552-4821-932a-263c40597f87', 'db2b2911-19bc-4169-8d8e-dba75af65d17', '耶利米書', 12, NOW() - INTERVAL '77 days'),
  ('8c24dce7-8552-4821-932a-263c40597f87', 'db2b2911-19bc-4169-8d8e-dba75af65d17', '耶利米書', 13, NOW() - INTERVAL '77 days'),
  ('8c24dce7-8552-4821-932a-263c40597f87', 'db2b2911-19bc-4169-8d8e-dba75af65d17', '耶利米書', 14, NOW() - INTERVAL '77 days'),
  ('8c24dce7-8552-4821-932a-263c40597f87', 'db2b2911-19bc-4169-8d8e-dba75af65d17', '耶利米書', 15, NOW() - INTERVAL '77 days'),
  ('8c24dce7-8552-4821-932a-263c40597f87', 'db2b2911-19bc-4169-8d8e-dba75af65d17', '耶利米書', 16, NOW() - INTERVAL '76 days'),
  ('8c24dce7-8552-4821-932a-263c40597f87', 'db2b2911-19bc-4169-8d8e-dba75af65d17', '耶利米書', 17, NOW() - INTERVAL '76 days'),
  ('8c24dce7-8552-4821-932a-263c40597f87', 'db2b2911-19bc-4169-8d8e-dba75af65d17', '耶利米書', 18, NOW() - INTERVAL '76 days'),
  ('8c24dce7-8552-4821-932a-263c40597f87', 'db2b2911-19bc-4169-8d8e-dba75af65d17', '耶利米書', 19, NOW() - INTERVAL '76 days'),
  ('8c24dce7-8552-4821-932a-263c40597f87', 'db2b2911-19bc-4169-8d8e-dba75af65d17', '耶利米書', 20, NOW() - INTERVAL '76 days'),
  ('8c24dce7-8552-4821-932a-263c40597f87', 'db2b2911-19bc-4169-8d8e-dba75af65d17', '耶利米書', 21, NOW() - INTERVAL '75 days'),
  ('8c24dce7-8552-4821-932a-263c40597f87', 'db2b2911-19bc-4169-8d8e-dba75af65d17', '耶利米書', 22, NOW() - INTERVAL '75 days'),
  ('8c24dce7-8552-4821-932a-263c40597f87', 'db2b2911-19bc-4169-8d8e-dba75af65d17', '耶利米書', 23, NOW() - INTERVAL '75 days'),
  ('8c24dce7-8552-4821-932a-263c40597f87', 'db2b2911-19bc-4169-8d8e-dba75af65d17', '耶利米書', 24, NOW() - INTERVAL '75 days'),
  ('8c24dce7-8552-4821-932a-263c40597f87', 'db2b2911-19bc-4169-8d8e-dba75af65d17', '耶利米書', 25, NOW() - INTERVAL '75 days'),
  ('8c24dce7-8552-4821-932a-263c40597f87', 'db2b2911-19bc-4169-8d8e-dba75af65d17', '耶利米書', 26, NOW() - INTERVAL '74 days'),
  ('8c24dce7-8552-4821-932a-263c40597f87', 'db2b2911-19bc-4169-8d8e-dba75af65d17', '耶利米書', 27, NOW() - INTERVAL '74 days'),
  ('8c24dce7-8552-4821-932a-263c40597f87', 'db2b2911-19bc-4169-8d8e-dba75af65d17', '耶利米書', 28, NOW() - INTERVAL '74 days'),
  ('8c24dce7-8552-4821-932a-263c40597f87', 'db2b2911-19bc-4169-8d8e-dba75af65d17', '耶利米書', 29, NOW() - INTERVAL '74 days'),
  ('8c24dce7-8552-4821-932a-263c40597f87', 'db2b2911-19bc-4169-8d8e-dba75af65d17', '耶利米書', 30, NOW() - INTERVAL '74 days'),
  ('8c24dce7-8552-4821-932a-263c40597f87', 'db2b2911-19bc-4169-8d8e-dba75af65d17', '耶利米書', 31, NOW() - INTERVAL '73 days'),
  ('8c24dce7-8552-4821-932a-263c40597f87', 'db2b2911-19bc-4169-8d8e-dba75af65d17', '耶利米書', 32, NOW() - INTERVAL '73 days'),
  ('8c24dce7-8552-4821-932a-263c40597f87', 'db2b2911-19bc-4169-8d8e-dba75af65d17', '耶利米書', 33, NOW() - INTERVAL '73 days'),
  ('8c24dce7-8552-4821-932a-263c40597f87', 'db2b2911-19bc-4169-8d8e-dba75af65d17', '耶利米書', 34, NOW() - INTERVAL '73 days'),
  ('8c24dce7-8552-4821-932a-263c40597f87', 'db2b2911-19bc-4169-8d8e-dba75af65d17', '耶利米書', 35, NOW() - INTERVAL '73 days'),
  ('8c24dce7-8552-4821-932a-263c40597f87', 'db2b2911-19bc-4169-8d8e-dba75af65d17', '耶利米書', 36, NOW() - INTERVAL '72 days'),
  ('8c24dce7-8552-4821-932a-263c40597f87', 'db2b2911-19bc-4169-8d8e-dba75af65d17', '耶利米書', 37, NOW() - INTERVAL '72 days'),
  ('8c24dce7-8552-4821-932a-263c40597f87', 'db2b2911-19bc-4169-8d8e-dba75af65d17', '耶利米書', 38, NOW() - INTERVAL '72 days'),
  ('8c24dce7-8552-4821-932a-263c40597f87', 'db2b2911-19bc-4169-8d8e-dba75af65d17', '耶利米書', 39, NOW() - INTERVAL '72 days'),
  ('8c24dce7-8552-4821-932a-263c40597f87', 'db2b2911-19bc-4169-8d8e-dba75af65d17', '耶利米書', 40, NOW() - INTERVAL '72 days'),
  ('8c24dce7-8552-4821-932a-263c40597f87', 'db2b2911-19bc-4169-8d8e-dba75af65d17', '耶利米書', 41, NOW() - INTERVAL '71 days'),
  ('8c24dce7-8552-4821-932a-263c40597f87', 'db2b2911-19bc-4169-8d8e-dba75af65d17', '耶利米書', 42, NOW() - INTERVAL '71 days'),
  ('8c24dce7-8552-4821-932a-263c40597f87', 'db2b2911-19bc-4169-8d8e-dba75af65d17', '耶利米書', 43, NOW() - INTERVAL '71 days'),
  ('8c24dce7-8552-4821-932a-263c40597f87', 'db2b2911-19bc-4169-8d8e-dba75af65d17', '耶利米書', 44, NOW() - INTERVAL '71 days'),
  ('8c24dce7-8552-4821-932a-263c40597f87', 'db2b2911-19bc-4169-8d8e-dba75af65d17', '耶利米書', 45, NOW() - INTERVAL '71 days'),
  ('8c24dce7-8552-4821-932a-263c40597f87', 'db2b2911-19bc-4169-8d8e-dba75af65d17', '耶利米書', 46, NOW() - INTERVAL '70 days'),
  ('8c24dce7-8552-4821-932a-263c40597f87', 'db2b2911-19bc-4169-8d8e-dba75af65d17', '耶利米書', 47, NOW() - INTERVAL '70 days'),
  ('8c24dce7-8552-4821-932a-263c40597f87', 'db2b2911-19bc-4169-8d8e-dba75af65d17', '耶利米書', 48, NOW() - INTERVAL '70 days'),
  ('8c24dce7-8552-4821-932a-263c40597f87', 'db2b2911-19bc-4169-8d8e-dba75af65d17', '耶利米書', 49, NOW() - INTERVAL '70 days'),
  ('8c24dce7-8552-4821-932a-263c40597f87', 'db2b2911-19bc-4169-8d8e-dba75af65d17', '耶利米書', 50, NOW() - INTERVAL '70 days'),
  ('8c24dce7-8552-4821-932a-263c40597f87', 'db2b2911-19bc-4169-8d8e-dba75af65d17', '耶利米書', 51, NOW() - INTERVAL '69 days'),
  ('8c24dce7-8552-4821-932a-263c40597f87', 'db2b2911-19bc-4169-8d8e-dba75af65d17', '耶利米書', 52, NOW() - INTERVAL '69 days'),
  ('8c24dce7-8552-4821-932a-263c40597f87', 'db2b2911-19bc-4169-8d8e-dba75af65d17', '彼得後書', 1, NOW() - INTERVAL '69 days'),
  ('8c24dce7-8552-4821-932a-263c40597f87', 'db2b2911-19bc-4169-8d8e-dba75af65d17', '彼得後書', 2, NOW() - INTERVAL '69 days'),
  ('8c24dce7-8552-4821-932a-263c40597f87', 'db2b2911-19bc-4169-8d8e-dba75af65d17', '彼得後書', 3, NOW() - INTERVAL '69 days'),
  ('8c24dce7-8552-4821-932a-263c40597f87', 'db2b2911-19bc-4169-8d8e-dba75af65d17', '西番雅書', 1, NOW() - INTERVAL '68 days'),
  ('8c24dce7-8552-4821-932a-263c40597f87', 'db2b2911-19bc-4169-8d8e-dba75af65d17', '西番雅書', 2, NOW() - INTERVAL '68 days'),
  ('8c24dce7-8552-4821-932a-263c40597f87', 'db2b2911-19bc-4169-8d8e-dba75af65d17', '西番雅書', 3, NOW() - INTERVAL '68 days'),
  ('8c24dce7-8552-4821-932a-263c40597f87', 'db2b2911-19bc-4169-8d8e-dba75af65d17', '哈該書', 1, NOW() - INTERVAL '68 days'),
  ('8c24dce7-8552-4821-932a-263c40597f87', 'db2b2911-19bc-4169-8d8e-dba75af65d17', '哈該書', 2, NOW() - INTERVAL '68 days'),
  ('8c24dce7-8552-4821-932a-263c40597f87', 'db2b2911-19bc-4169-8d8e-dba75af65d17', '士師記', 1, NOW() - INTERVAL '67 days'),
  ('8c24dce7-8552-4821-932a-263c40597f87', 'db2b2911-19bc-4169-8d8e-dba75af65d17', '士師記', 2, NOW() - INTERVAL '67 days'),
  ('8c24dce7-8552-4821-932a-263c40597f87', 'db2b2911-19bc-4169-8d8e-dba75af65d17', '士師記', 3, NOW() - INTERVAL '67 days'),
  ('8c24dce7-8552-4821-932a-263c40597f87', 'db2b2911-19bc-4169-8d8e-dba75af65d17', '士師記', 4, NOW() - INTERVAL '67 days'),
  ('8c24dce7-8552-4821-932a-263c40597f87', 'db2b2911-19bc-4169-8d8e-dba75af65d17', '士師記', 5, NOW() - INTERVAL '67 days'),
  ('8c24dce7-8552-4821-932a-263c40597f87', 'db2b2911-19bc-4169-8d8e-dba75af65d17', '士師記', 6, NOW() - INTERVAL '66 days'),
  ('8c24dce7-8552-4821-932a-263c40597f87', 'db2b2911-19bc-4169-8d8e-dba75af65d17', '士師記', 7, NOW() - INTERVAL '66 days'),
  ('8c24dce7-8552-4821-932a-263c40597f87', 'db2b2911-19bc-4169-8d8e-dba75af65d17', '士師記', 8, NOW() - INTERVAL '66 days'),
  ('8c24dce7-8552-4821-932a-263c40597f87', 'db2b2911-19bc-4169-8d8e-dba75af65d17', '士師記', 9, NOW() - INTERVAL '66 days'),
  ('8c24dce7-8552-4821-932a-263c40597f87', 'db2b2911-19bc-4169-8d8e-dba75af65d17', '士師記', 10, NOW() - INTERVAL '66 days'),
  ('8c24dce7-8552-4821-932a-263c40597f87', 'db2b2911-19bc-4169-8d8e-dba75af65d17', '士師記', 11, NOW() - INTERVAL '65 days'),
  ('8c24dce7-8552-4821-932a-263c40597f87', 'db2b2911-19bc-4169-8d8e-dba75af65d17', '士師記', 12, NOW() - INTERVAL '65 days'),
  ('8c24dce7-8552-4821-932a-263c40597f87', 'db2b2911-19bc-4169-8d8e-dba75af65d17', '士師記', 13, NOW() - INTERVAL '65 days'),
  ('8c24dce7-8552-4821-932a-263c40597f87', 'db2b2911-19bc-4169-8d8e-dba75af65d17', '士師記', 14, NOW() - INTERVAL '65 days'),
  ('8c24dce7-8552-4821-932a-263c40597f87', 'db2b2911-19bc-4169-8d8e-dba75af65d17', '士師記', 15, NOW() - INTERVAL '65 days'),
  ('8c24dce7-8552-4821-932a-263c40597f87', 'db2b2911-19bc-4169-8d8e-dba75af65d17', '士師記', 16, NOW() - INTERVAL '64 days'),
  ('8c24dce7-8552-4821-932a-263c40597f87', 'db2b2911-19bc-4169-8d8e-dba75af65d17', '士師記', 17, NOW() - INTERVAL '64 days'),
  ('8c24dce7-8552-4821-932a-263c40597f87', 'db2b2911-19bc-4169-8d8e-dba75af65d17', '士師記', 18, NOW() - INTERVAL '64 days'),
  ('8c24dce7-8552-4821-932a-263c40597f87', 'db2b2911-19bc-4169-8d8e-dba75af65d17', '士師記', 19, NOW() - INTERVAL '64 days'),
  ('8c24dce7-8552-4821-932a-263c40597f87', 'db2b2911-19bc-4169-8d8e-dba75af65d17', '士師記', 20, NOW() - INTERVAL '64 days'),
  ('8c24dce7-8552-4821-932a-263c40597f87', 'db2b2911-19bc-4169-8d8e-dba75af65d17', '士師記', 21, NOW() - INTERVAL '63 days'),
  ('8c24dce7-8552-4821-932a-263c40597f87', 'db2b2911-19bc-4169-8d8e-dba75af65d17', '哥林多前書', 1, NOW() - INTERVAL '63 days'),
  ('8c24dce7-8552-4821-932a-263c40597f87', 'db2b2911-19bc-4169-8d8e-dba75af65d17', '哥林多前書', 2, NOW() - INTERVAL '63 days'),
  ('8c24dce7-8552-4821-932a-263c40597f87', 'db2b2911-19bc-4169-8d8e-dba75af65d17', '哥林多前書', 3, NOW() - INTERVAL '63 days'),
  ('8c24dce7-8552-4821-932a-263c40597f87', 'db2b2911-19bc-4169-8d8e-dba75af65d17', '哥林多前書', 4, NOW() - INTERVAL '63 days'),
  ('8c24dce7-8552-4821-932a-263c40597f87', 'db2b2911-19bc-4169-8d8e-dba75af65d17', '哥林多前書', 5, NOW() - INTERVAL '62 days'),
  ('8c24dce7-8552-4821-932a-263c40597f87', 'db2b2911-19bc-4169-8d8e-dba75af65d17', '哥林多前書', 6, NOW() - INTERVAL '62 days'),
  ('8c24dce7-8552-4821-932a-263c40597f87', 'db2b2911-19bc-4169-8d8e-dba75af65d17', '哥林多前書', 7, NOW() - INTERVAL '62 days'),
  ('8c24dce7-8552-4821-932a-263c40597f87', 'db2b2911-19bc-4169-8d8e-dba75af65d17', '哥林多前書', 8, NOW() - INTERVAL '62 days'),
  ('8c24dce7-8552-4821-932a-263c40597f87', 'db2b2911-19bc-4169-8d8e-dba75af65d17', '哥林多前書', 9, NOW() - INTERVAL '62 days'),
  ('8c24dce7-8552-4821-932a-263c40597f87', 'db2b2911-19bc-4169-8d8e-dba75af65d17', '哥林多前書', 10, NOW() - INTERVAL '61 days'),
  ('8c24dce7-8552-4821-932a-263c40597f87', 'db2b2911-19bc-4169-8d8e-dba75af65d17', '哥林多前書', 11, NOW() - INTERVAL '61 days'),
  ('8c24dce7-8552-4821-932a-263c40597f87', 'db2b2911-19bc-4169-8d8e-dba75af65d17', '哥林多前書', 12, NOW() - INTERVAL '61 days'),
  ('8c24dce7-8552-4821-932a-263c40597f87', 'db2b2911-19bc-4169-8d8e-dba75af65d17', '哥林多前書', 13, NOW() - INTERVAL '61 days'),
  ('8c24dce7-8552-4821-932a-263c40597f87', 'db2b2911-19bc-4169-8d8e-dba75af65d17', '哥林多前書', 14, NOW() - INTERVAL '61 days'),
  ('8c24dce7-8552-4821-932a-263c40597f87', 'db2b2911-19bc-4169-8d8e-dba75af65d17', '哥林多前書', 15, NOW() - INTERVAL '60 days'),
  ('8c24dce7-8552-4821-932a-263c40597f87', 'db2b2911-19bc-4169-8d8e-dba75af65d17', '哥林多前書', 16, NOW() - INTERVAL '60 days'),
  ('8c24dce7-8552-4821-932a-263c40597f87', 'db2b2911-19bc-4169-8d8e-dba75af65d17', '以斯拉記', 1, NOW() - INTERVAL '60 days'),
  ('8c24dce7-8552-4821-932a-263c40597f87', 'db2b2911-19bc-4169-8d8e-dba75af65d17', '以斯拉記', 2, NOW() - INTERVAL '60 days'),
  ('8c24dce7-8552-4821-932a-263c40597f87', 'db2b2911-19bc-4169-8d8e-dba75af65d17', '以斯拉記', 3, NOW() - INTERVAL '60 days'),
  ('8c24dce7-8552-4821-932a-263c40597f87', 'db2b2911-19bc-4169-8d8e-dba75af65d17', '以斯拉記', 4, NOW() - INTERVAL '59 days'),
  ('8c24dce7-8552-4821-932a-263c40597f87', 'db2b2911-19bc-4169-8d8e-dba75af65d17', '以斯拉記', 5, NOW() - INTERVAL '59 days'),
  ('8c24dce7-8552-4821-932a-263c40597f87', 'db2b2911-19bc-4169-8d8e-dba75af65d17', '以斯拉記', 6, NOW() - INTERVAL '59 days'),
  ('8c24dce7-8552-4821-932a-263c40597f87', 'db2b2911-19bc-4169-8d8e-dba75af65d17', '以斯拉記', 7, NOW() - INTERVAL '59 days'),
  ('8c24dce7-8552-4821-932a-263c40597f87', 'db2b2911-19bc-4169-8d8e-dba75af65d17', '以斯拉記', 8, NOW() - INTERVAL '59 days'),
  ('8c24dce7-8552-4821-932a-263c40597f87', 'db2b2911-19bc-4169-8d8e-dba75af65d17', '以斯拉記', 9, NOW() - INTERVAL '58 days'),
  ('8c24dce7-8552-4821-932a-263c40597f87', 'db2b2911-19bc-4169-8d8e-dba75af65d17', '以斯拉記', 10, NOW() - INTERVAL '58 days'),
  ('8c24dce7-8552-4821-932a-263c40597f87', 'db2b2911-19bc-4169-8d8e-dba75af65d17', '以西結書', 1, NOW() - INTERVAL '58 days'),
  ('8c24dce7-8552-4821-932a-263c40597f87', 'db2b2911-19bc-4169-8d8e-dba75af65d17', '以西結書', 2, NOW() - INTERVAL '58 days'),
  ('8c24dce7-8552-4821-932a-263c40597f87', 'db2b2911-19bc-4169-8d8e-dba75af65d17', '以西結書', 3, NOW() - INTERVAL '58 days'),
  ('8c24dce7-8552-4821-932a-263c40597f87', 'db2b2911-19bc-4169-8d8e-dba75af65d17', '以西結書', 4, NOW() - INTERVAL '57 days'),
  ('8c24dce7-8552-4821-932a-263c40597f87', 'db2b2911-19bc-4169-8d8e-dba75af65d17', '以西結書', 5, NOW() - INTERVAL '57 days'),
  ('8c24dce7-8552-4821-932a-263c40597f87', 'db2b2911-19bc-4169-8d8e-dba75af65d17', '以西結書', 6, NOW() - INTERVAL '57 days'),
  ('8c24dce7-8552-4821-932a-263c40597f87', 'db2b2911-19bc-4169-8d8e-dba75af65d17', '以西結書', 7, NOW() - INTERVAL '57 days'),
  ('8c24dce7-8552-4821-932a-263c40597f87', 'db2b2911-19bc-4169-8d8e-dba75af65d17', '以西結書', 8, NOW() - INTERVAL '57 days'),
  ('8c24dce7-8552-4821-932a-263c40597f87', 'db2b2911-19bc-4169-8d8e-dba75af65d17', '以西結書', 9, NOW() - INTERVAL '56 days'),
  ('8c24dce7-8552-4821-932a-263c40597f87', 'db2b2911-19bc-4169-8d8e-dba75af65d17', '以西結書', 10, NOW() - INTERVAL '56 days'),
  ('8c24dce7-8552-4821-932a-263c40597f87', 'db2b2911-19bc-4169-8d8e-dba75af65d17', '以西結書', 11, NOW() - INTERVAL '56 days'),
  ('8c24dce7-8552-4821-932a-263c40597f87', 'db2b2911-19bc-4169-8d8e-dba75af65d17', '以西結書', 12, NOW() - INTERVAL '56 days'),
  ('8c24dce7-8552-4821-932a-263c40597f87', 'db2b2911-19bc-4169-8d8e-dba75af65d17', '以西結書', 13, NOW() - INTERVAL '56 days'),
  ('8c24dce7-8552-4821-932a-263c40597f87', 'db2b2911-19bc-4169-8d8e-dba75af65d17', '以西結書', 14, NOW() - INTERVAL '55 days'),
  ('8c24dce7-8552-4821-932a-263c40597f87', 'db2b2911-19bc-4169-8d8e-dba75af65d17', '以西結書', 15, NOW() - INTERVAL '55 days'),
  ('8c24dce7-8552-4821-932a-263c40597f87', 'db2b2911-19bc-4169-8d8e-dba75af65d17', '以西結書', 16, NOW() - INTERVAL '55 days'),
  ('8c24dce7-8552-4821-932a-263c40597f87', 'db2b2911-19bc-4169-8d8e-dba75af65d17', '以西結書', 17, NOW() - INTERVAL '55 days'),
  ('8c24dce7-8552-4821-932a-263c40597f87', 'db2b2911-19bc-4169-8d8e-dba75af65d17', '以西結書', 18, NOW() - INTERVAL '55 days'),
  ('8c24dce7-8552-4821-932a-263c40597f87', 'db2b2911-19bc-4169-8d8e-dba75af65d17', '以西結書', 19, NOW() - INTERVAL '54 days'),
  ('8c24dce7-8552-4821-932a-263c40597f87', 'db2b2911-19bc-4169-8d8e-dba75af65d17', '以西結書', 20, NOW() - INTERVAL '54 days'),
  ('8c24dce7-8552-4821-932a-263c40597f87', 'db2b2911-19bc-4169-8d8e-dba75af65d17', '以西結書', 21, NOW() - INTERVAL '54 days'),
  ('8c24dce7-8552-4821-932a-263c40597f87', 'db2b2911-19bc-4169-8d8e-dba75af65d17', '以西結書', 22, NOW() - INTERVAL '54 days'),
  ('8c24dce7-8552-4821-932a-263c40597f87', 'db2b2911-19bc-4169-8d8e-dba75af65d17', '以西結書', 23, NOW() - INTERVAL '54 days'),
  ('8c24dce7-8552-4821-932a-263c40597f87', 'db2b2911-19bc-4169-8d8e-dba75af65d17', '以西結書', 24, NOW() - INTERVAL '53 days'),
  ('8c24dce7-8552-4821-932a-263c40597f87', 'db2b2911-19bc-4169-8d8e-dba75af65d17', '以西結書', 25, NOW() - INTERVAL '53 days'),
  ('8c24dce7-8552-4821-932a-263c40597f87', 'db2b2911-19bc-4169-8d8e-dba75af65d17', '以西結書', 26, NOW() - INTERVAL '53 days'),
  ('8c24dce7-8552-4821-932a-263c40597f87', 'db2b2911-19bc-4169-8d8e-dba75af65d17', '以西結書', 27, NOW() - INTERVAL '53 days'),
  ('8c24dce7-8552-4821-932a-263c40597f87', 'db2b2911-19bc-4169-8d8e-dba75af65d17', '以西結書', 28, NOW() - INTERVAL '53 days'),
  ('8c24dce7-8552-4821-932a-263c40597f87', 'db2b2911-19bc-4169-8d8e-dba75af65d17', '以西結書', 29, NOW() - INTERVAL '52 days'),
  ('8c24dce7-8552-4821-932a-263c40597f87', 'db2b2911-19bc-4169-8d8e-dba75af65d17', '以西結書', 30, NOW() - INTERVAL '52 days'),
  ('8c24dce7-8552-4821-932a-263c40597f87', 'db2b2911-19bc-4169-8d8e-dba75af65d17', '以西結書', 31, NOW() - INTERVAL '52 days'),
  ('8c24dce7-8552-4821-932a-263c40597f87', 'db2b2911-19bc-4169-8d8e-dba75af65d17', '以西結書', 32, NOW() - INTERVAL '52 days'),
  ('8c24dce7-8552-4821-932a-263c40597f87', 'db2b2911-19bc-4169-8d8e-dba75af65d17', '以西結書', 33, NOW() - INTERVAL '52 days'),
  ('8c24dce7-8552-4821-932a-263c40597f87', 'db2b2911-19bc-4169-8d8e-dba75af65d17', '以西結書', 34, NOW() - INTERVAL '51 days'),
  ('8c24dce7-8552-4821-932a-263c40597f87', 'db2b2911-19bc-4169-8d8e-dba75af65d17', '以西結書', 35, NOW() - INTERVAL '51 days'),
  ('8c24dce7-8552-4821-932a-263c40597f87', 'db2b2911-19bc-4169-8d8e-dba75af65d17', '以西結書', 36, NOW() - INTERVAL '51 days'),
  ('8c24dce7-8552-4821-932a-263c40597f87', 'db2b2911-19bc-4169-8d8e-dba75af65d17', '以西結書', 37, NOW() - INTERVAL '51 days'),
  ('8c24dce7-8552-4821-932a-263c40597f87', 'db2b2911-19bc-4169-8d8e-dba75af65d17', '以西結書', 38, NOW() - INTERVAL '51 days'),
  ('8c24dce7-8552-4821-932a-263c40597f87', 'db2b2911-19bc-4169-8d8e-dba75af65d17', '以西結書', 39, NOW() - INTERVAL '50 days'),
  ('8c24dce7-8552-4821-932a-263c40597f87', 'db2b2911-19bc-4169-8d8e-dba75af65d17', '以西結書', 40, NOW() - INTERVAL '50 days'),
  ('8c24dce7-8552-4821-932a-263c40597f87', 'db2b2911-19bc-4169-8d8e-dba75af65d17', '以西結書', 41, NOW() - INTERVAL '50 days'),
  ('8c24dce7-8552-4821-932a-263c40597f87', 'db2b2911-19bc-4169-8d8e-dba75af65d17', '以西結書', 42, NOW() - INTERVAL '50 days'),
  ('8c24dce7-8552-4821-932a-263c40597f87', 'db2b2911-19bc-4169-8d8e-dba75af65d17', '以西結書', 43, NOW() - INTERVAL '50 days'),
  ('8c24dce7-8552-4821-932a-263c40597f87', 'db2b2911-19bc-4169-8d8e-dba75af65d17', '以西結書', 44, NOW() - INTERVAL '49 days'),
  ('8c24dce7-8552-4821-932a-263c40597f87', 'db2b2911-19bc-4169-8d8e-dba75af65d17', '以西結書', 45, NOW() - INTERVAL '49 days'),
  ('8c24dce7-8552-4821-932a-263c40597f87', 'db2b2911-19bc-4169-8d8e-dba75af65d17', '以西結書', 46, NOW() - INTERVAL '49 days'),
  ('8c24dce7-8552-4821-932a-263c40597f87', 'db2b2911-19bc-4169-8d8e-dba75af65d17', '以西結書', 47, NOW() - INTERVAL '49 days'),
  ('8c24dce7-8552-4821-932a-263c40597f87', 'db2b2911-19bc-4169-8d8e-dba75af65d17', '以西結書', 48, NOW() - INTERVAL '49 days'),
  ('8c24dce7-8552-4821-932a-263c40597f87', 'db2b2911-19bc-4169-8d8e-dba75af65d17', '約珥書', 1, NOW() - INTERVAL '48 days'),
  ('8c24dce7-8552-4821-932a-263c40597f87', 'db2b2911-19bc-4169-8d8e-dba75af65d17', '約珥書', 2, NOW() - INTERVAL '48 days'),
  ('8c24dce7-8552-4821-932a-263c40597f87', 'db2b2911-19bc-4169-8d8e-dba75af65d17', '約珥書', 3, NOW() - INTERVAL '48 days'),
  ('8c24dce7-8552-4821-932a-263c40597f87', 'db2b2911-19bc-4169-8d8e-dba75af65d17', '阿摩司書', 1, NOW() - INTERVAL '48 days'),
  ('8c24dce7-8552-4821-932a-263c40597f87', 'db2b2911-19bc-4169-8d8e-dba75af65d17', '阿摩司書', 2, NOW() - INTERVAL '48 days'),
  ('8c24dce7-8552-4821-932a-263c40597f87', 'db2b2911-19bc-4169-8d8e-dba75af65d17', '阿摩司書', 3, NOW() - INTERVAL '47 days'),
  ('8c24dce7-8552-4821-932a-263c40597f87', 'db2b2911-19bc-4169-8d8e-dba75af65d17', '阿摩司書', 4, NOW() - INTERVAL '47 days'),
  ('8c24dce7-8552-4821-932a-263c40597f87', 'db2b2911-19bc-4169-8d8e-dba75af65d17', '阿摩司書', 5, NOW() - INTERVAL '47 days'),
  ('8c24dce7-8552-4821-932a-263c40597f87', 'db2b2911-19bc-4169-8d8e-dba75af65d17', '阿摩司書', 6, NOW() - INTERVAL '47 days'),
  ('8c24dce7-8552-4821-932a-263c40597f87', 'db2b2911-19bc-4169-8d8e-dba75af65d17', '阿摩司書', 7, NOW() - INTERVAL '47 days'),
  ('8c24dce7-8552-4821-932a-263c40597f87', 'db2b2911-19bc-4169-8d8e-dba75af65d17', '阿摩司書', 8, NOW() - INTERVAL '46 days'),
  ('8c24dce7-8552-4821-932a-263c40597f87', 'db2b2911-19bc-4169-8d8e-dba75af65d17', '阿摩司書', 9, NOW() - INTERVAL '46 days'),
  ('8c24dce7-8552-4821-932a-263c40597f87', 'db2b2911-19bc-4169-8d8e-dba75af65d17', '路得記', 1, NOW() - INTERVAL '46 days'),
  ('8c24dce7-8552-4821-932a-263c40597f87', 'db2b2911-19bc-4169-8d8e-dba75af65d17', '路得記', 2, NOW() - INTERVAL '46 days'),
  ('8c24dce7-8552-4821-932a-263c40597f87', 'db2b2911-19bc-4169-8d8e-dba75af65d17', '路得記', 3, NOW() - INTERVAL '46 days'),
  ('8c24dce7-8552-4821-932a-263c40597f87', 'db2b2911-19bc-4169-8d8e-dba75af65d17', '路得記', 4, NOW() - INTERVAL '45 days'),
  ('8c24dce7-8552-4821-932a-263c40597f87', 'db2b2911-19bc-4169-8d8e-dba75af65d17', '哥林多後書', 1, NOW() - INTERVAL '45 days'),
  ('8c24dce7-8552-4821-932a-263c40597f87', 'db2b2911-19bc-4169-8d8e-dba75af65d17', '哥林多後書', 2, NOW() - INTERVAL '45 days'),
  ('8c24dce7-8552-4821-932a-263c40597f87', 'db2b2911-19bc-4169-8d8e-dba75af65d17', '哥林多後書', 3, NOW() - INTERVAL '45 days'),
  ('8c24dce7-8552-4821-932a-263c40597f87', 'db2b2911-19bc-4169-8d8e-dba75af65d17', '哥林多後書', 4, NOW() - INTERVAL '45 days'),
  ('8c24dce7-8552-4821-932a-263c40597f87', 'db2b2911-19bc-4169-8d8e-dba75af65d17', '哥林多後書', 5, NOW() - INTERVAL '44 days'),
  ('8c24dce7-8552-4821-932a-263c40597f87', 'db2b2911-19bc-4169-8d8e-dba75af65d17', '哥林多後書', 6, NOW() - INTERVAL '44 days'),
  ('8c24dce7-8552-4821-932a-263c40597f87', 'db2b2911-19bc-4169-8d8e-dba75af65d17', '哥林多後書', 7, NOW() - INTERVAL '44 days'),
  ('8c24dce7-8552-4821-932a-263c40597f87', 'db2b2911-19bc-4169-8d8e-dba75af65d17', '哥林多後書', 8, NOW() - INTERVAL '44 days'),
  ('8c24dce7-8552-4821-932a-263c40597f87', 'db2b2911-19bc-4169-8d8e-dba75af65d17', '哥林多後書', 9, NOW() - INTERVAL '44 days'),
  ('8c24dce7-8552-4821-932a-263c40597f87', 'db2b2911-19bc-4169-8d8e-dba75af65d17', '哥林多後書', 10, NOW() - INTERVAL '43 days'),
  ('8c24dce7-8552-4821-932a-263c40597f87', 'db2b2911-19bc-4169-8d8e-dba75af65d17', '哥林多後書', 11, NOW() - INTERVAL '43 days'),
  ('8c24dce7-8552-4821-932a-263c40597f87', 'db2b2911-19bc-4169-8d8e-dba75af65d17', '哥林多後書', 12, NOW() - INTERVAL '43 days'),
  ('8c24dce7-8552-4821-932a-263c40597f87', 'db2b2911-19bc-4169-8d8e-dba75af65d17', '哥林多後書', 13, NOW() - INTERVAL '43 days'),
  ('8c24dce7-8552-4821-932a-263c40597f87', 'db2b2911-19bc-4169-8d8e-dba75af65d17', '歷代志上', 1, NOW() - INTERVAL '43 days'),
  ('8c24dce7-8552-4821-932a-263c40597f87', 'db2b2911-19bc-4169-8d8e-dba75af65d17', '歷代志上', 2, NOW() - INTERVAL '42 days'),
  ('8c24dce7-8552-4821-932a-263c40597f87', 'db2b2911-19bc-4169-8d8e-dba75af65d17', '歷代志上', 3, NOW() - INTERVAL '42 days'),
  ('8c24dce7-8552-4821-932a-263c40597f87', 'db2b2911-19bc-4169-8d8e-dba75af65d17', '歷代志上', 4, NOW() - INTERVAL '42 days'),
  ('8c24dce7-8552-4821-932a-263c40597f87', 'db2b2911-19bc-4169-8d8e-dba75af65d17', '歷代志上', 5, NOW() - INTERVAL '42 days'),
  ('8c24dce7-8552-4821-932a-263c40597f87', 'db2b2911-19bc-4169-8d8e-dba75af65d17', '歷代志上', 6, NOW() - INTERVAL '42 days'),
  ('8c24dce7-8552-4821-932a-263c40597f87', 'db2b2911-19bc-4169-8d8e-dba75af65d17', '歷代志上', 7, NOW() - INTERVAL '41 days'),
  ('8c24dce7-8552-4821-932a-263c40597f87', 'db2b2911-19bc-4169-8d8e-dba75af65d17', '歷代志上', 8, NOW() - INTERVAL '41 days'),
  ('8c24dce7-8552-4821-932a-263c40597f87', 'db2b2911-19bc-4169-8d8e-dba75af65d17', '歷代志上', 9, NOW() - INTERVAL '41 days'),
  ('8c24dce7-8552-4821-932a-263c40597f87', 'db2b2911-19bc-4169-8d8e-dba75af65d17', '歷代志上', 10, NOW() - INTERVAL '41 days'),
  ('8c24dce7-8552-4821-932a-263c40597f87', 'db2b2911-19bc-4169-8d8e-dba75af65d17', '歷代志上', 11, NOW() - INTERVAL '41 days'),
  ('8c24dce7-8552-4821-932a-263c40597f87', 'db2b2911-19bc-4169-8d8e-dba75af65d17', '歷代志上', 12, NOW() - INTERVAL '40 days'),
  ('8c24dce7-8552-4821-932a-263c40597f87', 'db2b2911-19bc-4169-8d8e-dba75af65d17', '歷代志上', 13, NOW() - INTERVAL '40 days'),
  ('8c24dce7-8552-4821-932a-263c40597f87', 'db2b2911-19bc-4169-8d8e-dba75af65d17', '歷代志上', 14, NOW() - INTERVAL '40 days'),
  ('8c24dce7-8552-4821-932a-263c40597f87', 'db2b2911-19bc-4169-8d8e-dba75af65d17', '歷代志上', 15, NOW() - INTERVAL '40 days'),
  ('8c24dce7-8552-4821-932a-263c40597f87', 'db2b2911-19bc-4169-8d8e-dba75af65d17', '歷代志上', 16, NOW() - INTERVAL '40 days'),
  ('8c24dce7-8552-4821-932a-263c40597f87', 'db2b2911-19bc-4169-8d8e-dba75af65d17', '歷代志上', 17, NOW() - INTERVAL '39 days'),
  ('8c24dce7-8552-4821-932a-263c40597f87', 'db2b2911-19bc-4169-8d8e-dba75af65d17', '歷代志上', 18, NOW() - INTERVAL '39 days'),
  ('8c24dce7-8552-4821-932a-263c40597f87', 'db2b2911-19bc-4169-8d8e-dba75af65d17', '歷代志上', 19, NOW() - INTERVAL '39 days'),
  ('8c24dce7-8552-4821-932a-263c40597f87', 'db2b2911-19bc-4169-8d8e-dba75af65d17', '歷代志上', 20, NOW() - INTERVAL '39 days'),
  ('8c24dce7-8552-4821-932a-263c40597f87', 'db2b2911-19bc-4169-8d8e-dba75af65d17', '歷代志上', 21, NOW() - INTERVAL '39 days'),
  ('8c24dce7-8552-4821-932a-263c40597f87', 'db2b2911-19bc-4169-8d8e-dba75af65d17', '歷代志上', 22, NOW() - INTERVAL '38 days'),
  ('8c24dce7-8552-4821-932a-263c40597f87', 'db2b2911-19bc-4169-8d8e-dba75af65d17', '歷代志上', 23, NOW() - INTERVAL '38 days'),
  ('8c24dce7-8552-4821-932a-263c40597f87', 'db2b2911-19bc-4169-8d8e-dba75af65d17', '歷代志上', 24, NOW() - INTERVAL '38 days'),
  ('8c24dce7-8552-4821-932a-263c40597f87', 'db2b2911-19bc-4169-8d8e-dba75af65d17', '歷代志上', 25, NOW() - INTERVAL '38 days'),
  ('8c24dce7-8552-4821-932a-263c40597f87', 'db2b2911-19bc-4169-8d8e-dba75af65d17', '歷代志上', 26, NOW() - INTERVAL '38 days'),
  ('8c24dce7-8552-4821-932a-263c40597f87', 'db2b2911-19bc-4169-8d8e-dba75af65d17', '歷代志上', 27, NOW() - INTERVAL '37 days'),
  ('8c24dce7-8552-4821-932a-263c40597f87', 'db2b2911-19bc-4169-8d8e-dba75af65d17', '歷代志上', 28, NOW() - INTERVAL '37 days'),
  ('8c24dce7-8552-4821-932a-263c40597f87', 'db2b2911-19bc-4169-8d8e-dba75af65d17', '歷代志上', 29, NOW() - INTERVAL '37 days'),
  ('8c24dce7-8552-4821-932a-263c40597f87', 'db2b2911-19bc-4169-8d8e-dba75af65d17', '提摩太前書', 1, NOW() - INTERVAL '37 days'),
  ('8c24dce7-8552-4821-932a-263c40597f87', 'db2b2911-19bc-4169-8d8e-dba75af65d17', '提摩太前書', 2, NOW() - INTERVAL '37 days'),
  ('8c24dce7-8552-4821-932a-263c40597f87', 'db2b2911-19bc-4169-8d8e-dba75af65d17', '提摩太前書', 3, NOW() - INTERVAL '36 days'),
  ('8c24dce7-8552-4821-932a-263c40597f87', 'db2b2911-19bc-4169-8d8e-dba75af65d17', '提摩太前書', 4, NOW() - INTERVAL '36 days'),
  ('8c24dce7-8552-4821-932a-263c40597f87', 'db2b2911-19bc-4169-8d8e-dba75af65d17', '提摩太前書', 5, NOW() - INTERVAL '36 days'),
  ('8c24dce7-8552-4821-932a-263c40597f87', 'db2b2911-19bc-4169-8d8e-dba75af65d17', '提摩太前書', 6, NOW() - INTERVAL '36 days'),
  ('8c24dce7-8552-4821-932a-263c40597f87', 'db2b2911-19bc-4169-8d8e-dba75af65d17', '俄巴底亞書', 1, NOW() - INTERVAL '36 days'),
  ('8c24dce7-8552-4821-932a-263c40597f87', 'db2b2911-19bc-4169-8d8e-dba75af65d17', '那鴻書', 1, NOW() - INTERVAL '35 days'),
  ('8c24dce7-8552-4821-932a-263c40597f87', 'db2b2911-19bc-4169-8d8e-dba75af65d17', '那鴻書', 2, NOW() - INTERVAL '35 days'),
  ('8c24dce7-8552-4821-932a-263c40597f87', 'db2b2911-19bc-4169-8d8e-dba75af65d17', '那鴻書', 3, NOW() - INTERVAL '35 days'),
  ('8c24dce7-8552-4821-932a-263c40597f87', 'db2b2911-19bc-4169-8d8e-dba75af65d17', '撒母耳記上', 1, NOW() - INTERVAL '35 days'),
  ('8c24dce7-8552-4821-932a-263c40597f87', 'db2b2911-19bc-4169-8d8e-dba75af65d17', '撒母耳記上', 2, NOW() - INTERVAL '35 days'),
  ('8c24dce7-8552-4821-932a-263c40597f87', 'db2b2911-19bc-4169-8d8e-dba75af65d17', '撒母耳記上', 3, NOW() - INTERVAL '34 days'),
  ('8c24dce7-8552-4821-932a-263c40597f87', 'db2b2911-19bc-4169-8d8e-dba75af65d17', '撒母耳記上', 4, NOW() - INTERVAL '34 days'),
  ('8c24dce7-8552-4821-932a-263c40597f87', 'db2b2911-19bc-4169-8d8e-dba75af65d17', '撒母耳記上', 5, NOW() - INTERVAL '34 days'),
  ('8c24dce7-8552-4821-932a-263c40597f87', 'db2b2911-19bc-4169-8d8e-dba75af65d17', '撒母耳記上', 6, NOW() - INTERVAL '34 days'),
  ('8c24dce7-8552-4821-932a-263c40597f87', 'db2b2911-19bc-4169-8d8e-dba75af65d17', '撒母耳記上', 7, NOW() - INTERVAL '34 days'),
  ('8c24dce7-8552-4821-932a-263c40597f87', 'db2b2911-19bc-4169-8d8e-dba75af65d17', '撒母耳記上', 8, NOW() - INTERVAL '33 days'),
  ('8c24dce7-8552-4821-932a-263c40597f87', 'db2b2911-19bc-4169-8d8e-dba75af65d17', '撒母耳記上', 9, NOW() - INTERVAL '33 days'),
  ('8c24dce7-8552-4821-932a-263c40597f87', 'db2b2911-19bc-4169-8d8e-dba75af65d17', '撒母耳記上', 10, NOW() - INTERVAL '33 days'),
  ('8c24dce7-8552-4821-932a-263c40597f87', 'db2b2911-19bc-4169-8d8e-dba75af65d17', '撒母耳記上', 11, NOW() - INTERVAL '33 days'),
  ('8c24dce7-8552-4821-932a-263c40597f87', 'db2b2911-19bc-4169-8d8e-dba75af65d17', '撒母耳記上', 12, NOW() - INTERVAL '33 days'),
  ('8c24dce7-8552-4821-932a-263c40597f87', 'db2b2911-19bc-4169-8d8e-dba75af65d17', '撒母耳記上', 13, NOW() - INTERVAL '32 days'),
  ('8c24dce7-8552-4821-932a-263c40597f87', 'db2b2911-19bc-4169-8d8e-dba75af65d17', '撒母耳記上', 14, NOW() - INTERVAL '32 days'),
  ('8c24dce7-8552-4821-932a-263c40597f87', 'db2b2911-19bc-4169-8d8e-dba75af65d17', '撒母耳記上', 15, NOW() - INTERVAL '32 days'),
  ('8c24dce7-8552-4821-932a-263c40597f87', 'db2b2911-19bc-4169-8d8e-dba75af65d17', '撒母耳記上', 16, NOW() - INTERVAL '32 days'),
  ('8c24dce7-8552-4821-932a-263c40597f87', 'db2b2911-19bc-4169-8d8e-dba75af65d17', '撒母耳記上', 17, NOW() - INTERVAL '32 days'),
  ('8c24dce7-8552-4821-932a-263c40597f87', 'db2b2911-19bc-4169-8d8e-dba75af65d17', '撒母耳記上', 18, NOW() - INTERVAL '31 days'),
  ('8c24dce7-8552-4821-932a-263c40597f87', 'db2b2911-19bc-4169-8d8e-dba75af65d17', '撒母耳記上', 19, NOW() - INTERVAL '31 days'),
  ('8c24dce7-8552-4821-932a-263c40597f87', 'db2b2911-19bc-4169-8d8e-dba75af65d17', '撒母耳記上', 20, NOW() - INTERVAL '31 days'),
  ('8c24dce7-8552-4821-932a-263c40597f87', 'db2b2911-19bc-4169-8d8e-dba75af65d17', '撒母耳記上', 21, NOW() - INTERVAL '31 days'),
  ('8c24dce7-8552-4821-932a-263c40597f87', 'db2b2911-19bc-4169-8d8e-dba75af65d17', '撒母耳記上', 22, NOW() - INTERVAL '31 days'),
  ('8c24dce7-8552-4821-932a-263c40597f87', 'db2b2911-19bc-4169-8d8e-dba75af65d17', '撒母耳記上', 23, NOW() - INTERVAL '30 days'),
  ('8c24dce7-8552-4821-932a-263c40597f87', 'db2b2911-19bc-4169-8d8e-dba75af65d17', '撒母耳記上', 24, NOW() - INTERVAL '30 days'),
  ('8c24dce7-8552-4821-932a-263c40597f87', 'db2b2911-19bc-4169-8d8e-dba75af65d17', '撒母耳記上', 25, NOW() - INTERVAL '30 days'),
  ('8c24dce7-8552-4821-932a-263c40597f87', 'db2b2911-19bc-4169-8d8e-dba75af65d17', '撒母耳記上', 26, NOW() - INTERVAL '30 days'),
  ('8c24dce7-8552-4821-932a-263c40597f87', 'db2b2911-19bc-4169-8d8e-dba75af65d17', '撒母耳記上', 27, NOW() - INTERVAL '30 days'),
  ('8c24dce7-8552-4821-932a-263c40597f87', 'db2b2911-19bc-4169-8d8e-dba75af65d17', '撒母耳記上', 28, NOW() - INTERVAL '29 days'),
  ('8c24dce7-8552-4821-932a-263c40597f87', 'db2b2911-19bc-4169-8d8e-dba75af65d17', '撒母耳記上', 29, NOW() - INTERVAL '29 days'),
  ('8c24dce7-8552-4821-932a-263c40597f87', 'db2b2911-19bc-4169-8d8e-dba75af65d17', '撒母耳記上', 30, NOW() - INTERVAL '29 days'),
  ('8c24dce7-8552-4821-932a-263c40597f87', 'db2b2911-19bc-4169-8d8e-dba75af65d17', '撒母耳記上', 31, NOW() - INTERVAL '29 days'),
  ('8c24dce7-8552-4821-932a-263c40597f87', 'db2b2911-19bc-4169-8d8e-dba75af65d17', '以弗所書', 1, NOW() - INTERVAL '29 days'),
  ('8c24dce7-8552-4821-932a-263c40597f87', 'db2b2911-19bc-4169-8d8e-dba75af65d17', '以弗所書', 2, NOW() - INTERVAL '28 days'),
  ('8c24dce7-8552-4821-932a-263c40597f87', 'db2b2911-19bc-4169-8d8e-dba75af65d17', '以弗所書', 3, NOW() - INTERVAL '28 days'),
  ('8c24dce7-8552-4821-932a-263c40597f87', 'db2b2911-19bc-4169-8d8e-dba75af65d17', '以弗所書', 4, NOW() - INTERVAL '28 days'),
  ('8c24dce7-8552-4821-932a-263c40597f87', 'db2b2911-19bc-4169-8d8e-dba75af65d17', '以弗所書', 5, NOW() - INTERVAL '28 days'),
  ('8c24dce7-8552-4821-932a-263c40597f87', 'db2b2911-19bc-4169-8d8e-dba75af65d17', '以弗所書', 6, NOW() - INTERVAL '28 days'),
  ('8c24dce7-8552-4821-932a-263c40597f87', 'db2b2911-19bc-4169-8d8e-dba75af65d17', '以賽亞書', 1, NOW() - INTERVAL '27 days'),
  ('8c24dce7-8552-4821-932a-263c40597f87', 'db2b2911-19bc-4169-8d8e-dba75af65d17', '以賽亞書', 2, NOW() - INTERVAL '27 days'),
  ('8c24dce7-8552-4821-932a-263c40597f87', 'db2b2911-19bc-4169-8d8e-dba75af65d17', '以賽亞書', 3, NOW() - INTERVAL '27 days'),
  ('8c24dce7-8552-4821-932a-263c40597f87', 'db2b2911-19bc-4169-8d8e-dba75af65d17', '以賽亞書', 4, NOW() - INTERVAL '27 days'),
  ('8c24dce7-8552-4821-932a-263c40597f87', 'db2b2911-19bc-4169-8d8e-dba75af65d17', '以賽亞書', 5, NOW() - INTERVAL '27 days'),
  ('8c24dce7-8552-4821-932a-263c40597f87', 'db2b2911-19bc-4169-8d8e-dba75af65d17', '以賽亞書', 6, NOW() - INTERVAL '26 days'),
  ('8c24dce7-8552-4821-932a-263c40597f87', 'db2b2911-19bc-4169-8d8e-dba75af65d17', '以賽亞書', 7, NOW() - INTERVAL '26 days'),
  ('8c24dce7-8552-4821-932a-263c40597f87', 'db2b2911-19bc-4169-8d8e-dba75af65d17', '以賽亞書', 8, NOW() - INTERVAL '26 days'),
  ('8c24dce7-8552-4821-932a-263c40597f87', 'db2b2911-19bc-4169-8d8e-dba75af65d17', '以賽亞書', 9, NOW() - INTERVAL '26 days'),
  ('8c24dce7-8552-4821-932a-263c40597f87', 'db2b2911-19bc-4169-8d8e-dba75af65d17', '以賽亞書', 10, NOW() - INTERVAL '26 days'),
  ('8c24dce7-8552-4821-932a-263c40597f87', 'db2b2911-19bc-4169-8d8e-dba75af65d17', '以賽亞書', 11, NOW() - INTERVAL '25 days'),
  ('8c24dce7-8552-4821-932a-263c40597f87', 'db2b2911-19bc-4169-8d8e-dba75af65d17', '以賽亞書', 12, NOW() - INTERVAL '25 days'),
  ('8c24dce7-8552-4821-932a-263c40597f87', 'db2b2911-19bc-4169-8d8e-dba75af65d17', '以賽亞書', 13, NOW() - INTERVAL '25 days'),
  ('8c24dce7-8552-4821-932a-263c40597f87', 'db2b2911-19bc-4169-8d8e-dba75af65d17', '以賽亞書', 14, NOW() - INTERVAL '25 days'),
  ('8c24dce7-8552-4821-932a-263c40597f87', 'db2b2911-19bc-4169-8d8e-dba75af65d17', '以賽亞書', 15, NOW() - INTERVAL '25 days'),
  ('8c24dce7-8552-4821-932a-263c40597f87', 'db2b2911-19bc-4169-8d8e-dba75af65d17', '以賽亞書', 16, NOW() - INTERVAL '24 days'),
  ('8c24dce7-8552-4821-932a-263c40597f87', 'db2b2911-19bc-4169-8d8e-dba75af65d17', '以賽亞書', 17, NOW() - INTERVAL '24 days'),
  ('8c24dce7-8552-4821-932a-263c40597f87', 'db2b2911-19bc-4169-8d8e-dba75af65d17', '以賽亞書', 18, NOW() - INTERVAL '24 days'),
  ('8c24dce7-8552-4821-932a-263c40597f87', 'db2b2911-19bc-4169-8d8e-dba75af65d17', '以賽亞書', 19, NOW() - INTERVAL '24 days'),
  ('8c24dce7-8552-4821-932a-263c40597f87', 'db2b2911-19bc-4169-8d8e-dba75af65d17', '以賽亞書', 20, NOW() - INTERVAL '24 days'),
  ('8c24dce7-8552-4821-932a-263c40597f87', 'db2b2911-19bc-4169-8d8e-dba75af65d17', '以賽亞書', 21, NOW() - INTERVAL '23 days'),
  ('8c24dce7-8552-4821-932a-263c40597f87', 'db2b2911-19bc-4169-8d8e-dba75af65d17', '以賽亞書', 22, NOW() - INTERVAL '23 days'),
  ('8c24dce7-8552-4821-932a-263c40597f87', 'db2b2911-19bc-4169-8d8e-dba75af65d17', '以賽亞書', 23, NOW() - INTERVAL '23 days'),
  ('8c24dce7-8552-4821-932a-263c40597f87', 'db2b2911-19bc-4169-8d8e-dba75af65d17', '以賽亞書', 24, NOW() - INTERVAL '23 days'),
  ('8c24dce7-8552-4821-932a-263c40597f87', 'db2b2911-19bc-4169-8d8e-dba75af65d17', '以賽亞書', 25, NOW() - INTERVAL '23 days'),
  ('8c24dce7-8552-4821-932a-263c40597f87', 'db2b2911-19bc-4169-8d8e-dba75af65d17', '以賽亞書', 26, NOW() - INTERVAL '22 days'),
  ('8c24dce7-8552-4821-932a-263c40597f87', 'db2b2911-19bc-4169-8d8e-dba75af65d17', '以賽亞書', 27, NOW() - INTERVAL '22 days'),
  ('8c24dce7-8552-4821-932a-263c40597f87', 'db2b2911-19bc-4169-8d8e-dba75af65d17', '以賽亞書', 28, NOW() - INTERVAL '22 days'),
  ('8c24dce7-8552-4821-932a-263c40597f87', 'db2b2911-19bc-4169-8d8e-dba75af65d17', '以賽亞書', 29, NOW() - INTERVAL '22 days'),
  ('8c24dce7-8552-4821-932a-263c40597f87', 'db2b2911-19bc-4169-8d8e-dba75af65d17', '以賽亞書', 30, NOW() - INTERVAL '22 days'),
  ('8c24dce7-8552-4821-932a-263c40597f87', 'db2b2911-19bc-4169-8d8e-dba75af65d17', '以賽亞書', 31, NOW() - INTERVAL '21 days'),
  ('8c24dce7-8552-4821-932a-263c40597f87', 'db2b2911-19bc-4169-8d8e-dba75af65d17', '以賽亞書', 32, NOW() - INTERVAL '21 days'),
  ('8c24dce7-8552-4821-932a-263c40597f87', 'db2b2911-19bc-4169-8d8e-dba75af65d17', '以賽亞書', 33, NOW() - INTERVAL '21 days'),
  ('8c24dce7-8552-4821-932a-263c40597f87', 'db2b2911-19bc-4169-8d8e-dba75af65d17', '以賽亞書', 34, NOW() - INTERVAL '21 days'),
  ('8c24dce7-8552-4821-932a-263c40597f87', 'db2b2911-19bc-4169-8d8e-dba75af65d17', '以賽亞書', 35, NOW() - INTERVAL '21 days'),
  ('8c24dce7-8552-4821-932a-263c40597f87', 'db2b2911-19bc-4169-8d8e-dba75af65d17', '以賽亞書', 36, NOW() - INTERVAL '20 days'),
  ('8c24dce7-8552-4821-932a-263c40597f87', 'db2b2911-19bc-4169-8d8e-dba75af65d17', '以賽亞書', 37, NOW() - INTERVAL '20 days'),
  ('8c24dce7-8552-4821-932a-263c40597f87', 'db2b2911-19bc-4169-8d8e-dba75af65d17', '以賽亞書', 38, NOW() - INTERVAL '20 days'),
  ('8c24dce7-8552-4821-932a-263c40597f87', 'db2b2911-19bc-4169-8d8e-dba75af65d17', '以賽亞書', 39, NOW() - INTERVAL '20 days'),
  ('8c24dce7-8552-4821-932a-263c40597f87', 'db2b2911-19bc-4169-8d8e-dba75af65d17', '以賽亞書', 40, NOW() - INTERVAL '20 days'),
  ('8c24dce7-8552-4821-932a-263c40597f87', 'db2b2911-19bc-4169-8d8e-dba75af65d17', '以賽亞書', 41, NOW() - INTERVAL '19 days'),
  ('8c24dce7-8552-4821-932a-263c40597f87', 'db2b2911-19bc-4169-8d8e-dba75af65d17', '以賽亞書', 42, NOW() - INTERVAL '19 days'),
  ('8c24dce7-8552-4821-932a-263c40597f87', 'db2b2911-19bc-4169-8d8e-dba75af65d17', '以賽亞書', 43, NOW() - INTERVAL '19 days'),
  ('8c24dce7-8552-4821-932a-263c40597f87', 'db2b2911-19bc-4169-8d8e-dba75af65d17', '以賽亞書', 44, NOW() - INTERVAL '19 days'),
  ('8c24dce7-8552-4821-932a-263c40597f87', 'db2b2911-19bc-4169-8d8e-dba75af65d17', '以賽亞書', 45, NOW() - INTERVAL '19 days'),
  ('8c24dce7-8552-4821-932a-263c40597f87', 'db2b2911-19bc-4169-8d8e-dba75af65d17', '以賽亞書', 46, NOW() - INTERVAL '18 days'),
  ('8c24dce7-8552-4821-932a-263c40597f87', 'db2b2911-19bc-4169-8d8e-dba75af65d17', '以賽亞書', 47, NOW() - INTERVAL '18 days'),
  ('8c24dce7-8552-4821-932a-263c40597f87', 'db2b2911-19bc-4169-8d8e-dba75af65d17', '以賽亞書', 48, NOW() - INTERVAL '18 days'),
  ('8c24dce7-8552-4821-932a-263c40597f87', 'db2b2911-19bc-4169-8d8e-dba75af65d17', '以賽亞書', 49, NOW() - INTERVAL '18 days'),
  ('8c24dce7-8552-4821-932a-263c40597f87', 'db2b2911-19bc-4169-8d8e-dba75af65d17', '以賽亞書', 50, NOW() - INTERVAL '18 days'),
  ('8c24dce7-8552-4821-932a-263c40597f87', 'db2b2911-19bc-4169-8d8e-dba75af65d17', '以賽亞書', 51, NOW() - INTERVAL '17 days'),
  ('8c24dce7-8552-4821-932a-263c40597f87', 'db2b2911-19bc-4169-8d8e-dba75af65d17', '以賽亞書', 52, NOW() - INTERVAL '17 days'),
  ('8c24dce7-8552-4821-932a-263c40597f87', 'db2b2911-19bc-4169-8d8e-dba75af65d17', '以賽亞書', 53, NOW() - INTERVAL '17 days'),
  ('8c24dce7-8552-4821-932a-263c40597f87', 'db2b2911-19bc-4169-8d8e-dba75af65d17', '以賽亞書', 54, NOW() - INTERVAL '17 days'),
  ('8c24dce7-8552-4821-932a-263c40597f87', 'db2b2911-19bc-4169-8d8e-dba75af65d17', '以賽亞書', 55, NOW() - INTERVAL '17 days'),
  ('8c24dce7-8552-4821-932a-263c40597f87', 'db2b2911-19bc-4169-8d8e-dba75af65d17', '以賽亞書', 56, NOW() - INTERVAL '16 days'),
  ('8c24dce7-8552-4821-932a-263c40597f87', 'db2b2911-19bc-4169-8d8e-dba75af65d17', '以賽亞書', 57, NOW() - INTERVAL '16 days'),
  ('8c24dce7-8552-4821-932a-263c40597f87', 'db2b2911-19bc-4169-8d8e-dba75af65d17', '以賽亞書', 58, NOW() - INTERVAL '16 days'),
  ('8c24dce7-8552-4821-932a-263c40597f87', 'db2b2911-19bc-4169-8d8e-dba75af65d17', '以賽亞書', 59, NOW() - INTERVAL '16 days'),
  ('8c24dce7-8552-4821-932a-263c40597f87', 'db2b2911-19bc-4169-8d8e-dba75af65d17', '以賽亞書', 60, NOW() - INTERVAL '16 days'),
  ('8c24dce7-8552-4821-932a-263c40597f87', 'db2b2911-19bc-4169-8d8e-dba75af65d17', '以賽亞書', 61, NOW() - INTERVAL '15 days'),
  ('8c24dce7-8552-4821-932a-263c40597f87', 'db2b2911-19bc-4169-8d8e-dba75af65d17', '以賽亞書', 62, NOW() - INTERVAL '15 days'),
  ('8c24dce7-8552-4821-932a-263c40597f87', 'db2b2911-19bc-4169-8d8e-dba75af65d17', '以賽亞書', 63, NOW() - INTERVAL '15 days'),
  ('8c24dce7-8552-4821-932a-263c40597f87', 'db2b2911-19bc-4169-8d8e-dba75af65d17', '以賽亞書', 64, NOW() - INTERVAL '15 days'),
  ('8c24dce7-8552-4821-932a-263c40597f87', 'db2b2911-19bc-4169-8d8e-dba75af65d17', '以賽亞書', 65, NOW() - INTERVAL '15 days'),
  ('8c24dce7-8552-4821-932a-263c40597f87', 'db2b2911-19bc-4169-8d8e-dba75af65d17', '以賽亞書', 66, NOW() - INTERVAL '14 days'),
  ('8c24dce7-8552-4821-932a-263c40597f87', 'db2b2911-19bc-4169-8d8e-dba75af65d17', '彼得前書', 1, NOW() - INTERVAL '14 days'),
  ('8c24dce7-8552-4821-932a-263c40597f87', 'db2b2911-19bc-4169-8d8e-dba75af65d17', '彼得前書', 2, NOW() - INTERVAL '14 days'),
  ('8c24dce7-8552-4821-932a-263c40597f87', 'db2b2911-19bc-4169-8d8e-dba75af65d17', '彼得前書', 3, NOW() - INTERVAL '14 days'),
  ('8c24dce7-8552-4821-932a-263c40597f87', 'db2b2911-19bc-4169-8d8e-dba75af65d17', '彼得前書', 4, NOW() - INTERVAL '14 days'),
  ('8c24dce7-8552-4821-932a-263c40597f87', 'db2b2911-19bc-4169-8d8e-dba75af65d17', '彼得前書', 5, NOW() - INTERVAL '13 days'),
  ('8c24dce7-8552-4821-932a-263c40597f87', 'db2b2911-19bc-4169-8d8e-dba75af65d17', '撒母耳記下', 1, NOW() - INTERVAL '13 days'),
  ('8c24dce7-8552-4821-932a-263c40597f87', 'db2b2911-19bc-4169-8d8e-dba75af65d17', '撒母耳記下', 2, NOW() - INTERVAL '13 days'),
  ('8c24dce7-8552-4821-932a-263c40597f87', 'db2b2911-19bc-4169-8d8e-dba75af65d17', '撒母耳記下', 3, NOW() - INTERVAL '13 days'),
  ('8c24dce7-8552-4821-932a-263c40597f87', 'db2b2911-19bc-4169-8d8e-dba75af65d17', '撒母耳記下', 4, NOW() - INTERVAL '13 days'),
  ('8c24dce7-8552-4821-932a-263c40597f87', 'db2b2911-19bc-4169-8d8e-dba75af65d17', '撒母耳記下', 5, NOW() - INTERVAL '12 days'),
  ('8c24dce7-8552-4821-932a-263c40597f87', 'db2b2911-19bc-4169-8d8e-dba75af65d17', '撒母耳記下', 6, NOW() - INTERVAL '12 days'),
  ('8c24dce7-8552-4821-932a-263c40597f87', 'db2b2911-19bc-4169-8d8e-dba75af65d17', '撒母耳記下', 7, NOW() - INTERVAL '12 days'),
  ('8c24dce7-8552-4821-932a-263c40597f87', 'db2b2911-19bc-4169-8d8e-dba75af65d17', '撒母耳記下', 8, NOW() - INTERVAL '12 days'),
  ('8c24dce7-8552-4821-932a-263c40597f87', 'db2b2911-19bc-4169-8d8e-dba75af65d17', '撒母耳記下', 9, NOW() - INTERVAL '12 days'),
  ('8c24dce7-8552-4821-932a-263c40597f87', 'db2b2911-19bc-4169-8d8e-dba75af65d17', '撒母耳記下', 10, NOW() - INTERVAL '11 days'),
  ('8c24dce7-8552-4821-932a-263c40597f87', 'db2b2911-19bc-4169-8d8e-dba75af65d17', '撒母耳記下', 11, NOW() - INTERVAL '11 days'),
  ('8c24dce7-8552-4821-932a-263c40597f87', 'db2b2911-19bc-4169-8d8e-dba75af65d17', '撒母耳記下', 12, NOW() - INTERVAL '11 days'),
  ('8c24dce7-8552-4821-932a-263c40597f87', 'db2b2911-19bc-4169-8d8e-dba75af65d17', '撒母耳記下', 13, NOW() - INTERVAL '11 days'),
  ('8c24dce7-8552-4821-932a-263c40597f87', 'db2b2911-19bc-4169-8d8e-dba75af65d17', '撒母耳記下', 14, NOW() - INTERVAL '11 days'),
  ('8c24dce7-8552-4821-932a-263c40597f87', 'db2b2911-19bc-4169-8d8e-dba75af65d17', '撒母耳記下', 15, NOW() - INTERVAL '10 days'),
  ('8c24dce7-8552-4821-932a-263c40597f87', 'db2b2911-19bc-4169-8d8e-dba75af65d17', '撒母耳記下', 16, NOW() - INTERVAL '10 days'),
  ('8c24dce7-8552-4821-932a-263c40597f87', 'db2b2911-19bc-4169-8d8e-dba75af65d17', '撒母耳記下', 17, NOW() - INTERVAL '10 days'),
  ('8c24dce7-8552-4821-932a-263c40597f87', 'db2b2911-19bc-4169-8d8e-dba75af65d17', '撒母耳記下', 18, NOW() - INTERVAL '10 days'),
  ('8c24dce7-8552-4821-932a-263c40597f87', 'db2b2911-19bc-4169-8d8e-dba75af65d17', '撒母耳記下', 19, NOW() - INTERVAL '10 days'),
  ('8c24dce7-8552-4821-932a-263c40597f87', 'db2b2911-19bc-4169-8d8e-dba75af65d17', '撒母耳記下', 20, NOW() - INTERVAL '9 days'),
  ('8c24dce7-8552-4821-932a-263c40597f87', 'db2b2911-19bc-4169-8d8e-dba75af65d17', '撒母耳記下', 21, NOW() - INTERVAL '9 days'),
  ('8c24dce7-8552-4821-932a-263c40597f87', 'db2b2911-19bc-4169-8d8e-dba75af65d17', '撒母耳記下', 22, NOW() - INTERVAL '9 days'),
  ('8c24dce7-8552-4821-932a-263c40597f87', 'db2b2911-19bc-4169-8d8e-dba75af65d17', '撒母耳記下', 23, NOW() - INTERVAL '9 days'),
  ('8c24dce7-8552-4821-932a-263c40597f87', 'db2b2911-19bc-4169-8d8e-dba75af65d17', '撒母耳記下', 24, NOW() - INTERVAL '9 days'),
  ('8c24dce7-8552-4821-932a-263c40597f87', 'db2b2911-19bc-4169-8d8e-dba75af65d17', '腓立比書', 1, NOW() - INTERVAL '8 days'),
  ('8c24dce7-8552-4821-932a-263c40597f87', 'db2b2911-19bc-4169-8d8e-dba75af65d17', '腓立比書', 2, NOW() - INTERVAL '8 days'),
  ('8c24dce7-8552-4821-932a-263c40597f87', 'db2b2911-19bc-4169-8d8e-dba75af65d17', '腓立比書', 3, NOW() - INTERVAL '8 days'),
  ('8c24dce7-8552-4821-932a-263c40597f87', 'db2b2911-19bc-4169-8d8e-dba75af65d17', '腓立比書', 4, NOW() - INTERVAL '8 days'),
  ('8c24dce7-8552-4821-932a-263c40597f87', 'db2b2911-19bc-4169-8d8e-dba75af65d17', '以斯帖記', 1, NOW() - INTERVAL '8 days'),
  ('8c24dce7-8552-4821-932a-263c40597f87', 'db2b2911-19bc-4169-8d8e-dba75af65d17', '以斯帖記', 2, NOW() - INTERVAL '7 days'),
  ('8c24dce7-8552-4821-932a-263c40597f87', 'db2b2911-19bc-4169-8d8e-dba75af65d17', '以斯帖記', 3, NOW() - INTERVAL '7 days'),
  ('8c24dce7-8552-4821-932a-263c40597f87', 'db2b2911-19bc-4169-8d8e-dba75af65d17', '以斯帖記', 4, NOW() - INTERVAL '7 days'),
  ('8c24dce7-8552-4821-932a-263c40597f87', 'db2b2911-19bc-4169-8d8e-dba75af65d17', '以斯帖記', 5, NOW() - INTERVAL '7 days'),
  ('8c24dce7-8552-4821-932a-263c40597f87', 'db2b2911-19bc-4169-8d8e-dba75af65d17', '以斯帖記', 6, NOW() - INTERVAL '7 days'),
  ('8c24dce7-8552-4821-932a-263c40597f87', 'db2b2911-19bc-4169-8d8e-dba75af65d17', '以斯帖記', 7, NOW() - INTERVAL '6 days'),
  ('8c24dce7-8552-4821-932a-263c40597f87', 'db2b2911-19bc-4169-8d8e-dba75af65d17', '以斯帖記', 8, NOW() - INTERVAL '6 days'),
  ('8c24dce7-8552-4821-932a-263c40597f87', 'db2b2911-19bc-4169-8d8e-dba75af65d17', '以斯帖記', 9, NOW() - INTERVAL '6 days'),
  ('8c24dce7-8552-4821-932a-263c40597f87', 'db2b2911-19bc-4169-8d8e-dba75af65d17', '以斯帖記', 10, NOW() - INTERVAL '6 days'),
  ('8c24dce7-8552-4821-932a-263c40597f87', 'db2b2911-19bc-4169-8d8e-dba75af65d17', '提多書', 1, NOW() - INTERVAL '6 days'),
  ('8c24dce7-8552-4821-932a-263c40597f87', 'db2b2911-19bc-4169-8d8e-dba75af65d17', '提多書', 2, NOW() - INTERVAL '5 days'),
  ('8c24dce7-8552-4821-932a-263c40597f87', 'db2b2911-19bc-4169-8d8e-dba75af65d17', '提多書', 3, NOW() - INTERVAL '5 days'),
  ('8c24dce7-8552-4821-932a-263c40597f87', 'db2b2911-19bc-4169-8d8e-dba75af65d17', '何西阿書', 1, NOW() - INTERVAL '5 days'),
  ('8c24dce7-8552-4821-932a-263c40597f87', 'db2b2911-19bc-4169-8d8e-dba75af65d17', '何西阿書', 2, NOW() - INTERVAL '5 days'),
  ('8c24dce7-8552-4821-932a-263c40597f87', 'db2b2911-19bc-4169-8d8e-dba75af65d17', '何西阿書', 3, NOW() - INTERVAL '5 days'),
  ('8c24dce7-8552-4821-932a-263c40597f87', 'db2b2911-19bc-4169-8d8e-dba75af65d17', '何西阿書', 4, NOW() - INTERVAL '4 days'),
  ('8c24dce7-8552-4821-932a-263c40597f87', 'db2b2911-19bc-4169-8d8e-dba75af65d17', '何西阿書', 5, NOW() - INTERVAL '4 days'),
  ('8c24dce7-8552-4821-932a-263c40597f87', 'db2b2911-19bc-4169-8d8e-dba75af65d17', '何西阿書', 6, NOW() - INTERVAL '4 days'),
  ('8c24dce7-8552-4821-932a-263c40597f87', 'db2b2911-19bc-4169-8d8e-dba75af65d17', '何西阿書', 7, NOW() - INTERVAL '4 days'),
  ('8c24dce7-8552-4821-932a-263c40597f87', 'db2b2911-19bc-4169-8d8e-dba75af65d17', '何西阿書', 8, NOW() - INTERVAL '4 days'),
  ('8c24dce7-8552-4821-932a-263c40597f87', 'db2b2911-19bc-4169-8d8e-dba75af65d17', '何西阿書', 9, NOW() - INTERVAL '3 days'),
  ('8c24dce7-8552-4821-932a-263c40597f87', 'db2b2911-19bc-4169-8d8e-dba75af65d17', '何西阿書', 10, NOW() - INTERVAL '3 days'),
  ('8c24dce7-8552-4821-932a-263c40597f87', 'db2b2911-19bc-4169-8d8e-dba75af65d17', '何西阿書', 11, NOW() - INTERVAL '3 days'),
  ('8c24dce7-8552-4821-932a-263c40597f87', 'db2b2911-19bc-4169-8d8e-dba75af65d17', '何西阿書', 12, NOW() - INTERVAL '3 days'),
  ('8c24dce7-8552-4821-932a-263c40597f87', 'db2b2911-19bc-4169-8d8e-dba75af65d17', '何西阿書', 13, NOW() - INTERVAL '3 days'),
  ('8c24dce7-8552-4821-932a-263c40597f87', 'db2b2911-19bc-4169-8d8e-dba75af65d17', '何西阿書', 14, NOW() - INTERVAL '2 days'),
  ('8c24dce7-8552-4821-932a-263c40597f87', 'db2b2911-19bc-4169-8d8e-dba75af65d17', '瑪拉基書', 1, NOW() - INTERVAL '2 days'),
  ('8c24dce7-8552-4821-932a-263c40597f87', 'db2b2911-19bc-4169-8d8e-dba75af65d17', '瑪拉基書', 2, NOW() - INTERVAL '2 days'),
  ('8c24dce7-8552-4821-932a-263c40597f87', 'db2b2911-19bc-4169-8d8e-dba75af65d17', '瑪拉基書', 3, NOW() - INTERVAL '2 days'),
  ('8c24dce7-8552-4821-932a-263c40597f87', 'db2b2911-19bc-4169-8d8e-dba75af65d17', '瑪拉基書', 4, NOW() - INTERVAL '2 days'),
  ('8c24dce7-8552-4821-932a-263c40597f87', 'db2b2911-19bc-4169-8d8e-dba75af65d17', '尼希米記', 1, NOW() - INTERVAL '1 days'),
  ('8c24dce7-8552-4821-932a-263c40597f87', 'db2b2911-19bc-4169-8d8e-dba75af65d17', '尼希米記', 2, NOW() - INTERVAL '1 days'),
  ('8c24dce7-8552-4821-932a-263c40597f87', 'db2b2911-19bc-4169-8d8e-dba75af65d17', '尼希米記', 3, NOW() - INTERVAL '1 days'),
  ('8c24dce7-8552-4821-932a-263c40597f87', 'db2b2911-19bc-4169-8d8e-dba75af65d17', '尼希米記', 4, NOW() - INTERVAL '1 days'),
  ('8c24dce7-8552-4821-932a-263c40597f87', 'db2b2911-19bc-4169-8d8e-dba75af65d17', '尼希米記', 5, NOW() - INTERVAL '1 days'),
  ('8c24dce7-8552-4821-932a-263c40597f87', 'db2b2911-19bc-4169-8d8e-dba75af65d17', '尼希米記', 6, NOW() - INTERVAL '0 days'),
  ('8c24dce7-8552-4821-932a-263c40597f87', 'db2b2911-19bc-4169-8d8e-dba75af65d17', '尼希米記', 7, NOW() - INTERVAL '0 days'),
  ('8c24dce7-8552-4821-932a-263c40597f87', 'db2b2911-19bc-4169-8d8e-dba75af65d17', '尼希米記', 8, NOW() - INTERVAL '0 days'),
  ('8c24dce7-8552-4821-932a-263c40597f87', 'db2b2911-19bc-4169-8d8e-dba75af65d17', '尼希米記', 9, NOW() - INTERVAL '0 days');

--------------------------------------------------

-- 使用者: 示範組員五
INSERT INTO auth.users (id, email, raw_user_meta_data, created_at, updated_at, instance_id, aud, role, encrypted_password)
VALUES (
  '77685454-f3c7-40f6-803f-b597205ec45d',
  '77685454@church-bible.com',
  '{"full_name": "示範組員五"}',
  NOW() - INTERVAL '41 days',
  NOW(),
  '00000000-0000-0000-0000-000000000000',
  'authenticated',
  'authenticated',
  '$2a$10$abcdefghijklmnopqrstuv' -- Dummy bcrypt hash
) ON CONFLICT (id) DO NOTHING;

INSERT INTO public.profiles (id, name, great_region, pastoral_zone, small_group, role, is_demo, updated_at)
VALUES (
  '77685454-f3c7-40f6-803f-b597205ec45d',
  '示範組員五',
  '示範大區B',
  '示範牧區丁',
  '示範小組5',
  'member',
  TRUE,
  NOW()
) ON CONFLICT (id) DO NOTHING;

INSERT INTO public.reading_plans (id, user_id, name, start_date, end_date, target_books)
VALUES (
  'f8bf3efe-3344-4bda-8ef0-d7e5bf207d78',
  '77685454-f3c7-40f6-803f-b597205ec45d',
  '第一季速讀：2026年7月~9月',
  '2026-07-01',
  '2026-09-30',
  ARRAY['創世記', '馬太福音', '列王紀下', '雅各書', '出埃及記', '馬可福音', '約伯記', '加拉太書', '哈巴谷書', '猶大書', '利未記', '路加福音', '歷代志下', '帖撒羅尼迦前書', '約拿書', '約翰二書', '彌迦書', '約翰三書']
) ON CONFLICT (id) DO NOTHING;

INSERT INTO public.reading_logs (user_id, plan_id, book, chapter, read_at)
VALUES
  ('77685454-f3c7-40f6-803f-b597205ec45d', 'f8bf3efe-3344-4bda-8ef0-d7e5bf207d78', '創世記', 1, NOW() - INTERVAL '108 days'),
  ('77685454-f3c7-40f6-803f-b597205ec45d', 'f8bf3efe-3344-4bda-8ef0-d7e5bf207d78', '創世記', 2, NOW() - INTERVAL '107 days'),
  ('77685454-f3c7-40f6-803f-b597205ec45d', 'f8bf3efe-3344-4bda-8ef0-d7e5bf207d78', '創世記', 3, NOW() - INTERVAL '107 days'),
  ('77685454-f3c7-40f6-803f-b597205ec45d', 'f8bf3efe-3344-4bda-8ef0-d7e5bf207d78', '創世記', 4, NOW() - INTERVAL '107 days'),
  ('77685454-f3c7-40f6-803f-b597205ec45d', 'f8bf3efe-3344-4bda-8ef0-d7e5bf207d78', '創世記', 5, NOW() - INTERVAL '107 days'),
  ('77685454-f3c7-40f6-803f-b597205ec45d', 'f8bf3efe-3344-4bda-8ef0-d7e5bf207d78', '創世記', 6, NOW() - INTERVAL '107 days'),
  ('77685454-f3c7-40f6-803f-b597205ec45d', 'f8bf3efe-3344-4bda-8ef0-d7e5bf207d78', '創世記', 7, NOW() - INTERVAL '106 days'),
  ('77685454-f3c7-40f6-803f-b597205ec45d', 'f8bf3efe-3344-4bda-8ef0-d7e5bf207d78', '創世記', 8, NOW() - INTERVAL '106 days'),
  ('77685454-f3c7-40f6-803f-b597205ec45d', 'f8bf3efe-3344-4bda-8ef0-d7e5bf207d78', '創世記', 9, NOW() - INTERVAL '106 days'),
  ('77685454-f3c7-40f6-803f-b597205ec45d', 'f8bf3efe-3344-4bda-8ef0-d7e5bf207d78', '創世記', 10, NOW() - INTERVAL '106 days'),
  ('77685454-f3c7-40f6-803f-b597205ec45d', 'f8bf3efe-3344-4bda-8ef0-d7e5bf207d78', '創世記', 11, NOW() - INTERVAL '106 days'),
  ('77685454-f3c7-40f6-803f-b597205ec45d', 'f8bf3efe-3344-4bda-8ef0-d7e5bf207d78', '創世記', 12, NOW() - INTERVAL '105 days'),
  ('77685454-f3c7-40f6-803f-b597205ec45d', 'f8bf3efe-3344-4bda-8ef0-d7e5bf207d78', '創世記', 13, NOW() - INTERVAL '105 days'),
  ('77685454-f3c7-40f6-803f-b597205ec45d', 'f8bf3efe-3344-4bda-8ef0-d7e5bf207d78', '創世記', 14, NOW() - INTERVAL '105 days'),
  ('77685454-f3c7-40f6-803f-b597205ec45d', 'f8bf3efe-3344-4bda-8ef0-d7e5bf207d78', '創世記', 15, NOW() - INTERVAL '105 days'),
  ('77685454-f3c7-40f6-803f-b597205ec45d', 'f8bf3efe-3344-4bda-8ef0-d7e5bf207d78', '創世記', 16, NOW() - INTERVAL '105 days'),
  ('77685454-f3c7-40f6-803f-b597205ec45d', 'f8bf3efe-3344-4bda-8ef0-d7e5bf207d78', '創世記', 17, NOW() - INTERVAL '104 days'),
  ('77685454-f3c7-40f6-803f-b597205ec45d', 'f8bf3efe-3344-4bda-8ef0-d7e5bf207d78', '創世記', 18, NOW() - INTERVAL '104 days'),
  ('77685454-f3c7-40f6-803f-b597205ec45d', 'f8bf3efe-3344-4bda-8ef0-d7e5bf207d78', '創世記', 19, NOW() - INTERVAL '104 days'),
  ('77685454-f3c7-40f6-803f-b597205ec45d', 'f8bf3efe-3344-4bda-8ef0-d7e5bf207d78', '創世記', 20, NOW() - INTERVAL '104 days'),
  ('77685454-f3c7-40f6-803f-b597205ec45d', 'f8bf3efe-3344-4bda-8ef0-d7e5bf207d78', '創世記', 21, NOW() - INTERVAL '104 days'),
  ('77685454-f3c7-40f6-803f-b597205ec45d', 'f8bf3efe-3344-4bda-8ef0-d7e5bf207d78', '創世記', 22, NOW() - INTERVAL '103 days'),
  ('77685454-f3c7-40f6-803f-b597205ec45d', 'f8bf3efe-3344-4bda-8ef0-d7e5bf207d78', '創世記', 23, NOW() - INTERVAL '103 days'),
  ('77685454-f3c7-40f6-803f-b597205ec45d', 'f8bf3efe-3344-4bda-8ef0-d7e5bf207d78', '創世記', 24, NOW() - INTERVAL '103 days'),
  ('77685454-f3c7-40f6-803f-b597205ec45d', 'f8bf3efe-3344-4bda-8ef0-d7e5bf207d78', '創世記', 25, NOW() - INTERVAL '103 days'),
  ('77685454-f3c7-40f6-803f-b597205ec45d', 'f8bf3efe-3344-4bda-8ef0-d7e5bf207d78', '創世記', 26, NOW() - INTERVAL '103 days'),
  ('77685454-f3c7-40f6-803f-b597205ec45d', 'f8bf3efe-3344-4bda-8ef0-d7e5bf207d78', '創世記', 27, NOW() - INTERVAL '102 days'),
  ('77685454-f3c7-40f6-803f-b597205ec45d', 'f8bf3efe-3344-4bda-8ef0-d7e5bf207d78', '創世記', 28, NOW() - INTERVAL '102 days'),
  ('77685454-f3c7-40f6-803f-b597205ec45d', 'f8bf3efe-3344-4bda-8ef0-d7e5bf207d78', '創世記', 29, NOW() - INTERVAL '102 days'),
  ('77685454-f3c7-40f6-803f-b597205ec45d', 'f8bf3efe-3344-4bda-8ef0-d7e5bf207d78', '創世記', 30, NOW() - INTERVAL '102 days'),
  ('77685454-f3c7-40f6-803f-b597205ec45d', 'f8bf3efe-3344-4bda-8ef0-d7e5bf207d78', '創世記', 31, NOW() - INTERVAL '102 days'),
  ('77685454-f3c7-40f6-803f-b597205ec45d', 'f8bf3efe-3344-4bda-8ef0-d7e5bf207d78', '創世記', 32, NOW() - INTERVAL '101 days'),
  ('77685454-f3c7-40f6-803f-b597205ec45d', 'f8bf3efe-3344-4bda-8ef0-d7e5bf207d78', '創世記', 33, NOW() - INTERVAL '101 days'),
  ('77685454-f3c7-40f6-803f-b597205ec45d', 'f8bf3efe-3344-4bda-8ef0-d7e5bf207d78', '創世記', 34, NOW() - INTERVAL '101 days'),
  ('77685454-f3c7-40f6-803f-b597205ec45d', 'f8bf3efe-3344-4bda-8ef0-d7e5bf207d78', '創世記', 35, NOW() - INTERVAL '101 days'),
  ('77685454-f3c7-40f6-803f-b597205ec45d', 'f8bf3efe-3344-4bda-8ef0-d7e5bf207d78', '創世記', 36, NOW() - INTERVAL '101 days'),
  ('77685454-f3c7-40f6-803f-b597205ec45d', 'f8bf3efe-3344-4bda-8ef0-d7e5bf207d78', '創世記', 37, NOW() - INTERVAL '100 days'),
  ('77685454-f3c7-40f6-803f-b597205ec45d', 'f8bf3efe-3344-4bda-8ef0-d7e5bf207d78', '創世記', 38, NOW() - INTERVAL '100 days'),
  ('77685454-f3c7-40f6-803f-b597205ec45d', 'f8bf3efe-3344-4bda-8ef0-d7e5bf207d78', '創世記', 39, NOW() - INTERVAL '100 days'),
  ('77685454-f3c7-40f6-803f-b597205ec45d', 'f8bf3efe-3344-4bda-8ef0-d7e5bf207d78', '創世記', 40, NOW() - INTERVAL '100 days'),
  ('77685454-f3c7-40f6-803f-b597205ec45d', 'f8bf3efe-3344-4bda-8ef0-d7e5bf207d78', '創世記', 41, NOW() - INTERVAL '100 days'),
  ('77685454-f3c7-40f6-803f-b597205ec45d', 'f8bf3efe-3344-4bda-8ef0-d7e5bf207d78', '創世記', 42, NOW() - INTERVAL '99 days'),
  ('77685454-f3c7-40f6-803f-b597205ec45d', 'f8bf3efe-3344-4bda-8ef0-d7e5bf207d78', '創世記', 43, NOW() - INTERVAL '99 days'),
  ('77685454-f3c7-40f6-803f-b597205ec45d', 'f8bf3efe-3344-4bda-8ef0-d7e5bf207d78', '創世記', 44, NOW() - INTERVAL '99 days'),
  ('77685454-f3c7-40f6-803f-b597205ec45d', 'f8bf3efe-3344-4bda-8ef0-d7e5bf207d78', '創世記', 45, NOW() - INTERVAL '99 days'),
  ('77685454-f3c7-40f6-803f-b597205ec45d', 'f8bf3efe-3344-4bda-8ef0-d7e5bf207d78', '創世記', 46, NOW() - INTERVAL '99 days'),
  ('77685454-f3c7-40f6-803f-b597205ec45d', 'f8bf3efe-3344-4bda-8ef0-d7e5bf207d78', '創世記', 47, NOW() - INTERVAL '98 days'),
  ('77685454-f3c7-40f6-803f-b597205ec45d', 'f8bf3efe-3344-4bda-8ef0-d7e5bf207d78', '創世記', 48, NOW() - INTERVAL '98 days'),
  ('77685454-f3c7-40f6-803f-b597205ec45d', 'f8bf3efe-3344-4bda-8ef0-d7e5bf207d78', '創世記', 49, NOW() - INTERVAL '98 days'),
  ('77685454-f3c7-40f6-803f-b597205ec45d', 'f8bf3efe-3344-4bda-8ef0-d7e5bf207d78', '創世記', 50, NOW() - INTERVAL '98 days'),
  ('77685454-f3c7-40f6-803f-b597205ec45d', 'f8bf3efe-3344-4bda-8ef0-d7e5bf207d78', '馬太福音', 1, NOW() - INTERVAL '98 days'),
  ('77685454-f3c7-40f6-803f-b597205ec45d', 'f8bf3efe-3344-4bda-8ef0-d7e5bf207d78', '馬太福音', 2, NOW() - INTERVAL '97 days'),
  ('77685454-f3c7-40f6-803f-b597205ec45d', 'f8bf3efe-3344-4bda-8ef0-d7e5bf207d78', '馬太福音', 3, NOW() - INTERVAL '97 days'),
  ('77685454-f3c7-40f6-803f-b597205ec45d', 'f8bf3efe-3344-4bda-8ef0-d7e5bf207d78', '馬太福音', 4, NOW() - INTERVAL '97 days'),
  ('77685454-f3c7-40f6-803f-b597205ec45d', 'f8bf3efe-3344-4bda-8ef0-d7e5bf207d78', '馬太福音', 5, NOW() - INTERVAL '97 days'),
  ('77685454-f3c7-40f6-803f-b597205ec45d', 'f8bf3efe-3344-4bda-8ef0-d7e5bf207d78', '馬太福音', 6, NOW() - INTERVAL '97 days'),
  ('77685454-f3c7-40f6-803f-b597205ec45d', 'f8bf3efe-3344-4bda-8ef0-d7e5bf207d78', '馬太福音', 7, NOW() - INTERVAL '96 days'),
  ('77685454-f3c7-40f6-803f-b597205ec45d', 'f8bf3efe-3344-4bda-8ef0-d7e5bf207d78', '馬太福音', 8, NOW() - INTERVAL '96 days'),
  ('77685454-f3c7-40f6-803f-b597205ec45d', 'f8bf3efe-3344-4bda-8ef0-d7e5bf207d78', '馬太福音', 9, NOW() - INTERVAL '96 days'),
  ('77685454-f3c7-40f6-803f-b597205ec45d', 'f8bf3efe-3344-4bda-8ef0-d7e5bf207d78', '馬太福音', 10, NOW() - INTERVAL '96 days'),
  ('77685454-f3c7-40f6-803f-b597205ec45d', 'f8bf3efe-3344-4bda-8ef0-d7e5bf207d78', '馬太福音', 11, NOW() - INTERVAL '96 days'),
  ('77685454-f3c7-40f6-803f-b597205ec45d', 'f8bf3efe-3344-4bda-8ef0-d7e5bf207d78', '馬太福音', 12, NOW() - INTERVAL '95 days'),
  ('77685454-f3c7-40f6-803f-b597205ec45d', 'f8bf3efe-3344-4bda-8ef0-d7e5bf207d78', '馬太福音', 13, NOW() - INTERVAL '95 days'),
  ('77685454-f3c7-40f6-803f-b597205ec45d', 'f8bf3efe-3344-4bda-8ef0-d7e5bf207d78', '馬太福音', 14, NOW() - INTERVAL '95 days'),
  ('77685454-f3c7-40f6-803f-b597205ec45d', 'f8bf3efe-3344-4bda-8ef0-d7e5bf207d78', '馬太福音', 15, NOW() - INTERVAL '95 days'),
  ('77685454-f3c7-40f6-803f-b597205ec45d', 'f8bf3efe-3344-4bda-8ef0-d7e5bf207d78', '馬太福音', 16, NOW() - INTERVAL '95 days'),
  ('77685454-f3c7-40f6-803f-b597205ec45d', 'f8bf3efe-3344-4bda-8ef0-d7e5bf207d78', '馬太福音', 17, NOW() - INTERVAL '94 days'),
  ('77685454-f3c7-40f6-803f-b597205ec45d', 'f8bf3efe-3344-4bda-8ef0-d7e5bf207d78', '馬太福音', 18, NOW() - INTERVAL '94 days'),
  ('77685454-f3c7-40f6-803f-b597205ec45d', 'f8bf3efe-3344-4bda-8ef0-d7e5bf207d78', '馬太福音', 19, NOW() - INTERVAL '94 days'),
  ('77685454-f3c7-40f6-803f-b597205ec45d', 'f8bf3efe-3344-4bda-8ef0-d7e5bf207d78', '馬太福音', 20, NOW() - INTERVAL '94 days'),
  ('77685454-f3c7-40f6-803f-b597205ec45d', 'f8bf3efe-3344-4bda-8ef0-d7e5bf207d78', '馬太福音', 21, NOW() - INTERVAL '94 days'),
  ('77685454-f3c7-40f6-803f-b597205ec45d', 'f8bf3efe-3344-4bda-8ef0-d7e5bf207d78', '馬太福音', 22, NOW() - INTERVAL '93 days'),
  ('77685454-f3c7-40f6-803f-b597205ec45d', 'f8bf3efe-3344-4bda-8ef0-d7e5bf207d78', '馬太福音', 23, NOW() - INTERVAL '93 days'),
  ('77685454-f3c7-40f6-803f-b597205ec45d', 'f8bf3efe-3344-4bda-8ef0-d7e5bf207d78', '馬太福音', 24, NOW() - INTERVAL '93 days'),
  ('77685454-f3c7-40f6-803f-b597205ec45d', 'f8bf3efe-3344-4bda-8ef0-d7e5bf207d78', '馬太福音', 25, NOW() - INTERVAL '93 days'),
  ('77685454-f3c7-40f6-803f-b597205ec45d', 'f8bf3efe-3344-4bda-8ef0-d7e5bf207d78', '馬太福音', 26, NOW() - INTERVAL '93 days'),
  ('77685454-f3c7-40f6-803f-b597205ec45d', 'f8bf3efe-3344-4bda-8ef0-d7e5bf207d78', '馬太福音', 27, NOW() - INTERVAL '92 days'),
  ('77685454-f3c7-40f6-803f-b597205ec45d', 'f8bf3efe-3344-4bda-8ef0-d7e5bf207d78', '馬太福音', 28, NOW() - INTERVAL '92 days'),
  ('77685454-f3c7-40f6-803f-b597205ec45d', 'f8bf3efe-3344-4bda-8ef0-d7e5bf207d78', '列王紀下', 1, NOW() - INTERVAL '92 days'),
  ('77685454-f3c7-40f6-803f-b597205ec45d', 'f8bf3efe-3344-4bda-8ef0-d7e5bf207d78', '列王紀下', 2, NOW() - INTERVAL '92 days'),
  ('77685454-f3c7-40f6-803f-b597205ec45d', 'f8bf3efe-3344-4bda-8ef0-d7e5bf207d78', '列王紀下', 3, NOW() - INTERVAL '92 days'),
  ('77685454-f3c7-40f6-803f-b597205ec45d', 'f8bf3efe-3344-4bda-8ef0-d7e5bf207d78', '列王紀下', 4, NOW() - INTERVAL '91 days'),
  ('77685454-f3c7-40f6-803f-b597205ec45d', 'f8bf3efe-3344-4bda-8ef0-d7e5bf207d78', '列王紀下', 5, NOW() - INTERVAL '91 days'),
  ('77685454-f3c7-40f6-803f-b597205ec45d', 'f8bf3efe-3344-4bda-8ef0-d7e5bf207d78', '列王紀下', 6, NOW() - INTERVAL '91 days'),
  ('77685454-f3c7-40f6-803f-b597205ec45d', 'f8bf3efe-3344-4bda-8ef0-d7e5bf207d78', '列王紀下', 7, NOW() - INTERVAL '91 days'),
  ('77685454-f3c7-40f6-803f-b597205ec45d', 'f8bf3efe-3344-4bda-8ef0-d7e5bf207d78', '列王紀下', 8, NOW() - INTERVAL '91 days'),
  ('77685454-f3c7-40f6-803f-b597205ec45d', 'f8bf3efe-3344-4bda-8ef0-d7e5bf207d78', '列王紀下', 9, NOW() - INTERVAL '90 days'),
  ('77685454-f3c7-40f6-803f-b597205ec45d', 'f8bf3efe-3344-4bda-8ef0-d7e5bf207d78', '列王紀下', 10, NOW() - INTERVAL '90 days'),
  ('77685454-f3c7-40f6-803f-b597205ec45d', 'f8bf3efe-3344-4bda-8ef0-d7e5bf207d78', '列王紀下', 11, NOW() - INTERVAL '90 days'),
  ('77685454-f3c7-40f6-803f-b597205ec45d', 'f8bf3efe-3344-4bda-8ef0-d7e5bf207d78', '列王紀下', 12, NOW() - INTERVAL '90 days'),
  ('77685454-f3c7-40f6-803f-b597205ec45d', 'f8bf3efe-3344-4bda-8ef0-d7e5bf207d78', '列王紀下', 13, NOW() - INTERVAL '90 days'),
  ('77685454-f3c7-40f6-803f-b597205ec45d', 'f8bf3efe-3344-4bda-8ef0-d7e5bf207d78', '列王紀下', 14, NOW() - INTERVAL '89 days'),
  ('77685454-f3c7-40f6-803f-b597205ec45d', 'f8bf3efe-3344-4bda-8ef0-d7e5bf207d78', '列王紀下', 15, NOW() - INTERVAL '89 days'),
  ('77685454-f3c7-40f6-803f-b597205ec45d', 'f8bf3efe-3344-4bda-8ef0-d7e5bf207d78', '列王紀下', 16, NOW() - INTERVAL '89 days'),
  ('77685454-f3c7-40f6-803f-b597205ec45d', 'f8bf3efe-3344-4bda-8ef0-d7e5bf207d78', '列王紀下', 17, NOW() - INTERVAL '89 days'),
  ('77685454-f3c7-40f6-803f-b597205ec45d', 'f8bf3efe-3344-4bda-8ef0-d7e5bf207d78', '列王紀下', 18, NOW() - INTERVAL '89 days'),
  ('77685454-f3c7-40f6-803f-b597205ec45d', 'f8bf3efe-3344-4bda-8ef0-d7e5bf207d78', '列王紀下', 19, NOW() - INTERVAL '88 days'),
  ('77685454-f3c7-40f6-803f-b597205ec45d', 'f8bf3efe-3344-4bda-8ef0-d7e5bf207d78', '列王紀下', 20, NOW() - INTERVAL '88 days'),
  ('77685454-f3c7-40f6-803f-b597205ec45d', 'f8bf3efe-3344-4bda-8ef0-d7e5bf207d78', '列王紀下', 21, NOW() - INTERVAL '88 days'),
  ('77685454-f3c7-40f6-803f-b597205ec45d', 'f8bf3efe-3344-4bda-8ef0-d7e5bf207d78', '列王紀下', 22, NOW() - INTERVAL '88 days'),
  ('77685454-f3c7-40f6-803f-b597205ec45d', 'f8bf3efe-3344-4bda-8ef0-d7e5bf207d78', '列王紀下', 23, NOW() - INTERVAL '88 days'),
  ('77685454-f3c7-40f6-803f-b597205ec45d', 'f8bf3efe-3344-4bda-8ef0-d7e5bf207d78', '列王紀下', 24, NOW() - INTERVAL '87 days'),
  ('77685454-f3c7-40f6-803f-b597205ec45d', 'f8bf3efe-3344-4bda-8ef0-d7e5bf207d78', '列王紀下', 25, NOW() - INTERVAL '87 days'),
  ('77685454-f3c7-40f6-803f-b597205ec45d', 'f8bf3efe-3344-4bda-8ef0-d7e5bf207d78', '雅各書', 1, NOW() - INTERVAL '87 days'),
  ('77685454-f3c7-40f6-803f-b597205ec45d', 'f8bf3efe-3344-4bda-8ef0-d7e5bf207d78', '雅各書', 2, NOW() - INTERVAL '87 days'),
  ('77685454-f3c7-40f6-803f-b597205ec45d', 'f8bf3efe-3344-4bda-8ef0-d7e5bf207d78', '雅各書', 3, NOW() - INTERVAL '87 days'),
  ('77685454-f3c7-40f6-803f-b597205ec45d', 'f8bf3efe-3344-4bda-8ef0-d7e5bf207d78', '雅各書', 4, NOW() - INTERVAL '86 days'),
  ('77685454-f3c7-40f6-803f-b597205ec45d', 'f8bf3efe-3344-4bda-8ef0-d7e5bf207d78', '雅各書', 5, NOW() - INTERVAL '86 days'),
  ('77685454-f3c7-40f6-803f-b597205ec45d', 'f8bf3efe-3344-4bda-8ef0-d7e5bf207d78', '出埃及記', 1, NOW() - INTERVAL '86 days'),
  ('77685454-f3c7-40f6-803f-b597205ec45d', 'f8bf3efe-3344-4bda-8ef0-d7e5bf207d78', '出埃及記', 2, NOW() - INTERVAL '86 days'),
  ('77685454-f3c7-40f6-803f-b597205ec45d', 'f8bf3efe-3344-4bda-8ef0-d7e5bf207d78', '出埃及記', 3, NOW() - INTERVAL '86 days'),
  ('77685454-f3c7-40f6-803f-b597205ec45d', 'f8bf3efe-3344-4bda-8ef0-d7e5bf207d78', '出埃及記', 4, NOW() - INTERVAL '85 days'),
  ('77685454-f3c7-40f6-803f-b597205ec45d', 'f8bf3efe-3344-4bda-8ef0-d7e5bf207d78', '出埃及記', 5, NOW() - INTERVAL '85 days'),
  ('77685454-f3c7-40f6-803f-b597205ec45d', 'f8bf3efe-3344-4bda-8ef0-d7e5bf207d78', '出埃及記', 6, NOW() - INTERVAL '85 days'),
  ('77685454-f3c7-40f6-803f-b597205ec45d', 'f8bf3efe-3344-4bda-8ef0-d7e5bf207d78', '出埃及記', 7, NOW() - INTERVAL '85 days'),
  ('77685454-f3c7-40f6-803f-b597205ec45d', 'f8bf3efe-3344-4bda-8ef0-d7e5bf207d78', '出埃及記', 8, NOW() - INTERVAL '85 days'),
  ('77685454-f3c7-40f6-803f-b597205ec45d', 'f8bf3efe-3344-4bda-8ef0-d7e5bf207d78', '出埃及記', 9, NOW() - INTERVAL '84 days'),
  ('77685454-f3c7-40f6-803f-b597205ec45d', 'f8bf3efe-3344-4bda-8ef0-d7e5bf207d78', '出埃及記', 10, NOW() - INTERVAL '84 days'),
  ('77685454-f3c7-40f6-803f-b597205ec45d', 'f8bf3efe-3344-4bda-8ef0-d7e5bf207d78', '出埃及記', 11, NOW() - INTERVAL '84 days'),
  ('77685454-f3c7-40f6-803f-b597205ec45d', 'f8bf3efe-3344-4bda-8ef0-d7e5bf207d78', '出埃及記', 12, NOW() - INTERVAL '84 days'),
  ('77685454-f3c7-40f6-803f-b597205ec45d', 'f8bf3efe-3344-4bda-8ef0-d7e5bf207d78', '出埃及記', 13, NOW() - INTERVAL '84 days'),
  ('77685454-f3c7-40f6-803f-b597205ec45d', 'f8bf3efe-3344-4bda-8ef0-d7e5bf207d78', '出埃及記', 14, NOW() - INTERVAL '83 days'),
  ('77685454-f3c7-40f6-803f-b597205ec45d', 'f8bf3efe-3344-4bda-8ef0-d7e5bf207d78', '出埃及記', 15, NOW() - INTERVAL '83 days'),
  ('77685454-f3c7-40f6-803f-b597205ec45d', 'f8bf3efe-3344-4bda-8ef0-d7e5bf207d78', '出埃及記', 16, NOW() - INTERVAL '83 days'),
  ('77685454-f3c7-40f6-803f-b597205ec45d', 'f8bf3efe-3344-4bda-8ef0-d7e5bf207d78', '出埃及記', 17, NOW() - INTERVAL '83 days'),
  ('77685454-f3c7-40f6-803f-b597205ec45d', 'f8bf3efe-3344-4bda-8ef0-d7e5bf207d78', '出埃及記', 18, NOW() - INTERVAL '83 days'),
  ('77685454-f3c7-40f6-803f-b597205ec45d', 'f8bf3efe-3344-4bda-8ef0-d7e5bf207d78', '出埃及記', 19, NOW() - INTERVAL '82 days'),
  ('77685454-f3c7-40f6-803f-b597205ec45d', 'f8bf3efe-3344-4bda-8ef0-d7e5bf207d78', '出埃及記', 20, NOW() - INTERVAL '82 days'),
  ('77685454-f3c7-40f6-803f-b597205ec45d', 'f8bf3efe-3344-4bda-8ef0-d7e5bf207d78', '出埃及記', 21, NOW() - INTERVAL '82 days'),
  ('77685454-f3c7-40f6-803f-b597205ec45d', 'f8bf3efe-3344-4bda-8ef0-d7e5bf207d78', '出埃及記', 22, NOW() - INTERVAL '82 days'),
  ('77685454-f3c7-40f6-803f-b597205ec45d', 'f8bf3efe-3344-4bda-8ef0-d7e5bf207d78', '出埃及記', 23, NOW() - INTERVAL '82 days'),
  ('77685454-f3c7-40f6-803f-b597205ec45d', 'f8bf3efe-3344-4bda-8ef0-d7e5bf207d78', '出埃及記', 24, NOW() - INTERVAL '81 days'),
  ('77685454-f3c7-40f6-803f-b597205ec45d', 'f8bf3efe-3344-4bda-8ef0-d7e5bf207d78', '出埃及記', 25, NOW() - INTERVAL '81 days'),
  ('77685454-f3c7-40f6-803f-b597205ec45d', 'f8bf3efe-3344-4bda-8ef0-d7e5bf207d78', '出埃及記', 26, NOW() - INTERVAL '81 days'),
  ('77685454-f3c7-40f6-803f-b597205ec45d', 'f8bf3efe-3344-4bda-8ef0-d7e5bf207d78', '出埃及記', 27, NOW() - INTERVAL '81 days'),
  ('77685454-f3c7-40f6-803f-b597205ec45d', 'f8bf3efe-3344-4bda-8ef0-d7e5bf207d78', '出埃及記', 28, NOW() - INTERVAL '81 days'),
  ('77685454-f3c7-40f6-803f-b597205ec45d', 'f8bf3efe-3344-4bda-8ef0-d7e5bf207d78', '出埃及記', 29, NOW() - INTERVAL '80 days'),
  ('77685454-f3c7-40f6-803f-b597205ec45d', 'f8bf3efe-3344-4bda-8ef0-d7e5bf207d78', '出埃及記', 30, NOW() - INTERVAL '80 days'),
  ('77685454-f3c7-40f6-803f-b597205ec45d', 'f8bf3efe-3344-4bda-8ef0-d7e5bf207d78', '出埃及記', 31, NOW() - INTERVAL '80 days'),
  ('77685454-f3c7-40f6-803f-b597205ec45d', 'f8bf3efe-3344-4bda-8ef0-d7e5bf207d78', '出埃及記', 32, NOW() - INTERVAL '80 days'),
  ('77685454-f3c7-40f6-803f-b597205ec45d', 'f8bf3efe-3344-4bda-8ef0-d7e5bf207d78', '出埃及記', 33, NOW() - INTERVAL '80 days'),
  ('77685454-f3c7-40f6-803f-b597205ec45d', 'f8bf3efe-3344-4bda-8ef0-d7e5bf207d78', '出埃及記', 34, NOW() - INTERVAL '79 days'),
  ('77685454-f3c7-40f6-803f-b597205ec45d', 'f8bf3efe-3344-4bda-8ef0-d7e5bf207d78', '出埃及記', 35, NOW() - INTERVAL '79 days'),
  ('77685454-f3c7-40f6-803f-b597205ec45d', 'f8bf3efe-3344-4bda-8ef0-d7e5bf207d78', '出埃及記', 36, NOW() - INTERVAL '79 days'),
  ('77685454-f3c7-40f6-803f-b597205ec45d', 'f8bf3efe-3344-4bda-8ef0-d7e5bf207d78', '出埃及記', 37, NOW() - INTERVAL '79 days'),
  ('77685454-f3c7-40f6-803f-b597205ec45d', 'f8bf3efe-3344-4bda-8ef0-d7e5bf207d78', '出埃及記', 38, NOW() - INTERVAL '79 days'),
  ('77685454-f3c7-40f6-803f-b597205ec45d', 'f8bf3efe-3344-4bda-8ef0-d7e5bf207d78', '出埃及記', 39, NOW() - INTERVAL '78 days'),
  ('77685454-f3c7-40f6-803f-b597205ec45d', 'f8bf3efe-3344-4bda-8ef0-d7e5bf207d78', '出埃及記', 40, NOW() - INTERVAL '78 days'),
  ('77685454-f3c7-40f6-803f-b597205ec45d', 'f8bf3efe-3344-4bda-8ef0-d7e5bf207d78', '馬可福音', 1, NOW() - INTERVAL '78 days'),
  ('77685454-f3c7-40f6-803f-b597205ec45d', 'f8bf3efe-3344-4bda-8ef0-d7e5bf207d78', '馬可福音', 2, NOW() - INTERVAL '78 days'),
  ('77685454-f3c7-40f6-803f-b597205ec45d', 'f8bf3efe-3344-4bda-8ef0-d7e5bf207d78', '馬可福音', 3, NOW() - INTERVAL '78 days'),
  ('77685454-f3c7-40f6-803f-b597205ec45d', 'f8bf3efe-3344-4bda-8ef0-d7e5bf207d78', '馬可福音', 4, NOW() - INTERVAL '77 days'),
  ('77685454-f3c7-40f6-803f-b597205ec45d', 'f8bf3efe-3344-4bda-8ef0-d7e5bf207d78', '馬可福音', 5, NOW() - INTERVAL '77 days'),
  ('77685454-f3c7-40f6-803f-b597205ec45d', 'f8bf3efe-3344-4bda-8ef0-d7e5bf207d78', '馬可福音', 6, NOW() - INTERVAL '77 days'),
  ('77685454-f3c7-40f6-803f-b597205ec45d', 'f8bf3efe-3344-4bda-8ef0-d7e5bf207d78', '馬可福音', 7, NOW() - INTERVAL '77 days'),
  ('77685454-f3c7-40f6-803f-b597205ec45d', 'f8bf3efe-3344-4bda-8ef0-d7e5bf207d78', '馬可福音', 8, NOW() - INTERVAL '77 days'),
  ('77685454-f3c7-40f6-803f-b597205ec45d', 'f8bf3efe-3344-4bda-8ef0-d7e5bf207d78', '馬可福音', 9, NOW() - INTERVAL '76 days'),
  ('77685454-f3c7-40f6-803f-b597205ec45d', 'f8bf3efe-3344-4bda-8ef0-d7e5bf207d78', '馬可福音', 10, NOW() - INTERVAL '76 days'),
  ('77685454-f3c7-40f6-803f-b597205ec45d', 'f8bf3efe-3344-4bda-8ef0-d7e5bf207d78', '馬可福音', 11, NOW() - INTERVAL '76 days'),
  ('77685454-f3c7-40f6-803f-b597205ec45d', 'f8bf3efe-3344-4bda-8ef0-d7e5bf207d78', '馬可福音', 12, NOW() - INTERVAL '76 days'),
  ('77685454-f3c7-40f6-803f-b597205ec45d', 'f8bf3efe-3344-4bda-8ef0-d7e5bf207d78', '馬可福音', 13, NOW() - INTERVAL '76 days'),
  ('77685454-f3c7-40f6-803f-b597205ec45d', 'f8bf3efe-3344-4bda-8ef0-d7e5bf207d78', '馬可福音', 14, NOW() - INTERVAL '75 days'),
  ('77685454-f3c7-40f6-803f-b597205ec45d', 'f8bf3efe-3344-4bda-8ef0-d7e5bf207d78', '馬可福音', 15, NOW() - INTERVAL '75 days'),
  ('77685454-f3c7-40f6-803f-b597205ec45d', 'f8bf3efe-3344-4bda-8ef0-d7e5bf207d78', '馬可福音', 16, NOW() - INTERVAL '75 days'),
  ('77685454-f3c7-40f6-803f-b597205ec45d', 'f8bf3efe-3344-4bda-8ef0-d7e5bf207d78', '約伯記', 1, NOW() - INTERVAL '75 days'),
  ('77685454-f3c7-40f6-803f-b597205ec45d', 'f8bf3efe-3344-4bda-8ef0-d7e5bf207d78', '約伯記', 2, NOW() - INTERVAL '75 days'),
  ('77685454-f3c7-40f6-803f-b597205ec45d', 'f8bf3efe-3344-4bda-8ef0-d7e5bf207d78', '約伯記', 3, NOW() - INTERVAL '74 days'),
  ('77685454-f3c7-40f6-803f-b597205ec45d', 'f8bf3efe-3344-4bda-8ef0-d7e5bf207d78', '約伯記', 4, NOW() - INTERVAL '74 days'),
  ('77685454-f3c7-40f6-803f-b597205ec45d', 'f8bf3efe-3344-4bda-8ef0-d7e5bf207d78', '約伯記', 5, NOW() - INTERVAL '74 days'),
  ('77685454-f3c7-40f6-803f-b597205ec45d', 'f8bf3efe-3344-4bda-8ef0-d7e5bf207d78', '約伯記', 6, NOW() - INTERVAL '74 days'),
  ('77685454-f3c7-40f6-803f-b597205ec45d', 'f8bf3efe-3344-4bda-8ef0-d7e5bf207d78', '約伯記', 7, NOW() - INTERVAL '74 days'),
  ('77685454-f3c7-40f6-803f-b597205ec45d', 'f8bf3efe-3344-4bda-8ef0-d7e5bf207d78', '約伯記', 8, NOW() - INTERVAL '73 days'),
  ('77685454-f3c7-40f6-803f-b597205ec45d', 'f8bf3efe-3344-4bda-8ef0-d7e5bf207d78', '約伯記', 9, NOW() - INTERVAL '73 days'),
  ('77685454-f3c7-40f6-803f-b597205ec45d', 'f8bf3efe-3344-4bda-8ef0-d7e5bf207d78', '約伯記', 10, NOW() - INTERVAL '73 days'),
  ('77685454-f3c7-40f6-803f-b597205ec45d', 'f8bf3efe-3344-4bda-8ef0-d7e5bf207d78', '約伯記', 11, NOW() - INTERVAL '73 days'),
  ('77685454-f3c7-40f6-803f-b597205ec45d', 'f8bf3efe-3344-4bda-8ef0-d7e5bf207d78', '約伯記', 12, NOW() - INTERVAL '73 days'),
  ('77685454-f3c7-40f6-803f-b597205ec45d', 'f8bf3efe-3344-4bda-8ef0-d7e5bf207d78', '約伯記', 13, NOW() - INTERVAL '72 days'),
  ('77685454-f3c7-40f6-803f-b597205ec45d', 'f8bf3efe-3344-4bda-8ef0-d7e5bf207d78', '約伯記', 14, NOW() - INTERVAL '72 days'),
  ('77685454-f3c7-40f6-803f-b597205ec45d', 'f8bf3efe-3344-4bda-8ef0-d7e5bf207d78', '約伯記', 15, NOW() - INTERVAL '72 days'),
  ('77685454-f3c7-40f6-803f-b597205ec45d', 'f8bf3efe-3344-4bda-8ef0-d7e5bf207d78', '約伯記', 16, NOW() - INTERVAL '72 days'),
  ('77685454-f3c7-40f6-803f-b597205ec45d', 'f8bf3efe-3344-4bda-8ef0-d7e5bf207d78', '約伯記', 17, NOW() - INTERVAL '72 days'),
  ('77685454-f3c7-40f6-803f-b597205ec45d', 'f8bf3efe-3344-4bda-8ef0-d7e5bf207d78', '約伯記', 18, NOW() - INTERVAL '71 days'),
  ('77685454-f3c7-40f6-803f-b597205ec45d', 'f8bf3efe-3344-4bda-8ef0-d7e5bf207d78', '約伯記', 19, NOW() - INTERVAL '71 days'),
  ('77685454-f3c7-40f6-803f-b597205ec45d', 'f8bf3efe-3344-4bda-8ef0-d7e5bf207d78', '約伯記', 20, NOW() - INTERVAL '71 days'),
  ('77685454-f3c7-40f6-803f-b597205ec45d', 'f8bf3efe-3344-4bda-8ef0-d7e5bf207d78', '約伯記', 21, NOW() - INTERVAL '71 days'),
  ('77685454-f3c7-40f6-803f-b597205ec45d', 'f8bf3efe-3344-4bda-8ef0-d7e5bf207d78', '約伯記', 22, NOW() - INTERVAL '71 days'),
  ('77685454-f3c7-40f6-803f-b597205ec45d', 'f8bf3efe-3344-4bda-8ef0-d7e5bf207d78', '約伯記', 23, NOW() - INTERVAL '70 days'),
  ('77685454-f3c7-40f6-803f-b597205ec45d', 'f8bf3efe-3344-4bda-8ef0-d7e5bf207d78', '約伯記', 24, NOW() - INTERVAL '70 days'),
  ('77685454-f3c7-40f6-803f-b597205ec45d', 'f8bf3efe-3344-4bda-8ef0-d7e5bf207d78', '約伯記', 25, NOW() - INTERVAL '70 days'),
  ('77685454-f3c7-40f6-803f-b597205ec45d', 'f8bf3efe-3344-4bda-8ef0-d7e5bf207d78', '約伯記', 26, NOW() - INTERVAL '70 days'),
  ('77685454-f3c7-40f6-803f-b597205ec45d', 'f8bf3efe-3344-4bda-8ef0-d7e5bf207d78', '約伯記', 27, NOW() - INTERVAL '70 days'),
  ('77685454-f3c7-40f6-803f-b597205ec45d', 'f8bf3efe-3344-4bda-8ef0-d7e5bf207d78', '約伯記', 28, NOW() - INTERVAL '69 days'),
  ('77685454-f3c7-40f6-803f-b597205ec45d', 'f8bf3efe-3344-4bda-8ef0-d7e5bf207d78', '約伯記', 29, NOW() - INTERVAL '69 days'),
  ('77685454-f3c7-40f6-803f-b597205ec45d', 'f8bf3efe-3344-4bda-8ef0-d7e5bf207d78', '約伯記', 30, NOW() - INTERVAL '69 days'),
  ('77685454-f3c7-40f6-803f-b597205ec45d', 'f8bf3efe-3344-4bda-8ef0-d7e5bf207d78', '約伯記', 31, NOW() - INTERVAL '69 days'),
  ('77685454-f3c7-40f6-803f-b597205ec45d', 'f8bf3efe-3344-4bda-8ef0-d7e5bf207d78', '約伯記', 32, NOW() - INTERVAL '69 days'),
  ('77685454-f3c7-40f6-803f-b597205ec45d', 'f8bf3efe-3344-4bda-8ef0-d7e5bf207d78', '約伯記', 33, NOW() - INTERVAL '68 days'),
  ('77685454-f3c7-40f6-803f-b597205ec45d', 'f8bf3efe-3344-4bda-8ef0-d7e5bf207d78', '約伯記', 34, NOW() - INTERVAL '68 days'),
  ('77685454-f3c7-40f6-803f-b597205ec45d', 'f8bf3efe-3344-4bda-8ef0-d7e5bf207d78', '約伯記', 35, NOW() - INTERVAL '68 days'),
  ('77685454-f3c7-40f6-803f-b597205ec45d', 'f8bf3efe-3344-4bda-8ef0-d7e5bf207d78', '約伯記', 36, NOW() - INTERVAL '68 days'),
  ('77685454-f3c7-40f6-803f-b597205ec45d', 'f8bf3efe-3344-4bda-8ef0-d7e5bf207d78', '約伯記', 37, NOW() - INTERVAL '68 days'),
  ('77685454-f3c7-40f6-803f-b597205ec45d', 'f8bf3efe-3344-4bda-8ef0-d7e5bf207d78', '約伯記', 38, NOW() - INTERVAL '67 days'),
  ('77685454-f3c7-40f6-803f-b597205ec45d', 'f8bf3efe-3344-4bda-8ef0-d7e5bf207d78', '約伯記', 39, NOW() - INTERVAL '67 days'),
  ('77685454-f3c7-40f6-803f-b597205ec45d', 'f8bf3efe-3344-4bda-8ef0-d7e5bf207d78', '約伯記', 40, NOW() - INTERVAL '67 days'),
  ('77685454-f3c7-40f6-803f-b597205ec45d', 'f8bf3efe-3344-4bda-8ef0-d7e5bf207d78', '約伯記', 41, NOW() - INTERVAL '67 days'),
  ('77685454-f3c7-40f6-803f-b597205ec45d', 'f8bf3efe-3344-4bda-8ef0-d7e5bf207d78', '約伯記', 42, NOW() - INTERVAL '67 days'),
  ('77685454-f3c7-40f6-803f-b597205ec45d', 'f8bf3efe-3344-4bda-8ef0-d7e5bf207d78', '加拉太書', 1, NOW() - INTERVAL '66 days'),
  ('77685454-f3c7-40f6-803f-b597205ec45d', 'f8bf3efe-3344-4bda-8ef0-d7e5bf207d78', '加拉太書', 2, NOW() - INTERVAL '66 days'),
  ('77685454-f3c7-40f6-803f-b597205ec45d', 'f8bf3efe-3344-4bda-8ef0-d7e5bf207d78', '加拉太書', 3, NOW() - INTERVAL '66 days'),
  ('77685454-f3c7-40f6-803f-b597205ec45d', 'f8bf3efe-3344-4bda-8ef0-d7e5bf207d78', '加拉太書', 4, NOW() - INTERVAL '66 days'),
  ('77685454-f3c7-40f6-803f-b597205ec45d', 'f8bf3efe-3344-4bda-8ef0-d7e5bf207d78', '加拉太書', 5, NOW() - INTERVAL '66 days'),
  ('77685454-f3c7-40f6-803f-b597205ec45d', 'f8bf3efe-3344-4bda-8ef0-d7e5bf207d78', '加拉太書', 6, NOW() - INTERVAL '65 days'),
  ('77685454-f3c7-40f6-803f-b597205ec45d', 'f8bf3efe-3344-4bda-8ef0-d7e5bf207d78', '哈巴谷書', 1, NOW() - INTERVAL '65 days'),
  ('77685454-f3c7-40f6-803f-b597205ec45d', 'f8bf3efe-3344-4bda-8ef0-d7e5bf207d78', '哈巴谷書', 2, NOW() - INTERVAL '65 days'),
  ('77685454-f3c7-40f6-803f-b597205ec45d', 'f8bf3efe-3344-4bda-8ef0-d7e5bf207d78', '哈巴谷書', 3, NOW() - INTERVAL '65 days'),
  ('77685454-f3c7-40f6-803f-b597205ec45d', 'f8bf3efe-3344-4bda-8ef0-d7e5bf207d78', '猶大書', 1, NOW() - INTERVAL '65 days'),
  ('77685454-f3c7-40f6-803f-b597205ec45d', 'f8bf3efe-3344-4bda-8ef0-d7e5bf207d78', '利未記', 1, NOW() - INTERVAL '64 days'),
  ('77685454-f3c7-40f6-803f-b597205ec45d', 'f8bf3efe-3344-4bda-8ef0-d7e5bf207d78', '利未記', 2, NOW() - INTERVAL '64 days'),
  ('77685454-f3c7-40f6-803f-b597205ec45d', 'f8bf3efe-3344-4bda-8ef0-d7e5bf207d78', '利未記', 3, NOW() - INTERVAL '64 days'),
  ('77685454-f3c7-40f6-803f-b597205ec45d', 'f8bf3efe-3344-4bda-8ef0-d7e5bf207d78', '利未記', 4, NOW() - INTERVAL '64 days'),
  ('77685454-f3c7-40f6-803f-b597205ec45d', 'f8bf3efe-3344-4bda-8ef0-d7e5bf207d78', '利未記', 5, NOW() - INTERVAL '64 days'),
  ('77685454-f3c7-40f6-803f-b597205ec45d', 'f8bf3efe-3344-4bda-8ef0-d7e5bf207d78', '利未記', 6, NOW() - INTERVAL '63 days'),
  ('77685454-f3c7-40f6-803f-b597205ec45d', 'f8bf3efe-3344-4bda-8ef0-d7e5bf207d78', '利未記', 7, NOW() - INTERVAL '63 days'),
  ('77685454-f3c7-40f6-803f-b597205ec45d', 'f8bf3efe-3344-4bda-8ef0-d7e5bf207d78', '利未記', 8, NOW() - INTERVAL '63 days'),
  ('77685454-f3c7-40f6-803f-b597205ec45d', 'f8bf3efe-3344-4bda-8ef0-d7e5bf207d78', '利未記', 9, NOW() - INTERVAL '63 days'),
  ('77685454-f3c7-40f6-803f-b597205ec45d', 'f8bf3efe-3344-4bda-8ef0-d7e5bf207d78', '利未記', 10, NOW() - INTERVAL '63 days'),
  ('77685454-f3c7-40f6-803f-b597205ec45d', 'f8bf3efe-3344-4bda-8ef0-d7e5bf207d78', '利未記', 11, NOW() - INTERVAL '62 days'),
  ('77685454-f3c7-40f6-803f-b597205ec45d', 'f8bf3efe-3344-4bda-8ef0-d7e5bf207d78', '利未記', 12, NOW() - INTERVAL '62 days'),
  ('77685454-f3c7-40f6-803f-b597205ec45d', 'f8bf3efe-3344-4bda-8ef0-d7e5bf207d78', '利未記', 13, NOW() - INTERVAL '62 days'),
  ('77685454-f3c7-40f6-803f-b597205ec45d', 'f8bf3efe-3344-4bda-8ef0-d7e5bf207d78', '利未記', 14, NOW() - INTERVAL '62 days'),
  ('77685454-f3c7-40f6-803f-b597205ec45d', 'f8bf3efe-3344-4bda-8ef0-d7e5bf207d78', '利未記', 15, NOW() - INTERVAL '62 days'),
  ('77685454-f3c7-40f6-803f-b597205ec45d', 'f8bf3efe-3344-4bda-8ef0-d7e5bf207d78', '利未記', 16, NOW() - INTERVAL '61 days'),
  ('77685454-f3c7-40f6-803f-b597205ec45d', 'f8bf3efe-3344-4bda-8ef0-d7e5bf207d78', '利未記', 17, NOW() - INTERVAL '61 days'),
  ('77685454-f3c7-40f6-803f-b597205ec45d', 'f8bf3efe-3344-4bda-8ef0-d7e5bf207d78', '利未記', 18, NOW() - INTERVAL '61 days'),
  ('77685454-f3c7-40f6-803f-b597205ec45d', 'f8bf3efe-3344-4bda-8ef0-d7e5bf207d78', '利未記', 19, NOW() - INTERVAL '61 days'),
  ('77685454-f3c7-40f6-803f-b597205ec45d', 'f8bf3efe-3344-4bda-8ef0-d7e5bf207d78', '利未記', 20, NOW() - INTERVAL '61 days'),
  ('77685454-f3c7-40f6-803f-b597205ec45d', 'f8bf3efe-3344-4bda-8ef0-d7e5bf207d78', '利未記', 21, NOW() - INTERVAL '60 days'),
  ('77685454-f3c7-40f6-803f-b597205ec45d', 'f8bf3efe-3344-4bda-8ef0-d7e5bf207d78', '利未記', 22, NOW() - INTERVAL '60 days'),
  ('77685454-f3c7-40f6-803f-b597205ec45d', 'f8bf3efe-3344-4bda-8ef0-d7e5bf207d78', '利未記', 23, NOW() - INTERVAL '60 days'),
  ('77685454-f3c7-40f6-803f-b597205ec45d', 'f8bf3efe-3344-4bda-8ef0-d7e5bf207d78', '利未記', 24, NOW() - INTERVAL '60 days'),
  ('77685454-f3c7-40f6-803f-b597205ec45d', 'f8bf3efe-3344-4bda-8ef0-d7e5bf207d78', '利未記', 25, NOW() - INTERVAL '60 days'),
  ('77685454-f3c7-40f6-803f-b597205ec45d', 'f8bf3efe-3344-4bda-8ef0-d7e5bf207d78', '利未記', 26, NOW() - INTERVAL '59 days'),
  ('77685454-f3c7-40f6-803f-b597205ec45d', 'f8bf3efe-3344-4bda-8ef0-d7e5bf207d78', '利未記', 27, NOW() - INTERVAL '59 days'),
  ('77685454-f3c7-40f6-803f-b597205ec45d', 'f8bf3efe-3344-4bda-8ef0-d7e5bf207d78', '路加福音', 1, NOW() - INTERVAL '59 days'),
  ('77685454-f3c7-40f6-803f-b597205ec45d', 'f8bf3efe-3344-4bda-8ef0-d7e5bf207d78', '路加福音', 2, NOW() - INTERVAL '59 days'),
  ('77685454-f3c7-40f6-803f-b597205ec45d', 'f8bf3efe-3344-4bda-8ef0-d7e5bf207d78', '路加福音', 3, NOW() - INTERVAL '59 days'),
  ('77685454-f3c7-40f6-803f-b597205ec45d', 'f8bf3efe-3344-4bda-8ef0-d7e5bf207d78', '路加福音', 4, NOW() - INTERVAL '58 days'),
  ('77685454-f3c7-40f6-803f-b597205ec45d', 'f8bf3efe-3344-4bda-8ef0-d7e5bf207d78', '路加福音', 5, NOW() - INTERVAL '58 days'),
  ('77685454-f3c7-40f6-803f-b597205ec45d', 'f8bf3efe-3344-4bda-8ef0-d7e5bf207d78', '路加福音', 6, NOW() - INTERVAL '58 days'),
  ('77685454-f3c7-40f6-803f-b597205ec45d', 'f8bf3efe-3344-4bda-8ef0-d7e5bf207d78', '路加福音', 7, NOW() - INTERVAL '58 days'),
  ('77685454-f3c7-40f6-803f-b597205ec45d', 'f8bf3efe-3344-4bda-8ef0-d7e5bf207d78', '路加福音', 8, NOW() - INTERVAL '58 days'),
  ('77685454-f3c7-40f6-803f-b597205ec45d', 'f8bf3efe-3344-4bda-8ef0-d7e5bf207d78', '路加福音', 9, NOW() - INTERVAL '57 days'),
  ('77685454-f3c7-40f6-803f-b597205ec45d', 'f8bf3efe-3344-4bda-8ef0-d7e5bf207d78', '路加福音', 10, NOW() - INTERVAL '57 days'),
  ('77685454-f3c7-40f6-803f-b597205ec45d', 'f8bf3efe-3344-4bda-8ef0-d7e5bf207d78', '路加福音', 11, NOW() - INTERVAL '57 days'),
  ('77685454-f3c7-40f6-803f-b597205ec45d', 'f8bf3efe-3344-4bda-8ef0-d7e5bf207d78', '路加福音', 12, NOW() - INTERVAL '57 days'),
  ('77685454-f3c7-40f6-803f-b597205ec45d', 'f8bf3efe-3344-4bda-8ef0-d7e5bf207d78', '路加福音', 13, NOW() - INTERVAL '57 days'),
  ('77685454-f3c7-40f6-803f-b597205ec45d', 'f8bf3efe-3344-4bda-8ef0-d7e5bf207d78', '路加福音', 14, NOW() - INTERVAL '56 days'),
  ('77685454-f3c7-40f6-803f-b597205ec45d', 'f8bf3efe-3344-4bda-8ef0-d7e5bf207d78', '路加福音', 15, NOW() - INTERVAL '56 days'),
  ('77685454-f3c7-40f6-803f-b597205ec45d', 'f8bf3efe-3344-4bda-8ef0-d7e5bf207d78', '路加福音', 16, NOW() - INTERVAL '56 days'),
  ('77685454-f3c7-40f6-803f-b597205ec45d', 'f8bf3efe-3344-4bda-8ef0-d7e5bf207d78', '路加福音', 17, NOW() - INTERVAL '56 days'),
  ('77685454-f3c7-40f6-803f-b597205ec45d', 'f8bf3efe-3344-4bda-8ef0-d7e5bf207d78', '路加福音', 18, NOW() - INTERVAL '56 days'),
  ('77685454-f3c7-40f6-803f-b597205ec45d', 'f8bf3efe-3344-4bda-8ef0-d7e5bf207d78', '路加福音', 19, NOW() - INTERVAL '55 days'),
  ('77685454-f3c7-40f6-803f-b597205ec45d', 'f8bf3efe-3344-4bda-8ef0-d7e5bf207d78', '路加福音', 20, NOW() - INTERVAL '55 days'),
  ('77685454-f3c7-40f6-803f-b597205ec45d', 'f8bf3efe-3344-4bda-8ef0-d7e5bf207d78', '路加福音', 21, NOW() - INTERVAL '55 days'),
  ('77685454-f3c7-40f6-803f-b597205ec45d', 'f8bf3efe-3344-4bda-8ef0-d7e5bf207d78', '路加福音', 22, NOW() - INTERVAL '55 days'),
  ('77685454-f3c7-40f6-803f-b597205ec45d', 'f8bf3efe-3344-4bda-8ef0-d7e5bf207d78', '路加福音', 23, NOW() - INTERVAL '55 days'),
  ('77685454-f3c7-40f6-803f-b597205ec45d', 'f8bf3efe-3344-4bda-8ef0-d7e5bf207d78', '路加福音', 24, NOW() - INTERVAL '54 days'),
  ('77685454-f3c7-40f6-803f-b597205ec45d', 'f8bf3efe-3344-4bda-8ef0-d7e5bf207d78', '歷代志下', 1, NOW() - INTERVAL '54 days'),
  ('77685454-f3c7-40f6-803f-b597205ec45d', 'f8bf3efe-3344-4bda-8ef0-d7e5bf207d78', '歷代志下', 2, NOW() - INTERVAL '54 days'),
  ('77685454-f3c7-40f6-803f-b597205ec45d', 'f8bf3efe-3344-4bda-8ef0-d7e5bf207d78', '歷代志下', 3, NOW() - INTERVAL '54 days'),
  ('77685454-f3c7-40f6-803f-b597205ec45d', 'f8bf3efe-3344-4bda-8ef0-d7e5bf207d78', '歷代志下', 4, NOW() - INTERVAL '54 days'),
  ('77685454-f3c7-40f6-803f-b597205ec45d', 'f8bf3efe-3344-4bda-8ef0-d7e5bf207d78', '歷代志下', 5, NOW() - INTERVAL '53 days'),
  ('77685454-f3c7-40f6-803f-b597205ec45d', 'f8bf3efe-3344-4bda-8ef0-d7e5bf207d78', '歷代志下', 6, NOW() - INTERVAL '53 days'),
  ('77685454-f3c7-40f6-803f-b597205ec45d', 'f8bf3efe-3344-4bda-8ef0-d7e5bf207d78', '歷代志下', 7, NOW() - INTERVAL '53 days'),
  ('77685454-f3c7-40f6-803f-b597205ec45d', 'f8bf3efe-3344-4bda-8ef0-d7e5bf207d78', '歷代志下', 8, NOW() - INTERVAL '53 days'),
  ('77685454-f3c7-40f6-803f-b597205ec45d', 'f8bf3efe-3344-4bda-8ef0-d7e5bf207d78', '歷代志下', 9, NOW() - INTERVAL '53 days'),
  ('77685454-f3c7-40f6-803f-b597205ec45d', 'f8bf3efe-3344-4bda-8ef0-d7e5bf207d78', '歷代志下', 10, NOW() - INTERVAL '52 days'),
  ('77685454-f3c7-40f6-803f-b597205ec45d', 'f8bf3efe-3344-4bda-8ef0-d7e5bf207d78', '歷代志下', 11, NOW() - INTERVAL '52 days'),
  ('77685454-f3c7-40f6-803f-b597205ec45d', 'f8bf3efe-3344-4bda-8ef0-d7e5bf207d78', '歷代志下', 12, NOW() - INTERVAL '52 days'),
  ('77685454-f3c7-40f6-803f-b597205ec45d', 'f8bf3efe-3344-4bda-8ef0-d7e5bf207d78', '歷代志下', 13, NOW() - INTERVAL '52 days'),
  ('77685454-f3c7-40f6-803f-b597205ec45d', 'f8bf3efe-3344-4bda-8ef0-d7e5bf207d78', '歷代志下', 14, NOW() - INTERVAL '52 days'),
  ('77685454-f3c7-40f6-803f-b597205ec45d', 'f8bf3efe-3344-4bda-8ef0-d7e5bf207d78', '歷代志下', 15, NOW() - INTERVAL '51 days'),
  ('77685454-f3c7-40f6-803f-b597205ec45d', 'f8bf3efe-3344-4bda-8ef0-d7e5bf207d78', '歷代志下', 16, NOW() - INTERVAL '51 days'),
  ('77685454-f3c7-40f6-803f-b597205ec45d', 'f8bf3efe-3344-4bda-8ef0-d7e5bf207d78', '歷代志下', 17, NOW() - INTERVAL '51 days'),
  ('77685454-f3c7-40f6-803f-b597205ec45d', 'f8bf3efe-3344-4bda-8ef0-d7e5bf207d78', '歷代志下', 18, NOW() - INTERVAL '51 days'),
  ('77685454-f3c7-40f6-803f-b597205ec45d', 'f8bf3efe-3344-4bda-8ef0-d7e5bf207d78', '歷代志下', 19, NOW() - INTERVAL '51 days'),
  ('77685454-f3c7-40f6-803f-b597205ec45d', 'f8bf3efe-3344-4bda-8ef0-d7e5bf207d78', '歷代志下', 20, NOW() - INTERVAL '50 days'),
  ('77685454-f3c7-40f6-803f-b597205ec45d', 'f8bf3efe-3344-4bda-8ef0-d7e5bf207d78', '歷代志下', 21, NOW() - INTERVAL '50 days'),
  ('77685454-f3c7-40f6-803f-b597205ec45d', 'f8bf3efe-3344-4bda-8ef0-d7e5bf207d78', '歷代志下', 22, NOW() - INTERVAL '50 days'),
  ('77685454-f3c7-40f6-803f-b597205ec45d', 'f8bf3efe-3344-4bda-8ef0-d7e5bf207d78', '歷代志下', 23, NOW() - INTERVAL '50 days'),
  ('77685454-f3c7-40f6-803f-b597205ec45d', 'f8bf3efe-3344-4bda-8ef0-d7e5bf207d78', '歷代志下', 24, NOW() - INTERVAL '50 days'),
  ('77685454-f3c7-40f6-803f-b597205ec45d', 'f8bf3efe-3344-4bda-8ef0-d7e5bf207d78', '歷代志下', 25, NOW() - INTERVAL '49 days'),
  ('77685454-f3c7-40f6-803f-b597205ec45d', 'f8bf3efe-3344-4bda-8ef0-d7e5bf207d78', '歷代志下', 26, NOW() - INTERVAL '49 days'),
  ('77685454-f3c7-40f6-803f-b597205ec45d', 'f8bf3efe-3344-4bda-8ef0-d7e5bf207d78', '歷代志下', 27, NOW() - INTERVAL '49 days'),
  ('77685454-f3c7-40f6-803f-b597205ec45d', 'f8bf3efe-3344-4bda-8ef0-d7e5bf207d78', '歷代志下', 28, NOW() - INTERVAL '49 days'),
  ('77685454-f3c7-40f6-803f-b597205ec45d', 'f8bf3efe-3344-4bda-8ef0-d7e5bf207d78', '歷代志下', 29, NOW() - INTERVAL '49 days'),
  ('77685454-f3c7-40f6-803f-b597205ec45d', 'f8bf3efe-3344-4bda-8ef0-d7e5bf207d78', '歷代志下', 30, NOW() - INTERVAL '48 days'),
  ('77685454-f3c7-40f6-803f-b597205ec45d', 'f8bf3efe-3344-4bda-8ef0-d7e5bf207d78', '歷代志下', 31, NOW() - INTERVAL '48 days'),
  ('77685454-f3c7-40f6-803f-b597205ec45d', 'f8bf3efe-3344-4bda-8ef0-d7e5bf207d78', '歷代志下', 32, NOW() - INTERVAL '48 days'),
  ('77685454-f3c7-40f6-803f-b597205ec45d', 'f8bf3efe-3344-4bda-8ef0-d7e5bf207d78', '歷代志下', 33, NOW() - INTERVAL '48 days'),
  ('77685454-f3c7-40f6-803f-b597205ec45d', 'f8bf3efe-3344-4bda-8ef0-d7e5bf207d78', '歷代志下', 34, NOW() - INTERVAL '48 days'),
  ('77685454-f3c7-40f6-803f-b597205ec45d', 'f8bf3efe-3344-4bda-8ef0-d7e5bf207d78', '歷代志下', 35, NOW() - INTERVAL '47 days'),
  ('77685454-f3c7-40f6-803f-b597205ec45d', 'f8bf3efe-3344-4bda-8ef0-d7e5bf207d78', '歷代志下', 36, NOW() - INTERVAL '47 days'),
  ('77685454-f3c7-40f6-803f-b597205ec45d', 'f8bf3efe-3344-4bda-8ef0-d7e5bf207d78', '帖撒羅尼迦前書', 1, NOW() - INTERVAL '47 days'),
  ('77685454-f3c7-40f6-803f-b597205ec45d', 'f8bf3efe-3344-4bda-8ef0-d7e5bf207d78', '帖撒羅尼迦前書', 2, NOW() - INTERVAL '47 days'),
  ('77685454-f3c7-40f6-803f-b597205ec45d', 'f8bf3efe-3344-4bda-8ef0-d7e5bf207d78', '帖撒羅尼迦前書', 3, NOW() - INTERVAL '47 days'),
  ('77685454-f3c7-40f6-803f-b597205ec45d', 'f8bf3efe-3344-4bda-8ef0-d7e5bf207d78', '帖撒羅尼迦前書', 4, NOW() - INTERVAL '46 days'),
  ('77685454-f3c7-40f6-803f-b597205ec45d', 'f8bf3efe-3344-4bda-8ef0-d7e5bf207d78', '帖撒羅尼迦前書', 5, NOW() - INTERVAL '46 days'),
  ('77685454-f3c7-40f6-803f-b597205ec45d', 'f8bf3efe-3344-4bda-8ef0-d7e5bf207d78', '約拿書', 1, NOW() - INTERVAL '46 days'),
  ('77685454-f3c7-40f6-803f-b597205ec45d', 'f8bf3efe-3344-4bda-8ef0-d7e5bf207d78', '約拿書', 2, NOW() - INTERVAL '46 days'),
  ('77685454-f3c7-40f6-803f-b597205ec45d', 'f8bf3efe-3344-4bda-8ef0-d7e5bf207d78', '約拿書', 3, NOW() - INTERVAL '46 days'),
  ('77685454-f3c7-40f6-803f-b597205ec45d', 'f8bf3efe-3344-4bda-8ef0-d7e5bf207d78', '約拿書', 4, NOW() - INTERVAL '45 days'),
  ('77685454-f3c7-40f6-803f-b597205ec45d', 'f8bf3efe-3344-4bda-8ef0-d7e5bf207d78', '約翰二書', 1, NOW() - INTERVAL '45 days'),
  ('77685454-f3c7-40f6-803f-b597205ec45d', 'f8bf3efe-3344-4bda-8ef0-d7e5bf207d78', '彌迦書', 1, NOW() - INTERVAL '45 days'),
  ('77685454-f3c7-40f6-803f-b597205ec45d', 'f8bf3efe-3344-4bda-8ef0-d7e5bf207d78', '彌迦書', 2, NOW() - INTERVAL '45 days'),
  ('77685454-f3c7-40f6-803f-b597205ec45d', 'f8bf3efe-3344-4bda-8ef0-d7e5bf207d78', '彌迦書', 3, NOW() - INTERVAL '45 days'),
  ('77685454-f3c7-40f6-803f-b597205ec45d', 'f8bf3efe-3344-4bda-8ef0-d7e5bf207d78', '彌迦書', 4, NOW() - INTERVAL '44 days'),
  ('77685454-f3c7-40f6-803f-b597205ec45d', 'f8bf3efe-3344-4bda-8ef0-d7e5bf207d78', '彌迦書', 5, NOW() - INTERVAL '44 days'),
  ('77685454-f3c7-40f6-803f-b597205ec45d', 'f8bf3efe-3344-4bda-8ef0-d7e5bf207d78', '彌迦書', 6, NOW() - INTERVAL '44 days'),
  ('77685454-f3c7-40f6-803f-b597205ec45d', 'f8bf3efe-3344-4bda-8ef0-d7e5bf207d78', '彌迦書', 7, NOW() - INTERVAL '44 days'),
  ('77685454-f3c7-40f6-803f-b597205ec45d', 'f8bf3efe-3344-4bda-8ef0-d7e5bf207d78', '約翰三書', 1, NOW() - INTERVAL '44 days'),
  ('77685454-f3c7-40f6-803f-b597205ec45d', 'f8bf3efe-3344-4bda-8ef0-d7e5bf207d78', '民數記', 1, NOW() - INTERVAL '43 days'),
  ('77685454-f3c7-40f6-803f-b597205ec45d', 'f8bf3efe-3344-4bda-8ef0-d7e5bf207d78', '民數記', 2, NOW() - INTERVAL '43 days'),
  ('77685454-f3c7-40f6-803f-b597205ec45d', 'f8bf3efe-3344-4bda-8ef0-d7e5bf207d78', '民數記', 3, NOW() - INTERVAL '43 days'),
  ('77685454-f3c7-40f6-803f-b597205ec45d', 'f8bf3efe-3344-4bda-8ef0-d7e5bf207d78', '民數記', 4, NOW() - INTERVAL '43 days'),
  ('77685454-f3c7-40f6-803f-b597205ec45d', 'f8bf3efe-3344-4bda-8ef0-d7e5bf207d78', '民數記', 5, NOW() - INTERVAL '43 days'),
  ('77685454-f3c7-40f6-803f-b597205ec45d', 'f8bf3efe-3344-4bda-8ef0-d7e5bf207d78', '民數記', 6, NOW() - INTERVAL '42 days'),
  ('77685454-f3c7-40f6-803f-b597205ec45d', 'f8bf3efe-3344-4bda-8ef0-d7e5bf207d78', '民數記', 7, NOW() - INTERVAL '42 days'),
  ('77685454-f3c7-40f6-803f-b597205ec45d', 'f8bf3efe-3344-4bda-8ef0-d7e5bf207d78', '民數記', 8, NOW() - INTERVAL '42 days'),
  ('77685454-f3c7-40f6-803f-b597205ec45d', 'f8bf3efe-3344-4bda-8ef0-d7e5bf207d78', '民數記', 9, NOW() - INTERVAL '42 days'),
  ('77685454-f3c7-40f6-803f-b597205ec45d', 'f8bf3efe-3344-4bda-8ef0-d7e5bf207d78', '民數記', 10, NOW() - INTERVAL '42 days'),
  ('77685454-f3c7-40f6-803f-b597205ec45d', 'f8bf3efe-3344-4bda-8ef0-d7e5bf207d78', '民數記', 11, NOW() - INTERVAL '41 days'),
  ('77685454-f3c7-40f6-803f-b597205ec45d', 'f8bf3efe-3344-4bda-8ef0-d7e5bf207d78', '民數記', 12, NOW() - INTERVAL '41 days'),
  ('77685454-f3c7-40f6-803f-b597205ec45d', 'f8bf3efe-3344-4bda-8ef0-d7e5bf207d78', '民數記', 13, NOW() - INTERVAL '41 days'),
  ('77685454-f3c7-40f6-803f-b597205ec45d', 'f8bf3efe-3344-4bda-8ef0-d7e5bf207d78', '民數記', 14, NOW() - INTERVAL '41 days'),
  ('77685454-f3c7-40f6-803f-b597205ec45d', 'f8bf3efe-3344-4bda-8ef0-d7e5bf207d78', '民數記', 15, NOW() - INTERVAL '41 days'),
  ('77685454-f3c7-40f6-803f-b597205ec45d', 'f8bf3efe-3344-4bda-8ef0-d7e5bf207d78', '民數記', 16, NOW() - INTERVAL '40 days'),
  ('77685454-f3c7-40f6-803f-b597205ec45d', 'f8bf3efe-3344-4bda-8ef0-d7e5bf207d78', '民數記', 17, NOW() - INTERVAL '40 days'),
  ('77685454-f3c7-40f6-803f-b597205ec45d', 'f8bf3efe-3344-4bda-8ef0-d7e5bf207d78', '民數記', 18, NOW() - INTERVAL '40 days'),
  ('77685454-f3c7-40f6-803f-b597205ec45d', 'f8bf3efe-3344-4bda-8ef0-d7e5bf207d78', '民數記', 19, NOW() - INTERVAL '40 days'),
  ('77685454-f3c7-40f6-803f-b597205ec45d', 'f8bf3efe-3344-4bda-8ef0-d7e5bf207d78', '民數記', 20, NOW() - INTERVAL '40 days'),
  ('77685454-f3c7-40f6-803f-b597205ec45d', 'f8bf3efe-3344-4bda-8ef0-d7e5bf207d78', '民數記', 21, NOW() - INTERVAL '39 days'),
  ('77685454-f3c7-40f6-803f-b597205ec45d', 'f8bf3efe-3344-4bda-8ef0-d7e5bf207d78', '民數記', 22, NOW() - INTERVAL '39 days'),
  ('77685454-f3c7-40f6-803f-b597205ec45d', 'f8bf3efe-3344-4bda-8ef0-d7e5bf207d78', '民數記', 23, NOW() - INTERVAL '39 days'),
  ('77685454-f3c7-40f6-803f-b597205ec45d', 'f8bf3efe-3344-4bda-8ef0-d7e5bf207d78', '民數記', 24, NOW() - INTERVAL '39 days'),
  ('77685454-f3c7-40f6-803f-b597205ec45d', 'f8bf3efe-3344-4bda-8ef0-d7e5bf207d78', '民數記', 25, NOW() - INTERVAL '39 days'),
  ('77685454-f3c7-40f6-803f-b597205ec45d', 'f8bf3efe-3344-4bda-8ef0-d7e5bf207d78', '民數記', 26, NOW() - INTERVAL '38 days'),
  ('77685454-f3c7-40f6-803f-b597205ec45d', 'f8bf3efe-3344-4bda-8ef0-d7e5bf207d78', '民數記', 27, NOW() - INTERVAL '38 days'),
  ('77685454-f3c7-40f6-803f-b597205ec45d', 'f8bf3efe-3344-4bda-8ef0-d7e5bf207d78', '民數記', 28, NOW() - INTERVAL '38 days'),
  ('77685454-f3c7-40f6-803f-b597205ec45d', 'f8bf3efe-3344-4bda-8ef0-d7e5bf207d78', '民數記', 29, NOW() - INTERVAL '38 days'),
  ('77685454-f3c7-40f6-803f-b597205ec45d', 'f8bf3efe-3344-4bda-8ef0-d7e5bf207d78', '民數記', 30, NOW() - INTERVAL '38 days'),
  ('77685454-f3c7-40f6-803f-b597205ec45d', 'f8bf3efe-3344-4bda-8ef0-d7e5bf207d78', '民數記', 31, NOW() - INTERVAL '37 days'),
  ('77685454-f3c7-40f6-803f-b597205ec45d', 'f8bf3efe-3344-4bda-8ef0-d7e5bf207d78', '民數記', 32, NOW() - INTERVAL '37 days'),
  ('77685454-f3c7-40f6-803f-b597205ec45d', 'f8bf3efe-3344-4bda-8ef0-d7e5bf207d78', '民數記', 33, NOW() - INTERVAL '37 days'),
  ('77685454-f3c7-40f6-803f-b597205ec45d', 'f8bf3efe-3344-4bda-8ef0-d7e5bf207d78', '民數記', 34, NOW() - INTERVAL '37 days'),
  ('77685454-f3c7-40f6-803f-b597205ec45d', 'f8bf3efe-3344-4bda-8ef0-d7e5bf207d78', '民數記', 35, NOW() - INTERVAL '37 days'),
  ('77685454-f3c7-40f6-803f-b597205ec45d', 'f8bf3efe-3344-4bda-8ef0-d7e5bf207d78', '民數記', 36, NOW() - INTERVAL '36 days'),
  ('77685454-f3c7-40f6-803f-b597205ec45d', 'f8bf3efe-3344-4bda-8ef0-d7e5bf207d78', '約翰福音', 1, NOW() - INTERVAL '36 days'),
  ('77685454-f3c7-40f6-803f-b597205ec45d', 'f8bf3efe-3344-4bda-8ef0-d7e5bf207d78', '約翰福音', 2, NOW() - INTERVAL '36 days'),
  ('77685454-f3c7-40f6-803f-b597205ec45d', 'f8bf3efe-3344-4bda-8ef0-d7e5bf207d78', '約翰福音', 3, NOW() - INTERVAL '36 days'),
  ('77685454-f3c7-40f6-803f-b597205ec45d', 'f8bf3efe-3344-4bda-8ef0-d7e5bf207d78', '約翰福音', 4, NOW() - INTERVAL '36 days'),
  ('77685454-f3c7-40f6-803f-b597205ec45d', 'f8bf3efe-3344-4bda-8ef0-d7e5bf207d78', '約翰福音', 5, NOW() - INTERVAL '35 days'),
  ('77685454-f3c7-40f6-803f-b597205ec45d', 'f8bf3efe-3344-4bda-8ef0-d7e5bf207d78', '約翰福音', 6, NOW() - INTERVAL '35 days'),
  ('77685454-f3c7-40f6-803f-b597205ec45d', 'f8bf3efe-3344-4bda-8ef0-d7e5bf207d78', '約翰福音', 7, NOW() - INTERVAL '35 days'),
  ('77685454-f3c7-40f6-803f-b597205ec45d', 'f8bf3efe-3344-4bda-8ef0-d7e5bf207d78', '約翰福音', 8, NOW() - INTERVAL '35 days'),
  ('77685454-f3c7-40f6-803f-b597205ec45d', 'f8bf3efe-3344-4bda-8ef0-d7e5bf207d78', '約翰福音', 9, NOW() - INTERVAL '35 days'),
  ('77685454-f3c7-40f6-803f-b597205ec45d', 'f8bf3efe-3344-4bda-8ef0-d7e5bf207d78', '約翰福音', 10, NOW() - INTERVAL '34 days'),
  ('77685454-f3c7-40f6-803f-b597205ec45d', 'f8bf3efe-3344-4bda-8ef0-d7e5bf207d78', '約翰福音', 11, NOW() - INTERVAL '34 days'),
  ('77685454-f3c7-40f6-803f-b597205ec45d', 'f8bf3efe-3344-4bda-8ef0-d7e5bf207d78', '約翰福音', 12, NOW() - INTERVAL '34 days'),
  ('77685454-f3c7-40f6-803f-b597205ec45d', 'f8bf3efe-3344-4bda-8ef0-d7e5bf207d78', '約翰福音', 13, NOW() - INTERVAL '34 days'),
  ('77685454-f3c7-40f6-803f-b597205ec45d', 'f8bf3efe-3344-4bda-8ef0-d7e5bf207d78', '約翰福音', 14, NOW() - INTERVAL '34 days'),
  ('77685454-f3c7-40f6-803f-b597205ec45d', 'f8bf3efe-3344-4bda-8ef0-d7e5bf207d78', '約翰福音', 15, NOW() - INTERVAL '33 days'),
  ('77685454-f3c7-40f6-803f-b597205ec45d', 'f8bf3efe-3344-4bda-8ef0-d7e5bf207d78', '約翰福音', 16, NOW() - INTERVAL '33 days'),
  ('77685454-f3c7-40f6-803f-b597205ec45d', 'f8bf3efe-3344-4bda-8ef0-d7e5bf207d78', '約翰福音', 17, NOW() - INTERVAL '33 days'),
  ('77685454-f3c7-40f6-803f-b597205ec45d', 'f8bf3efe-3344-4bda-8ef0-d7e5bf207d78', '約翰福音', 18, NOW() - INTERVAL '33 days'),
  ('77685454-f3c7-40f6-803f-b597205ec45d', 'f8bf3efe-3344-4bda-8ef0-d7e5bf207d78', '約翰福音', 19, NOW() - INTERVAL '33 days'),
  ('77685454-f3c7-40f6-803f-b597205ec45d', 'f8bf3efe-3344-4bda-8ef0-d7e5bf207d78', '約翰福音', 20, NOW() - INTERVAL '32 days'),
  ('77685454-f3c7-40f6-803f-b597205ec45d', 'f8bf3efe-3344-4bda-8ef0-d7e5bf207d78', '約翰福音', 21, NOW() - INTERVAL '32 days'),
  ('77685454-f3c7-40f6-803f-b597205ec45d', 'f8bf3efe-3344-4bda-8ef0-d7e5bf207d78', '以西結書', 1, NOW() - INTERVAL '32 days'),
  ('77685454-f3c7-40f6-803f-b597205ec45d', 'f8bf3efe-3344-4bda-8ef0-d7e5bf207d78', '以西結書', 2, NOW() - INTERVAL '32 days'),
  ('77685454-f3c7-40f6-803f-b597205ec45d', 'f8bf3efe-3344-4bda-8ef0-d7e5bf207d78', '以西結書', 3, NOW() - INTERVAL '32 days'),
  ('77685454-f3c7-40f6-803f-b597205ec45d', 'f8bf3efe-3344-4bda-8ef0-d7e5bf207d78', '以西結書', 4, NOW() - INTERVAL '31 days'),
  ('77685454-f3c7-40f6-803f-b597205ec45d', 'f8bf3efe-3344-4bda-8ef0-d7e5bf207d78', '以西結書', 5, NOW() - INTERVAL '31 days'),
  ('77685454-f3c7-40f6-803f-b597205ec45d', 'f8bf3efe-3344-4bda-8ef0-d7e5bf207d78', '以西結書', 6, NOW() - INTERVAL '31 days'),
  ('77685454-f3c7-40f6-803f-b597205ec45d', 'f8bf3efe-3344-4bda-8ef0-d7e5bf207d78', '以西結書', 7, NOW() - INTERVAL '31 days'),
  ('77685454-f3c7-40f6-803f-b597205ec45d', 'f8bf3efe-3344-4bda-8ef0-d7e5bf207d78', '以西結書', 8, NOW() - INTERVAL '31 days'),
  ('77685454-f3c7-40f6-803f-b597205ec45d', 'f8bf3efe-3344-4bda-8ef0-d7e5bf207d78', '以西結書', 9, NOW() - INTERVAL '30 days'),
  ('77685454-f3c7-40f6-803f-b597205ec45d', 'f8bf3efe-3344-4bda-8ef0-d7e5bf207d78', '以西結書', 10, NOW() - INTERVAL '30 days'),
  ('77685454-f3c7-40f6-803f-b597205ec45d', 'f8bf3efe-3344-4bda-8ef0-d7e5bf207d78', '以西結書', 11, NOW() - INTERVAL '30 days'),
  ('77685454-f3c7-40f6-803f-b597205ec45d', 'f8bf3efe-3344-4bda-8ef0-d7e5bf207d78', '以西結書', 12, NOW() - INTERVAL '30 days'),
  ('77685454-f3c7-40f6-803f-b597205ec45d', 'f8bf3efe-3344-4bda-8ef0-d7e5bf207d78', '以西結書', 13, NOW() - INTERVAL '30 days'),
  ('77685454-f3c7-40f6-803f-b597205ec45d', 'f8bf3efe-3344-4bda-8ef0-d7e5bf207d78', '以西結書', 14, NOW() - INTERVAL '29 days'),
  ('77685454-f3c7-40f6-803f-b597205ec45d', 'f8bf3efe-3344-4bda-8ef0-d7e5bf207d78', '以西結書', 15, NOW() - INTERVAL '29 days'),
  ('77685454-f3c7-40f6-803f-b597205ec45d', 'f8bf3efe-3344-4bda-8ef0-d7e5bf207d78', '以西結書', 16, NOW() - INTERVAL '29 days'),
  ('77685454-f3c7-40f6-803f-b597205ec45d', 'f8bf3efe-3344-4bda-8ef0-d7e5bf207d78', '以西結書', 17, NOW() - INTERVAL '29 days'),
  ('77685454-f3c7-40f6-803f-b597205ec45d', 'f8bf3efe-3344-4bda-8ef0-d7e5bf207d78', '以西結書', 18, NOW() - INTERVAL '29 days'),
  ('77685454-f3c7-40f6-803f-b597205ec45d', 'f8bf3efe-3344-4bda-8ef0-d7e5bf207d78', '以西結書', 19, NOW() - INTERVAL '28 days'),
  ('77685454-f3c7-40f6-803f-b597205ec45d', 'f8bf3efe-3344-4bda-8ef0-d7e5bf207d78', '以西結書', 20, NOW() - INTERVAL '28 days'),
  ('77685454-f3c7-40f6-803f-b597205ec45d', 'f8bf3efe-3344-4bda-8ef0-d7e5bf207d78', '以西結書', 21, NOW() - INTERVAL '28 days'),
  ('77685454-f3c7-40f6-803f-b597205ec45d', 'f8bf3efe-3344-4bda-8ef0-d7e5bf207d78', '以西結書', 22, NOW() - INTERVAL '28 days'),
  ('77685454-f3c7-40f6-803f-b597205ec45d', 'f8bf3efe-3344-4bda-8ef0-d7e5bf207d78', '以西結書', 23, NOW() - INTERVAL '28 days'),
  ('77685454-f3c7-40f6-803f-b597205ec45d', 'f8bf3efe-3344-4bda-8ef0-d7e5bf207d78', '以西結書', 24, NOW() - INTERVAL '27 days'),
  ('77685454-f3c7-40f6-803f-b597205ec45d', 'f8bf3efe-3344-4bda-8ef0-d7e5bf207d78', '以西結書', 25, NOW() - INTERVAL '27 days'),
  ('77685454-f3c7-40f6-803f-b597205ec45d', 'f8bf3efe-3344-4bda-8ef0-d7e5bf207d78', '以西結書', 26, NOW() - INTERVAL '27 days'),
  ('77685454-f3c7-40f6-803f-b597205ec45d', 'f8bf3efe-3344-4bda-8ef0-d7e5bf207d78', '以西結書', 27, NOW() - INTERVAL '27 days'),
  ('77685454-f3c7-40f6-803f-b597205ec45d', 'f8bf3efe-3344-4bda-8ef0-d7e5bf207d78', '以西結書', 28, NOW() - INTERVAL '27 days'),
  ('77685454-f3c7-40f6-803f-b597205ec45d', 'f8bf3efe-3344-4bda-8ef0-d7e5bf207d78', '以西結書', 29, NOW() - INTERVAL '26 days'),
  ('77685454-f3c7-40f6-803f-b597205ec45d', 'f8bf3efe-3344-4bda-8ef0-d7e5bf207d78', '以西結書', 30, NOW() - INTERVAL '26 days'),
  ('77685454-f3c7-40f6-803f-b597205ec45d', 'f8bf3efe-3344-4bda-8ef0-d7e5bf207d78', '以西結書', 31, NOW() - INTERVAL '26 days'),
  ('77685454-f3c7-40f6-803f-b597205ec45d', 'f8bf3efe-3344-4bda-8ef0-d7e5bf207d78', '以西結書', 32, NOW() - INTERVAL '26 days'),
  ('77685454-f3c7-40f6-803f-b597205ec45d', 'f8bf3efe-3344-4bda-8ef0-d7e5bf207d78', '以西結書', 33, NOW() - INTERVAL '26 days'),
  ('77685454-f3c7-40f6-803f-b597205ec45d', 'f8bf3efe-3344-4bda-8ef0-d7e5bf207d78', '以西結書', 34, NOW() - INTERVAL '25 days'),
  ('77685454-f3c7-40f6-803f-b597205ec45d', 'f8bf3efe-3344-4bda-8ef0-d7e5bf207d78', '以西結書', 35, NOW() - INTERVAL '25 days'),
  ('77685454-f3c7-40f6-803f-b597205ec45d', 'f8bf3efe-3344-4bda-8ef0-d7e5bf207d78', '以西結書', 36, NOW() - INTERVAL '25 days'),
  ('77685454-f3c7-40f6-803f-b597205ec45d', 'f8bf3efe-3344-4bda-8ef0-d7e5bf207d78', '以西結書', 37, NOW() - INTERVAL '25 days'),
  ('77685454-f3c7-40f6-803f-b597205ec45d', 'f8bf3efe-3344-4bda-8ef0-d7e5bf207d78', '以西結書', 38, NOW() - INTERVAL '25 days'),
  ('77685454-f3c7-40f6-803f-b597205ec45d', 'f8bf3efe-3344-4bda-8ef0-d7e5bf207d78', '以西結書', 39, NOW() - INTERVAL '24 days'),
  ('77685454-f3c7-40f6-803f-b597205ec45d', 'f8bf3efe-3344-4bda-8ef0-d7e5bf207d78', '以西結書', 40, NOW() - INTERVAL '24 days'),
  ('77685454-f3c7-40f6-803f-b597205ec45d', 'f8bf3efe-3344-4bda-8ef0-d7e5bf207d78', '以西結書', 41, NOW() - INTERVAL '24 days'),
  ('77685454-f3c7-40f6-803f-b597205ec45d', 'f8bf3efe-3344-4bda-8ef0-d7e5bf207d78', '以西結書', 42, NOW() - INTERVAL '24 days'),
  ('77685454-f3c7-40f6-803f-b597205ec45d', 'f8bf3efe-3344-4bda-8ef0-d7e5bf207d78', '以西結書', 43, NOW() - INTERVAL '24 days'),
  ('77685454-f3c7-40f6-803f-b597205ec45d', 'f8bf3efe-3344-4bda-8ef0-d7e5bf207d78', '以西結書', 44, NOW() - INTERVAL '23 days'),
  ('77685454-f3c7-40f6-803f-b597205ec45d', 'f8bf3efe-3344-4bda-8ef0-d7e5bf207d78', '以西結書', 45, NOW() - INTERVAL '23 days'),
  ('77685454-f3c7-40f6-803f-b597205ec45d', 'f8bf3efe-3344-4bda-8ef0-d7e5bf207d78', '以西結書', 46, NOW() - INTERVAL '23 days'),
  ('77685454-f3c7-40f6-803f-b597205ec45d', 'f8bf3efe-3344-4bda-8ef0-d7e5bf207d78', '以西結書', 47, NOW() - INTERVAL '23 days'),
  ('77685454-f3c7-40f6-803f-b597205ec45d', 'f8bf3efe-3344-4bda-8ef0-d7e5bf207d78', '以西結書', 48, NOW() - INTERVAL '23 days'),
  ('77685454-f3c7-40f6-803f-b597205ec45d', 'f8bf3efe-3344-4bda-8ef0-d7e5bf207d78', '約翰一書', 1, NOW() - INTERVAL '22 days'),
  ('77685454-f3c7-40f6-803f-b597205ec45d', 'f8bf3efe-3344-4bda-8ef0-d7e5bf207d78', '約翰一書', 2, NOW() - INTERVAL '22 days'),
  ('77685454-f3c7-40f6-803f-b597205ec45d', 'f8bf3efe-3344-4bda-8ef0-d7e5bf207d78', '約翰一書', 3, NOW() - INTERVAL '22 days'),
  ('77685454-f3c7-40f6-803f-b597205ec45d', 'f8bf3efe-3344-4bda-8ef0-d7e5bf207d78', '約翰一書', 4, NOW() - INTERVAL '22 days'),
  ('77685454-f3c7-40f6-803f-b597205ec45d', 'f8bf3efe-3344-4bda-8ef0-d7e5bf207d78', '約翰一書', 5, NOW() - INTERVAL '22 days'),
  ('77685454-f3c7-40f6-803f-b597205ec45d', 'f8bf3efe-3344-4bda-8ef0-d7e5bf207d78', '申命記', 1, NOW() - INTERVAL '21 days'),
  ('77685454-f3c7-40f6-803f-b597205ec45d', 'f8bf3efe-3344-4bda-8ef0-d7e5bf207d78', '申命記', 2, NOW() - INTERVAL '21 days'),
  ('77685454-f3c7-40f6-803f-b597205ec45d', 'f8bf3efe-3344-4bda-8ef0-d7e5bf207d78', '申命記', 3, NOW() - INTERVAL '21 days'),
  ('77685454-f3c7-40f6-803f-b597205ec45d', 'f8bf3efe-3344-4bda-8ef0-d7e5bf207d78', '申命記', 4, NOW() - INTERVAL '21 days'),
  ('77685454-f3c7-40f6-803f-b597205ec45d', 'f8bf3efe-3344-4bda-8ef0-d7e5bf207d78', '申命記', 5, NOW() - INTERVAL '21 days'),
  ('77685454-f3c7-40f6-803f-b597205ec45d', 'f8bf3efe-3344-4bda-8ef0-d7e5bf207d78', '申命記', 6, NOW() - INTERVAL '20 days'),
  ('77685454-f3c7-40f6-803f-b597205ec45d', 'f8bf3efe-3344-4bda-8ef0-d7e5bf207d78', '申命記', 7, NOW() - INTERVAL '20 days'),
  ('77685454-f3c7-40f6-803f-b597205ec45d', 'f8bf3efe-3344-4bda-8ef0-d7e5bf207d78', '申命記', 8, NOW() - INTERVAL '20 days'),
  ('77685454-f3c7-40f6-803f-b597205ec45d', 'f8bf3efe-3344-4bda-8ef0-d7e5bf207d78', '申命記', 9, NOW() - INTERVAL '20 days'),
  ('77685454-f3c7-40f6-803f-b597205ec45d', 'f8bf3efe-3344-4bda-8ef0-d7e5bf207d78', '申命記', 10, NOW() - INTERVAL '20 days'),
  ('77685454-f3c7-40f6-803f-b597205ec45d', 'f8bf3efe-3344-4bda-8ef0-d7e5bf207d78', '申命記', 11, NOW() - INTERVAL '19 days'),
  ('77685454-f3c7-40f6-803f-b597205ec45d', 'f8bf3efe-3344-4bda-8ef0-d7e5bf207d78', '申命記', 12, NOW() - INTERVAL '19 days'),
  ('77685454-f3c7-40f6-803f-b597205ec45d', 'f8bf3efe-3344-4bda-8ef0-d7e5bf207d78', '申命記', 13, NOW() - INTERVAL '19 days'),
  ('77685454-f3c7-40f6-803f-b597205ec45d', 'f8bf3efe-3344-4bda-8ef0-d7e5bf207d78', '申命記', 14, NOW() - INTERVAL '19 days'),
  ('77685454-f3c7-40f6-803f-b597205ec45d', 'f8bf3efe-3344-4bda-8ef0-d7e5bf207d78', '申命記', 15, NOW() - INTERVAL '19 days'),
  ('77685454-f3c7-40f6-803f-b597205ec45d', 'f8bf3efe-3344-4bda-8ef0-d7e5bf207d78', '申命記', 16, NOW() - INTERVAL '18 days'),
  ('77685454-f3c7-40f6-803f-b597205ec45d', 'f8bf3efe-3344-4bda-8ef0-d7e5bf207d78', '申命記', 17, NOW() - INTERVAL '18 days'),
  ('77685454-f3c7-40f6-803f-b597205ec45d', 'f8bf3efe-3344-4bda-8ef0-d7e5bf207d78', '申命記', 18, NOW() - INTERVAL '18 days'),
  ('77685454-f3c7-40f6-803f-b597205ec45d', 'f8bf3efe-3344-4bda-8ef0-d7e5bf207d78', '申命記', 19, NOW() - INTERVAL '18 days'),
  ('77685454-f3c7-40f6-803f-b597205ec45d', 'f8bf3efe-3344-4bda-8ef0-d7e5bf207d78', '申命記', 20, NOW() - INTERVAL '18 days'),
  ('77685454-f3c7-40f6-803f-b597205ec45d', 'f8bf3efe-3344-4bda-8ef0-d7e5bf207d78', '申命記', 21, NOW() - INTERVAL '17 days'),
  ('77685454-f3c7-40f6-803f-b597205ec45d', 'f8bf3efe-3344-4bda-8ef0-d7e5bf207d78', '申命記', 22, NOW() - INTERVAL '17 days'),
  ('77685454-f3c7-40f6-803f-b597205ec45d', 'f8bf3efe-3344-4bda-8ef0-d7e5bf207d78', '申命記', 23, NOW() - INTERVAL '17 days'),
  ('77685454-f3c7-40f6-803f-b597205ec45d', 'f8bf3efe-3344-4bda-8ef0-d7e5bf207d78', '申命記', 24, NOW() - INTERVAL '17 days'),
  ('77685454-f3c7-40f6-803f-b597205ec45d', 'f8bf3efe-3344-4bda-8ef0-d7e5bf207d78', '申命記', 25, NOW() - INTERVAL '17 days'),
  ('77685454-f3c7-40f6-803f-b597205ec45d', 'f8bf3efe-3344-4bda-8ef0-d7e5bf207d78', '申命記', 26, NOW() - INTERVAL '16 days'),
  ('77685454-f3c7-40f6-803f-b597205ec45d', 'f8bf3efe-3344-4bda-8ef0-d7e5bf207d78', '申命記', 27, NOW() - INTERVAL '16 days'),
  ('77685454-f3c7-40f6-803f-b597205ec45d', 'f8bf3efe-3344-4bda-8ef0-d7e5bf207d78', '申命記', 28, NOW() - INTERVAL '16 days'),
  ('77685454-f3c7-40f6-803f-b597205ec45d', 'f8bf3efe-3344-4bda-8ef0-d7e5bf207d78', '申命記', 29, NOW() - INTERVAL '16 days'),
  ('77685454-f3c7-40f6-803f-b597205ec45d', 'f8bf3efe-3344-4bda-8ef0-d7e5bf207d78', '申命記', 30, NOW() - INTERVAL '16 days'),
  ('77685454-f3c7-40f6-803f-b597205ec45d', 'f8bf3efe-3344-4bda-8ef0-d7e5bf207d78', '申命記', 31, NOW() - INTERVAL '15 days'),
  ('77685454-f3c7-40f6-803f-b597205ec45d', 'f8bf3efe-3344-4bda-8ef0-d7e5bf207d78', '申命記', 32, NOW() - INTERVAL '15 days'),
  ('77685454-f3c7-40f6-803f-b597205ec45d', 'f8bf3efe-3344-4bda-8ef0-d7e5bf207d78', '申命記', 33, NOW() - INTERVAL '15 days'),
  ('77685454-f3c7-40f6-803f-b597205ec45d', 'f8bf3efe-3344-4bda-8ef0-d7e5bf207d78', '申命記', 34, NOW() - INTERVAL '15 days'),
  ('77685454-f3c7-40f6-803f-b597205ec45d', 'f8bf3efe-3344-4bda-8ef0-d7e5bf207d78', '使徒行傳', 1, NOW() - INTERVAL '15 days'),
  ('77685454-f3c7-40f6-803f-b597205ec45d', 'f8bf3efe-3344-4bda-8ef0-d7e5bf207d78', '使徒行傳', 2, NOW() - INTERVAL '14 days'),
  ('77685454-f3c7-40f6-803f-b597205ec45d', 'f8bf3efe-3344-4bda-8ef0-d7e5bf207d78', '使徒行傳', 3, NOW() - INTERVAL '14 days'),
  ('77685454-f3c7-40f6-803f-b597205ec45d', 'f8bf3efe-3344-4bda-8ef0-d7e5bf207d78', '使徒行傳', 4, NOW() - INTERVAL '14 days'),
  ('77685454-f3c7-40f6-803f-b597205ec45d', 'f8bf3efe-3344-4bda-8ef0-d7e5bf207d78', '使徒行傳', 5, NOW() - INTERVAL '14 days'),
  ('77685454-f3c7-40f6-803f-b597205ec45d', 'f8bf3efe-3344-4bda-8ef0-d7e5bf207d78', '使徒行傳', 6, NOW() - INTERVAL '14 days'),
  ('77685454-f3c7-40f6-803f-b597205ec45d', 'f8bf3efe-3344-4bda-8ef0-d7e5bf207d78', '使徒行傳', 7, NOW() - INTERVAL '13 days'),
  ('77685454-f3c7-40f6-803f-b597205ec45d', 'f8bf3efe-3344-4bda-8ef0-d7e5bf207d78', '使徒行傳', 8, NOW() - INTERVAL '13 days'),
  ('77685454-f3c7-40f6-803f-b597205ec45d', 'f8bf3efe-3344-4bda-8ef0-d7e5bf207d78', '使徒行傳', 9, NOW() - INTERVAL '13 days'),
  ('77685454-f3c7-40f6-803f-b597205ec45d', 'f8bf3efe-3344-4bda-8ef0-d7e5bf207d78', '使徒行傳', 10, NOW() - INTERVAL '13 days'),
  ('77685454-f3c7-40f6-803f-b597205ec45d', 'f8bf3efe-3344-4bda-8ef0-d7e5bf207d78', '使徒行傳', 11, NOW() - INTERVAL '13 days'),
  ('77685454-f3c7-40f6-803f-b597205ec45d', 'f8bf3efe-3344-4bda-8ef0-d7e5bf207d78', '使徒行傳', 12, NOW() - INTERVAL '12 days'),
  ('77685454-f3c7-40f6-803f-b597205ec45d', 'f8bf3efe-3344-4bda-8ef0-d7e5bf207d78', '使徒行傳', 13, NOW() - INTERVAL '12 days'),
  ('77685454-f3c7-40f6-803f-b597205ec45d', 'f8bf3efe-3344-4bda-8ef0-d7e5bf207d78', '使徒行傳', 14, NOW() - INTERVAL '12 days'),
  ('77685454-f3c7-40f6-803f-b597205ec45d', 'f8bf3efe-3344-4bda-8ef0-d7e5bf207d78', '使徒行傳', 15, NOW() - INTERVAL '12 days'),
  ('77685454-f3c7-40f6-803f-b597205ec45d', 'f8bf3efe-3344-4bda-8ef0-d7e5bf207d78', '使徒行傳', 16, NOW() - INTERVAL '12 days'),
  ('77685454-f3c7-40f6-803f-b597205ec45d', 'f8bf3efe-3344-4bda-8ef0-d7e5bf207d78', '使徒行傳', 17, NOW() - INTERVAL '11 days'),
  ('77685454-f3c7-40f6-803f-b597205ec45d', 'f8bf3efe-3344-4bda-8ef0-d7e5bf207d78', '使徒行傳', 18, NOW() - INTERVAL '11 days'),
  ('77685454-f3c7-40f6-803f-b597205ec45d', 'f8bf3efe-3344-4bda-8ef0-d7e5bf207d78', '使徒行傳', 19, NOW() - INTERVAL '11 days'),
  ('77685454-f3c7-40f6-803f-b597205ec45d', 'f8bf3efe-3344-4bda-8ef0-d7e5bf207d78', '使徒行傳', 20, NOW() - INTERVAL '11 days'),
  ('77685454-f3c7-40f6-803f-b597205ec45d', 'f8bf3efe-3344-4bda-8ef0-d7e5bf207d78', '使徒行傳', 21, NOW() - INTERVAL '11 days'),
  ('77685454-f3c7-40f6-803f-b597205ec45d', 'f8bf3efe-3344-4bda-8ef0-d7e5bf207d78', '使徒行傳', 22, NOW() - INTERVAL '10 days'),
  ('77685454-f3c7-40f6-803f-b597205ec45d', 'f8bf3efe-3344-4bda-8ef0-d7e5bf207d78', '使徒行傳', 23, NOW() - INTERVAL '10 days'),
  ('77685454-f3c7-40f6-803f-b597205ec45d', 'f8bf3efe-3344-4bda-8ef0-d7e5bf207d78', '使徒行傳', 24, NOW() - INTERVAL '10 days'),
  ('77685454-f3c7-40f6-803f-b597205ec45d', 'f8bf3efe-3344-4bda-8ef0-d7e5bf207d78', '使徒行傳', 25, NOW() - INTERVAL '10 days'),
  ('77685454-f3c7-40f6-803f-b597205ec45d', 'f8bf3efe-3344-4bda-8ef0-d7e5bf207d78', '使徒行傳', 26, NOW() - INTERVAL '10 days'),
  ('77685454-f3c7-40f6-803f-b597205ec45d', 'f8bf3efe-3344-4bda-8ef0-d7e5bf207d78', '使徒行傳', 27, NOW() - INTERVAL '9 days'),
  ('77685454-f3c7-40f6-803f-b597205ec45d', 'f8bf3efe-3344-4bda-8ef0-d7e5bf207d78', '使徒行傳', 28, NOW() - INTERVAL '9 days'),
  ('77685454-f3c7-40f6-803f-b597205ec45d', 'f8bf3efe-3344-4bda-8ef0-d7e5bf207d78', '箴言', 1, NOW() - INTERVAL '9 days'),
  ('77685454-f3c7-40f6-803f-b597205ec45d', 'f8bf3efe-3344-4bda-8ef0-d7e5bf207d78', '箴言', 2, NOW() - INTERVAL '9 days'),
  ('77685454-f3c7-40f6-803f-b597205ec45d', 'f8bf3efe-3344-4bda-8ef0-d7e5bf207d78', '箴言', 3, NOW() - INTERVAL '9 days'),
  ('77685454-f3c7-40f6-803f-b597205ec45d', 'f8bf3efe-3344-4bda-8ef0-d7e5bf207d78', '箴言', 4, NOW() - INTERVAL '8 days'),
  ('77685454-f3c7-40f6-803f-b597205ec45d', 'f8bf3efe-3344-4bda-8ef0-d7e5bf207d78', '箴言', 5, NOW() - INTERVAL '8 days'),
  ('77685454-f3c7-40f6-803f-b597205ec45d', 'f8bf3efe-3344-4bda-8ef0-d7e5bf207d78', '箴言', 6, NOW() - INTERVAL '8 days'),
  ('77685454-f3c7-40f6-803f-b597205ec45d', 'f8bf3efe-3344-4bda-8ef0-d7e5bf207d78', '箴言', 7, NOW() - INTERVAL '8 days'),
  ('77685454-f3c7-40f6-803f-b597205ec45d', 'f8bf3efe-3344-4bda-8ef0-d7e5bf207d78', '箴言', 8, NOW() - INTERVAL '8 days'),
  ('77685454-f3c7-40f6-803f-b597205ec45d', 'f8bf3efe-3344-4bda-8ef0-d7e5bf207d78', '箴言', 9, NOW() - INTERVAL '7 days'),
  ('77685454-f3c7-40f6-803f-b597205ec45d', 'f8bf3efe-3344-4bda-8ef0-d7e5bf207d78', '箴言', 10, NOW() - INTERVAL '7 days'),
  ('77685454-f3c7-40f6-803f-b597205ec45d', 'f8bf3efe-3344-4bda-8ef0-d7e5bf207d78', '箴言', 11, NOW() - INTERVAL '7 days'),
  ('77685454-f3c7-40f6-803f-b597205ec45d', 'f8bf3efe-3344-4bda-8ef0-d7e5bf207d78', '箴言', 12, NOW() - INTERVAL '7 days'),
  ('77685454-f3c7-40f6-803f-b597205ec45d', 'f8bf3efe-3344-4bda-8ef0-d7e5bf207d78', '箴言', 13, NOW() - INTERVAL '7 days'),
  ('77685454-f3c7-40f6-803f-b597205ec45d', 'f8bf3efe-3344-4bda-8ef0-d7e5bf207d78', '箴言', 14, NOW() - INTERVAL '6 days'),
  ('77685454-f3c7-40f6-803f-b597205ec45d', 'f8bf3efe-3344-4bda-8ef0-d7e5bf207d78', '箴言', 15, NOW() - INTERVAL '6 days'),
  ('77685454-f3c7-40f6-803f-b597205ec45d', 'f8bf3efe-3344-4bda-8ef0-d7e5bf207d78', '箴言', 16, NOW() - INTERVAL '6 days'),
  ('77685454-f3c7-40f6-803f-b597205ec45d', 'f8bf3efe-3344-4bda-8ef0-d7e5bf207d78', '箴言', 17, NOW() - INTERVAL '6 days'),
  ('77685454-f3c7-40f6-803f-b597205ec45d', 'f8bf3efe-3344-4bda-8ef0-d7e5bf207d78', '箴言', 18, NOW() - INTERVAL '6 days'),
  ('77685454-f3c7-40f6-803f-b597205ec45d', 'f8bf3efe-3344-4bda-8ef0-d7e5bf207d78', '箴言', 19, NOW() - INTERVAL '5 days'),
  ('77685454-f3c7-40f6-803f-b597205ec45d', 'f8bf3efe-3344-4bda-8ef0-d7e5bf207d78', '箴言', 20, NOW() - INTERVAL '5 days'),
  ('77685454-f3c7-40f6-803f-b597205ec45d', 'f8bf3efe-3344-4bda-8ef0-d7e5bf207d78', '箴言', 21, NOW() - INTERVAL '5 days'),
  ('77685454-f3c7-40f6-803f-b597205ec45d', 'f8bf3efe-3344-4bda-8ef0-d7e5bf207d78', '箴言', 22, NOW() - INTERVAL '5 days'),
  ('77685454-f3c7-40f6-803f-b597205ec45d', 'f8bf3efe-3344-4bda-8ef0-d7e5bf207d78', '箴言', 23, NOW() - INTERVAL '5 days'),
  ('77685454-f3c7-40f6-803f-b597205ec45d', 'f8bf3efe-3344-4bda-8ef0-d7e5bf207d78', '箴言', 24, NOW() - INTERVAL '4 days'),
  ('77685454-f3c7-40f6-803f-b597205ec45d', 'f8bf3efe-3344-4bda-8ef0-d7e5bf207d78', '箴言', 25, NOW() - INTERVAL '4 days'),
  ('77685454-f3c7-40f6-803f-b597205ec45d', 'f8bf3efe-3344-4bda-8ef0-d7e5bf207d78', '箴言', 26, NOW() - INTERVAL '4 days'),
  ('77685454-f3c7-40f6-803f-b597205ec45d', 'f8bf3efe-3344-4bda-8ef0-d7e5bf207d78', '箴言', 27, NOW() - INTERVAL '4 days'),
  ('77685454-f3c7-40f6-803f-b597205ec45d', 'f8bf3efe-3344-4bda-8ef0-d7e5bf207d78', '箴言', 28, NOW() - INTERVAL '4 days'),
  ('77685454-f3c7-40f6-803f-b597205ec45d', 'f8bf3efe-3344-4bda-8ef0-d7e5bf207d78', '箴言', 29, NOW() - INTERVAL '3 days'),
  ('77685454-f3c7-40f6-803f-b597205ec45d', 'f8bf3efe-3344-4bda-8ef0-d7e5bf207d78', '箴言', 30, NOW() - INTERVAL '3 days'),
  ('77685454-f3c7-40f6-803f-b597205ec45d', 'f8bf3efe-3344-4bda-8ef0-d7e5bf207d78', '箴言', 31, NOW() - INTERVAL '3 days'),
  ('77685454-f3c7-40f6-803f-b597205ec45d', 'f8bf3efe-3344-4bda-8ef0-d7e5bf207d78', '提摩太後書', 1, NOW() - INTERVAL '3 days'),
  ('77685454-f3c7-40f6-803f-b597205ec45d', 'f8bf3efe-3344-4bda-8ef0-d7e5bf207d78', '提摩太後書', 2, NOW() - INTERVAL '3 days'),
  ('77685454-f3c7-40f6-803f-b597205ec45d', 'f8bf3efe-3344-4bda-8ef0-d7e5bf207d78', '提摩太後書', 3, NOW() - INTERVAL '2 days'),
  ('77685454-f3c7-40f6-803f-b597205ec45d', 'f8bf3efe-3344-4bda-8ef0-d7e5bf207d78', '提摩太後書', 4, NOW() - INTERVAL '2 days'),
  ('77685454-f3c7-40f6-803f-b597205ec45d', 'f8bf3efe-3344-4bda-8ef0-d7e5bf207d78', '傳道書', 1, NOW() - INTERVAL '2 days'),
  ('77685454-f3c7-40f6-803f-b597205ec45d', 'f8bf3efe-3344-4bda-8ef0-d7e5bf207d78', '傳道書', 2, NOW() - INTERVAL '2 days'),
  ('77685454-f3c7-40f6-803f-b597205ec45d', 'f8bf3efe-3344-4bda-8ef0-d7e5bf207d78', '傳道書', 3, NOW() - INTERVAL '2 days'),
  ('77685454-f3c7-40f6-803f-b597205ec45d', 'f8bf3efe-3344-4bda-8ef0-d7e5bf207d78', '傳道書', 4, NOW() - INTERVAL '1 days'),
  ('77685454-f3c7-40f6-803f-b597205ec45d', 'f8bf3efe-3344-4bda-8ef0-d7e5bf207d78', '傳道書', 5, NOW() - INTERVAL '1 days'),
  ('77685454-f3c7-40f6-803f-b597205ec45d', 'f8bf3efe-3344-4bda-8ef0-d7e5bf207d78', '傳道書', 6, NOW() - INTERVAL '1 days'),
  ('77685454-f3c7-40f6-803f-b597205ec45d', 'f8bf3efe-3344-4bda-8ef0-d7e5bf207d78', '傳道書', 7, NOW() - INTERVAL '1 days'),
  ('77685454-f3c7-40f6-803f-b597205ec45d', 'f8bf3efe-3344-4bda-8ef0-d7e5bf207d78', '傳道書', 8, NOW() - INTERVAL '1 days'),
  ('77685454-f3c7-40f6-803f-b597205ec45d', 'f8bf3efe-3344-4bda-8ef0-d7e5bf207d78', '傳道書', 9, NOW() - INTERVAL '0 days'),
  ('77685454-f3c7-40f6-803f-b597205ec45d', 'f8bf3efe-3344-4bda-8ef0-d7e5bf207d78', '傳道書', 10, NOW() - INTERVAL '0 days'),
  ('77685454-f3c7-40f6-803f-b597205ec45d', 'f8bf3efe-3344-4bda-8ef0-d7e5bf207d78', '傳道書', 11, NOW() - INTERVAL '0 days'),
  ('77685454-f3c7-40f6-803f-b597205ec45d', 'f8bf3efe-3344-4bda-8ef0-d7e5bf207d78', '傳道書', 12, NOW() - INTERVAL '0 days');

--------------------------------------------------

-- 使用者: 示範組員六
INSERT INTO auth.users (id, email, raw_user_meta_data, created_at, updated_at, instance_id, aud, role, encrypted_password)
VALUES (
  '9b9c9871-70c6-47ca-abf6-4b5e4fd82a92',
  '9b9c9871@church-bible.com',
  '{"full_name": "示範組員六"}',
  NOW() - INTERVAL '1 days',
  NOW(),
  '00000000-0000-0000-0000-000000000000',
  'authenticated',
  'authenticated',
  '$2a$10$abcdefghijklmnopqrstuv' -- Dummy bcrypt hash
) ON CONFLICT (id) DO NOTHING;

INSERT INTO public.profiles (id, name, great_region, pastoral_zone, small_group, role, is_demo, updated_at)
VALUES (
  '9b9c9871-70c6-47ca-abf6-4b5e4fd82a92',
  '示範組員六',
  '示範大區B',
  '示範牧區戊',
  '示範小組6',
  'member',
  TRUE,
  NOW()
) ON CONFLICT (id) DO NOTHING;

INSERT INTO public.reading_plans (id, user_id, name, start_date, end_date, target_books)
VALUES (
  '42f5625b-ee2d-4ff1-bb61-46c0d9b998de',
  '9b9c9871-70c6-47ca-abf6-4b5e4fd82a92',
  '第一季速讀：2026年7月~9月',
  '2026-07-01',
  '2026-09-30',
  ARRAY['創世記', '馬太福音', '列王紀下', '雅各書', '出埃及記', '馬可福音', '約伯記', '加拉太書', '哈巴谷書', '猶大書', '利未記', '路加福音', '歷代志下', '帖撒羅尼迦前書', '約拿書', '約翰二書', '彌迦書', '約翰三書']
) ON CONFLICT (id) DO NOTHING;

INSERT INTO public.reading_logs (user_id, plan_id, book, chapter, read_at)
VALUES
  ('9b9c9871-70c6-47ca-abf6-4b5e4fd82a92', '42f5625b-ee2d-4ff1-bb61-46c0d9b998de', '創世記', 1, NOW() - INTERVAL '60 days'),
  ('9b9c9871-70c6-47ca-abf6-4b5e4fd82a92', '42f5625b-ee2d-4ff1-bb61-46c0d9b998de', '創世記', 2, NOW() - INTERVAL '59 days'),
  ('9b9c9871-70c6-47ca-abf6-4b5e4fd82a92', '42f5625b-ee2d-4ff1-bb61-46c0d9b998de', '創世記', 3, NOW() - INTERVAL '59 days'),
  ('9b9c9871-70c6-47ca-abf6-4b5e4fd82a92', '42f5625b-ee2d-4ff1-bb61-46c0d9b998de', '創世記', 4, NOW() - INTERVAL '59 days'),
  ('9b9c9871-70c6-47ca-abf6-4b5e4fd82a92', '42f5625b-ee2d-4ff1-bb61-46c0d9b998de', '創世記', 5, NOW() - INTERVAL '59 days'),
  ('9b9c9871-70c6-47ca-abf6-4b5e4fd82a92', '42f5625b-ee2d-4ff1-bb61-46c0d9b998de', '創世記', 6, NOW() - INTERVAL '59 days'),
  ('9b9c9871-70c6-47ca-abf6-4b5e4fd82a92', '42f5625b-ee2d-4ff1-bb61-46c0d9b998de', '創世記', 7, NOW() - INTERVAL '58 days'),
  ('9b9c9871-70c6-47ca-abf6-4b5e4fd82a92', '42f5625b-ee2d-4ff1-bb61-46c0d9b998de', '創世記', 8, NOW() - INTERVAL '58 days'),
  ('9b9c9871-70c6-47ca-abf6-4b5e4fd82a92', '42f5625b-ee2d-4ff1-bb61-46c0d9b998de', '創世記', 9, NOW() - INTERVAL '58 days'),
  ('9b9c9871-70c6-47ca-abf6-4b5e4fd82a92', '42f5625b-ee2d-4ff1-bb61-46c0d9b998de', '創世記', 10, NOW() - INTERVAL '58 days'),
  ('9b9c9871-70c6-47ca-abf6-4b5e4fd82a92', '42f5625b-ee2d-4ff1-bb61-46c0d9b998de', '創世記', 11, NOW() - INTERVAL '58 days'),
  ('9b9c9871-70c6-47ca-abf6-4b5e4fd82a92', '42f5625b-ee2d-4ff1-bb61-46c0d9b998de', '創世記', 12, NOW() - INTERVAL '57 days'),
  ('9b9c9871-70c6-47ca-abf6-4b5e4fd82a92', '42f5625b-ee2d-4ff1-bb61-46c0d9b998de', '創世記', 13, NOW() - INTERVAL '57 days'),
  ('9b9c9871-70c6-47ca-abf6-4b5e4fd82a92', '42f5625b-ee2d-4ff1-bb61-46c0d9b998de', '創世記', 14, NOW() - INTERVAL '57 days'),
  ('9b9c9871-70c6-47ca-abf6-4b5e4fd82a92', '42f5625b-ee2d-4ff1-bb61-46c0d9b998de', '創世記', 15, NOW() - INTERVAL '57 days'),
  ('9b9c9871-70c6-47ca-abf6-4b5e4fd82a92', '42f5625b-ee2d-4ff1-bb61-46c0d9b998de', '創世記', 16, NOW() - INTERVAL '57 days'),
  ('9b9c9871-70c6-47ca-abf6-4b5e4fd82a92', '42f5625b-ee2d-4ff1-bb61-46c0d9b998de', '創世記', 17, NOW() - INTERVAL '56 days'),
  ('9b9c9871-70c6-47ca-abf6-4b5e4fd82a92', '42f5625b-ee2d-4ff1-bb61-46c0d9b998de', '創世記', 18, NOW() - INTERVAL '56 days'),
  ('9b9c9871-70c6-47ca-abf6-4b5e4fd82a92', '42f5625b-ee2d-4ff1-bb61-46c0d9b998de', '創世記', 19, NOW() - INTERVAL '56 days'),
  ('9b9c9871-70c6-47ca-abf6-4b5e4fd82a92', '42f5625b-ee2d-4ff1-bb61-46c0d9b998de', '創世記', 20, NOW() - INTERVAL '56 days'),
  ('9b9c9871-70c6-47ca-abf6-4b5e4fd82a92', '42f5625b-ee2d-4ff1-bb61-46c0d9b998de', '創世記', 21, NOW() - INTERVAL '56 days'),
  ('9b9c9871-70c6-47ca-abf6-4b5e4fd82a92', '42f5625b-ee2d-4ff1-bb61-46c0d9b998de', '創世記', 22, NOW() - INTERVAL '55 days'),
  ('9b9c9871-70c6-47ca-abf6-4b5e4fd82a92', '42f5625b-ee2d-4ff1-bb61-46c0d9b998de', '創世記', 23, NOW() - INTERVAL '55 days'),
  ('9b9c9871-70c6-47ca-abf6-4b5e4fd82a92', '42f5625b-ee2d-4ff1-bb61-46c0d9b998de', '創世記', 24, NOW() - INTERVAL '55 days'),
  ('9b9c9871-70c6-47ca-abf6-4b5e4fd82a92', '42f5625b-ee2d-4ff1-bb61-46c0d9b998de', '創世記', 25, NOW() - INTERVAL '55 days'),
  ('9b9c9871-70c6-47ca-abf6-4b5e4fd82a92', '42f5625b-ee2d-4ff1-bb61-46c0d9b998de', '創世記', 26, NOW() - INTERVAL '55 days'),
  ('9b9c9871-70c6-47ca-abf6-4b5e4fd82a92', '42f5625b-ee2d-4ff1-bb61-46c0d9b998de', '創世記', 27, NOW() - INTERVAL '54 days'),
  ('9b9c9871-70c6-47ca-abf6-4b5e4fd82a92', '42f5625b-ee2d-4ff1-bb61-46c0d9b998de', '創世記', 28, NOW() - INTERVAL '54 days'),
  ('9b9c9871-70c6-47ca-abf6-4b5e4fd82a92', '42f5625b-ee2d-4ff1-bb61-46c0d9b998de', '創世記', 29, NOW() - INTERVAL '54 days'),
  ('9b9c9871-70c6-47ca-abf6-4b5e4fd82a92', '42f5625b-ee2d-4ff1-bb61-46c0d9b998de', '創世記', 30, NOW() - INTERVAL '54 days'),
  ('9b9c9871-70c6-47ca-abf6-4b5e4fd82a92', '42f5625b-ee2d-4ff1-bb61-46c0d9b998de', '創世記', 31, NOW() - INTERVAL '54 days'),
  ('9b9c9871-70c6-47ca-abf6-4b5e4fd82a92', '42f5625b-ee2d-4ff1-bb61-46c0d9b998de', '創世記', 32, NOW() - INTERVAL '53 days'),
  ('9b9c9871-70c6-47ca-abf6-4b5e4fd82a92', '42f5625b-ee2d-4ff1-bb61-46c0d9b998de', '創世記', 33, NOW() - INTERVAL '53 days'),
  ('9b9c9871-70c6-47ca-abf6-4b5e4fd82a92', '42f5625b-ee2d-4ff1-bb61-46c0d9b998de', '創世記', 34, NOW() - INTERVAL '53 days'),
  ('9b9c9871-70c6-47ca-abf6-4b5e4fd82a92', '42f5625b-ee2d-4ff1-bb61-46c0d9b998de', '創世記', 35, NOW() - INTERVAL '53 days'),
  ('9b9c9871-70c6-47ca-abf6-4b5e4fd82a92', '42f5625b-ee2d-4ff1-bb61-46c0d9b998de', '創世記', 36, NOW() - INTERVAL '53 days'),
  ('9b9c9871-70c6-47ca-abf6-4b5e4fd82a92', '42f5625b-ee2d-4ff1-bb61-46c0d9b998de', '創世記', 37, NOW() - INTERVAL '52 days'),
  ('9b9c9871-70c6-47ca-abf6-4b5e4fd82a92', '42f5625b-ee2d-4ff1-bb61-46c0d9b998de', '創世記', 38, NOW() - INTERVAL '52 days'),
  ('9b9c9871-70c6-47ca-abf6-4b5e4fd82a92', '42f5625b-ee2d-4ff1-bb61-46c0d9b998de', '創世記', 39, NOW() - INTERVAL '52 days'),
  ('9b9c9871-70c6-47ca-abf6-4b5e4fd82a92', '42f5625b-ee2d-4ff1-bb61-46c0d9b998de', '創世記', 40, NOW() - INTERVAL '52 days'),
  ('9b9c9871-70c6-47ca-abf6-4b5e4fd82a92', '42f5625b-ee2d-4ff1-bb61-46c0d9b998de', '創世記', 41, NOW() - INTERVAL '52 days'),
  ('9b9c9871-70c6-47ca-abf6-4b5e4fd82a92', '42f5625b-ee2d-4ff1-bb61-46c0d9b998de', '創世記', 42, NOW() - INTERVAL '51 days'),
  ('9b9c9871-70c6-47ca-abf6-4b5e4fd82a92', '42f5625b-ee2d-4ff1-bb61-46c0d9b998de', '創世記', 43, NOW() - INTERVAL '51 days'),
  ('9b9c9871-70c6-47ca-abf6-4b5e4fd82a92', '42f5625b-ee2d-4ff1-bb61-46c0d9b998de', '創世記', 44, NOW() - INTERVAL '51 days'),
  ('9b9c9871-70c6-47ca-abf6-4b5e4fd82a92', '42f5625b-ee2d-4ff1-bb61-46c0d9b998de', '創世記', 45, NOW() - INTERVAL '51 days'),
  ('9b9c9871-70c6-47ca-abf6-4b5e4fd82a92', '42f5625b-ee2d-4ff1-bb61-46c0d9b998de', '創世記', 46, NOW() - INTERVAL '51 days'),
  ('9b9c9871-70c6-47ca-abf6-4b5e4fd82a92', '42f5625b-ee2d-4ff1-bb61-46c0d9b998de', '創世記', 47, NOW() - INTERVAL '50 days'),
  ('9b9c9871-70c6-47ca-abf6-4b5e4fd82a92', '42f5625b-ee2d-4ff1-bb61-46c0d9b998de', '創世記', 48, NOW() - INTERVAL '50 days'),
  ('9b9c9871-70c6-47ca-abf6-4b5e4fd82a92', '42f5625b-ee2d-4ff1-bb61-46c0d9b998de', '創世記', 49, NOW() - INTERVAL '50 days'),
  ('9b9c9871-70c6-47ca-abf6-4b5e4fd82a92', '42f5625b-ee2d-4ff1-bb61-46c0d9b998de', '創世記', 50, NOW() - INTERVAL '50 days'),
  ('9b9c9871-70c6-47ca-abf6-4b5e4fd82a92', '42f5625b-ee2d-4ff1-bb61-46c0d9b998de', '馬太福音', 1, NOW() - INTERVAL '50 days'),
  ('9b9c9871-70c6-47ca-abf6-4b5e4fd82a92', '42f5625b-ee2d-4ff1-bb61-46c0d9b998de', '馬太福音', 2, NOW() - INTERVAL '49 days'),
  ('9b9c9871-70c6-47ca-abf6-4b5e4fd82a92', '42f5625b-ee2d-4ff1-bb61-46c0d9b998de', '馬太福音', 3, NOW() - INTERVAL '49 days'),
  ('9b9c9871-70c6-47ca-abf6-4b5e4fd82a92', '42f5625b-ee2d-4ff1-bb61-46c0d9b998de', '馬太福音', 4, NOW() - INTERVAL '49 days'),
  ('9b9c9871-70c6-47ca-abf6-4b5e4fd82a92', '42f5625b-ee2d-4ff1-bb61-46c0d9b998de', '馬太福音', 5, NOW() - INTERVAL '49 days'),
  ('9b9c9871-70c6-47ca-abf6-4b5e4fd82a92', '42f5625b-ee2d-4ff1-bb61-46c0d9b998de', '馬太福音', 6, NOW() - INTERVAL '49 days'),
  ('9b9c9871-70c6-47ca-abf6-4b5e4fd82a92', '42f5625b-ee2d-4ff1-bb61-46c0d9b998de', '馬太福音', 7, NOW() - INTERVAL '48 days'),
  ('9b9c9871-70c6-47ca-abf6-4b5e4fd82a92', '42f5625b-ee2d-4ff1-bb61-46c0d9b998de', '馬太福音', 8, NOW() - INTERVAL '48 days'),
  ('9b9c9871-70c6-47ca-abf6-4b5e4fd82a92', '42f5625b-ee2d-4ff1-bb61-46c0d9b998de', '馬太福音', 9, NOW() - INTERVAL '48 days'),
  ('9b9c9871-70c6-47ca-abf6-4b5e4fd82a92', '42f5625b-ee2d-4ff1-bb61-46c0d9b998de', '馬太福音', 10, NOW() - INTERVAL '48 days'),
  ('9b9c9871-70c6-47ca-abf6-4b5e4fd82a92', '42f5625b-ee2d-4ff1-bb61-46c0d9b998de', '馬太福音', 11, NOW() - INTERVAL '48 days'),
  ('9b9c9871-70c6-47ca-abf6-4b5e4fd82a92', '42f5625b-ee2d-4ff1-bb61-46c0d9b998de', '馬太福音', 12, NOW() - INTERVAL '47 days'),
  ('9b9c9871-70c6-47ca-abf6-4b5e4fd82a92', '42f5625b-ee2d-4ff1-bb61-46c0d9b998de', '馬太福音', 13, NOW() - INTERVAL '47 days'),
  ('9b9c9871-70c6-47ca-abf6-4b5e4fd82a92', '42f5625b-ee2d-4ff1-bb61-46c0d9b998de', '馬太福音', 14, NOW() - INTERVAL '47 days'),
  ('9b9c9871-70c6-47ca-abf6-4b5e4fd82a92', '42f5625b-ee2d-4ff1-bb61-46c0d9b998de', '馬太福音', 15, NOW() - INTERVAL '47 days'),
  ('9b9c9871-70c6-47ca-abf6-4b5e4fd82a92', '42f5625b-ee2d-4ff1-bb61-46c0d9b998de', '馬太福音', 16, NOW() - INTERVAL '47 days'),
  ('9b9c9871-70c6-47ca-abf6-4b5e4fd82a92', '42f5625b-ee2d-4ff1-bb61-46c0d9b998de', '馬太福音', 17, NOW() - INTERVAL '46 days'),
  ('9b9c9871-70c6-47ca-abf6-4b5e4fd82a92', '42f5625b-ee2d-4ff1-bb61-46c0d9b998de', '馬太福音', 18, NOW() - INTERVAL '46 days'),
  ('9b9c9871-70c6-47ca-abf6-4b5e4fd82a92', '42f5625b-ee2d-4ff1-bb61-46c0d9b998de', '馬太福音', 19, NOW() - INTERVAL '46 days'),
  ('9b9c9871-70c6-47ca-abf6-4b5e4fd82a92', '42f5625b-ee2d-4ff1-bb61-46c0d9b998de', '馬太福音', 20, NOW() - INTERVAL '46 days'),
  ('9b9c9871-70c6-47ca-abf6-4b5e4fd82a92', '42f5625b-ee2d-4ff1-bb61-46c0d9b998de', '馬太福音', 21, NOW() - INTERVAL '46 days'),
  ('9b9c9871-70c6-47ca-abf6-4b5e4fd82a92', '42f5625b-ee2d-4ff1-bb61-46c0d9b998de', '馬太福音', 22, NOW() - INTERVAL '45 days'),
  ('9b9c9871-70c6-47ca-abf6-4b5e4fd82a92', '42f5625b-ee2d-4ff1-bb61-46c0d9b998de', '馬太福音', 23, NOW() - INTERVAL '45 days'),
  ('9b9c9871-70c6-47ca-abf6-4b5e4fd82a92', '42f5625b-ee2d-4ff1-bb61-46c0d9b998de', '馬太福音', 24, NOW() - INTERVAL '45 days'),
  ('9b9c9871-70c6-47ca-abf6-4b5e4fd82a92', '42f5625b-ee2d-4ff1-bb61-46c0d9b998de', '馬太福音', 25, NOW() - INTERVAL '45 days'),
  ('9b9c9871-70c6-47ca-abf6-4b5e4fd82a92', '42f5625b-ee2d-4ff1-bb61-46c0d9b998de', '馬太福音', 26, NOW() - INTERVAL '45 days'),
  ('9b9c9871-70c6-47ca-abf6-4b5e4fd82a92', '42f5625b-ee2d-4ff1-bb61-46c0d9b998de', '馬太福音', 27, NOW() - INTERVAL '44 days'),
  ('9b9c9871-70c6-47ca-abf6-4b5e4fd82a92', '42f5625b-ee2d-4ff1-bb61-46c0d9b998de', '馬太福音', 28, NOW() - INTERVAL '44 days'),
  ('9b9c9871-70c6-47ca-abf6-4b5e4fd82a92', '42f5625b-ee2d-4ff1-bb61-46c0d9b998de', '列王紀下', 1, NOW() - INTERVAL '44 days'),
  ('9b9c9871-70c6-47ca-abf6-4b5e4fd82a92', '42f5625b-ee2d-4ff1-bb61-46c0d9b998de', '列王紀下', 2, NOW() - INTERVAL '44 days'),
  ('9b9c9871-70c6-47ca-abf6-4b5e4fd82a92', '42f5625b-ee2d-4ff1-bb61-46c0d9b998de', '列王紀下', 3, NOW() - INTERVAL '44 days'),
  ('9b9c9871-70c6-47ca-abf6-4b5e4fd82a92', '42f5625b-ee2d-4ff1-bb61-46c0d9b998de', '列王紀下', 4, NOW() - INTERVAL '43 days'),
  ('9b9c9871-70c6-47ca-abf6-4b5e4fd82a92', '42f5625b-ee2d-4ff1-bb61-46c0d9b998de', '列王紀下', 5, NOW() - INTERVAL '43 days'),
  ('9b9c9871-70c6-47ca-abf6-4b5e4fd82a92', '42f5625b-ee2d-4ff1-bb61-46c0d9b998de', '列王紀下', 6, NOW() - INTERVAL '43 days'),
  ('9b9c9871-70c6-47ca-abf6-4b5e4fd82a92', '42f5625b-ee2d-4ff1-bb61-46c0d9b998de', '列王紀下', 7, NOW() - INTERVAL '43 days'),
  ('9b9c9871-70c6-47ca-abf6-4b5e4fd82a92', '42f5625b-ee2d-4ff1-bb61-46c0d9b998de', '列王紀下', 8, NOW() - INTERVAL '43 days'),
  ('9b9c9871-70c6-47ca-abf6-4b5e4fd82a92', '42f5625b-ee2d-4ff1-bb61-46c0d9b998de', '列王紀下', 9, NOW() - INTERVAL '42 days'),
  ('9b9c9871-70c6-47ca-abf6-4b5e4fd82a92', '42f5625b-ee2d-4ff1-bb61-46c0d9b998de', '列王紀下', 10, NOW() - INTERVAL '42 days'),
  ('9b9c9871-70c6-47ca-abf6-4b5e4fd82a92', '42f5625b-ee2d-4ff1-bb61-46c0d9b998de', '列王紀下', 11, NOW() - INTERVAL '42 days'),
  ('9b9c9871-70c6-47ca-abf6-4b5e4fd82a92', '42f5625b-ee2d-4ff1-bb61-46c0d9b998de', '列王紀下', 12, NOW() - INTERVAL '42 days'),
  ('9b9c9871-70c6-47ca-abf6-4b5e4fd82a92', '42f5625b-ee2d-4ff1-bb61-46c0d9b998de', '列王紀下', 13, NOW() - INTERVAL '42 days'),
  ('9b9c9871-70c6-47ca-abf6-4b5e4fd82a92', '42f5625b-ee2d-4ff1-bb61-46c0d9b998de', '列王紀下', 14, NOW() - INTERVAL '41 days'),
  ('9b9c9871-70c6-47ca-abf6-4b5e4fd82a92', '42f5625b-ee2d-4ff1-bb61-46c0d9b998de', '列王紀下', 15, NOW() - INTERVAL '41 days'),
  ('9b9c9871-70c6-47ca-abf6-4b5e4fd82a92', '42f5625b-ee2d-4ff1-bb61-46c0d9b998de', '列王紀下', 16, NOW() - INTERVAL '41 days'),
  ('9b9c9871-70c6-47ca-abf6-4b5e4fd82a92', '42f5625b-ee2d-4ff1-bb61-46c0d9b998de', '列王紀下', 17, NOW() - INTERVAL '41 days'),
  ('9b9c9871-70c6-47ca-abf6-4b5e4fd82a92', '42f5625b-ee2d-4ff1-bb61-46c0d9b998de', '列王紀下', 18, NOW() - INTERVAL '41 days'),
  ('9b9c9871-70c6-47ca-abf6-4b5e4fd82a92', '42f5625b-ee2d-4ff1-bb61-46c0d9b998de', '列王紀下', 19, NOW() - INTERVAL '40 days'),
  ('9b9c9871-70c6-47ca-abf6-4b5e4fd82a92', '42f5625b-ee2d-4ff1-bb61-46c0d9b998de', '列王紀下', 20, NOW() - INTERVAL '40 days'),
  ('9b9c9871-70c6-47ca-abf6-4b5e4fd82a92', '42f5625b-ee2d-4ff1-bb61-46c0d9b998de', '列王紀下', 21, NOW() - INTERVAL '40 days'),
  ('9b9c9871-70c6-47ca-abf6-4b5e4fd82a92', '42f5625b-ee2d-4ff1-bb61-46c0d9b998de', '列王紀下', 22, NOW() - INTERVAL '40 days'),
  ('9b9c9871-70c6-47ca-abf6-4b5e4fd82a92', '42f5625b-ee2d-4ff1-bb61-46c0d9b998de', '列王紀下', 23, NOW() - INTERVAL '40 days'),
  ('9b9c9871-70c6-47ca-abf6-4b5e4fd82a92', '42f5625b-ee2d-4ff1-bb61-46c0d9b998de', '列王紀下', 24, NOW() - INTERVAL '39 days'),
  ('9b9c9871-70c6-47ca-abf6-4b5e4fd82a92', '42f5625b-ee2d-4ff1-bb61-46c0d9b998de', '列王紀下', 25, NOW() - INTERVAL '39 days'),
  ('9b9c9871-70c6-47ca-abf6-4b5e4fd82a92', '42f5625b-ee2d-4ff1-bb61-46c0d9b998de', '雅各書', 1, NOW() - INTERVAL '39 days'),
  ('9b9c9871-70c6-47ca-abf6-4b5e4fd82a92', '42f5625b-ee2d-4ff1-bb61-46c0d9b998de', '雅各書', 2, NOW() - INTERVAL '39 days'),
  ('9b9c9871-70c6-47ca-abf6-4b5e4fd82a92', '42f5625b-ee2d-4ff1-bb61-46c0d9b998de', '雅各書', 3, NOW() - INTERVAL '39 days'),
  ('9b9c9871-70c6-47ca-abf6-4b5e4fd82a92', '42f5625b-ee2d-4ff1-bb61-46c0d9b998de', '雅各書', 4, NOW() - INTERVAL '38 days'),
  ('9b9c9871-70c6-47ca-abf6-4b5e4fd82a92', '42f5625b-ee2d-4ff1-bb61-46c0d9b998de', '雅各書', 5, NOW() - INTERVAL '38 days'),
  ('9b9c9871-70c6-47ca-abf6-4b5e4fd82a92', '42f5625b-ee2d-4ff1-bb61-46c0d9b998de', '出埃及記', 1, NOW() - INTERVAL '38 days'),
  ('9b9c9871-70c6-47ca-abf6-4b5e4fd82a92', '42f5625b-ee2d-4ff1-bb61-46c0d9b998de', '出埃及記', 2, NOW() - INTERVAL '38 days'),
  ('9b9c9871-70c6-47ca-abf6-4b5e4fd82a92', '42f5625b-ee2d-4ff1-bb61-46c0d9b998de', '出埃及記', 3, NOW() - INTERVAL '38 days'),
  ('9b9c9871-70c6-47ca-abf6-4b5e4fd82a92', '42f5625b-ee2d-4ff1-bb61-46c0d9b998de', '出埃及記', 4, NOW() - INTERVAL '37 days'),
  ('9b9c9871-70c6-47ca-abf6-4b5e4fd82a92', '42f5625b-ee2d-4ff1-bb61-46c0d9b998de', '出埃及記', 5, NOW() - INTERVAL '37 days'),
  ('9b9c9871-70c6-47ca-abf6-4b5e4fd82a92', '42f5625b-ee2d-4ff1-bb61-46c0d9b998de', '出埃及記', 6, NOW() - INTERVAL '37 days'),
  ('9b9c9871-70c6-47ca-abf6-4b5e4fd82a92', '42f5625b-ee2d-4ff1-bb61-46c0d9b998de', '出埃及記', 7, NOW() - INTERVAL '37 days'),
  ('9b9c9871-70c6-47ca-abf6-4b5e4fd82a92', '42f5625b-ee2d-4ff1-bb61-46c0d9b998de', '出埃及記', 8, NOW() - INTERVAL '37 days'),
  ('9b9c9871-70c6-47ca-abf6-4b5e4fd82a92', '42f5625b-ee2d-4ff1-bb61-46c0d9b998de', '出埃及記', 9, NOW() - INTERVAL '36 days'),
  ('9b9c9871-70c6-47ca-abf6-4b5e4fd82a92', '42f5625b-ee2d-4ff1-bb61-46c0d9b998de', '出埃及記', 10, NOW() - INTERVAL '36 days'),
  ('9b9c9871-70c6-47ca-abf6-4b5e4fd82a92', '42f5625b-ee2d-4ff1-bb61-46c0d9b998de', '出埃及記', 11, NOW() - INTERVAL '36 days'),
  ('9b9c9871-70c6-47ca-abf6-4b5e4fd82a92', '42f5625b-ee2d-4ff1-bb61-46c0d9b998de', '出埃及記', 12, NOW() - INTERVAL '36 days'),
  ('9b9c9871-70c6-47ca-abf6-4b5e4fd82a92', '42f5625b-ee2d-4ff1-bb61-46c0d9b998de', '出埃及記', 13, NOW() - INTERVAL '36 days'),
  ('9b9c9871-70c6-47ca-abf6-4b5e4fd82a92', '42f5625b-ee2d-4ff1-bb61-46c0d9b998de', '出埃及記', 14, NOW() - INTERVAL '35 days'),
  ('9b9c9871-70c6-47ca-abf6-4b5e4fd82a92', '42f5625b-ee2d-4ff1-bb61-46c0d9b998de', '出埃及記', 15, NOW() - INTERVAL '35 days'),
  ('9b9c9871-70c6-47ca-abf6-4b5e4fd82a92', '42f5625b-ee2d-4ff1-bb61-46c0d9b998de', '出埃及記', 16, NOW() - INTERVAL '35 days'),
  ('9b9c9871-70c6-47ca-abf6-4b5e4fd82a92', '42f5625b-ee2d-4ff1-bb61-46c0d9b998de', '出埃及記', 17, NOW() - INTERVAL '35 days'),
  ('9b9c9871-70c6-47ca-abf6-4b5e4fd82a92', '42f5625b-ee2d-4ff1-bb61-46c0d9b998de', '出埃及記', 18, NOW() - INTERVAL '35 days'),
  ('9b9c9871-70c6-47ca-abf6-4b5e4fd82a92', '42f5625b-ee2d-4ff1-bb61-46c0d9b998de', '出埃及記', 19, NOW() - INTERVAL '34 days'),
  ('9b9c9871-70c6-47ca-abf6-4b5e4fd82a92', '42f5625b-ee2d-4ff1-bb61-46c0d9b998de', '出埃及記', 20, NOW() - INTERVAL '34 days'),
  ('9b9c9871-70c6-47ca-abf6-4b5e4fd82a92', '42f5625b-ee2d-4ff1-bb61-46c0d9b998de', '出埃及記', 21, NOW() - INTERVAL '34 days'),
  ('9b9c9871-70c6-47ca-abf6-4b5e4fd82a92', '42f5625b-ee2d-4ff1-bb61-46c0d9b998de', '出埃及記', 22, NOW() - INTERVAL '34 days'),
  ('9b9c9871-70c6-47ca-abf6-4b5e4fd82a92', '42f5625b-ee2d-4ff1-bb61-46c0d9b998de', '出埃及記', 23, NOW() - INTERVAL '34 days'),
  ('9b9c9871-70c6-47ca-abf6-4b5e4fd82a92', '42f5625b-ee2d-4ff1-bb61-46c0d9b998de', '出埃及記', 24, NOW() - INTERVAL '33 days'),
  ('9b9c9871-70c6-47ca-abf6-4b5e4fd82a92', '42f5625b-ee2d-4ff1-bb61-46c0d9b998de', '出埃及記', 25, NOW() - INTERVAL '33 days'),
  ('9b9c9871-70c6-47ca-abf6-4b5e4fd82a92', '42f5625b-ee2d-4ff1-bb61-46c0d9b998de', '出埃及記', 26, NOW() - INTERVAL '33 days'),
  ('9b9c9871-70c6-47ca-abf6-4b5e4fd82a92', '42f5625b-ee2d-4ff1-bb61-46c0d9b998de', '出埃及記', 27, NOW() - INTERVAL '33 days'),
  ('9b9c9871-70c6-47ca-abf6-4b5e4fd82a92', '42f5625b-ee2d-4ff1-bb61-46c0d9b998de', '出埃及記', 28, NOW() - INTERVAL '33 days'),
  ('9b9c9871-70c6-47ca-abf6-4b5e4fd82a92', '42f5625b-ee2d-4ff1-bb61-46c0d9b998de', '出埃及記', 29, NOW() - INTERVAL '32 days'),
  ('9b9c9871-70c6-47ca-abf6-4b5e4fd82a92', '42f5625b-ee2d-4ff1-bb61-46c0d9b998de', '出埃及記', 30, NOW() - INTERVAL '32 days'),
  ('9b9c9871-70c6-47ca-abf6-4b5e4fd82a92', '42f5625b-ee2d-4ff1-bb61-46c0d9b998de', '出埃及記', 31, NOW() - INTERVAL '32 days'),
  ('9b9c9871-70c6-47ca-abf6-4b5e4fd82a92', '42f5625b-ee2d-4ff1-bb61-46c0d9b998de', '出埃及記', 32, NOW() - INTERVAL '32 days'),
  ('9b9c9871-70c6-47ca-abf6-4b5e4fd82a92', '42f5625b-ee2d-4ff1-bb61-46c0d9b998de', '出埃及記', 33, NOW() - INTERVAL '32 days'),
  ('9b9c9871-70c6-47ca-abf6-4b5e4fd82a92', '42f5625b-ee2d-4ff1-bb61-46c0d9b998de', '出埃及記', 34, NOW() - INTERVAL '31 days'),
  ('9b9c9871-70c6-47ca-abf6-4b5e4fd82a92', '42f5625b-ee2d-4ff1-bb61-46c0d9b998de', '出埃及記', 35, NOW() - INTERVAL '31 days'),
  ('9b9c9871-70c6-47ca-abf6-4b5e4fd82a92', '42f5625b-ee2d-4ff1-bb61-46c0d9b998de', '出埃及記', 36, NOW() - INTERVAL '31 days'),
  ('9b9c9871-70c6-47ca-abf6-4b5e4fd82a92', '42f5625b-ee2d-4ff1-bb61-46c0d9b998de', '出埃及記', 37, NOW() - INTERVAL '31 days'),
  ('9b9c9871-70c6-47ca-abf6-4b5e4fd82a92', '42f5625b-ee2d-4ff1-bb61-46c0d9b998de', '出埃及記', 38, NOW() - INTERVAL '31 days'),
  ('9b9c9871-70c6-47ca-abf6-4b5e4fd82a92', '42f5625b-ee2d-4ff1-bb61-46c0d9b998de', '出埃及記', 39, NOW() - INTERVAL '30 days'),
  ('9b9c9871-70c6-47ca-abf6-4b5e4fd82a92', '42f5625b-ee2d-4ff1-bb61-46c0d9b998de', '出埃及記', 40, NOW() - INTERVAL '30 days'),
  ('9b9c9871-70c6-47ca-abf6-4b5e4fd82a92', '42f5625b-ee2d-4ff1-bb61-46c0d9b998de', '馬可福音', 1, NOW() - INTERVAL '30 days'),
  ('9b9c9871-70c6-47ca-abf6-4b5e4fd82a92', '42f5625b-ee2d-4ff1-bb61-46c0d9b998de', '馬可福音', 2, NOW() - INTERVAL '30 days'),
  ('9b9c9871-70c6-47ca-abf6-4b5e4fd82a92', '42f5625b-ee2d-4ff1-bb61-46c0d9b998de', '馬可福音', 3, NOW() - INTERVAL '30 days'),
  ('9b9c9871-70c6-47ca-abf6-4b5e4fd82a92', '42f5625b-ee2d-4ff1-bb61-46c0d9b998de', '馬可福音', 4, NOW() - INTERVAL '29 days'),
  ('9b9c9871-70c6-47ca-abf6-4b5e4fd82a92', '42f5625b-ee2d-4ff1-bb61-46c0d9b998de', '馬可福音', 5, NOW() - INTERVAL '29 days'),
  ('9b9c9871-70c6-47ca-abf6-4b5e4fd82a92', '42f5625b-ee2d-4ff1-bb61-46c0d9b998de', '馬可福音', 6, NOW() - INTERVAL '29 days'),
  ('9b9c9871-70c6-47ca-abf6-4b5e4fd82a92', '42f5625b-ee2d-4ff1-bb61-46c0d9b998de', '馬可福音', 7, NOW() - INTERVAL '29 days'),
  ('9b9c9871-70c6-47ca-abf6-4b5e4fd82a92', '42f5625b-ee2d-4ff1-bb61-46c0d9b998de', '馬可福音', 8, NOW() - INTERVAL '29 days'),
  ('9b9c9871-70c6-47ca-abf6-4b5e4fd82a92', '42f5625b-ee2d-4ff1-bb61-46c0d9b998de', '馬可福音', 9, NOW() - INTERVAL '28 days'),
  ('9b9c9871-70c6-47ca-abf6-4b5e4fd82a92', '42f5625b-ee2d-4ff1-bb61-46c0d9b998de', '馬可福音', 10, NOW() - INTERVAL '28 days'),
  ('9b9c9871-70c6-47ca-abf6-4b5e4fd82a92', '42f5625b-ee2d-4ff1-bb61-46c0d9b998de', '馬可福音', 11, NOW() - INTERVAL '28 days'),
  ('9b9c9871-70c6-47ca-abf6-4b5e4fd82a92', '42f5625b-ee2d-4ff1-bb61-46c0d9b998de', '馬可福音', 12, NOW() - INTERVAL '28 days'),
  ('9b9c9871-70c6-47ca-abf6-4b5e4fd82a92', '42f5625b-ee2d-4ff1-bb61-46c0d9b998de', '馬可福音', 13, NOW() - INTERVAL '28 days'),
  ('9b9c9871-70c6-47ca-abf6-4b5e4fd82a92', '42f5625b-ee2d-4ff1-bb61-46c0d9b998de', '馬可福音', 14, NOW() - INTERVAL '27 days'),
  ('9b9c9871-70c6-47ca-abf6-4b5e4fd82a92', '42f5625b-ee2d-4ff1-bb61-46c0d9b998de', '馬可福音', 15, NOW() - INTERVAL '27 days'),
  ('9b9c9871-70c6-47ca-abf6-4b5e4fd82a92', '42f5625b-ee2d-4ff1-bb61-46c0d9b998de', '馬可福音', 16, NOW() - INTERVAL '27 days'),
  ('9b9c9871-70c6-47ca-abf6-4b5e4fd82a92', '42f5625b-ee2d-4ff1-bb61-46c0d9b998de', '約伯記', 1, NOW() - INTERVAL '27 days'),
  ('9b9c9871-70c6-47ca-abf6-4b5e4fd82a92', '42f5625b-ee2d-4ff1-bb61-46c0d9b998de', '約伯記', 2, NOW() - INTERVAL '27 days'),
  ('9b9c9871-70c6-47ca-abf6-4b5e4fd82a92', '42f5625b-ee2d-4ff1-bb61-46c0d9b998de', '約伯記', 3, NOW() - INTERVAL '26 days'),
  ('9b9c9871-70c6-47ca-abf6-4b5e4fd82a92', '42f5625b-ee2d-4ff1-bb61-46c0d9b998de', '約伯記', 4, NOW() - INTERVAL '26 days'),
  ('9b9c9871-70c6-47ca-abf6-4b5e4fd82a92', '42f5625b-ee2d-4ff1-bb61-46c0d9b998de', '約伯記', 5, NOW() - INTERVAL '26 days'),
  ('9b9c9871-70c6-47ca-abf6-4b5e4fd82a92', '42f5625b-ee2d-4ff1-bb61-46c0d9b998de', '約伯記', 6, NOW() - INTERVAL '26 days'),
  ('9b9c9871-70c6-47ca-abf6-4b5e4fd82a92', '42f5625b-ee2d-4ff1-bb61-46c0d9b998de', '約伯記', 7, NOW() - INTERVAL '26 days'),
  ('9b9c9871-70c6-47ca-abf6-4b5e4fd82a92', '42f5625b-ee2d-4ff1-bb61-46c0d9b998de', '約伯記', 8, NOW() - INTERVAL '25 days'),
  ('9b9c9871-70c6-47ca-abf6-4b5e4fd82a92', '42f5625b-ee2d-4ff1-bb61-46c0d9b998de', '約伯記', 9, NOW() - INTERVAL '25 days'),
  ('9b9c9871-70c6-47ca-abf6-4b5e4fd82a92', '42f5625b-ee2d-4ff1-bb61-46c0d9b998de', '約伯記', 10, NOW() - INTERVAL '25 days'),
  ('9b9c9871-70c6-47ca-abf6-4b5e4fd82a92', '42f5625b-ee2d-4ff1-bb61-46c0d9b998de', '約伯記', 11, NOW() - INTERVAL '25 days'),
  ('9b9c9871-70c6-47ca-abf6-4b5e4fd82a92', '42f5625b-ee2d-4ff1-bb61-46c0d9b998de', '約伯記', 12, NOW() - INTERVAL '25 days'),
  ('9b9c9871-70c6-47ca-abf6-4b5e4fd82a92', '42f5625b-ee2d-4ff1-bb61-46c0d9b998de', '約伯記', 13, NOW() - INTERVAL '24 days'),
  ('9b9c9871-70c6-47ca-abf6-4b5e4fd82a92', '42f5625b-ee2d-4ff1-bb61-46c0d9b998de', '約伯記', 14, NOW() - INTERVAL '24 days'),
  ('9b9c9871-70c6-47ca-abf6-4b5e4fd82a92', '42f5625b-ee2d-4ff1-bb61-46c0d9b998de', '約伯記', 15, NOW() - INTERVAL '24 days'),
  ('9b9c9871-70c6-47ca-abf6-4b5e4fd82a92', '42f5625b-ee2d-4ff1-bb61-46c0d9b998de', '約伯記', 16, NOW() - INTERVAL '24 days'),
  ('9b9c9871-70c6-47ca-abf6-4b5e4fd82a92', '42f5625b-ee2d-4ff1-bb61-46c0d9b998de', '約伯記', 17, NOW() - INTERVAL '24 days'),
  ('9b9c9871-70c6-47ca-abf6-4b5e4fd82a92', '42f5625b-ee2d-4ff1-bb61-46c0d9b998de', '約伯記', 18, NOW() - INTERVAL '23 days'),
  ('9b9c9871-70c6-47ca-abf6-4b5e4fd82a92', '42f5625b-ee2d-4ff1-bb61-46c0d9b998de', '約伯記', 19, NOW() - INTERVAL '23 days'),
  ('9b9c9871-70c6-47ca-abf6-4b5e4fd82a92', '42f5625b-ee2d-4ff1-bb61-46c0d9b998de', '約伯記', 20, NOW() - INTERVAL '23 days'),
  ('9b9c9871-70c6-47ca-abf6-4b5e4fd82a92', '42f5625b-ee2d-4ff1-bb61-46c0d9b998de', '約伯記', 21, NOW() - INTERVAL '23 days'),
  ('9b9c9871-70c6-47ca-abf6-4b5e4fd82a92', '42f5625b-ee2d-4ff1-bb61-46c0d9b998de', '約伯記', 22, NOW() - INTERVAL '23 days'),
  ('9b9c9871-70c6-47ca-abf6-4b5e4fd82a92', '42f5625b-ee2d-4ff1-bb61-46c0d9b998de', '約伯記', 23, NOW() - INTERVAL '22 days'),
  ('9b9c9871-70c6-47ca-abf6-4b5e4fd82a92', '42f5625b-ee2d-4ff1-bb61-46c0d9b998de', '約伯記', 24, NOW() - INTERVAL '22 days'),
  ('9b9c9871-70c6-47ca-abf6-4b5e4fd82a92', '42f5625b-ee2d-4ff1-bb61-46c0d9b998de', '約伯記', 25, NOW() - INTERVAL '22 days'),
  ('9b9c9871-70c6-47ca-abf6-4b5e4fd82a92', '42f5625b-ee2d-4ff1-bb61-46c0d9b998de', '約伯記', 26, NOW() - INTERVAL '22 days'),
  ('9b9c9871-70c6-47ca-abf6-4b5e4fd82a92', '42f5625b-ee2d-4ff1-bb61-46c0d9b998de', '約伯記', 27, NOW() - INTERVAL '22 days'),
  ('9b9c9871-70c6-47ca-abf6-4b5e4fd82a92', '42f5625b-ee2d-4ff1-bb61-46c0d9b998de', '約伯記', 28, NOW() - INTERVAL '21 days'),
  ('9b9c9871-70c6-47ca-abf6-4b5e4fd82a92', '42f5625b-ee2d-4ff1-bb61-46c0d9b998de', '約伯記', 29, NOW() - INTERVAL '21 days'),
  ('9b9c9871-70c6-47ca-abf6-4b5e4fd82a92', '42f5625b-ee2d-4ff1-bb61-46c0d9b998de', '約伯記', 30, NOW() - INTERVAL '21 days'),
  ('9b9c9871-70c6-47ca-abf6-4b5e4fd82a92', '42f5625b-ee2d-4ff1-bb61-46c0d9b998de', '約伯記', 31, NOW() - INTERVAL '21 days'),
  ('9b9c9871-70c6-47ca-abf6-4b5e4fd82a92', '42f5625b-ee2d-4ff1-bb61-46c0d9b998de', '約伯記', 32, NOW() - INTERVAL '21 days'),
  ('9b9c9871-70c6-47ca-abf6-4b5e4fd82a92', '42f5625b-ee2d-4ff1-bb61-46c0d9b998de', '約伯記', 33, NOW() - INTERVAL '20 days'),
  ('9b9c9871-70c6-47ca-abf6-4b5e4fd82a92', '42f5625b-ee2d-4ff1-bb61-46c0d9b998de', '約伯記', 34, NOW() - INTERVAL '20 days'),
  ('9b9c9871-70c6-47ca-abf6-4b5e4fd82a92', '42f5625b-ee2d-4ff1-bb61-46c0d9b998de', '約伯記', 35, NOW() - INTERVAL '20 days'),
  ('9b9c9871-70c6-47ca-abf6-4b5e4fd82a92', '42f5625b-ee2d-4ff1-bb61-46c0d9b998de', '約伯記', 36, NOW() - INTERVAL '20 days'),
  ('9b9c9871-70c6-47ca-abf6-4b5e4fd82a92', '42f5625b-ee2d-4ff1-bb61-46c0d9b998de', '約伯記', 37, NOW() - INTERVAL '20 days'),
  ('9b9c9871-70c6-47ca-abf6-4b5e4fd82a92', '42f5625b-ee2d-4ff1-bb61-46c0d9b998de', '約伯記', 38, NOW() - INTERVAL '19 days'),
  ('9b9c9871-70c6-47ca-abf6-4b5e4fd82a92', '42f5625b-ee2d-4ff1-bb61-46c0d9b998de', '約伯記', 39, NOW() - INTERVAL '19 days'),
  ('9b9c9871-70c6-47ca-abf6-4b5e4fd82a92', '42f5625b-ee2d-4ff1-bb61-46c0d9b998de', '約伯記', 40, NOW() - INTERVAL '19 days'),
  ('9b9c9871-70c6-47ca-abf6-4b5e4fd82a92', '42f5625b-ee2d-4ff1-bb61-46c0d9b998de', '約伯記', 41, NOW() - INTERVAL '19 days'),
  ('9b9c9871-70c6-47ca-abf6-4b5e4fd82a92', '42f5625b-ee2d-4ff1-bb61-46c0d9b998de', '約伯記', 42, NOW() - INTERVAL '19 days'),
  ('9b9c9871-70c6-47ca-abf6-4b5e4fd82a92', '42f5625b-ee2d-4ff1-bb61-46c0d9b998de', '加拉太書', 1, NOW() - INTERVAL '18 days'),
  ('9b9c9871-70c6-47ca-abf6-4b5e4fd82a92', '42f5625b-ee2d-4ff1-bb61-46c0d9b998de', '加拉太書', 2, NOW() - INTERVAL '18 days'),
  ('9b9c9871-70c6-47ca-abf6-4b5e4fd82a92', '42f5625b-ee2d-4ff1-bb61-46c0d9b998de', '加拉太書', 3, NOW() - INTERVAL '18 days'),
  ('9b9c9871-70c6-47ca-abf6-4b5e4fd82a92', '42f5625b-ee2d-4ff1-bb61-46c0d9b998de', '加拉太書', 4, NOW() - INTERVAL '18 days'),
  ('9b9c9871-70c6-47ca-abf6-4b5e4fd82a92', '42f5625b-ee2d-4ff1-bb61-46c0d9b998de', '加拉太書', 5, NOW() - INTERVAL '18 days'),
  ('9b9c9871-70c6-47ca-abf6-4b5e4fd82a92', '42f5625b-ee2d-4ff1-bb61-46c0d9b998de', '加拉太書', 6, NOW() - INTERVAL '17 days'),
  ('9b9c9871-70c6-47ca-abf6-4b5e4fd82a92', '42f5625b-ee2d-4ff1-bb61-46c0d9b998de', '哈巴谷書', 1, NOW() - INTERVAL '17 days'),
  ('9b9c9871-70c6-47ca-abf6-4b5e4fd82a92', '42f5625b-ee2d-4ff1-bb61-46c0d9b998de', '哈巴谷書', 2, NOW() - INTERVAL '17 days'),
  ('9b9c9871-70c6-47ca-abf6-4b5e4fd82a92', '42f5625b-ee2d-4ff1-bb61-46c0d9b998de', '哈巴谷書', 3, NOW() - INTERVAL '17 days'),
  ('9b9c9871-70c6-47ca-abf6-4b5e4fd82a92', '42f5625b-ee2d-4ff1-bb61-46c0d9b998de', '猶大書', 1, NOW() - INTERVAL '17 days'),
  ('9b9c9871-70c6-47ca-abf6-4b5e4fd82a92', '42f5625b-ee2d-4ff1-bb61-46c0d9b998de', '利未記', 1, NOW() - INTERVAL '16 days'),
  ('9b9c9871-70c6-47ca-abf6-4b5e4fd82a92', '42f5625b-ee2d-4ff1-bb61-46c0d9b998de', '利未記', 2, NOW() - INTERVAL '16 days'),
  ('9b9c9871-70c6-47ca-abf6-4b5e4fd82a92', '42f5625b-ee2d-4ff1-bb61-46c0d9b998de', '利未記', 3, NOW() - INTERVAL '16 days'),
  ('9b9c9871-70c6-47ca-abf6-4b5e4fd82a92', '42f5625b-ee2d-4ff1-bb61-46c0d9b998de', '利未記', 4, NOW() - INTERVAL '16 days'),
  ('9b9c9871-70c6-47ca-abf6-4b5e4fd82a92', '42f5625b-ee2d-4ff1-bb61-46c0d9b998de', '利未記', 5, NOW() - INTERVAL '16 days'),
  ('9b9c9871-70c6-47ca-abf6-4b5e4fd82a92', '42f5625b-ee2d-4ff1-bb61-46c0d9b998de', '利未記', 6, NOW() - INTERVAL '15 days'),
  ('9b9c9871-70c6-47ca-abf6-4b5e4fd82a92', '42f5625b-ee2d-4ff1-bb61-46c0d9b998de', '利未記', 7, NOW() - INTERVAL '15 days'),
  ('9b9c9871-70c6-47ca-abf6-4b5e4fd82a92', '42f5625b-ee2d-4ff1-bb61-46c0d9b998de', '利未記', 8, NOW() - INTERVAL '15 days'),
  ('9b9c9871-70c6-47ca-abf6-4b5e4fd82a92', '42f5625b-ee2d-4ff1-bb61-46c0d9b998de', '利未記', 9, NOW() - INTERVAL '15 days'),
  ('9b9c9871-70c6-47ca-abf6-4b5e4fd82a92', '42f5625b-ee2d-4ff1-bb61-46c0d9b998de', '利未記', 10, NOW() - INTERVAL '15 days'),
  ('9b9c9871-70c6-47ca-abf6-4b5e4fd82a92', '42f5625b-ee2d-4ff1-bb61-46c0d9b998de', '利未記', 11, NOW() - INTERVAL '14 days'),
  ('9b9c9871-70c6-47ca-abf6-4b5e4fd82a92', '42f5625b-ee2d-4ff1-bb61-46c0d9b998de', '利未記', 12, NOW() - INTERVAL '14 days'),
  ('9b9c9871-70c6-47ca-abf6-4b5e4fd82a92', '42f5625b-ee2d-4ff1-bb61-46c0d9b998de', '利未記', 13, NOW() - INTERVAL '14 days'),
  ('9b9c9871-70c6-47ca-abf6-4b5e4fd82a92', '42f5625b-ee2d-4ff1-bb61-46c0d9b998de', '利未記', 14, NOW() - INTERVAL '14 days'),
  ('9b9c9871-70c6-47ca-abf6-4b5e4fd82a92', '42f5625b-ee2d-4ff1-bb61-46c0d9b998de', '利未記', 15, NOW() - INTERVAL '14 days'),
  ('9b9c9871-70c6-47ca-abf6-4b5e4fd82a92', '42f5625b-ee2d-4ff1-bb61-46c0d9b998de', '利未記', 16, NOW() - INTERVAL '13 days'),
  ('9b9c9871-70c6-47ca-abf6-4b5e4fd82a92', '42f5625b-ee2d-4ff1-bb61-46c0d9b998de', '利未記', 17, NOW() - INTERVAL '13 days'),
  ('9b9c9871-70c6-47ca-abf6-4b5e4fd82a92', '42f5625b-ee2d-4ff1-bb61-46c0d9b998de', '利未記', 18, NOW() - INTERVAL '13 days'),
  ('9b9c9871-70c6-47ca-abf6-4b5e4fd82a92', '42f5625b-ee2d-4ff1-bb61-46c0d9b998de', '利未記', 19, NOW() - INTERVAL '13 days'),
  ('9b9c9871-70c6-47ca-abf6-4b5e4fd82a92', '42f5625b-ee2d-4ff1-bb61-46c0d9b998de', '利未記', 20, NOW() - INTERVAL '13 days'),
  ('9b9c9871-70c6-47ca-abf6-4b5e4fd82a92', '42f5625b-ee2d-4ff1-bb61-46c0d9b998de', '利未記', 21, NOW() - INTERVAL '12 days'),
  ('9b9c9871-70c6-47ca-abf6-4b5e4fd82a92', '42f5625b-ee2d-4ff1-bb61-46c0d9b998de', '利未記', 22, NOW() - INTERVAL '12 days'),
  ('9b9c9871-70c6-47ca-abf6-4b5e4fd82a92', '42f5625b-ee2d-4ff1-bb61-46c0d9b998de', '利未記', 23, NOW() - INTERVAL '12 days'),
  ('9b9c9871-70c6-47ca-abf6-4b5e4fd82a92', '42f5625b-ee2d-4ff1-bb61-46c0d9b998de', '利未記', 24, NOW() - INTERVAL '12 days'),
  ('9b9c9871-70c6-47ca-abf6-4b5e4fd82a92', '42f5625b-ee2d-4ff1-bb61-46c0d9b998de', '利未記', 25, NOW() - INTERVAL '12 days'),
  ('9b9c9871-70c6-47ca-abf6-4b5e4fd82a92', '42f5625b-ee2d-4ff1-bb61-46c0d9b998de', '利未記', 26, NOW() - INTERVAL '11 days'),
  ('9b9c9871-70c6-47ca-abf6-4b5e4fd82a92', '42f5625b-ee2d-4ff1-bb61-46c0d9b998de', '利未記', 27, NOW() - INTERVAL '11 days'),
  ('9b9c9871-70c6-47ca-abf6-4b5e4fd82a92', '42f5625b-ee2d-4ff1-bb61-46c0d9b998de', '路加福音', 1, NOW() - INTERVAL '11 days'),
  ('9b9c9871-70c6-47ca-abf6-4b5e4fd82a92', '42f5625b-ee2d-4ff1-bb61-46c0d9b998de', '路加福音', 2, NOW() - INTERVAL '11 days'),
  ('9b9c9871-70c6-47ca-abf6-4b5e4fd82a92', '42f5625b-ee2d-4ff1-bb61-46c0d9b998de', '路加福音', 3, NOW() - INTERVAL '11 days'),
  ('9b9c9871-70c6-47ca-abf6-4b5e4fd82a92', '42f5625b-ee2d-4ff1-bb61-46c0d9b998de', '路加福音', 4, NOW() - INTERVAL '10 days'),
  ('9b9c9871-70c6-47ca-abf6-4b5e4fd82a92', '42f5625b-ee2d-4ff1-bb61-46c0d9b998de', '路加福音', 5, NOW() - INTERVAL '10 days'),
  ('9b9c9871-70c6-47ca-abf6-4b5e4fd82a92', '42f5625b-ee2d-4ff1-bb61-46c0d9b998de', '路加福音', 6, NOW() - INTERVAL '10 days'),
  ('9b9c9871-70c6-47ca-abf6-4b5e4fd82a92', '42f5625b-ee2d-4ff1-bb61-46c0d9b998de', '路加福音', 7, NOW() - INTERVAL '10 days'),
  ('9b9c9871-70c6-47ca-abf6-4b5e4fd82a92', '42f5625b-ee2d-4ff1-bb61-46c0d9b998de', '路加福音', 8, NOW() - INTERVAL '10 days'),
  ('9b9c9871-70c6-47ca-abf6-4b5e4fd82a92', '42f5625b-ee2d-4ff1-bb61-46c0d9b998de', '路加福音', 9, NOW() - INTERVAL '9 days'),
  ('9b9c9871-70c6-47ca-abf6-4b5e4fd82a92', '42f5625b-ee2d-4ff1-bb61-46c0d9b998de', '路加福音', 10, NOW() - INTERVAL '9 days'),
  ('9b9c9871-70c6-47ca-abf6-4b5e4fd82a92', '42f5625b-ee2d-4ff1-bb61-46c0d9b998de', '路加福音', 11, NOW() - INTERVAL '9 days'),
  ('9b9c9871-70c6-47ca-abf6-4b5e4fd82a92', '42f5625b-ee2d-4ff1-bb61-46c0d9b998de', '路加福音', 12, NOW() - INTERVAL '9 days'),
  ('9b9c9871-70c6-47ca-abf6-4b5e4fd82a92', '42f5625b-ee2d-4ff1-bb61-46c0d9b998de', '路加福音', 13, NOW() - INTERVAL '9 days'),
  ('9b9c9871-70c6-47ca-abf6-4b5e4fd82a92', '42f5625b-ee2d-4ff1-bb61-46c0d9b998de', '路加福音', 14, NOW() - INTERVAL '8 days'),
  ('9b9c9871-70c6-47ca-abf6-4b5e4fd82a92', '42f5625b-ee2d-4ff1-bb61-46c0d9b998de', '路加福音', 15, NOW() - INTERVAL '8 days'),
  ('9b9c9871-70c6-47ca-abf6-4b5e4fd82a92', '42f5625b-ee2d-4ff1-bb61-46c0d9b998de', '路加福音', 16, NOW() - INTERVAL '8 days'),
  ('9b9c9871-70c6-47ca-abf6-4b5e4fd82a92', '42f5625b-ee2d-4ff1-bb61-46c0d9b998de', '路加福音', 17, NOW() - INTERVAL '8 days'),
  ('9b9c9871-70c6-47ca-abf6-4b5e4fd82a92', '42f5625b-ee2d-4ff1-bb61-46c0d9b998de', '路加福音', 18, NOW() - INTERVAL '8 days'),
  ('9b9c9871-70c6-47ca-abf6-4b5e4fd82a92', '42f5625b-ee2d-4ff1-bb61-46c0d9b998de', '路加福音', 19, NOW() - INTERVAL '7 days'),
  ('9b9c9871-70c6-47ca-abf6-4b5e4fd82a92', '42f5625b-ee2d-4ff1-bb61-46c0d9b998de', '路加福音', 20, NOW() - INTERVAL '7 days'),
  ('9b9c9871-70c6-47ca-abf6-4b5e4fd82a92', '42f5625b-ee2d-4ff1-bb61-46c0d9b998de', '路加福音', 21, NOW() - INTERVAL '7 days'),
  ('9b9c9871-70c6-47ca-abf6-4b5e4fd82a92', '42f5625b-ee2d-4ff1-bb61-46c0d9b998de', '路加福音', 22, NOW() - INTERVAL '7 days'),
  ('9b9c9871-70c6-47ca-abf6-4b5e4fd82a92', '42f5625b-ee2d-4ff1-bb61-46c0d9b998de', '路加福音', 23, NOW() - INTERVAL '7 days'),
  ('9b9c9871-70c6-47ca-abf6-4b5e4fd82a92', '42f5625b-ee2d-4ff1-bb61-46c0d9b998de', '路加福音', 24, NOW() - INTERVAL '6 days'),
  ('9b9c9871-70c6-47ca-abf6-4b5e4fd82a92', '42f5625b-ee2d-4ff1-bb61-46c0d9b998de', '歷代志下', 1, NOW() - INTERVAL '6 days'),
  ('9b9c9871-70c6-47ca-abf6-4b5e4fd82a92', '42f5625b-ee2d-4ff1-bb61-46c0d9b998de', '歷代志下', 2, NOW() - INTERVAL '6 days'),
  ('9b9c9871-70c6-47ca-abf6-4b5e4fd82a92', '42f5625b-ee2d-4ff1-bb61-46c0d9b998de', '歷代志下', 3, NOW() - INTERVAL '6 days'),
  ('9b9c9871-70c6-47ca-abf6-4b5e4fd82a92', '42f5625b-ee2d-4ff1-bb61-46c0d9b998de', '歷代志下', 4, NOW() - INTERVAL '6 days'),
  ('9b9c9871-70c6-47ca-abf6-4b5e4fd82a92', '42f5625b-ee2d-4ff1-bb61-46c0d9b998de', '歷代志下', 5, NOW() - INTERVAL '5 days'),
  ('9b9c9871-70c6-47ca-abf6-4b5e4fd82a92', '42f5625b-ee2d-4ff1-bb61-46c0d9b998de', '歷代志下', 6, NOW() - INTERVAL '5 days'),
  ('9b9c9871-70c6-47ca-abf6-4b5e4fd82a92', '42f5625b-ee2d-4ff1-bb61-46c0d9b998de', '歷代志下', 7, NOW() - INTERVAL '5 days'),
  ('9b9c9871-70c6-47ca-abf6-4b5e4fd82a92', '42f5625b-ee2d-4ff1-bb61-46c0d9b998de', '歷代志下', 8, NOW() - INTERVAL '5 days'),
  ('9b9c9871-70c6-47ca-abf6-4b5e4fd82a92', '42f5625b-ee2d-4ff1-bb61-46c0d9b998de', '歷代志下', 9, NOW() - INTERVAL '5 days'),
  ('9b9c9871-70c6-47ca-abf6-4b5e4fd82a92', '42f5625b-ee2d-4ff1-bb61-46c0d9b998de', '歷代志下', 10, NOW() - INTERVAL '4 days'),
  ('9b9c9871-70c6-47ca-abf6-4b5e4fd82a92', '42f5625b-ee2d-4ff1-bb61-46c0d9b998de', '歷代志下', 11, NOW() - INTERVAL '4 days'),
  ('9b9c9871-70c6-47ca-abf6-4b5e4fd82a92', '42f5625b-ee2d-4ff1-bb61-46c0d9b998de', '歷代志下', 12, NOW() - INTERVAL '4 days'),
  ('9b9c9871-70c6-47ca-abf6-4b5e4fd82a92', '42f5625b-ee2d-4ff1-bb61-46c0d9b998de', '歷代志下', 13, NOW() - INTERVAL '4 days'),
  ('9b9c9871-70c6-47ca-abf6-4b5e4fd82a92', '42f5625b-ee2d-4ff1-bb61-46c0d9b998de', '歷代志下', 14, NOW() - INTERVAL '4 days'),
  ('9b9c9871-70c6-47ca-abf6-4b5e4fd82a92', '42f5625b-ee2d-4ff1-bb61-46c0d9b998de', '歷代志下', 15, NOW() - INTERVAL '3 days'),
  ('9b9c9871-70c6-47ca-abf6-4b5e4fd82a92', '42f5625b-ee2d-4ff1-bb61-46c0d9b998de', '歷代志下', 16, NOW() - INTERVAL '3 days'),
  ('9b9c9871-70c6-47ca-abf6-4b5e4fd82a92', '42f5625b-ee2d-4ff1-bb61-46c0d9b998de', '歷代志下', 17, NOW() - INTERVAL '3 days'),
  ('9b9c9871-70c6-47ca-abf6-4b5e4fd82a92', '42f5625b-ee2d-4ff1-bb61-46c0d9b998de', '歷代志下', 18, NOW() - INTERVAL '3 days'),
  ('9b9c9871-70c6-47ca-abf6-4b5e4fd82a92', '42f5625b-ee2d-4ff1-bb61-46c0d9b998de', '歷代志下', 19, NOW() - INTERVAL '3 days'),
  ('9b9c9871-70c6-47ca-abf6-4b5e4fd82a92', '42f5625b-ee2d-4ff1-bb61-46c0d9b998de', '歷代志下', 20, NOW() - INTERVAL '2 days'),
  ('9b9c9871-70c6-47ca-abf6-4b5e4fd82a92', '42f5625b-ee2d-4ff1-bb61-46c0d9b998de', '歷代志下', 21, NOW() - INTERVAL '2 days'),
  ('9b9c9871-70c6-47ca-abf6-4b5e4fd82a92', '42f5625b-ee2d-4ff1-bb61-46c0d9b998de', '歷代志下', 22, NOW() - INTERVAL '2 days'),
  ('9b9c9871-70c6-47ca-abf6-4b5e4fd82a92', '42f5625b-ee2d-4ff1-bb61-46c0d9b998de', '歷代志下', 23, NOW() - INTERVAL '2 days'),
  ('9b9c9871-70c6-47ca-abf6-4b5e4fd82a92', '42f5625b-ee2d-4ff1-bb61-46c0d9b998de', '歷代志下', 24, NOW() - INTERVAL '2 days'),
  ('9b9c9871-70c6-47ca-abf6-4b5e4fd82a92', '42f5625b-ee2d-4ff1-bb61-46c0d9b998de', '歷代志下', 25, NOW() - INTERVAL '1 days'),
  ('9b9c9871-70c6-47ca-abf6-4b5e4fd82a92', '42f5625b-ee2d-4ff1-bb61-46c0d9b998de', '歷代志下', 26, NOW() - INTERVAL '1 days'),
  ('9b9c9871-70c6-47ca-abf6-4b5e4fd82a92', '42f5625b-ee2d-4ff1-bb61-46c0d9b998de', '歷代志下', 27, NOW() - INTERVAL '1 days'),
  ('9b9c9871-70c6-47ca-abf6-4b5e4fd82a92', '42f5625b-ee2d-4ff1-bb61-46c0d9b998de', '歷代志下', 28, NOW() - INTERVAL '1 days'),
  ('9b9c9871-70c6-47ca-abf6-4b5e4fd82a92', '42f5625b-ee2d-4ff1-bb61-46c0d9b998de', '歷代志下', 29, NOW() - INTERVAL '1 days'),
  ('9b9c9871-70c6-47ca-abf6-4b5e4fd82a92', '42f5625b-ee2d-4ff1-bb61-46c0d9b998de', '歷代志下', 30, NOW() - INTERVAL '0 days'),
  ('9b9c9871-70c6-47ca-abf6-4b5e4fd82a92', '42f5625b-ee2d-4ff1-bb61-46c0d9b998de', '歷代志下', 31, NOW() - INTERVAL '0 days'),
  ('9b9c9871-70c6-47ca-abf6-4b5e4fd82a92', '42f5625b-ee2d-4ff1-bb61-46c0d9b998de', '歷代志下', 32, NOW() - INTERVAL '0 days'),
  ('9b9c9871-70c6-47ca-abf6-4b5e4fd82a92', '42f5625b-ee2d-4ff1-bb61-46c0d9b998de', '歷代志下', 33, NOW() - INTERVAL '0 days');

--------------------------------------------------

-- 使用者: 示範組員七
INSERT INTO auth.users (id, email, raw_user_meta_data, created_at, updated_at, instance_id, aud, role, encrypted_password)
VALUES (
  '0dcd771f-8cb8-45e2-a849-b60b98445975',
  '0dcd771f@church-bible.com',
  '{"full_name": "示範組員七"}',
  NOW() - INTERVAL '51 days',
  NOW(),
  '00000000-0000-0000-0000-000000000000',
  'authenticated',
  'authenticated',
  '$2a$10$abcdefghijklmnopqrstuv' -- Dummy bcrypt hash
) ON CONFLICT (id) DO NOTHING;

INSERT INTO public.profiles (id, name, great_region, pastoral_zone, small_group, role, is_demo, updated_at)
VALUES (
  '0dcd771f-8cb8-45e2-a849-b60b98445975',
  '示範組員七',
  '示範大區B',
  '示範牧區戊',
  '示範小組6',
  'member',
  TRUE,
  NOW()
) ON CONFLICT (id) DO NOTHING;

INSERT INTO public.reading_plans (id, user_id, name, start_date, end_date, target_books)
VALUES (
  'd11d4bf8-3927-4f31-8c8b-9c8f8c594796',
  '0dcd771f-8cb8-45e2-a849-b60b98445975',
  '第一季速讀：2026年7月~9月',
  '2026-07-01',
  '2026-09-30',
  ARRAY['創世記', '馬太福音', '列王紀下', '雅各書', '出埃及記', '馬可福音', '約伯記', '加拉太書', '哈巴谷書', '猶大書', '利未記', '路加福音', '歷代志下', '帖撒羅尼迦前書', '約拿書', '約翰二書', '彌迦書', '約翰三書']
) ON CONFLICT (id) DO NOTHING;

INSERT INTO public.reading_logs (user_id, plan_id, book, chapter, read_at)
VALUES
  ('0dcd771f-8cb8-45e2-a849-b60b98445975', 'd11d4bf8-3927-4f31-8c8b-9c8f8c594796', '創世記', 1, NOW() - INTERVAL '30 days'),
  ('0dcd771f-8cb8-45e2-a849-b60b98445975', 'd11d4bf8-3927-4f31-8c8b-9c8f8c594796', '創世記', 2, NOW() - INTERVAL '29 days'),
  ('0dcd771f-8cb8-45e2-a849-b60b98445975', 'd11d4bf8-3927-4f31-8c8b-9c8f8c594796', '創世記', 3, NOW() - INTERVAL '29 days'),
  ('0dcd771f-8cb8-45e2-a849-b60b98445975', 'd11d4bf8-3927-4f31-8c8b-9c8f8c594796', '創世記', 4, NOW() - INTERVAL '29 days'),
  ('0dcd771f-8cb8-45e2-a849-b60b98445975', 'd11d4bf8-3927-4f31-8c8b-9c8f8c594796', '創世記', 5, NOW() - INTERVAL '29 days'),
  ('0dcd771f-8cb8-45e2-a849-b60b98445975', 'd11d4bf8-3927-4f31-8c8b-9c8f8c594796', '創世記', 6, NOW() - INTERVAL '29 days'),
  ('0dcd771f-8cb8-45e2-a849-b60b98445975', 'd11d4bf8-3927-4f31-8c8b-9c8f8c594796', '創世記', 7, NOW() - INTERVAL '28 days'),
  ('0dcd771f-8cb8-45e2-a849-b60b98445975', 'd11d4bf8-3927-4f31-8c8b-9c8f8c594796', '創世記', 8, NOW() - INTERVAL '28 days'),
  ('0dcd771f-8cb8-45e2-a849-b60b98445975', 'd11d4bf8-3927-4f31-8c8b-9c8f8c594796', '創世記', 9, NOW() - INTERVAL '28 days'),
  ('0dcd771f-8cb8-45e2-a849-b60b98445975', 'd11d4bf8-3927-4f31-8c8b-9c8f8c594796', '創世記', 10, NOW() - INTERVAL '28 days'),
  ('0dcd771f-8cb8-45e2-a849-b60b98445975', 'd11d4bf8-3927-4f31-8c8b-9c8f8c594796', '創世記', 11, NOW() - INTERVAL '28 days'),
  ('0dcd771f-8cb8-45e2-a849-b60b98445975', 'd11d4bf8-3927-4f31-8c8b-9c8f8c594796', '創世記', 12, NOW() - INTERVAL '27 days'),
  ('0dcd771f-8cb8-45e2-a849-b60b98445975', 'd11d4bf8-3927-4f31-8c8b-9c8f8c594796', '創世記', 13, NOW() - INTERVAL '27 days'),
  ('0dcd771f-8cb8-45e2-a849-b60b98445975', 'd11d4bf8-3927-4f31-8c8b-9c8f8c594796', '創世記', 14, NOW() - INTERVAL '27 days'),
  ('0dcd771f-8cb8-45e2-a849-b60b98445975', 'd11d4bf8-3927-4f31-8c8b-9c8f8c594796', '創世記', 15, NOW() - INTERVAL '27 days'),
  ('0dcd771f-8cb8-45e2-a849-b60b98445975', 'd11d4bf8-3927-4f31-8c8b-9c8f8c594796', '創世記', 16, NOW() - INTERVAL '27 days'),
  ('0dcd771f-8cb8-45e2-a849-b60b98445975', 'd11d4bf8-3927-4f31-8c8b-9c8f8c594796', '創世記', 17, NOW() - INTERVAL '26 days'),
  ('0dcd771f-8cb8-45e2-a849-b60b98445975', 'd11d4bf8-3927-4f31-8c8b-9c8f8c594796', '創世記', 18, NOW() - INTERVAL '26 days'),
  ('0dcd771f-8cb8-45e2-a849-b60b98445975', 'd11d4bf8-3927-4f31-8c8b-9c8f8c594796', '創世記', 19, NOW() - INTERVAL '26 days'),
  ('0dcd771f-8cb8-45e2-a849-b60b98445975', 'd11d4bf8-3927-4f31-8c8b-9c8f8c594796', '創世記', 20, NOW() - INTERVAL '26 days'),
  ('0dcd771f-8cb8-45e2-a849-b60b98445975', 'd11d4bf8-3927-4f31-8c8b-9c8f8c594796', '創世記', 21, NOW() - INTERVAL '26 days'),
  ('0dcd771f-8cb8-45e2-a849-b60b98445975', 'd11d4bf8-3927-4f31-8c8b-9c8f8c594796', '創世記', 22, NOW() - INTERVAL '25 days'),
  ('0dcd771f-8cb8-45e2-a849-b60b98445975', 'd11d4bf8-3927-4f31-8c8b-9c8f8c594796', '創世記', 23, NOW() - INTERVAL '25 days'),
  ('0dcd771f-8cb8-45e2-a849-b60b98445975', 'd11d4bf8-3927-4f31-8c8b-9c8f8c594796', '創世記', 24, NOW() - INTERVAL '25 days'),
  ('0dcd771f-8cb8-45e2-a849-b60b98445975', 'd11d4bf8-3927-4f31-8c8b-9c8f8c594796', '創世記', 25, NOW() - INTERVAL '25 days'),
  ('0dcd771f-8cb8-45e2-a849-b60b98445975', 'd11d4bf8-3927-4f31-8c8b-9c8f8c594796', '創世記', 26, NOW() - INTERVAL '25 days'),
  ('0dcd771f-8cb8-45e2-a849-b60b98445975', 'd11d4bf8-3927-4f31-8c8b-9c8f8c594796', '創世記', 27, NOW() - INTERVAL '24 days'),
  ('0dcd771f-8cb8-45e2-a849-b60b98445975', 'd11d4bf8-3927-4f31-8c8b-9c8f8c594796', '創世記', 28, NOW() - INTERVAL '24 days'),
  ('0dcd771f-8cb8-45e2-a849-b60b98445975', 'd11d4bf8-3927-4f31-8c8b-9c8f8c594796', '創世記', 29, NOW() - INTERVAL '24 days'),
  ('0dcd771f-8cb8-45e2-a849-b60b98445975', 'd11d4bf8-3927-4f31-8c8b-9c8f8c594796', '創世記', 30, NOW() - INTERVAL '24 days'),
  ('0dcd771f-8cb8-45e2-a849-b60b98445975', 'd11d4bf8-3927-4f31-8c8b-9c8f8c594796', '創世記', 31, NOW() - INTERVAL '24 days'),
  ('0dcd771f-8cb8-45e2-a849-b60b98445975', 'd11d4bf8-3927-4f31-8c8b-9c8f8c594796', '創世記', 32, NOW() - INTERVAL '23 days'),
  ('0dcd771f-8cb8-45e2-a849-b60b98445975', 'd11d4bf8-3927-4f31-8c8b-9c8f8c594796', '創世記', 33, NOW() - INTERVAL '23 days'),
  ('0dcd771f-8cb8-45e2-a849-b60b98445975', 'd11d4bf8-3927-4f31-8c8b-9c8f8c594796', '創世記', 34, NOW() - INTERVAL '23 days'),
  ('0dcd771f-8cb8-45e2-a849-b60b98445975', 'd11d4bf8-3927-4f31-8c8b-9c8f8c594796', '創世記', 35, NOW() - INTERVAL '23 days'),
  ('0dcd771f-8cb8-45e2-a849-b60b98445975', 'd11d4bf8-3927-4f31-8c8b-9c8f8c594796', '創世記', 36, NOW() - INTERVAL '23 days'),
  ('0dcd771f-8cb8-45e2-a849-b60b98445975', 'd11d4bf8-3927-4f31-8c8b-9c8f8c594796', '創世記', 37, NOW() - INTERVAL '22 days'),
  ('0dcd771f-8cb8-45e2-a849-b60b98445975', 'd11d4bf8-3927-4f31-8c8b-9c8f8c594796', '創世記', 38, NOW() - INTERVAL '22 days'),
  ('0dcd771f-8cb8-45e2-a849-b60b98445975', 'd11d4bf8-3927-4f31-8c8b-9c8f8c594796', '創世記', 39, NOW() - INTERVAL '22 days'),
  ('0dcd771f-8cb8-45e2-a849-b60b98445975', 'd11d4bf8-3927-4f31-8c8b-9c8f8c594796', '創世記', 40, NOW() - INTERVAL '22 days'),
  ('0dcd771f-8cb8-45e2-a849-b60b98445975', 'd11d4bf8-3927-4f31-8c8b-9c8f8c594796', '創世記', 41, NOW() - INTERVAL '22 days'),
  ('0dcd771f-8cb8-45e2-a849-b60b98445975', 'd11d4bf8-3927-4f31-8c8b-9c8f8c594796', '創世記', 42, NOW() - INTERVAL '21 days'),
  ('0dcd771f-8cb8-45e2-a849-b60b98445975', 'd11d4bf8-3927-4f31-8c8b-9c8f8c594796', '創世記', 43, NOW() - INTERVAL '21 days'),
  ('0dcd771f-8cb8-45e2-a849-b60b98445975', 'd11d4bf8-3927-4f31-8c8b-9c8f8c594796', '創世記', 44, NOW() - INTERVAL '21 days'),
  ('0dcd771f-8cb8-45e2-a849-b60b98445975', 'd11d4bf8-3927-4f31-8c8b-9c8f8c594796', '創世記', 45, NOW() - INTERVAL '21 days'),
  ('0dcd771f-8cb8-45e2-a849-b60b98445975', 'd11d4bf8-3927-4f31-8c8b-9c8f8c594796', '創世記', 46, NOW() - INTERVAL '21 days'),
  ('0dcd771f-8cb8-45e2-a849-b60b98445975', 'd11d4bf8-3927-4f31-8c8b-9c8f8c594796', '創世記', 47, NOW() - INTERVAL '20 days'),
  ('0dcd771f-8cb8-45e2-a849-b60b98445975', 'd11d4bf8-3927-4f31-8c8b-9c8f8c594796', '創世記', 48, NOW() - INTERVAL '20 days'),
  ('0dcd771f-8cb8-45e2-a849-b60b98445975', 'd11d4bf8-3927-4f31-8c8b-9c8f8c594796', '創世記', 49, NOW() - INTERVAL '20 days'),
  ('0dcd771f-8cb8-45e2-a849-b60b98445975', 'd11d4bf8-3927-4f31-8c8b-9c8f8c594796', '創世記', 50, NOW() - INTERVAL '20 days'),
  ('0dcd771f-8cb8-45e2-a849-b60b98445975', 'd11d4bf8-3927-4f31-8c8b-9c8f8c594796', '馬太福音', 1, NOW() - INTERVAL '20 days'),
  ('0dcd771f-8cb8-45e2-a849-b60b98445975', 'd11d4bf8-3927-4f31-8c8b-9c8f8c594796', '馬太福音', 2, NOW() - INTERVAL '19 days'),
  ('0dcd771f-8cb8-45e2-a849-b60b98445975', 'd11d4bf8-3927-4f31-8c8b-9c8f8c594796', '馬太福音', 3, NOW() - INTERVAL '19 days'),
  ('0dcd771f-8cb8-45e2-a849-b60b98445975', 'd11d4bf8-3927-4f31-8c8b-9c8f8c594796', '馬太福音', 4, NOW() - INTERVAL '19 days'),
  ('0dcd771f-8cb8-45e2-a849-b60b98445975', 'd11d4bf8-3927-4f31-8c8b-9c8f8c594796', '馬太福音', 5, NOW() - INTERVAL '19 days'),
  ('0dcd771f-8cb8-45e2-a849-b60b98445975', 'd11d4bf8-3927-4f31-8c8b-9c8f8c594796', '馬太福音', 6, NOW() - INTERVAL '19 days'),
  ('0dcd771f-8cb8-45e2-a849-b60b98445975', 'd11d4bf8-3927-4f31-8c8b-9c8f8c594796', '馬太福音', 7, NOW() - INTERVAL '18 days'),
  ('0dcd771f-8cb8-45e2-a849-b60b98445975', 'd11d4bf8-3927-4f31-8c8b-9c8f8c594796', '馬太福音', 8, NOW() - INTERVAL '18 days'),
  ('0dcd771f-8cb8-45e2-a849-b60b98445975', 'd11d4bf8-3927-4f31-8c8b-9c8f8c594796', '馬太福音', 9, NOW() - INTERVAL '18 days'),
  ('0dcd771f-8cb8-45e2-a849-b60b98445975', 'd11d4bf8-3927-4f31-8c8b-9c8f8c594796', '馬太福音', 10, NOW() - INTERVAL '18 days'),
  ('0dcd771f-8cb8-45e2-a849-b60b98445975', 'd11d4bf8-3927-4f31-8c8b-9c8f8c594796', '馬太福音', 11, NOW() - INTERVAL '18 days'),
  ('0dcd771f-8cb8-45e2-a849-b60b98445975', 'd11d4bf8-3927-4f31-8c8b-9c8f8c594796', '馬太福音', 12, NOW() - INTERVAL '17 days'),
  ('0dcd771f-8cb8-45e2-a849-b60b98445975', 'd11d4bf8-3927-4f31-8c8b-9c8f8c594796', '馬太福音', 13, NOW() - INTERVAL '17 days'),
  ('0dcd771f-8cb8-45e2-a849-b60b98445975', 'd11d4bf8-3927-4f31-8c8b-9c8f8c594796', '馬太福音', 14, NOW() - INTERVAL '17 days'),
  ('0dcd771f-8cb8-45e2-a849-b60b98445975', 'd11d4bf8-3927-4f31-8c8b-9c8f8c594796', '馬太福音', 15, NOW() - INTERVAL '17 days'),
  ('0dcd771f-8cb8-45e2-a849-b60b98445975', 'd11d4bf8-3927-4f31-8c8b-9c8f8c594796', '馬太福音', 16, NOW() - INTERVAL '17 days'),
  ('0dcd771f-8cb8-45e2-a849-b60b98445975', 'd11d4bf8-3927-4f31-8c8b-9c8f8c594796', '馬太福音', 17, NOW() - INTERVAL '16 days'),
  ('0dcd771f-8cb8-45e2-a849-b60b98445975', 'd11d4bf8-3927-4f31-8c8b-9c8f8c594796', '馬太福音', 18, NOW() - INTERVAL '16 days'),
  ('0dcd771f-8cb8-45e2-a849-b60b98445975', 'd11d4bf8-3927-4f31-8c8b-9c8f8c594796', '馬太福音', 19, NOW() - INTERVAL '16 days'),
  ('0dcd771f-8cb8-45e2-a849-b60b98445975', 'd11d4bf8-3927-4f31-8c8b-9c8f8c594796', '馬太福音', 20, NOW() - INTERVAL '16 days'),
  ('0dcd771f-8cb8-45e2-a849-b60b98445975', 'd11d4bf8-3927-4f31-8c8b-9c8f8c594796', '馬太福音', 21, NOW() - INTERVAL '16 days'),
  ('0dcd771f-8cb8-45e2-a849-b60b98445975', 'd11d4bf8-3927-4f31-8c8b-9c8f8c594796', '馬太福音', 22, NOW() - INTERVAL '15 days'),
  ('0dcd771f-8cb8-45e2-a849-b60b98445975', 'd11d4bf8-3927-4f31-8c8b-9c8f8c594796', '馬太福音', 23, NOW() - INTERVAL '15 days'),
  ('0dcd771f-8cb8-45e2-a849-b60b98445975', 'd11d4bf8-3927-4f31-8c8b-9c8f8c594796', '馬太福音', 24, NOW() - INTERVAL '15 days'),
  ('0dcd771f-8cb8-45e2-a849-b60b98445975', 'd11d4bf8-3927-4f31-8c8b-9c8f8c594796', '馬太福音', 25, NOW() - INTERVAL '15 days'),
  ('0dcd771f-8cb8-45e2-a849-b60b98445975', 'd11d4bf8-3927-4f31-8c8b-9c8f8c594796', '馬太福音', 26, NOW() - INTERVAL '15 days'),
  ('0dcd771f-8cb8-45e2-a849-b60b98445975', 'd11d4bf8-3927-4f31-8c8b-9c8f8c594796', '馬太福音', 27, NOW() - INTERVAL '14 days'),
  ('0dcd771f-8cb8-45e2-a849-b60b98445975', 'd11d4bf8-3927-4f31-8c8b-9c8f8c594796', '馬太福音', 28, NOW() - INTERVAL '14 days'),
  ('0dcd771f-8cb8-45e2-a849-b60b98445975', 'd11d4bf8-3927-4f31-8c8b-9c8f8c594796', '列王紀下', 1, NOW() - INTERVAL '14 days'),
  ('0dcd771f-8cb8-45e2-a849-b60b98445975', 'd11d4bf8-3927-4f31-8c8b-9c8f8c594796', '列王紀下', 2, NOW() - INTERVAL '14 days'),
  ('0dcd771f-8cb8-45e2-a849-b60b98445975', 'd11d4bf8-3927-4f31-8c8b-9c8f8c594796', '列王紀下', 3, NOW() - INTERVAL '14 days'),
  ('0dcd771f-8cb8-45e2-a849-b60b98445975', 'd11d4bf8-3927-4f31-8c8b-9c8f8c594796', '列王紀下', 4, NOW() - INTERVAL '13 days'),
  ('0dcd771f-8cb8-45e2-a849-b60b98445975', 'd11d4bf8-3927-4f31-8c8b-9c8f8c594796', '列王紀下', 5, NOW() - INTERVAL '13 days'),
  ('0dcd771f-8cb8-45e2-a849-b60b98445975', 'd11d4bf8-3927-4f31-8c8b-9c8f8c594796', '列王紀下', 6, NOW() - INTERVAL '13 days'),
  ('0dcd771f-8cb8-45e2-a849-b60b98445975', 'd11d4bf8-3927-4f31-8c8b-9c8f8c594796', '列王紀下', 7, NOW() - INTERVAL '13 days'),
  ('0dcd771f-8cb8-45e2-a849-b60b98445975', 'd11d4bf8-3927-4f31-8c8b-9c8f8c594796', '列王紀下', 8, NOW() - INTERVAL '13 days'),
  ('0dcd771f-8cb8-45e2-a849-b60b98445975', 'd11d4bf8-3927-4f31-8c8b-9c8f8c594796', '列王紀下', 9, NOW() - INTERVAL '12 days'),
  ('0dcd771f-8cb8-45e2-a849-b60b98445975', 'd11d4bf8-3927-4f31-8c8b-9c8f8c594796', '列王紀下', 10, NOW() - INTERVAL '12 days'),
  ('0dcd771f-8cb8-45e2-a849-b60b98445975', 'd11d4bf8-3927-4f31-8c8b-9c8f8c594796', '列王紀下', 11, NOW() - INTERVAL '12 days'),
  ('0dcd771f-8cb8-45e2-a849-b60b98445975', 'd11d4bf8-3927-4f31-8c8b-9c8f8c594796', '列王紀下', 12, NOW() - INTERVAL '12 days'),
  ('0dcd771f-8cb8-45e2-a849-b60b98445975', 'd11d4bf8-3927-4f31-8c8b-9c8f8c594796', '列王紀下', 13, NOW() - INTERVAL '12 days'),
  ('0dcd771f-8cb8-45e2-a849-b60b98445975', 'd11d4bf8-3927-4f31-8c8b-9c8f8c594796', '列王紀下', 14, NOW() - INTERVAL '11 days'),
  ('0dcd771f-8cb8-45e2-a849-b60b98445975', 'd11d4bf8-3927-4f31-8c8b-9c8f8c594796', '列王紀下', 15, NOW() - INTERVAL '11 days'),
  ('0dcd771f-8cb8-45e2-a849-b60b98445975', 'd11d4bf8-3927-4f31-8c8b-9c8f8c594796', '列王紀下', 16, NOW() - INTERVAL '11 days'),
  ('0dcd771f-8cb8-45e2-a849-b60b98445975', 'd11d4bf8-3927-4f31-8c8b-9c8f8c594796', '列王紀下', 17, NOW() - INTERVAL '11 days'),
  ('0dcd771f-8cb8-45e2-a849-b60b98445975', 'd11d4bf8-3927-4f31-8c8b-9c8f8c594796', '列王紀下', 18, NOW() - INTERVAL '11 days'),
  ('0dcd771f-8cb8-45e2-a849-b60b98445975', 'd11d4bf8-3927-4f31-8c8b-9c8f8c594796', '列王紀下', 19, NOW() - INTERVAL '10 days'),
  ('0dcd771f-8cb8-45e2-a849-b60b98445975', 'd11d4bf8-3927-4f31-8c8b-9c8f8c594796', '列王紀下', 20, NOW() - INTERVAL '10 days'),
  ('0dcd771f-8cb8-45e2-a849-b60b98445975', 'd11d4bf8-3927-4f31-8c8b-9c8f8c594796', '列王紀下', 21, NOW() - INTERVAL '10 days'),
  ('0dcd771f-8cb8-45e2-a849-b60b98445975', 'd11d4bf8-3927-4f31-8c8b-9c8f8c594796', '列王紀下', 22, NOW() - INTERVAL '10 days'),
  ('0dcd771f-8cb8-45e2-a849-b60b98445975', 'd11d4bf8-3927-4f31-8c8b-9c8f8c594796', '列王紀下', 23, NOW() - INTERVAL '10 days'),
  ('0dcd771f-8cb8-45e2-a849-b60b98445975', 'd11d4bf8-3927-4f31-8c8b-9c8f8c594796', '列王紀下', 24, NOW() - INTERVAL '9 days'),
  ('0dcd771f-8cb8-45e2-a849-b60b98445975', 'd11d4bf8-3927-4f31-8c8b-9c8f8c594796', '列王紀下', 25, NOW() - INTERVAL '9 days'),
  ('0dcd771f-8cb8-45e2-a849-b60b98445975', 'd11d4bf8-3927-4f31-8c8b-9c8f8c594796', '雅各書', 1, NOW() - INTERVAL '9 days'),
  ('0dcd771f-8cb8-45e2-a849-b60b98445975', 'd11d4bf8-3927-4f31-8c8b-9c8f8c594796', '雅各書', 2, NOW() - INTERVAL '9 days'),
  ('0dcd771f-8cb8-45e2-a849-b60b98445975', 'd11d4bf8-3927-4f31-8c8b-9c8f8c594796', '雅各書', 3, NOW() - INTERVAL '9 days'),
  ('0dcd771f-8cb8-45e2-a849-b60b98445975', 'd11d4bf8-3927-4f31-8c8b-9c8f8c594796', '雅各書', 4, NOW() - INTERVAL '8 days'),
  ('0dcd771f-8cb8-45e2-a849-b60b98445975', 'd11d4bf8-3927-4f31-8c8b-9c8f8c594796', '雅各書', 5, NOW() - INTERVAL '8 days'),
  ('0dcd771f-8cb8-45e2-a849-b60b98445975', 'd11d4bf8-3927-4f31-8c8b-9c8f8c594796', '出埃及記', 1, NOW() - INTERVAL '8 days'),
  ('0dcd771f-8cb8-45e2-a849-b60b98445975', 'd11d4bf8-3927-4f31-8c8b-9c8f8c594796', '出埃及記', 2, NOW() - INTERVAL '8 days'),
  ('0dcd771f-8cb8-45e2-a849-b60b98445975', 'd11d4bf8-3927-4f31-8c8b-9c8f8c594796', '出埃及記', 3, NOW() - INTERVAL '8 days'),
  ('0dcd771f-8cb8-45e2-a849-b60b98445975', 'd11d4bf8-3927-4f31-8c8b-9c8f8c594796', '出埃及記', 4, NOW() - INTERVAL '7 days'),
  ('0dcd771f-8cb8-45e2-a849-b60b98445975', 'd11d4bf8-3927-4f31-8c8b-9c8f8c594796', '出埃及記', 5, NOW() - INTERVAL '7 days'),
  ('0dcd771f-8cb8-45e2-a849-b60b98445975', 'd11d4bf8-3927-4f31-8c8b-9c8f8c594796', '出埃及記', 6, NOW() - INTERVAL '7 days'),
  ('0dcd771f-8cb8-45e2-a849-b60b98445975', 'd11d4bf8-3927-4f31-8c8b-9c8f8c594796', '出埃及記', 7, NOW() - INTERVAL '7 days'),
  ('0dcd771f-8cb8-45e2-a849-b60b98445975', 'd11d4bf8-3927-4f31-8c8b-9c8f8c594796', '出埃及記', 8, NOW() - INTERVAL '7 days'),
  ('0dcd771f-8cb8-45e2-a849-b60b98445975', 'd11d4bf8-3927-4f31-8c8b-9c8f8c594796', '出埃及記', 9, NOW() - INTERVAL '6 days'),
  ('0dcd771f-8cb8-45e2-a849-b60b98445975', 'd11d4bf8-3927-4f31-8c8b-9c8f8c594796', '出埃及記', 10, NOW() - INTERVAL '6 days'),
  ('0dcd771f-8cb8-45e2-a849-b60b98445975', 'd11d4bf8-3927-4f31-8c8b-9c8f8c594796', '出埃及記', 11, NOW() - INTERVAL '6 days'),
  ('0dcd771f-8cb8-45e2-a849-b60b98445975', 'd11d4bf8-3927-4f31-8c8b-9c8f8c594796', '出埃及記', 12, NOW() - INTERVAL '6 days'),
  ('0dcd771f-8cb8-45e2-a849-b60b98445975', 'd11d4bf8-3927-4f31-8c8b-9c8f8c594796', '出埃及記', 13, NOW() - INTERVAL '6 days'),
  ('0dcd771f-8cb8-45e2-a849-b60b98445975', 'd11d4bf8-3927-4f31-8c8b-9c8f8c594796', '出埃及記', 14, NOW() - INTERVAL '5 days'),
  ('0dcd771f-8cb8-45e2-a849-b60b98445975', 'd11d4bf8-3927-4f31-8c8b-9c8f8c594796', '出埃及記', 15, NOW() - INTERVAL '5 days'),
  ('0dcd771f-8cb8-45e2-a849-b60b98445975', 'd11d4bf8-3927-4f31-8c8b-9c8f8c594796', '出埃及記', 16, NOW() - INTERVAL '5 days'),
  ('0dcd771f-8cb8-45e2-a849-b60b98445975', 'd11d4bf8-3927-4f31-8c8b-9c8f8c594796', '出埃及記', 17, NOW() - INTERVAL '5 days'),
  ('0dcd771f-8cb8-45e2-a849-b60b98445975', 'd11d4bf8-3927-4f31-8c8b-9c8f8c594796', '出埃及記', 18, NOW() - INTERVAL '5 days'),
  ('0dcd771f-8cb8-45e2-a849-b60b98445975', 'd11d4bf8-3927-4f31-8c8b-9c8f8c594796', '出埃及記', 19, NOW() - INTERVAL '4 days'),
  ('0dcd771f-8cb8-45e2-a849-b60b98445975', 'd11d4bf8-3927-4f31-8c8b-9c8f8c594796', '出埃及記', 20, NOW() - INTERVAL '4 days'),
  ('0dcd771f-8cb8-45e2-a849-b60b98445975', 'd11d4bf8-3927-4f31-8c8b-9c8f8c594796', '出埃及記', 21, NOW() - INTERVAL '4 days'),
  ('0dcd771f-8cb8-45e2-a849-b60b98445975', 'd11d4bf8-3927-4f31-8c8b-9c8f8c594796', '出埃及記', 22, NOW() - INTERVAL '4 days'),
  ('0dcd771f-8cb8-45e2-a849-b60b98445975', 'd11d4bf8-3927-4f31-8c8b-9c8f8c594796', '出埃及記', 23, NOW() - INTERVAL '4 days'),
  ('0dcd771f-8cb8-45e2-a849-b60b98445975', 'd11d4bf8-3927-4f31-8c8b-9c8f8c594796', '出埃及記', 24, NOW() - INTERVAL '3 days'),
  ('0dcd771f-8cb8-45e2-a849-b60b98445975', 'd11d4bf8-3927-4f31-8c8b-9c8f8c594796', '出埃及記', 25, NOW() - INTERVAL '3 days'),
  ('0dcd771f-8cb8-45e2-a849-b60b98445975', 'd11d4bf8-3927-4f31-8c8b-9c8f8c594796', '出埃及記', 26, NOW() - INTERVAL '3 days'),
  ('0dcd771f-8cb8-45e2-a849-b60b98445975', 'd11d4bf8-3927-4f31-8c8b-9c8f8c594796', '出埃及記', 27, NOW() - INTERVAL '3 days'),
  ('0dcd771f-8cb8-45e2-a849-b60b98445975', 'd11d4bf8-3927-4f31-8c8b-9c8f8c594796', '出埃及記', 28, NOW() - INTERVAL '3 days'),
  ('0dcd771f-8cb8-45e2-a849-b60b98445975', 'd11d4bf8-3927-4f31-8c8b-9c8f8c594796', '出埃及記', 29, NOW() - INTERVAL '2 days'),
  ('0dcd771f-8cb8-45e2-a849-b60b98445975', 'd11d4bf8-3927-4f31-8c8b-9c8f8c594796', '出埃及記', 30, NOW() - INTERVAL '2 days'),
  ('0dcd771f-8cb8-45e2-a849-b60b98445975', 'd11d4bf8-3927-4f31-8c8b-9c8f8c594796', '出埃及記', 31, NOW() - INTERVAL '2 days'),
  ('0dcd771f-8cb8-45e2-a849-b60b98445975', 'd11d4bf8-3927-4f31-8c8b-9c8f8c594796', '出埃及記', 32, NOW() - INTERVAL '2 days'),
  ('0dcd771f-8cb8-45e2-a849-b60b98445975', 'd11d4bf8-3927-4f31-8c8b-9c8f8c594796', '出埃及記', 33, NOW() - INTERVAL '2 days'),
  ('0dcd771f-8cb8-45e2-a849-b60b98445975', 'd11d4bf8-3927-4f31-8c8b-9c8f8c594796', '出埃及記', 34, NOW() - INTERVAL '1 days'),
  ('0dcd771f-8cb8-45e2-a849-b60b98445975', 'd11d4bf8-3927-4f31-8c8b-9c8f8c594796', '出埃及記', 35, NOW() - INTERVAL '1 days'),
  ('0dcd771f-8cb8-45e2-a849-b60b98445975', 'd11d4bf8-3927-4f31-8c8b-9c8f8c594796', '出埃及記', 36, NOW() - INTERVAL '1 days'),
  ('0dcd771f-8cb8-45e2-a849-b60b98445975', 'd11d4bf8-3927-4f31-8c8b-9c8f8c594796', '出埃及記', 37, NOW() - INTERVAL '1 days'),
  ('0dcd771f-8cb8-45e2-a849-b60b98445975', 'd11d4bf8-3927-4f31-8c8b-9c8f8c594796', '出埃及記', 38, NOW() - INTERVAL '1 days'),
  ('0dcd771f-8cb8-45e2-a849-b60b98445975', 'd11d4bf8-3927-4f31-8c8b-9c8f8c594796', '出埃及記', 39, NOW() - INTERVAL '0 days'),
  ('0dcd771f-8cb8-45e2-a849-b60b98445975', 'd11d4bf8-3927-4f31-8c8b-9c8f8c594796', '出埃及記', 40, NOW() - INTERVAL '0 days'),
  ('0dcd771f-8cb8-45e2-a849-b60b98445975', 'd11d4bf8-3927-4f31-8c8b-9c8f8c594796', '馬可福音', 1, NOW() - INTERVAL '0 days'),
  ('0dcd771f-8cb8-45e2-a849-b60b98445975', 'd11d4bf8-3927-4f31-8c8b-9c8f8c594796', '馬可福音', 2, NOW() - INTERVAL '0 days');

--------------------------------------------------

-- 使用者: 示範組員八
INSERT INTO auth.users (id, email, raw_user_meta_data, created_at, updated_at, instance_id, aud, role, encrypted_password)
VALUES (
  '7799bc27-0d12-4e04-961f-b801c996cd9a',
  '7799bc27@church-bible.com',
  '{"full_name": "示範組員八"}',
  NOW() - INTERVAL '21 days',
  NOW(),
  '00000000-0000-0000-0000-000000000000',
  'authenticated',
  'authenticated',
  '$2a$10$abcdefghijklmnopqrstuv' -- Dummy bcrypt hash
) ON CONFLICT (id) DO NOTHING;

INSERT INTO public.profiles (id, name, great_region, pastoral_zone, small_group, role, is_demo, updated_at)
VALUES (
  '7799bc27-0d12-4e04-961f-b801c996cd9a',
  '示範組員八',
  '示範大區B',
  '示範牧區己',
  '示範小組7',
  'member',
  TRUE,
  NOW()
) ON CONFLICT (id) DO NOTHING;

INSERT INTO public.reading_plans (id, user_id, name, start_date, end_date, target_books)
VALUES (
  '79835e0c-a1da-4b62-9028-5042372ba53a',
  '7799bc27-0d12-4e04-961f-b801c996cd9a',
  '第一季速讀：2026年7月~9月',
  '2026-07-01',
  '2026-09-30',
  ARRAY['創世記', '馬太福音', '列王紀下', '雅各書', '出埃及記', '馬可福音', '約伯記', '加拉太書', '哈巴谷書', '猶大書', '利未記', '路加福音', '歷代志下', '帖撒羅尼迦前書', '約拿書', '約翰二書', '彌迦書', '約翰三書']
) ON CONFLICT (id) DO NOTHING;

INSERT INTO public.reading_logs (user_id, plan_id, book, chapter, read_at)
VALUES
  ('7799bc27-0d12-4e04-961f-b801c996cd9a', '79835e0c-a1da-4b62-9028-5042372ba53a', '創世記', 1, NOW() - INTERVAL '124 days'),
  ('7799bc27-0d12-4e04-961f-b801c996cd9a', '79835e0c-a1da-4b62-9028-5042372ba53a', '創世記', 2, NOW() - INTERVAL '123 days'),
  ('7799bc27-0d12-4e04-961f-b801c996cd9a', '79835e0c-a1da-4b62-9028-5042372ba53a', '創世記', 3, NOW() - INTERVAL '123 days'),
  ('7799bc27-0d12-4e04-961f-b801c996cd9a', '79835e0c-a1da-4b62-9028-5042372ba53a', '創世記', 4, NOW() - INTERVAL '123 days'),
  ('7799bc27-0d12-4e04-961f-b801c996cd9a', '79835e0c-a1da-4b62-9028-5042372ba53a', '創世記', 5, NOW() - INTERVAL '123 days'),
  ('7799bc27-0d12-4e04-961f-b801c996cd9a', '79835e0c-a1da-4b62-9028-5042372ba53a', '創世記', 6, NOW() - INTERVAL '123 days'),
  ('7799bc27-0d12-4e04-961f-b801c996cd9a', '79835e0c-a1da-4b62-9028-5042372ba53a', '創世記', 7, NOW() - INTERVAL '122 days'),
  ('7799bc27-0d12-4e04-961f-b801c996cd9a', '79835e0c-a1da-4b62-9028-5042372ba53a', '創世記', 8, NOW() - INTERVAL '122 days'),
  ('7799bc27-0d12-4e04-961f-b801c996cd9a', '79835e0c-a1da-4b62-9028-5042372ba53a', '創世記', 9, NOW() - INTERVAL '122 days'),
  ('7799bc27-0d12-4e04-961f-b801c996cd9a', '79835e0c-a1da-4b62-9028-5042372ba53a', '創世記', 10, NOW() - INTERVAL '122 days'),
  ('7799bc27-0d12-4e04-961f-b801c996cd9a', '79835e0c-a1da-4b62-9028-5042372ba53a', '創世記', 11, NOW() - INTERVAL '122 days'),
  ('7799bc27-0d12-4e04-961f-b801c996cd9a', '79835e0c-a1da-4b62-9028-5042372ba53a', '創世記', 12, NOW() - INTERVAL '121 days'),
  ('7799bc27-0d12-4e04-961f-b801c996cd9a', '79835e0c-a1da-4b62-9028-5042372ba53a', '創世記', 13, NOW() - INTERVAL '121 days'),
  ('7799bc27-0d12-4e04-961f-b801c996cd9a', '79835e0c-a1da-4b62-9028-5042372ba53a', '創世記', 14, NOW() - INTERVAL '121 days'),
  ('7799bc27-0d12-4e04-961f-b801c996cd9a', '79835e0c-a1da-4b62-9028-5042372ba53a', '創世記', 15, NOW() - INTERVAL '121 days'),
  ('7799bc27-0d12-4e04-961f-b801c996cd9a', '79835e0c-a1da-4b62-9028-5042372ba53a', '創世記', 16, NOW() - INTERVAL '121 days'),
  ('7799bc27-0d12-4e04-961f-b801c996cd9a', '79835e0c-a1da-4b62-9028-5042372ba53a', '創世記', 17, NOW() - INTERVAL '120 days'),
  ('7799bc27-0d12-4e04-961f-b801c996cd9a', '79835e0c-a1da-4b62-9028-5042372ba53a', '創世記', 18, NOW() - INTERVAL '120 days'),
  ('7799bc27-0d12-4e04-961f-b801c996cd9a', '79835e0c-a1da-4b62-9028-5042372ba53a', '創世記', 19, NOW() - INTERVAL '120 days'),
  ('7799bc27-0d12-4e04-961f-b801c996cd9a', '79835e0c-a1da-4b62-9028-5042372ba53a', '創世記', 20, NOW() - INTERVAL '120 days'),
  ('7799bc27-0d12-4e04-961f-b801c996cd9a', '79835e0c-a1da-4b62-9028-5042372ba53a', '創世記', 21, NOW() - INTERVAL '120 days'),
  ('7799bc27-0d12-4e04-961f-b801c996cd9a', '79835e0c-a1da-4b62-9028-5042372ba53a', '創世記', 22, NOW() - INTERVAL '119 days'),
  ('7799bc27-0d12-4e04-961f-b801c996cd9a', '79835e0c-a1da-4b62-9028-5042372ba53a', '創世記', 23, NOW() - INTERVAL '119 days'),
  ('7799bc27-0d12-4e04-961f-b801c996cd9a', '79835e0c-a1da-4b62-9028-5042372ba53a', '創世記', 24, NOW() - INTERVAL '119 days'),
  ('7799bc27-0d12-4e04-961f-b801c996cd9a', '79835e0c-a1da-4b62-9028-5042372ba53a', '創世記', 25, NOW() - INTERVAL '119 days'),
  ('7799bc27-0d12-4e04-961f-b801c996cd9a', '79835e0c-a1da-4b62-9028-5042372ba53a', '創世記', 26, NOW() - INTERVAL '119 days'),
  ('7799bc27-0d12-4e04-961f-b801c996cd9a', '79835e0c-a1da-4b62-9028-5042372ba53a', '創世記', 27, NOW() - INTERVAL '118 days'),
  ('7799bc27-0d12-4e04-961f-b801c996cd9a', '79835e0c-a1da-4b62-9028-5042372ba53a', '創世記', 28, NOW() - INTERVAL '118 days'),
  ('7799bc27-0d12-4e04-961f-b801c996cd9a', '79835e0c-a1da-4b62-9028-5042372ba53a', '創世記', 29, NOW() - INTERVAL '118 days'),
  ('7799bc27-0d12-4e04-961f-b801c996cd9a', '79835e0c-a1da-4b62-9028-5042372ba53a', '創世記', 30, NOW() - INTERVAL '118 days'),
  ('7799bc27-0d12-4e04-961f-b801c996cd9a', '79835e0c-a1da-4b62-9028-5042372ba53a', '創世記', 31, NOW() - INTERVAL '118 days'),
  ('7799bc27-0d12-4e04-961f-b801c996cd9a', '79835e0c-a1da-4b62-9028-5042372ba53a', '創世記', 32, NOW() - INTERVAL '117 days'),
  ('7799bc27-0d12-4e04-961f-b801c996cd9a', '79835e0c-a1da-4b62-9028-5042372ba53a', '創世記', 33, NOW() - INTERVAL '117 days'),
  ('7799bc27-0d12-4e04-961f-b801c996cd9a', '79835e0c-a1da-4b62-9028-5042372ba53a', '創世記', 34, NOW() - INTERVAL '117 days'),
  ('7799bc27-0d12-4e04-961f-b801c996cd9a', '79835e0c-a1da-4b62-9028-5042372ba53a', '創世記', 35, NOW() - INTERVAL '117 days'),
  ('7799bc27-0d12-4e04-961f-b801c996cd9a', '79835e0c-a1da-4b62-9028-5042372ba53a', '創世記', 36, NOW() - INTERVAL '117 days'),
  ('7799bc27-0d12-4e04-961f-b801c996cd9a', '79835e0c-a1da-4b62-9028-5042372ba53a', '創世記', 37, NOW() - INTERVAL '116 days'),
  ('7799bc27-0d12-4e04-961f-b801c996cd9a', '79835e0c-a1da-4b62-9028-5042372ba53a', '創世記', 38, NOW() - INTERVAL '116 days'),
  ('7799bc27-0d12-4e04-961f-b801c996cd9a', '79835e0c-a1da-4b62-9028-5042372ba53a', '創世記', 39, NOW() - INTERVAL '116 days'),
  ('7799bc27-0d12-4e04-961f-b801c996cd9a', '79835e0c-a1da-4b62-9028-5042372ba53a', '創世記', 40, NOW() - INTERVAL '116 days'),
  ('7799bc27-0d12-4e04-961f-b801c996cd9a', '79835e0c-a1da-4b62-9028-5042372ba53a', '創世記', 41, NOW() - INTERVAL '116 days'),
  ('7799bc27-0d12-4e04-961f-b801c996cd9a', '79835e0c-a1da-4b62-9028-5042372ba53a', '創世記', 42, NOW() - INTERVAL '115 days'),
  ('7799bc27-0d12-4e04-961f-b801c996cd9a', '79835e0c-a1da-4b62-9028-5042372ba53a', '創世記', 43, NOW() - INTERVAL '115 days'),
  ('7799bc27-0d12-4e04-961f-b801c996cd9a', '79835e0c-a1da-4b62-9028-5042372ba53a', '創世記', 44, NOW() - INTERVAL '115 days'),
  ('7799bc27-0d12-4e04-961f-b801c996cd9a', '79835e0c-a1da-4b62-9028-5042372ba53a', '創世記', 45, NOW() - INTERVAL '115 days'),
  ('7799bc27-0d12-4e04-961f-b801c996cd9a', '79835e0c-a1da-4b62-9028-5042372ba53a', '創世記', 46, NOW() - INTERVAL '115 days'),
  ('7799bc27-0d12-4e04-961f-b801c996cd9a', '79835e0c-a1da-4b62-9028-5042372ba53a', '創世記', 47, NOW() - INTERVAL '114 days'),
  ('7799bc27-0d12-4e04-961f-b801c996cd9a', '79835e0c-a1da-4b62-9028-5042372ba53a', '創世記', 48, NOW() - INTERVAL '114 days'),
  ('7799bc27-0d12-4e04-961f-b801c996cd9a', '79835e0c-a1da-4b62-9028-5042372ba53a', '創世記', 49, NOW() - INTERVAL '114 days'),
  ('7799bc27-0d12-4e04-961f-b801c996cd9a', '79835e0c-a1da-4b62-9028-5042372ba53a', '創世記', 50, NOW() - INTERVAL '114 days'),
  ('7799bc27-0d12-4e04-961f-b801c996cd9a', '79835e0c-a1da-4b62-9028-5042372ba53a', '馬太福音', 1, NOW() - INTERVAL '114 days'),
  ('7799bc27-0d12-4e04-961f-b801c996cd9a', '79835e0c-a1da-4b62-9028-5042372ba53a', '馬太福音', 2, NOW() - INTERVAL '113 days'),
  ('7799bc27-0d12-4e04-961f-b801c996cd9a', '79835e0c-a1da-4b62-9028-5042372ba53a', '馬太福音', 3, NOW() - INTERVAL '113 days'),
  ('7799bc27-0d12-4e04-961f-b801c996cd9a', '79835e0c-a1da-4b62-9028-5042372ba53a', '馬太福音', 4, NOW() - INTERVAL '113 days'),
  ('7799bc27-0d12-4e04-961f-b801c996cd9a', '79835e0c-a1da-4b62-9028-5042372ba53a', '馬太福音', 5, NOW() - INTERVAL '113 days'),
  ('7799bc27-0d12-4e04-961f-b801c996cd9a', '79835e0c-a1da-4b62-9028-5042372ba53a', '馬太福音', 6, NOW() - INTERVAL '113 days'),
  ('7799bc27-0d12-4e04-961f-b801c996cd9a', '79835e0c-a1da-4b62-9028-5042372ba53a', '馬太福音', 7, NOW() - INTERVAL '112 days'),
  ('7799bc27-0d12-4e04-961f-b801c996cd9a', '79835e0c-a1da-4b62-9028-5042372ba53a', '馬太福音', 8, NOW() - INTERVAL '112 days'),
  ('7799bc27-0d12-4e04-961f-b801c996cd9a', '79835e0c-a1da-4b62-9028-5042372ba53a', '馬太福音', 9, NOW() - INTERVAL '112 days'),
  ('7799bc27-0d12-4e04-961f-b801c996cd9a', '79835e0c-a1da-4b62-9028-5042372ba53a', '馬太福音', 10, NOW() - INTERVAL '112 days'),
  ('7799bc27-0d12-4e04-961f-b801c996cd9a', '79835e0c-a1da-4b62-9028-5042372ba53a', '馬太福音', 11, NOW() - INTERVAL '112 days'),
  ('7799bc27-0d12-4e04-961f-b801c996cd9a', '79835e0c-a1da-4b62-9028-5042372ba53a', '馬太福音', 12, NOW() - INTERVAL '111 days'),
  ('7799bc27-0d12-4e04-961f-b801c996cd9a', '79835e0c-a1da-4b62-9028-5042372ba53a', '馬太福音', 13, NOW() - INTERVAL '111 days'),
  ('7799bc27-0d12-4e04-961f-b801c996cd9a', '79835e0c-a1da-4b62-9028-5042372ba53a', '馬太福音', 14, NOW() - INTERVAL '111 days'),
  ('7799bc27-0d12-4e04-961f-b801c996cd9a', '79835e0c-a1da-4b62-9028-5042372ba53a', '馬太福音', 15, NOW() - INTERVAL '111 days'),
  ('7799bc27-0d12-4e04-961f-b801c996cd9a', '79835e0c-a1da-4b62-9028-5042372ba53a', '馬太福音', 16, NOW() - INTERVAL '111 days'),
  ('7799bc27-0d12-4e04-961f-b801c996cd9a', '79835e0c-a1da-4b62-9028-5042372ba53a', '馬太福音', 17, NOW() - INTERVAL '110 days'),
  ('7799bc27-0d12-4e04-961f-b801c996cd9a', '79835e0c-a1da-4b62-9028-5042372ba53a', '馬太福音', 18, NOW() - INTERVAL '110 days'),
  ('7799bc27-0d12-4e04-961f-b801c996cd9a', '79835e0c-a1da-4b62-9028-5042372ba53a', '馬太福音', 19, NOW() - INTERVAL '110 days'),
  ('7799bc27-0d12-4e04-961f-b801c996cd9a', '79835e0c-a1da-4b62-9028-5042372ba53a', '馬太福音', 20, NOW() - INTERVAL '110 days'),
  ('7799bc27-0d12-4e04-961f-b801c996cd9a', '79835e0c-a1da-4b62-9028-5042372ba53a', '馬太福音', 21, NOW() - INTERVAL '110 days'),
  ('7799bc27-0d12-4e04-961f-b801c996cd9a', '79835e0c-a1da-4b62-9028-5042372ba53a', '馬太福音', 22, NOW() - INTERVAL '109 days'),
  ('7799bc27-0d12-4e04-961f-b801c996cd9a', '79835e0c-a1da-4b62-9028-5042372ba53a', '馬太福音', 23, NOW() - INTERVAL '109 days'),
  ('7799bc27-0d12-4e04-961f-b801c996cd9a', '79835e0c-a1da-4b62-9028-5042372ba53a', '馬太福音', 24, NOW() - INTERVAL '109 days'),
  ('7799bc27-0d12-4e04-961f-b801c996cd9a', '79835e0c-a1da-4b62-9028-5042372ba53a', '馬太福音', 25, NOW() - INTERVAL '109 days'),
  ('7799bc27-0d12-4e04-961f-b801c996cd9a', '79835e0c-a1da-4b62-9028-5042372ba53a', '馬太福音', 26, NOW() - INTERVAL '109 days'),
  ('7799bc27-0d12-4e04-961f-b801c996cd9a', '79835e0c-a1da-4b62-9028-5042372ba53a', '馬太福音', 27, NOW() - INTERVAL '108 days'),
  ('7799bc27-0d12-4e04-961f-b801c996cd9a', '79835e0c-a1da-4b62-9028-5042372ba53a', '馬太福音', 28, NOW() - INTERVAL '108 days'),
  ('7799bc27-0d12-4e04-961f-b801c996cd9a', '79835e0c-a1da-4b62-9028-5042372ba53a', '列王紀下', 1, NOW() - INTERVAL '108 days'),
  ('7799bc27-0d12-4e04-961f-b801c996cd9a', '79835e0c-a1da-4b62-9028-5042372ba53a', '列王紀下', 2, NOW() - INTERVAL '108 days'),
  ('7799bc27-0d12-4e04-961f-b801c996cd9a', '79835e0c-a1da-4b62-9028-5042372ba53a', '列王紀下', 3, NOW() - INTERVAL '108 days'),
  ('7799bc27-0d12-4e04-961f-b801c996cd9a', '79835e0c-a1da-4b62-9028-5042372ba53a', '列王紀下', 4, NOW() - INTERVAL '107 days'),
  ('7799bc27-0d12-4e04-961f-b801c996cd9a', '79835e0c-a1da-4b62-9028-5042372ba53a', '列王紀下', 5, NOW() - INTERVAL '107 days'),
  ('7799bc27-0d12-4e04-961f-b801c996cd9a', '79835e0c-a1da-4b62-9028-5042372ba53a', '列王紀下', 6, NOW() - INTERVAL '107 days'),
  ('7799bc27-0d12-4e04-961f-b801c996cd9a', '79835e0c-a1da-4b62-9028-5042372ba53a', '列王紀下', 7, NOW() - INTERVAL '107 days'),
  ('7799bc27-0d12-4e04-961f-b801c996cd9a', '79835e0c-a1da-4b62-9028-5042372ba53a', '列王紀下', 8, NOW() - INTERVAL '107 days'),
  ('7799bc27-0d12-4e04-961f-b801c996cd9a', '79835e0c-a1da-4b62-9028-5042372ba53a', '列王紀下', 9, NOW() - INTERVAL '106 days'),
  ('7799bc27-0d12-4e04-961f-b801c996cd9a', '79835e0c-a1da-4b62-9028-5042372ba53a', '列王紀下', 10, NOW() - INTERVAL '106 days'),
  ('7799bc27-0d12-4e04-961f-b801c996cd9a', '79835e0c-a1da-4b62-9028-5042372ba53a', '列王紀下', 11, NOW() - INTERVAL '106 days'),
  ('7799bc27-0d12-4e04-961f-b801c996cd9a', '79835e0c-a1da-4b62-9028-5042372ba53a', '列王紀下', 12, NOW() - INTERVAL '106 days'),
  ('7799bc27-0d12-4e04-961f-b801c996cd9a', '79835e0c-a1da-4b62-9028-5042372ba53a', '列王紀下', 13, NOW() - INTERVAL '106 days'),
  ('7799bc27-0d12-4e04-961f-b801c996cd9a', '79835e0c-a1da-4b62-9028-5042372ba53a', '列王紀下', 14, NOW() - INTERVAL '105 days'),
  ('7799bc27-0d12-4e04-961f-b801c996cd9a', '79835e0c-a1da-4b62-9028-5042372ba53a', '列王紀下', 15, NOW() - INTERVAL '105 days'),
  ('7799bc27-0d12-4e04-961f-b801c996cd9a', '79835e0c-a1da-4b62-9028-5042372ba53a', '列王紀下', 16, NOW() - INTERVAL '105 days'),
  ('7799bc27-0d12-4e04-961f-b801c996cd9a', '79835e0c-a1da-4b62-9028-5042372ba53a', '列王紀下', 17, NOW() - INTERVAL '105 days'),
  ('7799bc27-0d12-4e04-961f-b801c996cd9a', '79835e0c-a1da-4b62-9028-5042372ba53a', '列王紀下', 18, NOW() - INTERVAL '105 days'),
  ('7799bc27-0d12-4e04-961f-b801c996cd9a', '79835e0c-a1da-4b62-9028-5042372ba53a', '列王紀下', 19, NOW() - INTERVAL '104 days'),
  ('7799bc27-0d12-4e04-961f-b801c996cd9a', '79835e0c-a1da-4b62-9028-5042372ba53a', '列王紀下', 20, NOW() - INTERVAL '104 days'),
  ('7799bc27-0d12-4e04-961f-b801c996cd9a', '79835e0c-a1da-4b62-9028-5042372ba53a', '列王紀下', 21, NOW() - INTERVAL '104 days'),
  ('7799bc27-0d12-4e04-961f-b801c996cd9a', '79835e0c-a1da-4b62-9028-5042372ba53a', '列王紀下', 22, NOW() - INTERVAL '104 days'),
  ('7799bc27-0d12-4e04-961f-b801c996cd9a', '79835e0c-a1da-4b62-9028-5042372ba53a', '列王紀下', 23, NOW() - INTERVAL '104 days'),
  ('7799bc27-0d12-4e04-961f-b801c996cd9a', '79835e0c-a1da-4b62-9028-5042372ba53a', '列王紀下', 24, NOW() - INTERVAL '103 days'),
  ('7799bc27-0d12-4e04-961f-b801c996cd9a', '79835e0c-a1da-4b62-9028-5042372ba53a', '列王紀下', 25, NOW() - INTERVAL '103 days'),
  ('7799bc27-0d12-4e04-961f-b801c996cd9a', '79835e0c-a1da-4b62-9028-5042372ba53a', '雅各書', 1, NOW() - INTERVAL '103 days'),
  ('7799bc27-0d12-4e04-961f-b801c996cd9a', '79835e0c-a1da-4b62-9028-5042372ba53a', '雅各書', 2, NOW() - INTERVAL '103 days'),
  ('7799bc27-0d12-4e04-961f-b801c996cd9a', '79835e0c-a1da-4b62-9028-5042372ba53a', '雅各書', 3, NOW() - INTERVAL '103 days'),
  ('7799bc27-0d12-4e04-961f-b801c996cd9a', '79835e0c-a1da-4b62-9028-5042372ba53a', '雅各書', 4, NOW() - INTERVAL '102 days'),
  ('7799bc27-0d12-4e04-961f-b801c996cd9a', '79835e0c-a1da-4b62-9028-5042372ba53a', '雅各書', 5, NOW() - INTERVAL '102 days'),
  ('7799bc27-0d12-4e04-961f-b801c996cd9a', '79835e0c-a1da-4b62-9028-5042372ba53a', '出埃及記', 1, NOW() - INTERVAL '102 days'),
  ('7799bc27-0d12-4e04-961f-b801c996cd9a', '79835e0c-a1da-4b62-9028-5042372ba53a', '出埃及記', 2, NOW() - INTERVAL '102 days'),
  ('7799bc27-0d12-4e04-961f-b801c996cd9a', '79835e0c-a1da-4b62-9028-5042372ba53a', '出埃及記', 3, NOW() - INTERVAL '102 days'),
  ('7799bc27-0d12-4e04-961f-b801c996cd9a', '79835e0c-a1da-4b62-9028-5042372ba53a', '出埃及記', 4, NOW() - INTERVAL '101 days'),
  ('7799bc27-0d12-4e04-961f-b801c996cd9a', '79835e0c-a1da-4b62-9028-5042372ba53a', '出埃及記', 5, NOW() - INTERVAL '101 days'),
  ('7799bc27-0d12-4e04-961f-b801c996cd9a', '79835e0c-a1da-4b62-9028-5042372ba53a', '出埃及記', 6, NOW() - INTERVAL '101 days'),
  ('7799bc27-0d12-4e04-961f-b801c996cd9a', '79835e0c-a1da-4b62-9028-5042372ba53a', '出埃及記', 7, NOW() - INTERVAL '101 days'),
  ('7799bc27-0d12-4e04-961f-b801c996cd9a', '79835e0c-a1da-4b62-9028-5042372ba53a', '出埃及記', 8, NOW() - INTERVAL '101 days'),
  ('7799bc27-0d12-4e04-961f-b801c996cd9a', '79835e0c-a1da-4b62-9028-5042372ba53a', '出埃及記', 9, NOW() - INTERVAL '100 days'),
  ('7799bc27-0d12-4e04-961f-b801c996cd9a', '79835e0c-a1da-4b62-9028-5042372ba53a', '出埃及記', 10, NOW() - INTERVAL '100 days'),
  ('7799bc27-0d12-4e04-961f-b801c996cd9a', '79835e0c-a1da-4b62-9028-5042372ba53a', '出埃及記', 11, NOW() - INTERVAL '100 days'),
  ('7799bc27-0d12-4e04-961f-b801c996cd9a', '79835e0c-a1da-4b62-9028-5042372ba53a', '出埃及記', 12, NOW() - INTERVAL '100 days'),
  ('7799bc27-0d12-4e04-961f-b801c996cd9a', '79835e0c-a1da-4b62-9028-5042372ba53a', '出埃及記', 13, NOW() - INTERVAL '100 days'),
  ('7799bc27-0d12-4e04-961f-b801c996cd9a', '79835e0c-a1da-4b62-9028-5042372ba53a', '出埃及記', 14, NOW() - INTERVAL '99 days'),
  ('7799bc27-0d12-4e04-961f-b801c996cd9a', '79835e0c-a1da-4b62-9028-5042372ba53a', '出埃及記', 15, NOW() - INTERVAL '99 days'),
  ('7799bc27-0d12-4e04-961f-b801c996cd9a', '79835e0c-a1da-4b62-9028-5042372ba53a', '出埃及記', 16, NOW() - INTERVAL '99 days'),
  ('7799bc27-0d12-4e04-961f-b801c996cd9a', '79835e0c-a1da-4b62-9028-5042372ba53a', '出埃及記', 17, NOW() - INTERVAL '99 days'),
  ('7799bc27-0d12-4e04-961f-b801c996cd9a', '79835e0c-a1da-4b62-9028-5042372ba53a', '出埃及記', 18, NOW() - INTERVAL '99 days'),
  ('7799bc27-0d12-4e04-961f-b801c996cd9a', '79835e0c-a1da-4b62-9028-5042372ba53a', '出埃及記', 19, NOW() - INTERVAL '98 days'),
  ('7799bc27-0d12-4e04-961f-b801c996cd9a', '79835e0c-a1da-4b62-9028-5042372ba53a', '出埃及記', 20, NOW() - INTERVAL '98 days'),
  ('7799bc27-0d12-4e04-961f-b801c996cd9a', '79835e0c-a1da-4b62-9028-5042372ba53a', '出埃及記', 21, NOW() - INTERVAL '98 days'),
  ('7799bc27-0d12-4e04-961f-b801c996cd9a', '79835e0c-a1da-4b62-9028-5042372ba53a', '出埃及記', 22, NOW() - INTERVAL '98 days'),
  ('7799bc27-0d12-4e04-961f-b801c996cd9a', '79835e0c-a1da-4b62-9028-5042372ba53a', '出埃及記', 23, NOW() - INTERVAL '98 days'),
  ('7799bc27-0d12-4e04-961f-b801c996cd9a', '79835e0c-a1da-4b62-9028-5042372ba53a', '出埃及記', 24, NOW() - INTERVAL '97 days'),
  ('7799bc27-0d12-4e04-961f-b801c996cd9a', '79835e0c-a1da-4b62-9028-5042372ba53a', '出埃及記', 25, NOW() - INTERVAL '97 days'),
  ('7799bc27-0d12-4e04-961f-b801c996cd9a', '79835e0c-a1da-4b62-9028-5042372ba53a', '出埃及記', 26, NOW() - INTERVAL '97 days'),
  ('7799bc27-0d12-4e04-961f-b801c996cd9a', '79835e0c-a1da-4b62-9028-5042372ba53a', '出埃及記', 27, NOW() - INTERVAL '97 days'),
  ('7799bc27-0d12-4e04-961f-b801c996cd9a', '79835e0c-a1da-4b62-9028-5042372ba53a', '出埃及記', 28, NOW() - INTERVAL '97 days'),
  ('7799bc27-0d12-4e04-961f-b801c996cd9a', '79835e0c-a1da-4b62-9028-5042372ba53a', '出埃及記', 29, NOW() - INTERVAL '96 days'),
  ('7799bc27-0d12-4e04-961f-b801c996cd9a', '79835e0c-a1da-4b62-9028-5042372ba53a', '出埃及記', 30, NOW() - INTERVAL '96 days'),
  ('7799bc27-0d12-4e04-961f-b801c996cd9a', '79835e0c-a1da-4b62-9028-5042372ba53a', '出埃及記', 31, NOW() - INTERVAL '96 days'),
  ('7799bc27-0d12-4e04-961f-b801c996cd9a', '79835e0c-a1da-4b62-9028-5042372ba53a', '出埃及記', 32, NOW() - INTERVAL '96 days'),
  ('7799bc27-0d12-4e04-961f-b801c996cd9a', '79835e0c-a1da-4b62-9028-5042372ba53a', '出埃及記', 33, NOW() - INTERVAL '96 days'),
  ('7799bc27-0d12-4e04-961f-b801c996cd9a', '79835e0c-a1da-4b62-9028-5042372ba53a', '出埃及記', 34, NOW() - INTERVAL '95 days'),
  ('7799bc27-0d12-4e04-961f-b801c996cd9a', '79835e0c-a1da-4b62-9028-5042372ba53a', '出埃及記', 35, NOW() - INTERVAL '95 days'),
  ('7799bc27-0d12-4e04-961f-b801c996cd9a', '79835e0c-a1da-4b62-9028-5042372ba53a', '出埃及記', 36, NOW() - INTERVAL '95 days'),
  ('7799bc27-0d12-4e04-961f-b801c996cd9a', '79835e0c-a1da-4b62-9028-5042372ba53a', '出埃及記', 37, NOW() - INTERVAL '95 days'),
  ('7799bc27-0d12-4e04-961f-b801c996cd9a', '79835e0c-a1da-4b62-9028-5042372ba53a', '出埃及記', 38, NOW() - INTERVAL '95 days'),
  ('7799bc27-0d12-4e04-961f-b801c996cd9a', '79835e0c-a1da-4b62-9028-5042372ba53a', '出埃及記', 39, NOW() - INTERVAL '94 days'),
  ('7799bc27-0d12-4e04-961f-b801c996cd9a', '79835e0c-a1da-4b62-9028-5042372ba53a', '出埃及記', 40, NOW() - INTERVAL '94 days'),
  ('7799bc27-0d12-4e04-961f-b801c996cd9a', '79835e0c-a1da-4b62-9028-5042372ba53a', '馬可福音', 1, NOW() - INTERVAL '94 days'),
  ('7799bc27-0d12-4e04-961f-b801c996cd9a', '79835e0c-a1da-4b62-9028-5042372ba53a', '馬可福音', 2, NOW() - INTERVAL '94 days'),
  ('7799bc27-0d12-4e04-961f-b801c996cd9a', '79835e0c-a1da-4b62-9028-5042372ba53a', '馬可福音', 3, NOW() - INTERVAL '94 days'),
  ('7799bc27-0d12-4e04-961f-b801c996cd9a', '79835e0c-a1da-4b62-9028-5042372ba53a', '馬可福音', 4, NOW() - INTERVAL '93 days'),
  ('7799bc27-0d12-4e04-961f-b801c996cd9a', '79835e0c-a1da-4b62-9028-5042372ba53a', '馬可福音', 5, NOW() - INTERVAL '93 days'),
  ('7799bc27-0d12-4e04-961f-b801c996cd9a', '79835e0c-a1da-4b62-9028-5042372ba53a', '馬可福音', 6, NOW() - INTERVAL '93 days'),
  ('7799bc27-0d12-4e04-961f-b801c996cd9a', '79835e0c-a1da-4b62-9028-5042372ba53a', '馬可福音', 7, NOW() - INTERVAL '93 days'),
  ('7799bc27-0d12-4e04-961f-b801c996cd9a', '79835e0c-a1da-4b62-9028-5042372ba53a', '馬可福音', 8, NOW() - INTERVAL '93 days'),
  ('7799bc27-0d12-4e04-961f-b801c996cd9a', '79835e0c-a1da-4b62-9028-5042372ba53a', '馬可福音', 9, NOW() - INTERVAL '92 days'),
  ('7799bc27-0d12-4e04-961f-b801c996cd9a', '79835e0c-a1da-4b62-9028-5042372ba53a', '馬可福音', 10, NOW() - INTERVAL '92 days'),
  ('7799bc27-0d12-4e04-961f-b801c996cd9a', '79835e0c-a1da-4b62-9028-5042372ba53a', '馬可福音', 11, NOW() - INTERVAL '92 days'),
  ('7799bc27-0d12-4e04-961f-b801c996cd9a', '79835e0c-a1da-4b62-9028-5042372ba53a', '馬可福音', 12, NOW() - INTERVAL '92 days'),
  ('7799bc27-0d12-4e04-961f-b801c996cd9a', '79835e0c-a1da-4b62-9028-5042372ba53a', '馬可福音', 13, NOW() - INTERVAL '92 days'),
  ('7799bc27-0d12-4e04-961f-b801c996cd9a', '79835e0c-a1da-4b62-9028-5042372ba53a', '馬可福音', 14, NOW() - INTERVAL '91 days'),
  ('7799bc27-0d12-4e04-961f-b801c996cd9a', '79835e0c-a1da-4b62-9028-5042372ba53a', '馬可福音', 15, NOW() - INTERVAL '91 days'),
  ('7799bc27-0d12-4e04-961f-b801c996cd9a', '79835e0c-a1da-4b62-9028-5042372ba53a', '馬可福音', 16, NOW() - INTERVAL '91 days'),
  ('7799bc27-0d12-4e04-961f-b801c996cd9a', '79835e0c-a1da-4b62-9028-5042372ba53a', '約伯記', 1, NOW() - INTERVAL '91 days'),
  ('7799bc27-0d12-4e04-961f-b801c996cd9a', '79835e0c-a1da-4b62-9028-5042372ba53a', '約伯記', 2, NOW() - INTERVAL '91 days'),
  ('7799bc27-0d12-4e04-961f-b801c996cd9a', '79835e0c-a1da-4b62-9028-5042372ba53a', '約伯記', 3, NOW() - INTERVAL '90 days'),
  ('7799bc27-0d12-4e04-961f-b801c996cd9a', '79835e0c-a1da-4b62-9028-5042372ba53a', '約伯記', 4, NOW() - INTERVAL '90 days'),
  ('7799bc27-0d12-4e04-961f-b801c996cd9a', '79835e0c-a1da-4b62-9028-5042372ba53a', '約伯記', 5, NOW() - INTERVAL '90 days'),
  ('7799bc27-0d12-4e04-961f-b801c996cd9a', '79835e0c-a1da-4b62-9028-5042372ba53a', '約伯記', 6, NOW() - INTERVAL '90 days'),
  ('7799bc27-0d12-4e04-961f-b801c996cd9a', '79835e0c-a1da-4b62-9028-5042372ba53a', '約伯記', 7, NOW() - INTERVAL '90 days'),
  ('7799bc27-0d12-4e04-961f-b801c996cd9a', '79835e0c-a1da-4b62-9028-5042372ba53a', '約伯記', 8, NOW() - INTERVAL '89 days'),
  ('7799bc27-0d12-4e04-961f-b801c996cd9a', '79835e0c-a1da-4b62-9028-5042372ba53a', '約伯記', 9, NOW() - INTERVAL '89 days'),
  ('7799bc27-0d12-4e04-961f-b801c996cd9a', '79835e0c-a1da-4b62-9028-5042372ba53a', '約伯記', 10, NOW() - INTERVAL '89 days'),
  ('7799bc27-0d12-4e04-961f-b801c996cd9a', '79835e0c-a1da-4b62-9028-5042372ba53a', '約伯記', 11, NOW() - INTERVAL '89 days'),
  ('7799bc27-0d12-4e04-961f-b801c996cd9a', '79835e0c-a1da-4b62-9028-5042372ba53a', '約伯記', 12, NOW() - INTERVAL '89 days'),
  ('7799bc27-0d12-4e04-961f-b801c996cd9a', '79835e0c-a1da-4b62-9028-5042372ba53a', '約伯記', 13, NOW() - INTERVAL '88 days'),
  ('7799bc27-0d12-4e04-961f-b801c996cd9a', '79835e0c-a1da-4b62-9028-5042372ba53a', '約伯記', 14, NOW() - INTERVAL '88 days'),
  ('7799bc27-0d12-4e04-961f-b801c996cd9a', '79835e0c-a1da-4b62-9028-5042372ba53a', '約伯記', 15, NOW() - INTERVAL '88 days'),
  ('7799bc27-0d12-4e04-961f-b801c996cd9a', '79835e0c-a1da-4b62-9028-5042372ba53a', '約伯記', 16, NOW() - INTERVAL '88 days'),
  ('7799bc27-0d12-4e04-961f-b801c996cd9a', '79835e0c-a1da-4b62-9028-5042372ba53a', '約伯記', 17, NOW() - INTERVAL '88 days'),
  ('7799bc27-0d12-4e04-961f-b801c996cd9a', '79835e0c-a1da-4b62-9028-5042372ba53a', '約伯記', 18, NOW() - INTERVAL '87 days'),
  ('7799bc27-0d12-4e04-961f-b801c996cd9a', '79835e0c-a1da-4b62-9028-5042372ba53a', '約伯記', 19, NOW() - INTERVAL '87 days'),
  ('7799bc27-0d12-4e04-961f-b801c996cd9a', '79835e0c-a1da-4b62-9028-5042372ba53a', '約伯記', 20, NOW() - INTERVAL '87 days'),
  ('7799bc27-0d12-4e04-961f-b801c996cd9a', '79835e0c-a1da-4b62-9028-5042372ba53a', '約伯記', 21, NOW() - INTERVAL '87 days'),
  ('7799bc27-0d12-4e04-961f-b801c996cd9a', '79835e0c-a1da-4b62-9028-5042372ba53a', '約伯記', 22, NOW() - INTERVAL '87 days'),
  ('7799bc27-0d12-4e04-961f-b801c996cd9a', '79835e0c-a1da-4b62-9028-5042372ba53a', '約伯記', 23, NOW() - INTERVAL '86 days'),
  ('7799bc27-0d12-4e04-961f-b801c996cd9a', '79835e0c-a1da-4b62-9028-5042372ba53a', '約伯記', 24, NOW() - INTERVAL '86 days'),
  ('7799bc27-0d12-4e04-961f-b801c996cd9a', '79835e0c-a1da-4b62-9028-5042372ba53a', '約伯記', 25, NOW() - INTERVAL '86 days'),
  ('7799bc27-0d12-4e04-961f-b801c996cd9a', '79835e0c-a1da-4b62-9028-5042372ba53a', '約伯記', 26, NOW() - INTERVAL '86 days'),
  ('7799bc27-0d12-4e04-961f-b801c996cd9a', '79835e0c-a1da-4b62-9028-5042372ba53a', '約伯記', 27, NOW() - INTERVAL '86 days'),
  ('7799bc27-0d12-4e04-961f-b801c996cd9a', '79835e0c-a1da-4b62-9028-5042372ba53a', '約伯記', 28, NOW() - INTERVAL '85 days'),
  ('7799bc27-0d12-4e04-961f-b801c996cd9a', '79835e0c-a1da-4b62-9028-5042372ba53a', '約伯記', 29, NOW() - INTERVAL '85 days'),
  ('7799bc27-0d12-4e04-961f-b801c996cd9a', '79835e0c-a1da-4b62-9028-5042372ba53a', '約伯記', 30, NOW() - INTERVAL '85 days'),
  ('7799bc27-0d12-4e04-961f-b801c996cd9a', '79835e0c-a1da-4b62-9028-5042372ba53a', '約伯記', 31, NOW() - INTERVAL '85 days'),
  ('7799bc27-0d12-4e04-961f-b801c996cd9a', '79835e0c-a1da-4b62-9028-5042372ba53a', '約伯記', 32, NOW() - INTERVAL '85 days'),
  ('7799bc27-0d12-4e04-961f-b801c996cd9a', '79835e0c-a1da-4b62-9028-5042372ba53a', '約伯記', 33, NOW() - INTERVAL '84 days'),
  ('7799bc27-0d12-4e04-961f-b801c996cd9a', '79835e0c-a1da-4b62-9028-5042372ba53a', '約伯記', 34, NOW() - INTERVAL '84 days'),
  ('7799bc27-0d12-4e04-961f-b801c996cd9a', '79835e0c-a1da-4b62-9028-5042372ba53a', '約伯記', 35, NOW() - INTERVAL '84 days'),
  ('7799bc27-0d12-4e04-961f-b801c996cd9a', '79835e0c-a1da-4b62-9028-5042372ba53a', '約伯記', 36, NOW() - INTERVAL '84 days'),
  ('7799bc27-0d12-4e04-961f-b801c996cd9a', '79835e0c-a1da-4b62-9028-5042372ba53a', '約伯記', 37, NOW() - INTERVAL '84 days'),
  ('7799bc27-0d12-4e04-961f-b801c996cd9a', '79835e0c-a1da-4b62-9028-5042372ba53a', '約伯記', 38, NOW() - INTERVAL '83 days'),
  ('7799bc27-0d12-4e04-961f-b801c996cd9a', '79835e0c-a1da-4b62-9028-5042372ba53a', '約伯記', 39, NOW() - INTERVAL '83 days'),
  ('7799bc27-0d12-4e04-961f-b801c996cd9a', '79835e0c-a1da-4b62-9028-5042372ba53a', '約伯記', 40, NOW() - INTERVAL '83 days'),
  ('7799bc27-0d12-4e04-961f-b801c996cd9a', '79835e0c-a1da-4b62-9028-5042372ba53a', '約伯記', 41, NOW() - INTERVAL '83 days'),
  ('7799bc27-0d12-4e04-961f-b801c996cd9a', '79835e0c-a1da-4b62-9028-5042372ba53a', '約伯記', 42, NOW() - INTERVAL '83 days'),
  ('7799bc27-0d12-4e04-961f-b801c996cd9a', '79835e0c-a1da-4b62-9028-5042372ba53a', '加拉太書', 1, NOW() - INTERVAL '82 days'),
  ('7799bc27-0d12-4e04-961f-b801c996cd9a', '79835e0c-a1da-4b62-9028-5042372ba53a', '加拉太書', 2, NOW() - INTERVAL '82 days'),
  ('7799bc27-0d12-4e04-961f-b801c996cd9a', '79835e0c-a1da-4b62-9028-5042372ba53a', '加拉太書', 3, NOW() - INTERVAL '82 days'),
  ('7799bc27-0d12-4e04-961f-b801c996cd9a', '79835e0c-a1da-4b62-9028-5042372ba53a', '加拉太書', 4, NOW() - INTERVAL '82 days'),
  ('7799bc27-0d12-4e04-961f-b801c996cd9a', '79835e0c-a1da-4b62-9028-5042372ba53a', '加拉太書', 5, NOW() - INTERVAL '82 days'),
  ('7799bc27-0d12-4e04-961f-b801c996cd9a', '79835e0c-a1da-4b62-9028-5042372ba53a', '加拉太書', 6, NOW() - INTERVAL '81 days'),
  ('7799bc27-0d12-4e04-961f-b801c996cd9a', '79835e0c-a1da-4b62-9028-5042372ba53a', '哈巴谷書', 1, NOW() - INTERVAL '81 days'),
  ('7799bc27-0d12-4e04-961f-b801c996cd9a', '79835e0c-a1da-4b62-9028-5042372ba53a', '哈巴谷書', 2, NOW() - INTERVAL '81 days'),
  ('7799bc27-0d12-4e04-961f-b801c996cd9a', '79835e0c-a1da-4b62-9028-5042372ba53a', '哈巴谷書', 3, NOW() - INTERVAL '81 days'),
  ('7799bc27-0d12-4e04-961f-b801c996cd9a', '79835e0c-a1da-4b62-9028-5042372ba53a', '猶大書', 1, NOW() - INTERVAL '81 days'),
  ('7799bc27-0d12-4e04-961f-b801c996cd9a', '79835e0c-a1da-4b62-9028-5042372ba53a', '利未記', 1, NOW() - INTERVAL '80 days'),
  ('7799bc27-0d12-4e04-961f-b801c996cd9a', '79835e0c-a1da-4b62-9028-5042372ba53a', '利未記', 2, NOW() - INTERVAL '80 days'),
  ('7799bc27-0d12-4e04-961f-b801c996cd9a', '79835e0c-a1da-4b62-9028-5042372ba53a', '利未記', 3, NOW() - INTERVAL '80 days'),
  ('7799bc27-0d12-4e04-961f-b801c996cd9a', '79835e0c-a1da-4b62-9028-5042372ba53a', '利未記', 4, NOW() - INTERVAL '80 days'),
  ('7799bc27-0d12-4e04-961f-b801c996cd9a', '79835e0c-a1da-4b62-9028-5042372ba53a', '利未記', 5, NOW() - INTERVAL '80 days'),
  ('7799bc27-0d12-4e04-961f-b801c996cd9a', '79835e0c-a1da-4b62-9028-5042372ba53a', '利未記', 6, NOW() - INTERVAL '79 days'),
  ('7799bc27-0d12-4e04-961f-b801c996cd9a', '79835e0c-a1da-4b62-9028-5042372ba53a', '利未記', 7, NOW() - INTERVAL '79 days'),
  ('7799bc27-0d12-4e04-961f-b801c996cd9a', '79835e0c-a1da-4b62-9028-5042372ba53a', '利未記', 8, NOW() - INTERVAL '79 days'),
  ('7799bc27-0d12-4e04-961f-b801c996cd9a', '79835e0c-a1da-4b62-9028-5042372ba53a', '利未記', 9, NOW() - INTERVAL '79 days'),
  ('7799bc27-0d12-4e04-961f-b801c996cd9a', '79835e0c-a1da-4b62-9028-5042372ba53a', '利未記', 10, NOW() - INTERVAL '79 days'),
  ('7799bc27-0d12-4e04-961f-b801c996cd9a', '79835e0c-a1da-4b62-9028-5042372ba53a', '利未記', 11, NOW() - INTERVAL '78 days'),
  ('7799bc27-0d12-4e04-961f-b801c996cd9a', '79835e0c-a1da-4b62-9028-5042372ba53a', '利未記', 12, NOW() - INTERVAL '78 days'),
  ('7799bc27-0d12-4e04-961f-b801c996cd9a', '79835e0c-a1da-4b62-9028-5042372ba53a', '利未記', 13, NOW() - INTERVAL '78 days'),
  ('7799bc27-0d12-4e04-961f-b801c996cd9a', '79835e0c-a1da-4b62-9028-5042372ba53a', '利未記', 14, NOW() - INTERVAL '78 days'),
  ('7799bc27-0d12-4e04-961f-b801c996cd9a', '79835e0c-a1da-4b62-9028-5042372ba53a', '利未記', 15, NOW() - INTERVAL '78 days'),
  ('7799bc27-0d12-4e04-961f-b801c996cd9a', '79835e0c-a1da-4b62-9028-5042372ba53a', '利未記', 16, NOW() - INTERVAL '77 days'),
  ('7799bc27-0d12-4e04-961f-b801c996cd9a', '79835e0c-a1da-4b62-9028-5042372ba53a', '利未記', 17, NOW() - INTERVAL '77 days'),
  ('7799bc27-0d12-4e04-961f-b801c996cd9a', '79835e0c-a1da-4b62-9028-5042372ba53a', '利未記', 18, NOW() - INTERVAL '77 days'),
  ('7799bc27-0d12-4e04-961f-b801c996cd9a', '79835e0c-a1da-4b62-9028-5042372ba53a', '利未記', 19, NOW() - INTERVAL '77 days'),
  ('7799bc27-0d12-4e04-961f-b801c996cd9a', '79835e0c-a1da-4b62-9028-5042372ba53a', '利未記', 20, NOW() - INTERVAL '77 days'),
  ('7799bc27-0d12-4e04-961f-b801c996cd9a', '79835e0c-a1da-4b62-9028-5042372ba53a', '利未記', 21, NOW() - INTERVAL '76 days'),
  ('7799bc27-0d12-4e04-961f-b801c996cd9a', '79835e0c-a1da-4b62-9028-5042372ba53a', '利未記', 22, NOW() - INTERVAL '76 days'),
  ('7799bc27-0d12-4e04-961f-b801c996cd9a', '79835e0c-a1da-4b62-9028-5042372ba53a', '利未記', 23, NOW() - INTERVAL '76 days'),
  ('7799bc27-0d12-4e04-961f-b801c996cd9a', '79835e0c-a1da-4b62-9028-5042372ba53a', '利未記', 24, NOW() - INTERVAL '76 days'),
  ('7799bc27-0d12-4e04-961f-b801c996cd9a', '79835e0c-a1da-4b62-9028-5042372ba53a', '利未記', 25, NOW() - INTERVAL '76 days'),
  ('7799bc27-0d12-4e04-961f-b801c996cd9a', '79835e0c-a1da-4b62-9028-5042372ba53a', '利未記', 26, NOW() - INTERVAL '75 days'),
  ('7799bc27-0d12-4e04-961f-b801c996cd9a', '79835e0c-a1da-4b62-9028-5042372ba53a', '利未記', 27, NOW() - INTERVAL '75 days'),
  ('7799bc27-0d12-4e04-961f-b801c996cd9a', '79835e0c-a1da-4b62-9028-5042372ba53a', '路加福音', 1, NOW() - INTERVAL '75 days'),
  ('7799bc27-0d12-4e04-961f-b801c996cd9a', '79835e0c-a1da-4b62-9028-5042372ba53a', '路加福音', 2, NOW() - INTERVAL '75 days'),
  ('7799bc27-0d12-4e04-961f-b801c996cd9a', '79835e0c-a1da-4b62-9028-5042372ba53a', '路加福音', 3, NOW() - INTERVAL '75 days'),
  ('7799bc27-0d12-4e04-961f-b801c996cd9a', '79835e0c-a1da-4b62-9028-5042372ba53a', '路加福音', 4, NOW() - INTERVAL '74 days'),
  ('7799bc27-0d12-4e04-961f-b801c996cd9a', '79835e0c-a1da-4b62-9028-5042372ba53a', '路加福音', 5, NOW() - INTERVAL '74 days'),
  ('7799bc27-0d12-4e04-961f-b801c996cd9a', '79835e0c-a1da-4b62-9028-5042372ba53a', '路加福音', 6, NOW() - INTERVAL '74 days'),
  ('7799bc27-0d12-4e04-961f-b801c996cd9a', '79835e0c-a1da-4b62-9028-5042372ba53a', '路加福音', 7, NOW() - INTERVAL '74 days'),
  ('7799bc27-0d12-4e04-961f-b801c996cd9a', '79835e0c-a1da-4b62-9028-5042372ba53a', '路加福音', 8, NOW() - INTERVAL '74 days'),
  ('7799bc27-0d12-4e04-961f-b801c996cd9a', '79835e0c-a1da-4b62-9028-5042372ba53a', '路加福音', 9, NOW() - INTERVAL '73 days'),
  ('7799bc27-0d12-4e04-961f-b801c996cd9a', '79835e0c-a1da-4b62-9028-5042372ba53a', '路加福音', 10, NOW() - INTERVAL '73 days'),
  ('7799bc27-0d12-4e04-961f-b801c996cd9a', '79835e0c-a1da-4b62-9028-5042372ba53a', '路加福音', 11, NOW() - INTERVAL '73 days'),
  ('7799bc27-0d12-4e04-961f-b801c996cd9a', '79835e0c-a1da-4b62-9028-5042372ba53a', '路加福音', 12, NOW() - INTERVAL '73 days'),
  ('7799bc27-0d12-4e04-961f-b801c996cd9a', '79835e0c-a1da-4b62-9028-5042372ba53a', '路加福音', 13, NOW() - INTERVAL '73 days'),
  ('7799bc27-0d12-4e04-961f-b801c996cd9a', '79835e0c-a1da-4b62-9028-5042372ba53a', '路加福音', 14, NOW() - INTERVAL '72 days'),
  ('7799bc27-0d12-4e04-961f-b801c996cd9a', '79835e0c-a1da-4b62-9028-5042372ba53a', '路加福音', 15, NOW() - INTERVAL '72 days'),
  ('7799bc27-0d12-4e04-961f-b801c996cd9a', '79835e0c-a1da-4b62-9028-5042372ba53a', '路加福音', 16, NOW() - INTERVAL '72 days'),
  ('7799bc27-0d12-4e04-961f-b801c996cd9a', '79835e0c-a1da-4b62-9028-5042372ba53a', '路加福音', 17, NOW() - INTERVAL '72 days'),
  ('7799bc27-0d12-4e04-961f-b801c996cd9a', '79835e0c-a1da-4b62-9028-5042372ba53a', '路加福音', 18, NOW() - INTERVAL '72 days'),
  ('7799bc27-0d12-4e04-961f-b801c996cd9a', '79835e0c-a1da-4b62-9028-5042372ba53a', '路加福音', 19, NOW() - INTERVAL '71 days'),
  ('7799bc27-0d12-4e04-961f-b801c996cd9a', '79835e0c-a1da-4b62-9028-5042372ba53a', '路加福音', 20, NOW() - INTERVAL '71 days'),
  ('7799bc27-0d12-4e04-961f-b801c996cd9a', '79835e0c-a1da-4b62-9028-5042372ba53a', '路加福音', 21, NOW() - INTERVAL '71 days'),
  ('7799bc27-0d12-4e04-961f-b801c996cd9a', '79835e0c-a1da-4b62-9028-5042372ba53a', '路加福音', 22, NOW() - INTERVAL '71 days'),
  ('7799bc27-0d12-4e04-961f-b801c996cd9a', '79835e0c-a1da-4b62-9028-5042372ba53a', '路加福音', 23, NOW() - INTERVAL '71 days'),
  ('7799bc27-0d12-4e04-961f-b801c996cd9a', '79835e0c-a1da-4b62-9028-5042372ba53a', '路加福音', 24, NOW() - INTERVAL '70 days'),
  ('7799bc27-0d12-4e04-961f-b801c996cd9a', '79835e0c-a1da-4b62-9028-5042372ba53a', '歷代志下', 1, NOW() - INTERVAL '70 days'),
  ('7799bc27-0d12-4e04-961f-b801c996cd9a', '79835e0c-a1da-4b62-9028-5042372ba53a', '歷代志下', 2, NOW() - INTERVAL '70 days'),
  ('7799bc27-0d12-4e04-961f-b801c996cd9a', '79835e0c-a1da-4b62-9028-5042372ba53a', '歷代志下', 3, NOW() - INTERVAL '70 days'),
  ('7799bc27-0d12-4e04-961f-b801c996cd9a', '79835e0c-a1da-4b62-9028-5042372ba53a', '歷代志下', 4, NOW() - INTERVAL '70 days'),
  ('7799bc27-0d12-4e04-961f-b801c996cd9a', '79835e0c-a1da-4b62-9028-5042372ba53a', '歷代志下', 5, NOW() - INTERVAL '69 days'),
  ('7799bc27-0d12-4e04-961f-b801c996cd9a', '79835e0c-a1da-4b62-9028-5042372ba53a', '歷代志下', 6, NOW() - INTERVAL '69 days'),
  ('7799bc27-0d12-4e04-961f-b801c996cd9a', '79835e0c-a1da-4b62-9028-5042372ba53a', '歷代志下', 7, NOW() - INTERVAL '69 days'),
  ('7799bc27-0d12-4e04-961f-b801c996cd9a', '79835e0c-a1da-4b62-9028-5042372ba53a', '歷代志下', 8, NOW() - INTERVAL '69 days'),
  ('7799bc27-0d12-4e04-961f-b801c996cd9a', '79835e0c-a1da-4b62-9028-5042372ba53a', '歷代志下', 9, NOW() - INTERVAL '69 days'),
  ('7799bc27-0d12-4e04-961f-b801c996cd9a', '79835e0c-a1da-4b62-9028-5042372ba53a', '歷代志下', 10, NOW() - INTERVAL '68 days'),
  ('7799bc27-0d12-4e04-961f-b801c996cd9a', '79835e0c-a1da-4b62-9028-5042372ba53a', '歷代志下', 11, NOW() - INTERVAL '68 days'),
  ('7799bc27-0d12-4e04-961f-b801c996cd9a', '79835e0c-a1da-4b62-9028-5042372ba53a', '歷代志下', 12, NOW() - INTERVAL '68 days'),
  ('7799bc27-0d12-4e04-961f-b801c996cd9a', '79835e0c-a1da-4b62-9028-5042372ba53a', '歷代志下', 13, NOW() - INTERVAL '68 days'),
  ('7799bc27-0d12-4e04-961f-b801c996cd9a', '79835e0c-a1da-4b62-9028-5042372ba53a', '歷代志下', 14, NOW() - INTERVAL '68 days'),
  ('7799bc27-0d12-4e04-961f-b801c996cd9a', '79835e0c-a1da-4b62-9028-5042372ba53a', '歷代志下', 15, NOW() - INTERVAL '67 days'),
  ('7799bc27-0d12-4e04-961f-b801c996cd9a', '79835e0c-a1da-4b62-9028-5042372ba53a', '歷代志下', 16, NOW() - INTERVAL '67 days'),
  ('7799bc27-0d12-4e04-961f-b801c996cd9a', '79835e0c-a1da-4b62-9028-5042372ba53a', '歷代志下', 17, NOW() - INTERVAL '67 days'),
  ('7799bc27-0d12-4e04-961f-b801c996cd9a', '79835e0c-a1da-4b62-9028-5042372ba53a', '歷代志下', 18, NOW() - INTERVAL '67 days'),
  ('7799bc27-0d12-4e04-961f-b801c996cd9a', '79835e0c-a1da-4b62-9028-5042372ba53a', '歷代志下', 19, NOW() - INTERVAL '67 days'),
  ('7799bc27-0d12-4e04-961f-b801c996cd9a', '79835e0c-a1da-4b62-9028-5042372ba53a', '歷代志下', 20, NOW() - INTERVAL '66 days'),
  ('7799bc27-0d12-4e04-961f-b801c996cd9a', '79835e0c-a1da-4b62-9028-5042372ba53a', '歷代志下', 21, NOW() - INTERVAL '66 days'),
  ('7799bc27-0d12-4e04-961f-b801c996cd9a', '79835e0c-a1da-4b62-9028-5042372ba53a', '歷代志下', 22, NOW() - INTERVAL '66 days'),
  ('7799bc27-0d12-4e04-961f-b801c996cd9a', '79835e0c-a1da-4b62-9028-5042372ba53a', '歷代志下', 23, NOW() - INTERVAL '66 days'),
  ('7799bc27-0d12-4e04-961f-b801c996cd9a', '79835e0c-a1da-4b62-9028-5042372ba53a', '歷代志下', 24, NOW() - INTERVAL '66 days'),
  ('7799bc27-0d12-4e04-961f-b801c996cd9a', '79835e0c-a1da-4b62-9028-5042372ba53a', '歷代志下', 25, NOW() - INTERVAL '65 days'),
  ('7799bc27-0d12-4e04-961f-b801c996cd9a', '79835e0c-a1da-4b62-9028-5042372ba53a', '歷代志下', 26, NOW() - INTERVAL '65 days'),
  ('7799bc27-0d12-4e04-961f-b801c996cd9a', '79835e0c-a1da-4b62-9028-5042372ba53a', '歷代志下', 27, NOW() - INTERVAL '65 days'),
  ('7799bc27-0d12-4e04-961f-b801c996cd9a', '79835e0c-a1da-4b62-9028-5042372ba53a', '歷代志下', 28, NOW() - INTERVAL '65 days'),
  ('7799bc27-0d12-4e04-961f-b801c996cd9a', '79835e0c-a1da-4b62-9028-5042372ba53a', '歷代志下', 29, NOW() - INTERVAL '65 days'),
  ('7799bc27-0d12-4e04-961f-b801c996cd9a', '79835e0c-a1da-4b62-9028-5042372ba53a', '歷代志下', 30, NOW() - INTERVAL '64 days'),
  ('7799bc27-0d12-4e04-961f-b801c996cd9a', '79835e0c-a1da-4b62-9028-5042372ba53a', '歷代志下', 31, NOW() - INTERVAL '64 days'),
  ('7799bc27-0d12-4e04-961f-b801c996cd9a', '79835e0c-a1da-4b62-9028-5042372ba53a', '歷代志下', 32, NOW() - INTERVAL '64 days'),
  ('7799bc27-0d12-4e04-961f-b801c996cd9a', '79835e0c-a1da-4b62-9028-5042372ba53a', '歷代志下', 33, NOW() - INTERVAL '64 days'),
  ('7799bc27-0d12-4e04-961f-b801c996cd9a', '79835e0c-a1da-4b62-9028-5042372ba53a', '歷代志下', 34, NOW() - INTERVAL '64 days'),
  ('7799bc27-0d12-4e04-961f-b801c996cd9a', '79835e0c-a1da-4b62-9028-5042372ba53a', '歷代志下', 35, NOW() - INTERVAL '63 days'),
  ('7799bc27-0d12-4e04-961f-b801c996cd9a', '79835e0c-a1da-4b62-9028-5042372ba53a', '歷代志下', 36, NOW() - INTERVAL '63 days'),
  ('7799bc27-0d12-4e04-961f-b801c996cd9a', '79835e0c-a1da-4b62-9028-5042372ba53a', '帖撒羅尼迦前書', 1, NOW() - INTERVAL '63 days'),
  ('7799bc27-0d12-4e04-961f-b801c996cd9a', '79835e0c-a1da-4b62-9028-5042372ba53a', '帖撒羅尼迦前書', 2, NOW() - INTERVAL '63 days'),
  ('7799bc27-0d12-4e04-961f-b801c996cd9a', '79835e0c-a1da-4b62-9028-5042372ba53a', '帖撒羅尼迦前書', 3, NOW() - INTERVAL '63 days'),
  ('7799bc27-0d12-4e04-961f-b801c996cd9a', '79835e0c-a1da-4b62-9028-5042372ba53a', '帖撒羅尼迦前書', 4, NOW() - INTERVAL '62 days'),
  ('7799bc27-0d12-4e04-961f-b801c996cd9a', '79835e0c-a1da-4b62-9028-5042372ba53a', '帖撒羅尼迦前書', 5, NOW() - INTERVAL '62 days'),
  ('7799bc27-0d12-4e04-961f-b801c996cd9a', '79835e0c-a1da-4b62-9028-5042372ba53a', '約拿書', 1, NOW() - INTERVAL '62 days'),
  ('7799bc27-0d12-4e04-961f-b801c996cd9a', '79835e0c-a1da-4b62-9028-5042372ba53a', '約拿書', 2, NOW() - INTERVAL '62 days'),
  ('7799bc27-0d12-4e04-961f-b801c996cd9a', '79835e0c-a1da-4b62-9028-5042372ba53a', '約拿書', 3, NOW() - INTERVAL '62 days'),
  ('7799bc27-0d12-4e04-961f-b801c996cd9a', '79835e0c-a1da-4b62-9028-5042372ba53a', '約拿書', 4, NOW() - INTERVAL '61 days'),
  ('7799bc27-0d12-4e04-961f-b801c996cd9a', '79835e0c-a1da-4b62-9028-5042372ba53a', '約翰二書', 1, NOW() - INTERVAL '61 days'),
  ('7799bc27-0d12-4e04-961f-b801c996cd9a', '79835e0c-a1da-4b62-9028-5042372ba53a', '彌迦書', 1, NOW() - INTERVAL '61 days'),
  ('7799bc27-0d12-4e04-961f-b801c996cd9a', '79835e0c-a1da-4b62-9028-5042372ba53a', '彌迦書', 2, NOW() - INTERVAL '61 days'),
  ('7799bc27-0d12-4e04-961f-b801c996cd9a', '79835e0c-a1da-4b62-9028-5042372ba53a', '彌迦書', 3, NOW() - INTERVAL '61 days'),
  ('7799bc27-0d12-4e04-961f-b801c996cd9a', '79835e0c-a1da-4b62-9028-5042372ba53a', '彌迦書', 4, NOW() - INTERVAL '60 days'),
  ('7799bc27-0d12-4e04-961f-b801c996cd9a', '79835e0c-a1da-4b62-9028-5042372ba53a', '彌迦書', 5, NOW() - INTERVAL '60 days'),
  ('7799bc27-0d12-4e04-961f-b801c996cd9a', '79835e0c-a1da-4b62-9028-5042372ba53a', '彌迦書', 6, NOW() - INTERVAL '60 days'),
  ('7799bc27-0d12-4e04-961f-b801c996cd9a', '79835e0c-a1da-4b62-9028-5042372ba53a', '彌迦書', 7, NOW() - INTERVAL '60 days'),
  ('7799bc27-0d12-4e04-961f-b801c996cd9a', '79835e0c-a1da-4b62-9028-5042372ba53a', '約翰三書', 1, NOW() - INTERVAL '60 days'),
  ('7799bc27-0d12-4e04-961f-b801c996cd9a', '79835e0c-a1da-4b62-9028-5042372ba53a', '民數記', 1, NOW() - INTERVAL '59 days'),
  ('7799bc27-0d12-4e04-961f-b801c996cd9a', '79835e0c-a1da-4b62-9028-5042372ba53a', '民數記', 2, NOW() - INTERVAL '59 days'),
  ('7799bc27-0d12-4e04-961f-b801c996cd9a', '79835e0c-a1da-4b62-9028-5042372ba53a', '民數記', 3, NOW() - INTERVAL '59 days'),
  ('7799bc27-0d12-4e04-961f-b801c996cd9a', '79835e0c-a1da-4b62-9028-5042372ba53a', '民數記', 4, NOW() - INTERVAL '59 days'),
  ('7799bc27-0d12-4e04-961f-b801c996cd9a', '79835e0c-a1da-4b62-9028-5042372ba53a', '民數記', 5, NOW() - INTERVAL '59 days'),
  ('7799bc27-0d12-4e04-961f-b801c996cd9a', '79835e0c-a1da-4b62-9028-5042372ba53a', '民數記', 6, NOW() - INTERVAL '58 days'),
  ('7799bc27-0d12-4e04-961f-b801c996cd9a', '79835e0c-a1da-4b62-9028-5042372ba53a', '民數記', 7, NOW() - INTERVAL '58 days'),
  ('7799bc27-0d12-4e04-961f-b801c996cd9a', '79835e0c-a1da-4b62-9028-5042372ba53a', '民數記', 8, NOW() - INTERVAL '58 days'),
  ('7799bc27-0d12-4e04-961f-b801c996cd9a', '79835e0c-a1da-4b62-9028-5042372ba53a', '民數記', 9, NOW() - INTERVAL '58 days'),
  ('7799bc27-0d12-4e04-961f-b801c996cd9a', '79835e0c-a1da-4b62-9028-5042372ba53a', '民數記', 10, NOW() - INTERVAL '58 days'),
  ('7799bc27-0d12-4e04-961f-b801c996cd9a', '79835e0c-a1da-4b62-9028-5042372ba53a', '民數記', 11, NOW() - INTERVAL '57 days'),
  ('7799bc27-0d12-4e04-961f-b801c996cd9a', '79835e0c-a1da-4b62-9028-5042372ba53a', '民數記', 12, NOW() - INTERVAL '57 days'),
  ('7799bc27-0d12-4e04-961f-b801c996cd9a', '79835e0c-a1da-4b62-9028-5042372ba53a', '民數記', 13, NOW() - INTERVAL '57 days'),
  ('7799bc27-0d12-4e04-961f-b801c996cd9a', '79835e0c-a1da-4b62-9028-5042372ba53a', '民數記', 14, NOW() - INTERVAL '57 days'),
  ('7799bc27-0d12-4e04-961f-b801c996cd9a', '79835e0c-a1da-4b62-9028-5042372ba53a', '民數記', 15, NOW() - INTERVAL '57 days'),
  ('7799bc27-0d12-4e04-961f-b801c996cd9a', '79835e0c-a1da-4b62-9028-5042372ba53a', '民數記', 16, NOW() - INTERVAL '56 days'),
  ('7799bc27-0d12-4e04-961f-b801c996cd9a', '79835e0c-a1da-4b62-9028-5042372ba53a', '民數記', 17, NOW() - INTERVAL '56 days'),
  ('7799bc27-0d12-4e04-961f-b801c996cd9a', '79835e0c-a1da-4b62-9028-5042372ba53a', '民數記', 18, NOW() - INTERVAL '56 days'),
  ('7799bc27-0d12-4e04-961f-b801c996cd9a', '79835e0c-a1da-4b62-9028-5042372ba53a', '民數記', 19, NOW() - INTERVAL '56 days'),
  ('7799bc27-0d12-4e04-961f-b801c996cd9a', '79835e0c-a1da-4b62-9028-5042372ba53a', '民數記', 20, NOW() - INTERVAL '56 days'),
  ('7799bc27-0d12-4e04-961f-b801c996cd9a', '79835e0c-a1da-4b62-9028-5042372ba53a', '民數記', 21, NOW() - INTERVAL '55 days'),
  ('7799bc27-0d12-4e04-961f-b801c996cd9a', '79835e0c-a1da-4b62-9028-5042372ba53a', '民數記', 22, NOW() - INTERVAL '55 days'),
  ('7799bc27-0d12-4e04-961f-b801c996cd9a', '79835e0c-a1da-4b62-9028-5042372ba53a', '民數記', 23, NOW() - INTERVAL '55 days'),
  ('7799bc27-0d12-4e04-961f-b801c996cd9a', '79835e0c-a1da-4b62-9028-5042372ba53a', '民數記', 24, NOW() - INTERVAL '55 days'),
  ('7799bc27-0d12-4e04-961f-b801c996cd9a', '79835e0c-a1da-4b62-9028-5042372ba53a', '民數記', 25, NOW() - INTERVAL '55 days'),
  ('7799bc27-0d12-4e04-961f-b801c996cd9a', '79835e0c-a1da-4b62-9028-5042372ba53a', '民數記', 26, NOW() - INTERVAL '54 days'),
  ('7799bc27-0d12-4e04-961f-b801c996cd9a', '79835e0c-a1da-4b62-9028-5042372ba53a', '民數記', 27, NOW() - INTERVAL '54 days'),
  ('7799bc27-0d12-4e04-961f-b801c996cd9a', '79835e0c-a1da-4b62-9028-5042372ba53a', '民數記', 28, NOW() - INTERVAL '54 days'),
  ('7799bc27-0d12-4e04-961f-b801c996cd9a', '79835e0c-a1da-4b62-9028-5042372ba53a', '民數記', 29, NOW() - INTERVAL '54 days'),
  ('7799bc27-0d12-4e04-961f-b801c996cd9a', '79835e0c-a1da-4b62-9028-5042372ba53a', '民數記', 30, NOW() - INTERVAL '54 days'),
  ('7799bc27-0d12-4e04-961f-b801c996cd9a', '79835e0c-a1da-4b62-9028-5042372ba53a', '民數記', 31, NOW() - INTERVAL '53 days'),
  ('7799bc27-0d12-4e04-961f-b801c996cd9a', '79835e0c-a1da-4b62-9028-5042372ba53a', '民數記', 32, NOW() - INTERVAL '53 days'),
  ('7799bc27-0d12-4e04-961f-b801c996cd9a', '79835e0c-a1da-4b62-9028-5042372ba53a', '民數記', 33, NOW() - INTERVAL '53 days'),
  ('7799bc27-0d12-4e04-961f-b801c996cd9a', '79835e0c-a1da-4b62-9028-5042372ba53a', '民數記', 34, NOW() - INTERVAL '53 days'),
  ('7799bc27-0d12-4e04-961f-b801c996cd9a', '79835e0c-a1da-4b62-9028-5042372ba53a', '民數記', 35, NOW() - INTERVAL '53 days'),
  ('7799bc27-0d12-4e04-961f-b801c996cd9a', '79835e0c-a1da-4b62-9028-5042372ba53a', '民數記', 36, NOW() - INTERVAL '52 days'),
  ('7799bc27-0d12-4e04-961f-b801c996cd9a', '79835e0c-a1da-4b62-9028-5042372ba53a', '約翰福音', 1, NOW() - INTERVAL '52 days'),
  ('7799bc27-0d12-4e04-961f-b801c996cd9a', '79835e0c-a1da-4b62-9028-5042372ba53a', '約翰福音', 2, NOW() - INTERVAL '52 days'),
  ('7799bc27-0d12-4e04-961f-b801c996cd9a', '79835e0c-a1da-4b62-9028-5042372ba53a', '約翰福音', 3, NOW() - INTERVAL '52 days'),
  ('7799bc27-0d12-4e04-961f-b801c996cd9a', '79835e0c-a1da-4b62-9028-5042372ba53a', '約翰福音', 4, NOW() - INTERVAL '52 days'),
  ('7799bc27-0d12-4e04-961f-b801c996cd9a', '79835e0c-a1da-4b62-9028-5042372ba53a', '約翰福音', 5, NOW() - INTERVAL '51 days'),
  ('7799bc27-0d12-4e04-961f-b801c996cd9a', '79835e0c-a1da-4b62-9028-5042372ba53a', '約翰福音', 6, NOW() - INTERVAL '51 days'),
  ('7799bc27-0d12-4e04-961f-b801c996cd9a', '79835e0c-a1da-4b62-9028-5042372ba53a', '約翰福音', 7, NOW() - INTERVAL '51 days'),
  ('7799bc27-0d12-4e04-961f-b801c996cd9a', '79835e0c-a1da-4b62-9028-5042372ba53a', '約翰福音', 8, NOW() - INTERVAL '51 days'),
  ('7799bc27-0d12-4e04-961f-b801c996cd9a', '79835e0c-a1da-4b62-9028-5042372ba53a', '約翰福音', 9, NOW() - INTERVAL '51 days'),
  ('7799bc27-0d12-4e04-961f-b801c996cd9a', '79835e0c-a1da-4b62-9028-5042372ba53a', '約翰福音', 10, NOW() - INTERVAL '50 days'),
  ('7799bc27-0d12-4e04-961f-b801c996cd9a', '79835e0c-a1da-4b62-9028-5042372ba53a', '約翰福音', 11, NOW() - INTERVAL '50 days'),
  ('7799bc27-0d12-4e04-961f-b801c996cd9a', '79835e0c-a1da-4b62-9028-5042372ba53a', '約翰福音', 12, NOW() - INTERVAL '50 days'),
  ('7799bc27-0d12-4e04-961f-b801c996cd9a', '79835e0c-a1da-4b62-9028-5042372ba53a', '約翰福音', 13, NOW() - INTERVAL '50 days'),
  ('7799bc27-0d12-4e04-961f-b801c996cd9a', '79835e0c-a1da-4b62-9028-5042372ba53a', '約翰福音', 14, NOW() - INTERVAL '50 days'),
  ('7799bc27-0d12-4e04-961f-b801c996cd9a', '79835e0c-a1da-4b62-9028-5042372ba53a', '約翰福音', 15, NOW() - INTERVAL '49 days'),
  ('7799bc27-0d12-4e04-961f-b801c996cd9a', '79835e0c-a1da-4b62-9028-5042372ba53a', '約翰福音', 16, NOW() - INTERVAL '49 days'),
  ('7799bc27-0d12-4e04-961f-b801c996cd9a', '79835e0c-a1da-4b62-9028-5042372ba53a', '約翰福音', 17, NOW() - INTERVAL '49 days'),
  ('7799bc27-0d12-4e04-961f-b801c996cd9a', '79835e0c-a1da-4b62-9028-5042372ba53a', '約翰福音', 18, NOW() - INTERVAL '49 days'),
  ('7799bc27-0d12-4e04-961f-b801c996cd9a', '79835e0c-a1da-4b62-9028-5042372ba53a', '約翰福音', 19, NOW() - INTERVAL '49 days'),
  ('7799bc27-0d12-4e04-961f-b801c996cd9a', '79835e0c-a1da-4b62-9028-5042372ba53a', '約翰福音', 20, NOW() - INTERVAL '48 days'),
  ('7799bc27-0d12-4e04-961f-b801c996cd9a', '79835e0c-a1da-4b62-9028-5042372ba53a', '約翰福音', 21, NOW() - INTERVAL '48 days'),
  ('7799bc27-0d12-4e04-961f-b801c996cd9a', '79835e0c-a1da-4b62-9028-5042372ba53a', '以西結書', 1, NOW() - INTERVAL '48 days'),
  ('7799bc27-0d12-4e04-961f-b801c996cd9a', '79835e0c-a1da-4b62-9028-5042372ba53a', '以西結書', 2, NOW() - INTERVAL '48 days'),
  ('7799bc27-0d12-4e04-961f-b801c996cd9a', '79835e0c-a1da-4b62-9028-5042372ba53a', '以西結書', 3, NOW() - INTERVAL '48 days'),
  ('7799bc27-0d12-4e04-961f-b801c996cd9a', '79835e0c-a1da-4b62-9028-5042372ba53a', '以西結書', 4, NOW() - INTERVAL '47 days'),
  ('7799bc27-0d12-4e04-961f-b801c996cd9a', '79835e0c-a1da-4b62-9028-5042372ba53a', '以西結書', 5, NOW() - INTERVAL '47 days'),
  ('7799bc27-0d12-4e04-961f-b801c996cd9a', '79835e0c-a1da-4b62-9028-5042372ba53a', '以西結書', 6, NOW() - INTERVAL '47 days'),
  ('7799bc27-0d12-4e04-961f-b801c996cd9a', '79835e0c-a1da-4b62-9028-5042372ba53a', '以西結書', 7, NOW() - INTERVAL '47 days'),
  ('7799bc27-0d12-4e04-961f-b801c996cd9a', '79835e0c-a1da-4b62-9028-5042372ba53a', '以西結書', 8, NOW() - INTERVAL '47 days'),
  ('7799bc27-0d12-4e04-961f-b801c996cd9a', '79835e0c-a1da-4b62-9028-5042372ba53a', '以西結書', 9, NOW() - INTERVAL '46 days'),
  ('7799bc27-0d12-4e04-961f-b801c996cd9a', '79835e0c-a1da-4b62-9028-5042372ba53a', '以西結書', 10, NOW() - INTERVAL '46 days'),
  ('7799bc27-0d12-4e04-961f-b801c996cd9a', '79835e0c-a1da-4b62-9028-5042372ba53a', '以西結書', 11, NOW() - INTERVAL '46 days'),
  ('7799bc27-0d12-4e04-961f-b801c996cd9a', '79835e0c-a1da-4b62-9028-5042372ba53a', '以西結書', 12, NOW() - INTERVAL '46 days'),
  ('7799bc27-0d12-4e04-961f-b801c996cd9a', '79835e0c-a1da-4b62-9028-5042372ba53a', '以西結書', 13, NOW() - INTERVAL '46 days'),
  ('7799bc27-0d12-4e04-961f-b801c996cd9a', '79835e0c-a1da-4b62-9028-5042372ba53a', '以西結書', 14, NOW() - INTERVAL '45 days'),
  ('7799bc27-0d12-4e04-961f-b801c996cd9a', '79835e0c-a1da-4b62-9028-5042372ba53a', '以西結書', 15, NOW() - INTERVAL '45 days'),
  ('7799bc27-0d12-4e04-961f-b801c996cd9a', '79835e0c-a1da-4b62-9028-5042372ba53a', '以西結書', 16, NOW() - INTERVAL '45 days'),
  ('7799bc27-0d12-4e04-961f-b801c996cd9a', '79835e0c-a1da-4b62-9028-5042372ba53a', '以西結書', 17, NOW() - INTERVAL '45 days'),
  ('7799bc27-0d12-4e04-961f-b801c996cd9a', '79835e0c-a1da-4b62-9028-5042372ba53a', '以西結書', 18, NOW() - INTERVAL '45 days'),
  ('7799bc27-0d12-4e04-961f-b801c996cd9a', '79835e0c-a1da-4b62-9028-5042372ba53a', '以西結書', 19, NOW() - INTERVAL '44 days'),
  ('7799bc27-0d12-4e04-961f-b801c996cd9a', '79835e0c-a1da-4b62-9028-5042372ba53a', '以西結書', 20, NOW() - INTERVAL '44 days'),
  ('7799bc27-0d12-4e04-961f-b801c996cd9a', '79835e0c-a1da-4b62-9028-5042372ba53a', '以西結書', 21, NOW() - INTERVAL '44 days'),
  ('7799bc27-0d12-4e04-961f-b801c996cd9a', '79835e0c-a1da-4b62-9028-5042372ba53a', '以西結書', 22, NOW() - INTERVAL '44 days'),
  ('7799bc27-0d12-4e04-961f-b801c996cd9a', '79835e0c-a1da-4b62-9028-5042372ba53a', '以西結書', 23, NOW() - INTERVAL '44 days'),
  ('7799bc27-0d12-4e04-961f-b801c996cd9a', '79835e0c-a1da-4b62-9028-5042372ba53a', '以西結書', 24, NOW() - INTERVAL '43 days'),
  ('7799bc27-0d12-4e04-961f-b801c996cd9a', '79835e0c-a1da-4b62-9028-5042372ba53a', '以西結書', 25, NOW() - INTERVAL '43 days'),
  ('7799bc27-0d12-4e04-961f-b801c996cd9a', '79835e0c-a1da-4b62-9028-5042372ba53a', '以西結書', 26, NOW() - INTERVAL '43 days'),
  ('7799bc27-0d12-4e04-961f-b801c996cd9a', '79835e0c-a1da-4b62-9028-5042372ba53a', '以西結書', 27, NOW() - INTERVAL '43 days'),
  ('7799bc27-0d12-4e04-961f-b801c996cd9a', '79835e0c-a1da-4b62-9028-5042372ba53a', '以西結書', 28, NOW() - INTERVAL '43 days'),
  ('7799bc27-0d12-4e04-961f-b801c996cd9a', '79835e0c-a1da-4b62-9028-5042372ba53a', '以西結書', 29, NOW() - INTERVAL '42 days'),
  ('7799bc27-0d12-4e04-961f-b801c996cd9a', '79835e0c-a1da-4b62-9028-5042372ba53a', '以西結書', 30, NOW() - INTERVAL '42 days'),
  ('7799bc27-0d12-4e04-961f-b801c996cd9a', '79835e0c-a1da-4b62-9028-5042372ba53a', '以西結書', 31, NOW() - INTERVAL '42 days'),
  ('7799bc27-0d12-4e04-961f-b801c996cd9a', '79835e0c-a1da-4b62-9028-5042372ba53a', '以西結書', 32, NOW() - INTERVAL '42 days'),
  ('7799bc27-0d12-4e04-961f-b801c996cd9a', '79835e0c-a1da-4b62-9028-5042372ba53a', '以西結書', 33, NOW() - INTERVAL '42 days'),
  ('7799bc27-0d12-4e04-961f-b801c996cd9a', '79835e0c-a1da-4b62-9028-5042372ba53a', '以西結書', 34, NOW() - INTERVAL '41 days'),
  ('7799bc27-0d12-4e04-961f-b801c996cd9a', '79835e0c-a1da-4b62-9028-5042372ba53a', '以西結書', 35, NOW() - INTERVAL '41 days'),
  ('7799bc27-0d12-4e04-961f-b801c996cd9a', '79835e0c-a1da-4b62-9028-5042372ba53a', '以西結書', 36, NOW() - INTERVAL '41 days'),
  ('7799bc27-0d12-4e04-961f-b801c996cd9a', '79835e0c-a1da-4b62-9028-5042372ba53a', '以西結書', 37, NOW() - INTERVAL '41 days'),
  ('7799bc27-0d12-4e04-961f-b801c996cd9a', '79835e0c-a1da-4b62-9028-5042372ba53a', '以西結書', 38, NOW() - INTERVAL '41 days'),
  ('7799bc27-0d12-4e04-961f-b801c996cd9a', '79835e0c-a1da-4b62-9028-5042372ba53a', '以西結書', 39, NOW() - INTERVAL '40 days'),
  ('7799bc27-0d12-4e04-961f-b801c996cd9a', '79835e0c-a1da-4b62-9028-5042372ba53a', '以西結書', 40, NOW() - INTERVAL '40 days'),
  ('7799bc27-0d12-4e04-961f-b801c996cd9a', '79835e0c-a1da-4b62-9028-5042372ba53a', '以西結書', 41, NOW() - INTERVAL '40 days'),
  ('7799bc27-0d12-4e04-961f-b801c996cd9a', '79835e0c-a1da-4b62-9028-5042372ba53a', '以西結書', 42, NOW() - INTERVAL '40 days'),
  ('7799bc27-0d12-4e04-961f-b801c996cd9a', '79835e0c-a1da-4b62-9028-5042372ba53a', '以西結書', 43, NOW() - INTERVAL '40 days'),
  ('7799bc27-0d12-4e04-961f-b801c996cd9a', '79835e0c-a1da-4b62-9028-5042372ba53a', '以西結書', 44, NOW() - INTERVAL '39 days'),
  ('7799bc27-0d12-4e04-961f-b801c996cd9a', '79835e0c-a1da-4b62-9028-5042372ba53a', '以西結書', 45, NOW() - INTERVAL '39 days'),
  ('7799bc27-0d12-4e04-961f-b801c996cd9a', '79835e0c-a1da-4b62-9028-5042372ba53a', '以西結書', 46, NOW() - INTERVAL '39 days'),
  ('7799bc27-0d12-4e04-961f-b801c996cd9a', '79835e0c-a1da-4b62-9028-5042372ba53a', '以西結書', 47, NOW() - INTERVAL '39 days'),
  ('7799bc27-0d12-4e04-961f-b801c996cd9a', '79835e0c-a1da-4b62-9028-5042372ba53a', '以西結書', 48, NOW() - INTERVAL '39 days'),
  ('7799bc27-0d12-4e04-961f-b801c996cd9a', '79835e0c-a1da-4b62-9028-5042372ba53a', '約翰一書', 1, NOW() - INTERVAL '38 days'),
  ('7799bc27-0d12-4e04-961f-b801c996cd9a', '79835e0c-a1da-4b62-9028-5042372ba53a', '約翰一書', 2, NOW() - INTERVAL '38 days'),
  ('7799bc27-0d12-4e04-961f-b801c996cd9a', '79835e0c-a1da-4b62-9028-5042372ba53a', '約翰一書', 3, NOW() - INTERVAL '38 days'),
  ('7799bc27-0d12-4e04-961f-b801c996cd9a', '79835e0c-a1da-4b62-9028-5042372ba53a', '約翰一書', 4, NOW() - INTERVAL '38 days'),
  ('7799bc27-0d12-4e04-961f-b801c996cd9a', '79835e0c-a1da-4b62-9028-5042372ba53a', '約翰一書', 5, NOW() - INTERVAL '38 days'),
  ('7799bc27-0d12-4e04-961f-b801c996cd9a', '79835e0c-a1da-4b62-9028-5042372ba53a', '申命記', 1, NOW() - INTERVAL '37 days'),
  ('7799bc27-0d12-4e04-961f-b801c996cd9a', '79835e0c-a1da-4b62-9028-5042372ba53a', '申命記', 2, NOW() - INTERVAL '37 days'),
  ('7799bc27-0d12-4e04-961f-b801c996cd9a', '79835e0c-a1da-4b62-9028-5042372ba53a', '申命記', 3, NOW() - INTERVAL '37 days'),
  ('7799bc27-0d12-4e04-961f-b801c996cd9a', '79835e0c-a1da-4b62-9028-5042372ba53a', '申命記', 4, NOW() - INTERVAL '37 days'),
  ('7799bc27-0d12-4e04-961f-b801c996cd9a', '79835e0c-a1da-4b62-9028-5042372ba53a', '申命記', 5, NOW() - INTERVAL '37 days'),
  ('7799bc27-0d12-4e04-961f-b801c996cd9a', '79835e0c-a1da-4b62-9028-5042372ba53a', '申命記', 6, NOW() - INTERVAL '36 days'),
  ('7799bc27-0d12-4e04-961f-b801c996cd9a', '79835e0c-a1da-4b62-9028-5042372ba53a', '申命記', 7, NOW() - INTERVAL '36 days'),
  ('7799bc27-0d12-4e04-961f-b801c996cd9a', '79835e0c-a1da-4b62-9028-5042372ba53a', '申命記', 8, NOW() - INTERVAL '36 days'),
  ('7799bc27-0d12-4e04-961f-b801c996cd9a', '79835e0c-a1da-4b62-9028-5042372ba53a', '申命記', 9, NOW() - INTERVAL '36 days'),
  ('7799bc27-0d12-4e04-961f-b801c996cd9a', '79835e0c-a1da-4b62-9028-5042372ba53a', '申命記', 10, NOW() - INTERVAL '36 days'),
  ('7799bc27-0d12-4e04-961f-b801c996cd9a', '79835e0c-a1da-4b62-9028-5042372ba53a', '申命記', 11, NOW() - INTERVAL '35 days'),
  ('7799bc27-0d12-4e04-961f-b801c996cd9a', '79835e0c-a1da-4b62-9028-5042372ba53a', '申命記', 12, NOW() - INTERVAL '35 days'),
  ('7799bc27-0d12-4e04-961f-b801c996cd9a', '79835e0c-a1da-4b62-9028-5042372ba53a', '申命記', 13, NOW() - INTERVAL '35 days'),
  ('7799bc27-0d12-4e04-961f-b801c996cd9a', '79835e0c-a1da-4b62-9028-5042372ba53a', '申命記', 14, NOW() - INTERVAL '35 days'),
  ('7799bc27-0d12-4e04-961f-b801c996cd9a', '79835e0c-a1da-4b62-9028-5042372ba53a', '申命記', 15, NOW() - INTERVAL '35 days'),
  ('7799bc27-0d12-4e04-961f-b801c996cd9a', '79835e0c-a1da-4b62-9028-5042372ba53a', '申命記', 16, NOW() - INTERVAL '34 days'),
  ('7799bc27-0d12-4e04-961f-b801c996cd9a', '79835e0c-a1da-4b62-9028-5042372ba53a', '申命記', 17, NOW() - INTERVAL '34 days'),
  ('7799bc27-0d12-4e04-961f-b801c996cd9a', '79835e0c-a1da-4b62-9028-5042372ba53a', '申命記', 18, NOW() - INTERVAL '34 days'),
  ('7799bc27-0d12-4e04-961f-b801c996cd9a', '79835e0c-a1da-4b62-9028-5042372ba53a', '申命記', 19, NOW() - INTERVAL '34 days'),
  ('7799bc27-0d12-4e04-961f-b801c996cd9a', '79835e0c-a1da-4b62-9028-5042372ba53a', '申命記', 20, NOW() - INTERVAL '34 days'),
  ('7799bc27-0d12-4e04-961f-b801c996cd9a', '79835e0c-a1da-4b62-9028-5042372ba53a', '申命記', 21, NOW() - INTERVAL '33 days'),
  ('7799bc27-0d12-4e04-961f-b801c996cd9a', '79835e0c-a1da-4b62-9028-5042372ba53a', '申命記', 22, NOW() - INTERVAL '33 days'),
  ('7799bc27-0d12-4e04-961f-b801c996cd9a', '79835e0c-a1da-4b62-9028-5042372ba53a', '申命記', 23, NOW() - INTERVAL '33 days'),
  ('7799bc27-0d12-4e04-961f-b801c996cd9a', '79835e0c-a1da-4b62-9028-5042372ba53a', '申命記', 24, NOW() - INTERVAL '33 days'),
  ('7799bc27-0d12-4e04-961f-b801c996cd9a', '79835e0c-a1da-4b62-9028-5042372ba53a', '申命記', 25, NOW() - INTERVAL '33 days'),
  ('7799bc27-0d12-4e04-961f-b801c996cd9a', '79835e0c-a1da-4b62-9028-5042372ba53a', '申命記', 26, NOW() - INTERVAL '32 days'),
  ('7799bc27-0d12-4e04-961f-b801c996cd9a', '79835e0c-a1da-4b62-9028-5042372ba53a', '申命記', 27, NOW() - INTERVAL '32 days'),
  ('7799bc27-0d12-4e04-961f-b801c996cd9a', '79835e0c-a1da-4b62-9028-5042372ba53a', '申命記', 28, NOW() - INTERVAL '32 days'),
  ('7799bc27-0d12-4e04-961f-b801c996cd9a', '79835e0c-a1da-4b62-9028-5042372ba53a', '申命記', 29, NOW() - INTERVAL '32 days'),
  ('7799bc27-0d12-4e04-961f-b801c996cd9a', '79835e0c-a1da-4b62-9028-5042372ba53a', '申命記', 30, NOW() - INTERVAL '32 days'),
  ('7799bc27-0d12-4e04-961f-b801c996cd9a', '79835e0c-a1da-4b62-9028-5042372ba53a', '申命記', 31, NOW() - INTERVAL '31 days'),
  ('7799bc27-0d12-4e04-961f-b801c996cd9a', '79835e0c-a1da-4b62-9028-5042372ba53a', '申命記', 32, NOW() - INTERVAL '31 days'),
  ('7799bc27-0d12-4e04-961f-b801c996cd9a', '79835e0c-a1da-4b62-9028-5042372ba53a', '申命記', 33, NOW() - INTERVAL '31 days'),
  ('7799bc27-0d12-4e04-961f-b801c996cd9a', '79835e0c-a1da-4b62-9028-5042372ba53a', '申命記', 34, NOW() - INTERVAL '31 days'),
  ('7799bc27-0d12-4e04-961f-b801c996cd9a', '79835e0c-a1da-4b62-9028-5042372ba53a', '使徒行傳', 1, NOW() - INTERVAL '31 days'),
  ('7799bc27-0d12-4e04-961f-b801c996cd9a', '79835e0c-a1da-4b62-9028-5042372ba53a', '使徒行傳', 2, NOW() - INTERVAL '30 days'),
  ('7799bc27-0d12-4e04-961f-b801c996cd9a', '79835e0c-a1da-4b62-9028-5042372ba53a', '使徒行傳', 3, NOW() - INTERVAL '30 days'),
  ('7799bc27-0d12-4e04-961f-b801c996cd9a', '79835e0c-a1da-4b62-9028-5042372ba53a', '使徒行傳', 4, NOW() - INTERVAL '30 days'),
  ('7799bc27-0d12-4e04-961f-b801c996cd9a', '79835e0c-a1da-4b62-9028-5042372ba53a', '使徒行傳', 5, NOW() - INTERVAL '30 days'),
  ('7799bc27-0d12-4e04-961f-b801c996cd9a', '79835e0c-a1da-4b62-9028-5042372ba53a', '使徒行傳', 6, NOW() - INTERVAL '30 days'),
  ('7799bc27-0d12-4e04-961f-b801c996cd9a', '79835e0c-a1da-4b62-9028-5042372ba53a', '使徒行傳', 7, NOW() - INTERVAL '29 days'),
  ('7799bc27-0d12-4e04-961f-b801c996cd9a', '79835e0c-a1da-4b62-9028-5042372ba53a', '使徒行傳', 8, NOW() - INTERVAL '29 days'),
  ('7799bc27-0d12-4e04-961f-b801c996cd9a', '79835e0c-a1da-4b62-9028-5042372ba53a', '使徒行傳', 9, NOW() - INTERVAL '29 days'),
  ('7799bc27-0d12-4e04-961f-b801c996cd9a', '79835e0c-a1da-4b62-9028-5042372ba53a', '使徒行傳', 10, NOW() - INTERVAL '29 days'),
  ('7799bc27-0d12-4e04-961f-b801c996cd9a', '79835e0c-a1da-4b62-9028-5042372ba53a', '使徒行傳', 11, NOW() - INTERVAL '29 days'),
  ('7799bc27-0d12-4e04-961f-b801c996cd9a', '79835e0c-a1da-4b62-9028-5042372ba53a', '使徒行傳', 12, NOW() - INTERVAL '28 days'),
  ('7799bc27-0d12-4e04-961f-b801c996cd9a', '79835e0c-a1da-4b62-9028-5042372ba53a', '使徒行傳', 13, NOW() - INTERVAL '28 days'),
  ('7799bc27-0d12-4e04-961f-b801c996cd9a', '79835e0c-a1da-4b62-9028-5042372ba53a', '使徒行傳', 14, NOW() - INTERVAL '28 days'),
  ('7799bc27-0d12-4e04-961f-b801c996cd9a', '79835e0c-a1da-4b62-9028-5042372ba53a', '使徒行傳', 15, NOW() - INTERVAL '28 days'),
  ('7799bc27-0d12-4e04-961f-b801c996cd9a', '79835e0c-a1da-4b62-9028-5042372ba53a', '使徒行傳', 16, NOW() - INTERVAL '28 days'),
  ('7799bc27-0d12-4e04-961f-b801c996cd9a', '79835e0c-a1da-4b62-9028-5042372ba53a', '使徒行傳', 17, NOW() - INTERVAL '27 days'),
  ('7799bc27-0d12-4e04-961f-b801c996cd9a', '79835e0c-a1da-4b62-9028-5042372ba53a', '使徒行傳', 18, NOW() - INTERVAL '27 days'),
  ('7799bc27-0d12-4e04-961f-b801c996cd9a', '79835e0c-a1da-4b62-9028-5042372ba53a', '使徒行傳', 19, NOW() - INTERVAL '27 days'),
  ('7799bc27-0d12-4e04-961f-b801c996cd9a', '79835e0c-a1da-4b62-9028-5042372ba53a', '使徒行傳', 20, NOW() - INTERVAL '27 days'),
  ('7799bc27-0d12-4e04-961f-b801c996cd9a', '79835e0c-a1da-4b62-9028-5042372ba53a', '使徒行傳', 21, NOW() - INTERVAL '27 days'),
  ('7799bc27-0d12-4e04-961f-b801c996cd9a', '79835e0c-a1da-4b62-9028-5042372ba53a', '使徒行傳', 22, NOW() - INTERVAL '26 days'),
  ('7799bc27-0d12-4e04-961f-b801c996cd9a', '79835e0c-a1da-4b62-9028-5042372ba53a', '使徒行傳', 23, NOW() - INTERVAL '26 days'),
  ('7799bc27-0d12-4e04-961f-b801c996cd9a', '79835e0c-a1da-4b62-9028-5042372ba53a', '使徒行傳', 24, NOW() - INTERVAL '26 days'),
  ('7799bc27-0d12-4e04-961f-b801c996cd9a', '79835e0c-a1da-4b62-9028-5042372ba53a', '使徒行傳', 25, NOW() - INTERVAL '26 days'),
  ('7799bc27-0d12-4e04-961f-b801c996cd9a', '79835e0c-a1da-4b62-9028-5042372ba53a', '使徒行傳', 26, NOW() - INTERVAL '26 days'),
  ('7799bc27-0d12-4e04-961f-b801c996cd9a', '79835e0c-a1da-4b62-9028-5042372ba53a', '使徒行傳', 27, NOW() - INTERVAL '25 days'),
  ('7799bc27-0d12-4e04-961f-b801c996cd9a', '79835e0c-a1da-4b62-9028-5042372ba53a', '使徒行傳', 28, NOW() - INTERVAL '25 days'),
  ('7799bc27-0d12-4e04-961f-b801c996cd9a', '79835e0c-a1da-4b62-9028-5042372ba53a', '箴言', 1, NOW() - INTERVAL '25 days'),
  ('7799bc27-0d12-4e04-961f-b801c996cd9a', '79835e0c-a1da-4b62-9028-5042372ba53a', '箴言', 2, NOW() - INTERVAL '25 days'),
  ('7799bc27-0d12-4e04-961f-b801c996cd9a', '79835e0c-a1da-4b62-9028-5042372ba53a', '箴言', 3, NOW() - INTERVAL '25 days'),
  ('7799bc27-0d12-4e04-961f-b801c996cd9a', '79835e0c-a1da-4b62-9028-5042372ba53a', '箴言', 4, NOW() - INTERVAL '24 days'),
  ('7799bc27-0d12-4e04-961f-b801c996cd9a', '79835e0c-a1da-4b62-9028-5042372ba53a', '箴言', 5, NOW() - INTERVAL '24 days'),
  ('7799bc27-0d12-4e04-961f-b801c996cd9a', '79835e0c-a1da-4b62-9028-5042372ba53a', '箴言', 6, NOW() - INTERVAL '24 days'),
  ('7799bc27-0d12-4e04-961f-b801c996cd9a', '79835e0c-a1da-4b62-9028-5042372ba53a', '箴言', 7, NOW() - INTERVAL '24 days'),
  ('7799bc27-0d12-4e04-961f-b801c996cd9a', '79835e0c-a1da-4b62-9028-5042372ba53a', '箴言', 8, NOW() - INTERVAL '24 days'),
  ('7799bc27-0d12-4e04-961f-b801c996cd9a', '79835e0c-a1da-4b62-9028-5042372ba53a', '箴言', 9, NOW() - INTERVAL '23 days'),
  ('7799bc27-0d12-4e04-961f-b801c996cd9a', '79835e0c-a1da-4b62-9028-5042372ba53a', '箴言', 10, NOW() - INTERVAL '23 days'),
  ('7799bc27-0d12-4e04-961f-b801c996cd9a', '79835e0c-a1da-4b62-9028-5042372ba53a', '箴言', 11, NOW() - INTERVAL '23 days'),
  ('7799bc27-0d12-4e04-961f-b801c996cd9a', '79835e0c-a1da-4b62-9028-5042372ba53a', '箴言', 12, NOW() - INTERVAL '23 days'),
  ('7799bc27-0d12-4e04-961f-b801c996cd9a', '79835e0c-a1da-4b62-9028-5042372ba53a', '箴言', 13, NOW() - INTERVAL '23 days'),
  ('7799bc27-0d12-4e04-961f-b801c996cd9a', '79835e0c-a1da-4b62-9028-5042372ba53a', '箴言', 14, NOW() - INTERVAL '22 days'),
  ('7799bc27-0d12-4e04-961f-b801c996cd9a', '79835e0c-a1da-4b62-9028-5042372ba53a', '箴言', 15, NOW() - INTERVAL '22 days'),
  ('7799bc27-0d12-4e04-961f-b801c996cd9a', '79835e0c-a1da-4b62-9028-5042372ba53a', '箴言', 16, NOW() - INTERVAL '22 days'),
  ('7799bc27-0d12-4e04-961f-b801c996cd9a', '79835e0c-a1da-4b62-9028-5042372ba53a', '箴言', 17, NOW() - INTERVAL '22 days'),
  ('7799bc27-0d12-4e04-961f-b801c996cd9a', '79835e0c-a1da-4b62-9028-5042372ba53a', '箴言', 18, NOW() - INTERVAL '22 days'),
  ('7799bc27-0d12-4e04-961f-b801c996cd9a', '79835e0c-a1da-4b62-9028-5042372ba53a', '箴言', 19, NOW() - INTERVAL '21 days'),
  ('7799bc27-0d12-4e04-961f-b801c996cd9a', '79835e0c-a1da-4b62-9028-5042372ba53a', '箴言', 20, NOW() - INTERVAL '21 days'),
  ('7799bc27-0d12-4e04-961f-b801c996cd9a', '79835e0c-a1da-4b62-9028-5042372ba53a', '箴言', 21, NOW() - INTERVAL '21 days'),
  ('7799bc27-0d12-4e04-961f-b801c996cd9a', '79835e0c-a1da-4b62-9028-5042372ba53a', '箴言', 22, NOW() - INTERVAL '21 days'),
  ('7799bc27-0d12-4e04-961f-b801c996cd9a', '79835e0c-a1da-4b62-9028-5042372ba53a', '箴言', 23, NOW() - INTERVAL '21 days'),
  ('7799bc27-0d12-4e04-961f-b801c996cd9a', '79835e0c-a1da-4b62-9028-5042372ba53a', '箴言', 24, NOW() - INTERVAL '20 days'),
  ('7799bc27-0d12-4e04-961f-b801c996cd9a', '79835e0c-a1da-4b62-9028-5042372ba53a', '箴言', 25, NOW() - INTERVAL '20 days'),
  ('7799bc27-0d12-4e04-961f-b801c996cd9a', '79835e0c-a1da-4b62-9028-5042372ba53a', '箴言', 26, NOW() - INTERVAL '20 days'),
  ('7799bc27-0d12-4e04-961f-b801c996cd9a', '79835e0c-a1da-4b62-9028-5042372ba53a', '箴言', 27, NOW() - INTERVAL '20 days'),
  ('7799bc27-0d12-4e04-961f-b801c996cd9a', '79835e0c-a1da-4b62-9028-5042372ba53a', '箴言', 28, NOW() - INTERVAL '20 days'),
  ('7799bc27-0d12-4e04-961f-b801c996cd9a', '79835e0c-a1da-4b62-9028-5042372ba53a', '箴言', 29, NOW() - INTERVAL '19 days'),
  ('7799bc27-0d12-4e04-961f-b801c996cd9a', '79835e0c-a1da-4b62-9028-5042372ba53a', '箴言', 30, NOW() - INTERVAL '19 days'),
  ('7799bc27-0d12-4e04-961f-b801c996cd9a', '79835e0c-a1da-4b62-9028-5042372ba53a', '箴言', 31, NOW() - INTERVAL '19 days'),
  ('7799bc27-0d12-4e04-961f-b801c996cd9a', '79835e0c-a1da-4b62-9028-5042372ba53a', '提摩太後書', 1, NOW() - INTERVAL '19 days'),
  ('7799bc27-0d12-4e04-961f-b801c996cd9a', '79835e0c-a1da-4b62-9028-5042372ba53a', '提摩太後書', 2, NOW() - INTERVAL '19 days'),
  ('7799bc27-0d12-4e04-961f-b801c996cd9a', '79835e0c-a1da-4b62-9028-5042372ba53a', '提摩太後書', 3, NOW() - INTERVAL '18 days'),
  ('7799bc27-0d12-4e04-961f-b801c996cd9a', '79835e0c-a1da-4b62-9028-5042372ba53a', '提摩太後書', 4, NOW() - INTERVAL '18 days'),
  ('7799bc27-0d12-4e04-961f-b801c996cd9a', '79835e0c-a1da-4b62-9028-5042372ba53a', '傳道書', 1, NOW() - INTERVAL '18 days'),
  ('7799bc27-0d12-4e04-961f-b801c996cd9a', '79835e0c-a1da-4b62-9028-5042372ba53a', '傳道書', 2, NOW() - INTERVAL '18 days'),
  ('7799bc27-0d12-4e04-961f-b801c996cd9a', '79835e0c-a1da-4b62-9028-5042372ba53a', '傳道書', 3, NOW() - INTERVAL '18 days'),
  ('7799bc27-0d12-4e04-961f-b801c996cd9a', '79835e0c-a1da-4b62-9028-5042372ba53a', '傳道書', 4, NOW() - INTERVAL '17 days'),
  ('7799bc27-0d12-4e04-961f-b801c996cd9a', '79835e0c-a1da-4b62-9028-5042372ba53a', '傳道書', 5, NOW() - INTERVAL '17 days'),
  ('7799bc27-0d12-4e04-961f-b801c996cd9a', '79835e0c-a1da-4b62-9028-5042372ba53a', '傳道書', 6, NOW() - INTERVAL '17 days'),
  ('7799bc27-0d12-4e04-961f-b801c996cd9a', '79835e0c-a1da-4b62-9028-5042372ba53a', '傳道書', 7, NOW() - INTERVAL '17 days'),
  ('7799bc27-0d12-4e04-961f-b801c996cd9a', '79835e0c-a1da-4b62-9028-5042372ba53a', '傳道書', 8, NOW() - INTERVAL '17 days'),
  ('7799bc27-0d12-4e04-961f-b801c996cd9a', '79835e0c-a1da-4b62-9028-5042372ba53a', '傳道書', 9, NOW() - INTERVAL '16 days'),
  ('7799bc27-0d12-4e04-961f-b801c996cd9a', '79835e0c-a1da-4b62-9028-5042372ba53a', '傳道書', 10, NOW() - INTERVAL '16 days'),
  ('7799bc27-0d12-4e04-961f-b801c996cd9a', '79835e0c-a1da-4b62-9028-5042372ba53a', '傳道書', 11, NOW() - INTERVAL '16 days'),
  ('7799bc27-0d12-4e04-961f-b801c996cd9a', '79835e0c-a1da-4b62-9028-5042372ba53a', '傳道書', 12, NOW() - INTERVAL '16 days'),
  ('7799bc27-0d12-4e04-961f-b801c996cd9a', '79835e0c-a1da-4b62-9028-5042372ba53a', '腓利門書', 1, NOW() - INTERVAL '16 days'),
  ('7799bc27-0d12-4e04-961f-b801c996cd9a', '79835e0c-a1da-4b62-9028-5042372ba53a', '約書亞記', 1, NOW() - INTERVAL '15 days'),
  ('7799bc27-0d12-4e04-961f-b801c996cd9a', '79835e0c-a1da-4b62-9028-5042372ba53a', '約書亞記', 2, NOW() - INTERVAL '15 days'),
  ('7799bc27-0d12-4e04-961f-b801c996cd9a', '79835e0c-a1da-4b62-9028-5042372ba53a', '約書亞記', 3, NOW() - INTERVAL '15 days'),
  ('7799bc27-0d12-4e04-961f-b801c996cd9a', '79835e0c-a1da-4b62-9028-5042372ba53a', '約書亞記', 4, NOW() - INTERVAL '15 days'),
  ('7799bc27-0d12-4e04-961f-b801c996cd9a', '79835e0c-a1da-4b62-9028-5042372ba53a', '約書亞記', 5, NOW() - INTERVAL '15 days'),
  ('7799bc27-0d12-4e04-961f-b801c996cd9a', '79835e0c-a1da-4b62-9028-5042372ba53a', '約書亞記', 6, NOW() - INTERVAL '14 days'),
  ('7799bc27-0d12-4e04-961f-b801c996cd9a', '79835e0c-a1da-4b62-9028-5042372ba53a', '約書亞記', 7, NOW() - INTERVAL '14 days'),
  ('7799bc27-0d12-4e04-961f-b801c996cd9a', '79835e0c-a1da-4b62-9028-5042372ba53a', '約書亞記', 8, NOW() - INTERVAL '14 days'),
  ('7799bc27-0d12-4e04-961f-b801c996cd9a', '79835e0c-a1da-4b62-9028-5042372ba53a', '約書亞記', 9, NOW() - INTERVAL '14 days'),
  ('7799bc27-0d12-4e04-961f-b801c996cd9a', '79835e0c-a1da-4b62-9028-5042372ba53a', '約書亞記', 10, NOW() - INTERVAL '14 days'),
  ('7799bc27-0d12-4e04-961f-b801c996cd9a', '79835e0c-a1da-4b62-9028-5042372ba53a', '約書亞記', 11, NOW() - INTERVAL '13 days'),
  ('7799bc27-0d12-4e04-961f-b801c996cd9a', '79835e0c-a1da-4b62-9028-5042372ba53a', '約書亞記', 12, NOW() - INTERVAL '13 days'),
  ('7799bc27-0d12-4e04-961f-b801c996cd9a', '79835e0c-a1da-4b62-9028-5042372ba53a', '約書亞記', 13, NOW() - INTERVAL '13 days'),
  ('7799bc27-0d12-4e04-961f-b801c996cd9a', '79835e0c-a1da-4b62-9028-5042372ba53a', '約書亞記', 14, NOW() - INTERVAL '13 days'),
  ('7799bc27-0d12-4e04-961f-b801c996cd9a', '79835e0c-a1da-4b62-9028-5042372ba53a', '約書亞記', 15, NOW() - INTERVAL '13 days'),
  ('7799bc27-0d12-4e04-961f-b801c996cd9a', '79835e0c-a1da-4b62-9028-5042372ba53a', '約書亞記', 16, NOW() - INTERVAL '12 days'),
  ('7799bc27-0d12-4e04-961f-b801c996cd9a', '79835e0c-a1da-4b62-9028-5042372ba53a', '約書亞記', 17, NOW() - INTERVAL '12 days'),
  ('7799bc27-0d12-4e04-961f-b801c996cd9a', '79835e0c-a1da-4b62-9028-5042372ba53a', '約書亞記', 18, NOW() - INTERVAL '12 days'),
  ('7799bc27-0d12-4e04-961f-b801c996cd9a', '79835e0c-a1da-4b62-9028-5042372ba53a', '約書亞記', 19, NOW() - INTERVAL '12 days'),
  ('7799bc27-0d12-4e04-961f-b801c996cd9a', '79835e0c-a1da-4b62-9028-5042372ba53a', '約書亞記', 20, NOW() - INTERVAL '12 days'),
  ('7799bc27-0d12-4e04-961f-b801c996cd9a', '79835e0c-a1da-4b62-9028-5042372ba53a', '約書亞記', 21, NOW() - INTERVAL '11 days'),
  ('7799bc27-0d12-4e04-961f-b801c996cd9a', '79835e0c-a1da-4b62-9028-5042372ba53a', '約書亞記', 22, NOW() - INTERVAL '11 days'),
  ('7799bc27-0d12-4e04-961f-b801c996cd9a', '79835e0c-a1da-4b62-9028-5042372ba53a', '約書亞記', 23, NOW() - INTERVAL '11 days'),
  ('7799bc27-0d12-4e04-961f-b801c996cd9a', '79835e0c-a1da-4b62-9028-5042372ba53a', '約書亞記', 24, NOW() - INTERVAL '11 days'),
  ('7799bc27-0d12-4e04-961f-b801c996cd9a', '79835e0c-a1da-4b62-9028-5042372ba53a', '羅馬書', 1, NOW() - INTERVAL '11 days'),
  ('7799bc27-0d12-4e04-961f-b801c996cd9a', '79835e0c-a1da-4b62-9028-5042372ba53a', '羅馬書', 2, NOW() - INTERVAL '10 days'),
  ('7799bc27-0d12-4e04-961f-b801c996cd9a', '79835e0c-a1da-4b62-9028-5042372ba53a', '羅馬書', 3, NOW() - INTERVAL '10 days'),
  ('7799bc27-0d12-4e04-961f-b801c996cd9a', '79835e0c-a1da-4b62-9028-5042372ba53a', '羅馬書', 4, NOW() - INTERVAL '10 days'),
  ('7799bc27-0d12-4e04-961f-b801c996cd9a', '79835e0c-a1da-4b62-9028-5042372ba53a', '羅馬書', 5, NOW() - INTERVAL '10 days'),
  ('7799bc27-0d12-4e04-961f-b801c996cd9a', '79835e0c-a1da-4b62-9028-5042372ba53a', '羅馬書', 6, NOW() - INTERVAL '10 days'),
  ('7799bc27-0d12-4e04-961f-b801c996cd9a', '79835e0c-a1da-4b62-9028-5042372ba53a', '羅馬書', 7, NOW() - INTERVAL '9 days'),
  ('7799bc27-0d12-4e04-961f-b801c996cd9a', '79835e0c-a1da-4b62-9028-5042372ba53a', '羅馬書', 8, NOW() - INTERVAL '9 days'),
  ('7799bc27-0d12-4e04-961f-b801c996cd9a', '79835e0c-a1da-4b62-9028-5042372ba53a', '羅馬書', 9, NOW() - INTERVAL '9 days'),
  ('7799bc27-0d12-4e04-961f-b801c996cd9a', '79835e0c-a1da-4b62-9028-5042372ba53a', '羅馬書', 10, NOW() - INTERVAL '9 days'),
  ('7799bc27-0d12-4e04-961f-b801c996cd9a', '79835e0c-a1da-4b62-9028-5042372ba53a', '羅馬書', 11, NOW() - INTERVAL '9 days'),
  ('7799bc27-0d12-4e04-961f-b801c996cd9a', '79835e0c-a1da-4b62-9028-5042372ba53a', '羅馬書', 12, NOW() - INTERVAL '8 days'),
  ('7799bc27-0d12-4e04-961f-b801c996cd9a', '79835e0c-a1da-4b62-9028-5042372ba53a', '羅馬書', 13, NOW() - INTERVAL '8 days'),
  ('7799bc27-0d12-4e04-961f-b801c996cd9a', '79835e0c-a1da-4b62-9028-5042372ba53a', '羅馬書', 14, NOW() - INTERVAL '8 days'),
  ('7799bc27-0d12-4e04-961f-b801c996cd9a', '79835e0c-a1da-4b62-9028-5042372ba53a', '羅馬書', 15, NOW() - INTERVAL '8 days'),
  ('7799bc27-0d12-4e04-961f-b801c996cd9a', '79835e0c-a1da-4b62-9028-5042372ba53a', '羅馬書', 16, NOW() - INTERVAL '8 days'),
  ('7799bc27-0d12-4e04-961f-b801c996cd9a', '79835e0c-a1da-4b62-9028-5042372ba53a', '耶利米書', 1, NOW() - INTERVAL '7 days'),
  ('7799bc27-0d12-4e04-961f-b801c996cd9a', '79835e0c-a1da-4b62-9028-5042372ba53a', '耶利米書', 2, NOW() - INTERVAL '7 days'),
  ('7799bc27-0d12-4e04-961f-b801c996cd9a', '79835e0c-a1da-4b62-9028-5042372ba53a', '耶利米書', 3, NOW() - INTERVAL '7 days'),
  ('7799bc27-0d12-4e04-961f-b801c996cd9a', '79835e0c-a1da-4b62-9028-5042372ba53a', '耶利米書', 4, NOW() - INTERVAL '7 days'),
  ('7799bc27-0d12-4e04-961f-b801c996cd9a', '79835e0c-a1da-4b62-9028-5042372ba53a', '耶利米書', 5, NOW() - INTERVAL '7 days'),
  ('7799bc27-0d12-4e04-961f-b801c996cd9a', '79835e0c-a1da-4b62-9028-5042372ba53a', '耶利米書', 6, NOW() - INTERVAL '6 days'),
  ('7799bc27-0d12-4e04-961f-b801c996cd9a', '79835e0c-a1da-4b62-9028-5042372ba53a', '耶利米書', 7, NOW() - INTERVAL '6 days'),
  ('7799bc27-0d12-4e04-961f-b801c996cd9a', '79835e0c-a1da-4b62-9028-5042372ba53a', '耶利米書', 8, NOW() - INTERVAL '6 days'),
  ('7799bc27-0d12-4e04-961f-b801c996cd9a', '79835e0c-a1da-4b62-9028-5042372ba53a', '耶利米書', 9, NOW() - INTERVAL '6 days'),
  ('7799bc27-0d12-4e04-961f-b801c996cd9a', '79835e0c-a1da-4b62-9028-5042372ba53a', '耶利米書', 10, NOW() - INTERVAL '6 days'),
  ('7799bc27-0d12-4e04-961f-b801c996cd9a', '79835e0c-a1da-4b62-9028-5042372ba53a', '耶利米書', 11, NOW() - INTERVAL '5 days'),
  ('7799bc27-0d12-4e04-961f-b801c996cd9a', '79835e0c-a1da-4b62-9028-5042372ba53a', '耶利米書', 12, NOW() - INTERVAL '5 days'),
  ('7799bc27-0d12-4e04-961f-b801c996cd9a', '79835e0c-a1da-4b62-9028-5042372ba53a', '耶利米書', 13, NOW() - INTERVAL '5 days'),
  ('7799bc27-0d12-4e04-961f-b801c996cd9a', '79835e0c-a1da-4b62-9028-5042372ba53a', '耶利米書', 14, NOW() - INTERVAL '5 days'),
  ('7799bc27-0d12-4e04-961f-b801c996cd9a', '79835e0c-a1da-4b62-9028-5042372ba53a', '耶利米書', 15, NOW() - INTERVAL '5 days'),
  ('7799bc27-0d12-4e04-961f-b801c996cd9a', '79835e0c-a1da-4b62-9028-5042372ba53a', '耶利米書', 16, NOW() - INTERVAL '4 days'),
  ('7799bc27-0d12-4e04-961f-b801c996cd9a', '79835e0c-a1da-4b62-9028-5042372ba53a', '耶利米書', 17, NOW() - INTERVAL '4 days'),
  ('7799bc27-0d12-4e04-961f-b801c996cd9a', '79835e0c-a1da-4b62-9028-5042372ba53a', '耶利米書', 18, NOW() - INTERVAL '4 days'),
  ('7799bc27-0d12-4e04-961f-b801c996cd9a', '79835e0c-a1da-4b62-9028-5042372ba53a', '耶利米書', 19, NOW() - INTERVAL '4 days'),
  ('7799bc27-0d12-4e04-961f-b801c996cd9a', '79835e0c-a1da-4b62-9028-5042372ba53a', '耶利米書', 20, NOW() - INTERVAL '4 days'),
  ('7799bc27-0d12-4e04-961f-b801c996cd9a', '79835e0c-a1da-4b62-9028-5042372ba53a', '耶利米書', 21, NOW() - INTERVAL '3 days'),
  ('7799bc27-0d12-4e04-961f-b801c996cd9a', '79835e0c-a1da-4b62-9028-5042372ba53a', '耶利米書', 22, NOW() - INTERVAL '3 days'),
  ('7799bc27-0d12-4e04-961f-b801c996cd9a', '79835e0c-a1da-4b62-9028-5042372ba53a', '耶利米書', 23, NOW() - INTERVAL '3 days'),
  ('7799bc27-0d12-4e04-961f-b801c996cd9a', '79835e0c-a1da-4b62-9028-5042372ba53a', '耶利米書', 24, NOW() - INTERVAL '3 days'),
  ('7799bc27-0d12-4e04-961f-b801c996cd9a', '79835e0c-a1da-4b62-9028-5042372ba53a', '耶利米書', 25, NOW() - INTERVAL '3 days'),
  ('7799bc27-0d12-4e04-961f-b801c996cd9a', '79835e0c-a1da-4b62-9028-5042372ba53a', '耶利米書', 26, NOW() - INTERVAL '2 days'),
  ('7799bc27-0d12-4e04-961f-b801c996cd9a', '79835e0c-a1da-4b62-9028-5042372ba53a', '耶利米書', 27, NOW() - INTERVAL '2 days'),
  ('7799bc27-0d12-4e04-961f-b801c996cd9a', '79835e0c-a1da-4b62-9028-5042372ba53a', '耶利米書', 28, NOW() - INTERVAL '2 days'),
  ('7799bc27-0d12-4e04-961f-b801c996cd9a', '79835e0c-a1da-4b62-9028-5042372ba53a', '耶利米書', 29, NOW() - INTERVAL '2 days'),
  ('7799bc27-0d12-4e04-961f-b801c996cd9a', '79835e0c-a1da-4b62-9028-5042372ba53a', '耶利米書', 30, NOW() - INTERVAL '2 days'),
  ('7799bc27-0d12-4e04-961f-b801c996cd9a', '79835e0c-a1da-4b62-9028-5042372ba53a', '耶利米書', 31, NOW() - INTERVAL '1 days'),
  ('7799bc27-0d12-4e04-961f-b801c996cd9a', '79835e0c-a1da-4b62-9028-5042372ba53a', '耶利米書', 32, NOW() - INTERVAL '1 days'),
  ('7799bc27-0d12-4e04-961f-b801c996cd9a', '79835e0c-a1da-4b62-9028-5042372ba53a', '耶利米書', 33, NOW() - INTERVAL '1 days'),
  ('7799bc27-0d12-4e04-961f-b801c996cd9a', '79835e0c-a1da-4b62-9028-5042372ba53a', '耶利米書', 34, NOW() - INTERVAL '1 days'),
  ('7799bc27-0d12-4e04-961f-b801c996cd9a', '79835e0c-a1da-4b62-9028-5042372ba53a', '耶利米書', 35, NOW() - INTERVAL '1 days'),
  ('7799bc27-0d12-4e04-961f-b801c996cd9a', '79835e0c-a1da-4b62-9028-5042372ba53a', '耶利米書', 36, NOW() - INTERVAL '0 days'),
  ('7799bc27-0d12-4e04-961f-b801c996cd9a', '79835e0c-a1da-4b62-9028-5042372ba53a', '耶利米書', 37, NOW() - INTERVAL '0 days'),
  ('7799bc27-0d12-4e04-961f-b801c996cd9a', '79835e0c-a1da-4b62-9028-5042372ba53a', '耶利米書', 38, NOW() - INTERVAL '0 days'),
  ('7799bc27-0d12-4e04-961f-b801c996cd9a', '79835e0c-a1da-4b62-9028-5042372ba53a', '耶利米書', 39, NOW() - INTERVAL '0 days');

--------------------------------------------------

-- 使用者: 示範區長乙
INSERT INTO auth.users (id, email, raw_user_meta_data, created_at, updated_at, instance_id, aud, role, encrypted_password)
VALUES (
  '73ec37b6-2c72-4ca2-8ee6-1dd693238bc3',
  '73ec37b6@church-bible.com',
  '{"full_name": "示範區長乙"}',
  NOW() - INTERVAL '11 days',
  NOW(),
  '00000000-0000-0000-0000-000000000000',
  'authenticated',
  'authenticated',
  '$2a$10$abcdefghijklmnopqrstuv' -- Dummy bcrypt hash
) ON CONFLICT (id) DO NOTHING;

INSERT INTO public.profiles (id, name, great_region, pastoral_zone, small_group, role, is_demo, updated_at)
VALUES (
  '73ec37b6-2c72-4ca2-8ee6-1dd693238bc3',
  '示範區長乙',
  '示範大區B',
  '示範牧區丁',
  '示範小組5',
  'zone_leader',
  TRUE,
  NOW()
) ON CONFLICT (id) DO NOTHING;

INSERT INTO public.reading_plans (id, user_id, name, start_date, end_date, target_books)
VALUES (
  '4c784cd6-5fd1-498f-9ff6-4efce044b722',
  '73ec37b6-2c72-4ca2-8ee6-1dd693238bc3',
  '第一季速讀：2026年7月~9月',
  '2026-07-01',
  '2026-09-30',
  ARRAY['創世記', '馬太福音', '列王紀下', '雅各書', '出埃及記', '馬可福音', '約伯記', '加拉太書', '哈巴谷書', '猶大書', '利未記', '路加福音', '歷代志下', '帖撒羅尼迦前書', '約拿書', '約翰二書', '彌迦書', '約翰三書']
) ON CONFLICT (id) DO NOTHING;

INSERT INTO public.reading_logs (user_id, plan_id, book, chapter, read_at)
VALUES
  ('73ec37b6-2c72-4ca2-8ee6-1dd693238bc3', '4c784cd6-5fd1-498f-9ff6-4efce044b722', '創世記', 1, NOW() - INTERVAL '122 days'),
  ('73ec37b6-2c72-4ca2-8ee6-1dd693238bc3', '4c784cd6-5fd1-498f-9ff6-4efce044b722', '創世記', 2, NOW() - INTERVAL '121 days'),
  ('73ec37b6-2c72-4ca2-8ee6-1dd693238bc3', '4c784cd6-5fd1-498f-9ff6-4efce044b722', '創世記', 3, NOW() - INTERVAL '121 days'),
  ('73ec37b6-2c72-4ca2-8ee6-1dd693238bc3', '4c784cd6-5fd1-498f-9ff6-4efce044b722', '創世記', 4, NOW() - INTERVAL '121 days'),
  ('73ec37b6-2c72-4ca2-8ee6-1dd693238bc3', '4c784cd6-5fd1-498f-9ff6-4efce044b722', '創世記', 5, NOW() - INTERVAL '121 days'),
  ('73ec37b6-2c72-4ca2-8ee6-1dd693238bc3', '4c784cd6-5fd1-498f-9ff6-4efce044b722', '創世記', 6, NOW() - INTERVAL '121 days'),
  ('73ec37b6-2c72-4ca2-8ee6-1dd693238bc3', '4c784cd6-5fd1-498f-9ff6-4efce044b722', '創世記', 7, NOW() - INTERVAL '120 days'),
  ('73ec37b6-2c72-4ca2-8ee6-1dd693238bc3', '4c784cd6-5fd1-498f-9ff6-4efce044b722', '創世記', 8, NOW() - INTERVAL '120 days'),
  ('73ec37b6-2c72-4ca2-8ee6-1dd693238bc3', '4c784cd6-5fd1-498f-9ff6-4efce044b722', '創世記', 9, NOW() - INTERVAL '120 days'),
  ('73ec37b6-2c72-4ca2-8ee6-1dd693238bc3', '4c784cd6-5fd1-498f-9ff6-4efce044b722', '創世記', 10, NOW() - INTERVAL '120 days'),
  ('73ec37b6-2c72-4ca2-8ee6-1dd693238bc3', '4c784cd6-5fd1-498f-9ff6-4efce044b722', '創世記', 11, NOW() - INTERVAL '120 days'),
  ('73ec37b6-2c72-4ca2-8ee6-1dd693238bc3', '4c784cd6-5fd1-498f-9ff6-4efce044b722', '創世記', 12, NOW() - INTERVAL '119 days'),
  ('73ec37b6-2c72-4ca2-8ee6-1dd693238bc3', '4c784cd6-5fd1-498f-9ff6-4efce044b722', '創世記', 13, NOW() - INTERVAL '119 days'),
  ('73ec37b6-2c72-4ca2-8ee6-1dd693238bc3', '4c784cd6-5fd1-498f-9ff6-4efce044b722', '創世記', 14, NOW() - INTERVAL '119 days'),
  ('73ec37b6-2c72-4ca2-8ee6-1dd693238bc3', '4c784cd6-5fd1-498f-9ff6-4efce044b722', '創世記', 15, NOW() - INTERVAL '119 days'),
  ('73ec37b6-2c72-4ca2-8ee6-1dd693238bc3', '4c784cd6-5fd1-498f-9ff6-4efce044b722', '創世記', 16, NOW() - INTERVAL '119 days'),
  ('73ec37b6-2c72-4ca2-8ee6-1dd693238bc3', '4c784cd6-5fd1-498f-9ff6-4efce044b722', '創世記', 17, NOW() - INTERVAL '118 days'),
  ('73ec37b6-2c72-4ca2-8ee6-1dd693238bc3', '4c784cd6-5fd1-498f-9ff6-4efce044b722', '創世記', 18, NOW() - INTERVAL '118 days'),
  ('73ec37b6-2c72-4ca2-8ee6-1dd693238bc3', '4c784cd6-5fd1-498f-9ff6-4efce044b722', '創世記', 19, NOW() - INTERVAL '118 days'),
  ('73ec37b6-2c72-4ca2-8ee6-1dd693238bc3', '4c784cd6-5fd1-498f-9ff6-4efce044b722', '創世記', 20, NOW() - INTERVAL '118 days'),
  ('73ec37b6-2c72-4ca2-8ee6-1dd693238bc3', '4c784cd6-5fd1-498f-9ff6-4efce044b722', '創世記', 21, NOW() - INTERVAL '118 days'),
  ('73ec37b6-2c72-4ca2-8ee6-1dd693238bc3', '4c784cd6-5fd1-498f-9ff6-4efce044b722', '創世記', 22, NOW() - INTERVAL '117 days'),
  ('73ec37b6-2c72-4ca2-8ee6-1dd693238bc3', '4c784cd6-5fd1-498f-9ff6-4efce044b722', '創世記', 23, NOW() - INTERVAL '117 days'),
  ('73ec37b6-2c72-4ca2-8ee6-1dd693238bc3', '4c784cd6-5fd1-498f-9ff6-4efce044b722', '創世記', 24, NOW() - INTERVAL '117 days'),
  ('73ec37b6-2c72-4ca2-8ee6-1dd693238bc3', '4c784cd6-5fd1-498f-9ff6-4efce044b722', '創世記', 25, NOW() - INTERVAL '117 days'),
  ('73ec37b6-2c72-4ca2-8ee6-1dd693238bc3', '4c784cd6-5fd1-498f-9ff6-4efce044b722', '創世記', 26, NOW() - INTERVAL '117 days'),
  ('73ec37b6-2c72-4ca2-8ee6-1dd693238bc3', '4c784cd6-5fd1-498f-9ff6-4efce044b722', '創世記', 27, NOW() - INTERVAL '116 days'),
  ('73ec37b6-2c72-4ca2-8ee6-1dd693238bc3', '4c784cd6-5fd1-498f-9ff6-4efce044b722', '創世記', 28, NOW() - INTERVAL '116 days'),
  ('73ec37b6-2c72-4ca2-8ee6-1dd693238bc3', '4c784cd6-5fd1-498f-9ff6-4efce044b722', '創世記', 29, NOW() - INTERVAL '116 days'),
  ('73ec37b6-2c72-4ca2-8ee6-1dd693238bc3', '4c784cd6-5fd1-498f-9ff6-4efce044b722', '創世記', 30, NOW() - INTERVAL '116 days'),
  ('73ec37b6-2c72-4ca2-8ee6-1dd693238bc3', '4c784cd6-5fd1-498f-9ff6-4efce044b722', '創世記', 31, NOW() - INTERVAL '116 days'),
  ('73ec37b6-2c72-4ca2-8ee6-1dd693238bc3', '4c784cd6-5fd1-498f-9ff6-4efce044b722', '創世記', 32, NOW() - INTERVAL '115 days'),
  ('73ec37b6-2c72-4ca2-8ee6-1dd693238bc3', '4c784cd6-5fd1-498f-9ff6-4efce044b722', '創世記', 33, NOW() - INTERVAL '115 days'),
  ('73ec37b6-2c72-4ca2-8ee6-1dd693238bc3', '4c784cd6-5fd1-498f-9ff6-4efce044b722', '創世記', 34, NOW() - INTERVAL '115 days'),
  ('73ec37b6-2c72-4ca2-8ee6-1dd693238bc3', '4c784cd6-5fd1-498f-9ff6-4efce044b722', '創世記', 35, NOW() - INTERVAL '115 days'),
  ('73ec37b6-2c72-4ca2-8ee6-1dd693238bc3', '4c784cd6-5fd1-498f-9ff6-4efce044b722', '創世記', 36, NOW() - INTERVAL '115 days'),
  ('73ec37b6-2c72-4ca2-8ee6-1dd693238bc3', '4c784cd6-5fd1-498f-9ff6-4efce044b722', '創世記', 37, NOW() - INTERVAL '114 days'),
  ('73ec37b6-2c72-4ca2-8ee6-1dd693238bc3', '4c784cd6-5fd1-498f-9ff6-4efce044b722', '創世記', 38, NOW() - INTERVAL '114 days'),
  ('73ec37b6-2c72-4ca2-8ee6-1dd693238bc3', '4c784cd6-5fd1-498f-9ff6-4efce044b722', '創世記', 39, NOW() - INTERVAL '114 days'),
  ('73ec37b6-2c72-4ca2-8ee6-1dd693238bc3', '4c784cd6-5fd1-498f-9ff6-4efce044b722', '創世記', 40, NOW() - INTERVAL '114 days'),
  ('73ec37b6-2c72-4ca2-8ee6-1dd693238bc3', '4c784cd6-5fd1-498f-9ff6-4efce044b722', '創世記', 41, NOW() - INTERVAL '114 days'),
  ('73ec37b6-2c72-4ca2-8ee6-1dd693238bc3', '4c784cd6-5fd1-498f-9ff6-4efce044b722', '創世記', 42, NOW() - INTERVAL '113 days'),
  ('73ec37b6-2c72-4ca2-8ee6-1dd693238bc3', '4c784cd6-5fd1-498f-9ff6-4efce044b722', '創世記', 43, NOW() - INTERVAL '113 days'),
  ('73ec37b6-2c72-4ca2-8ee6-1dd693238bc3', '4c784cd6-5fd1-498f-9ff6-4efce044b722', '創世記', 44, NOW() - INTERVAL '113 days'),
  ('73ec37b6-2c72-4ca2-8ee6-1dd693238bc3', '4c784cd6-5fd1-498f-9ff6-4efce044b722', '創世記', 45, NOW() - INTERVAL '113 days'),
  ('73ec37b6-2c72-4ca2-8ee6-1dd693238bc3', '4c784cd6-5fd1-498f-9ff6-4efce044b722', '創世記', 46, NOW() - INTERVAL '113 days'),
  ('73ec37b6-2c72-4ca2-8ee6-1dd693238bc3', '4c784cd6-5fd1-498f-9ff6-4efce044b722', '創世記', 47, NOW() - INTERVAL '112 days'),
  ('73ec37b6-2c72-4ca2-8ee6-1dd693238bc3', '4c784cd6-5fd1-498f-9ff6-4efce044b722', '創世記', 48, NOW() - INTERVAL '112 days'),
  ('73ec37b6-2c72-4ca2-8ee6-1dd693238bc3', '4c784cd6-5fd1-498f-9ff6-4efce044b722', '創世記', 49, NOW() - INTERVAL '112 days'),
  ('73ec37b6-2c72-4ca2-8ee6-1dd693238bc3', '4c784cd6-5fd1-498f-9ff6-4efce044b722', '創世記', 50, NOW() - INTERVAL '112 days'),
  ('73ec37b6-2c72-4ca2-8ee6-1dd693238bc3', '4c784cd6-5fd1-498f-9ff6-4efce044b722', '馬太福音', 1, NOW() - INTERVAL '112 days'),
  ('73ec37b6-2c72-4ca2-8ee6-1dd693238bc3', '4c784cd6-5fd1-498f-9ff6-4efce044b722', '馬太福音', 2, NOW() - INTERVAL '111 days'),
  ('73ec37b6-2c72-4ca2-8ee6-1dd693238bc3', '4c784cd6-5fd1-498f-9ff6-4efce044b722', '馬太福音', 3, NOW() - INTERVAL '111 days'),
  ('73ec37b6-2c72-4ca2-8ee6-1dd693238bc3', '4c784cd6-5fd1-498f-9ff6-4efce044b722', '馬太福音', 4, NOW() - INTERVAL '111 days'),
  ('73ec37b6-2c72-4ca2-8ee6-1dd693238bc3', '4c784cd6-5fd1-498f-9ff6-4efce044b722', '馬太福音', 5, NOW() - INTERVAL '111 days'),
  ('73ec37b6-2c72-4ca2-8ee6-1dd693238bc3', '4c784cd6-5fd1-498f-9ff6-4efce044b722', '馬太福音', 6, NOW() - INTERVAL '111 days'),
  ('73ec37b6-2c72-4ca2-8ee6-1dd693238bc3', '4c784cd6-5fd1-498f-9ff6-4efce044b722', '馬太福音', 7, NOW() - INTERVAL '110 days'),
  ('73ec37b6-2c72-4ca2-8ee6-1dd693238bc3', '4c784cd6-5fd1-498f-9ff6-4efce044b722', '馬太福音', 8, NOW() - INTERVAL '110 days'),
  ('73ec37b6-2c72-4ca2-8ee6-1dd693238bc3', '4c784cd6-5fd1-498f-9ff6-4efce044b722', '馬太福音', 9, NOW() - INTERVAL '110 days'),
  ('73ec37b6-2c72-4ca2-8ee6-1dd693238bc3', '4c784cd6-5fd1-498f-9ff6-4efce044b722', '馬太福音', 10, NOW() - INTERVAL '110 days'),
  ('73ec37b6-2c72-4ca2-8ee6-1dd693238bc3', '4c784cd6-5fd1-498f-9ff6-4efce044b722', '馬太福音', 11, NOW() - INTERVAL '110 days'),
  ('73ec37b6-2c72-4ca2-8ee6-1dd693238bc3', '4c784cd6-5fd1-498f-9ff6-4efce044b722', '馬太福音', 12, NOW() - INTERVAL '109 days'),
  ('73ec37b6-2c72-4ca2-8ee6-1dd693238bc3', '4c784cd6-5fd1-498f-9ff6-4efce044b722', '馬太福音', 13, NOW() - INTERVAL '109 days'),
  ('73ec37b6-2c72-4ca2-8ee6-1dd693238bc3', '4c784cd6-5fd1-498f-9ff6-4efce044b722', '馬太福音', 14, NOW() - INTERVAL '109 days'),
  ('73ec37b6-2c72-4ca2-8ee6-1dd693238bc3', '4c784cd6-5fd1-498f-9ff6-4efce044b722', '馬太福音', 15, NOW() - INTERVAL '109 days'),
  ('73ec37b6-2c72-4ca2-8ee6-1dd693238bc3', '4c784cd6-5fd1-498f-9ff6-4efce044b722', '馬太福音', 16, NOW() - INTERVAL '109 days'),
  ('73ec37b6-2c72-4ca2-8ee6-1dd693238bc3', '4c784cd6-5fd1-498f-9ff6-4efce044b722', '馬太福音', 17, NOW() - INTERVAL '108 days'),
  ('73ec37b6-2c72-4ca2-8ee6-1dd693238bc3', '4c784cd6-5fd1-498f-9ff6-4efce044b722', '馬太福音', 18, NOW() - INTERVAL '108 days'),
  ('73ec37b6-2c72-4ca2-8ee6-1dd693238bc3', '4c784cd6-5fd1-498f-9ff6-4efce044b722', '馬太福音', 19, NOW() - INTERVAL '108 days'),
  ('73ec37b6-2c72-4ca2-8ee6-1dd693238bc3', '4c784cd6-5fd1-498f-9ff6-4efce044b722', '馬太福音', 20, NOW() - INTERVAL '108 days'),
  ('73ec37b6-2c72-4ca2-8ee6-1dd693238bc3', '4c784cd6-5fd1-498f-9ff6-4efce044b722', '馬太福音', 21, NOW() - INTERVAL '108 days'),
  ('73ec37b6-2c72-4ca2-8ee6-1dd693238bc3', '4c784cd6-5fd1-498f-9ff6-4efce044b722', '馬太福音', 22, NOW() - INTERVAL '107 days'),
  ('73ec37b6-2c72-4ca2-8ee6-1dd693238bc3', '4c784cd6-5fd1-498f-9ff6-4efce044b722', '馬太福音', 23, NOW() - INTERVAL '107 days'),
  ('73ec37b6-2c72-4ca2-8ee6-1dd693238bc3', '4c784cd6-5fd1-498f-9ff6-4efce044b722', '馬太福音', 24, NOW() - INTERVAL '107 days'),
  ('73ec37b6-2c72-4ca2-8ee6-1dd693238bc3', '4c784cd6-5fd1-498f-9ff6-4efce044b722', '馬太福音', 25, NOW() - INTERVAL '107 days'),
  ('73ec37b6-2c72-4ca2-8ee6-1dd693238bc3', '4c784cd6-5fd1-498f-9ff6-4efce044b722', '馬太福音', 26, NOW() - INTERVAL '107 days'),
  ('73ec37b6-2c72-4ca2-8ee6-1dd693238bc3', '4c784cd6-5fd1-498f-9ff6-4efce044b722', '馬太福音', 27, NOW() - INTERVAL '106 days'),
  ('73ec37b6-2c72-4ca2-8ee6-1dd693238bc3', '4c784cd6-5fd1-498f-9ff6-4efce044b722', '馬太福音', 28, NOW() - INTERVAL '106 days'),
  ('73ec37b6-2c72-4ca2-8ee6-1dd693238bc3', '4c784cd6-5fd1-498f-9ff6-4efce044b722', '列王紀下', 1, NOW() - INTERVAL '106 days'),
  ('73ec37b6-2c72-4ca2-8ee6-1dd693238bc3', '4c784cd6-5fd1-498f-9ff6-4efce044b722', '列王紀下', 2, NOW() - INTERVAL '106 days'),
  ('73ec37b6-2c72-4ca2-8ee6-1dd693238bc3', '4c784cd6-5fd1-498f-9ff6-4efce044b722', '列王紀下', 3, NOW() - INTERVAL '106 days'),
  ('73ec37b6-2c72-4ca2-8ee6-1dd693238bc3', '4c784cd6-5fd1-498f-9ff6-4efce044b722', '列王紀下', 4, NOW() - INTERVAL '105 days'),
  ('73ec37b6-2c72-4ca2-8ee6-1dd693238bc3', '4c784cd6-5fd1-498f-9ff6-4efce044b722', '列王紀下', 5, NOW() - INTERVAL '105 days'),
  ('73ec37b6-2c72-4ca2-8ee6-1dd693238bc3', '4c784cd6-5fd1-498f-9ff6-4efce044b722', '列王紀下', 6, NOW() - INTERVAL '105 days'),
  ('73ec37b6-2c72-4ca2-8ee6-1dd693238bc3', '4c784cd6-5fd1-498f-9ff6-4efce044b722', '列王紀下', 7, NOW() - INTERVAL '105 days'),
  ('73ec37b6-2c72-4ca2-8ee6-1dd693238bc3', '4c784cd6-5fd1-498f-9ff6-4efce044b722', '列王紀下', 8, NOW() - INTERVAL '105 days'),
  ('73ec37b6-2c72-4ca2-8ee6-1dd693238bc3', '4c784cd6-5fd1-498f-9ff6-4efce044b722', '列王紀下', 9, NOW() - INTERVAL '104 days'),
  ('73ec37b6-2c72-4ca2-8ee6-1dd693238bc3', '4c784cd6-5fd1-498f-9ff6-4efce044b722', '列王紀下', 10, NOW() - INTERVAL '104 days'),
  ('73ec37b6-2c72-4ca2-8ee6-1dd693238bc3', '4c784cd6-5fd1-498f-9ff6-4efce044b722', '列王紀下', 11, NOW() - INTERVAL '104 days'),
  ('73ec37b6-2c72-4ca2-8ee6-1dd693238bc3', '4c784cd6-5fd1-498f-9ff6-4efce044b722', '列王紀下', 12, NOW() - INTERVAL '104 days'),
  ('73ec37b6-2c72-4ca2-8ee6-1dd693238bc3', '4c784cd6-5fd1-498f-9ff6-4efce044b722', '列王紀下', 13, NOW() - INTERVAL '104 days'),
  ('73ec37b6-2c72-4ca2-8ee6-1dd693238bc3', '4c784cd6-5fd1-498f-9ff6-4efce044b722', '列王紀下', 14, NOW() - INTERVAL '103 days'),
  ('73ec37b6-2c72-4ca2-8ee6-1dd693238bc3', '4c784cd6-5fd1-498f-9ff6-4efce044b722', '列王紀下', 15, NOW() - INTERVAL '103 days'),
  ('73ec37b6-2c72-4ca2-8ee6-1dd693238bc3', '4c784cd6-5fd1-498f-9ff6-4efce044b722', '列王紀下', 16, NOW() - INTERVAL '103 days'),
  ('73ec37b6-2c72-4ca2-8ee6-1dd693238bc3', '4c784cd6-5fd1-498f-9ff6-4efce044b722', '列王紀下', 17, NOW() - INTERVAL '103 days'),
  ('73ec37b6-2c72-4ca2-8ee6-1dd693238bc3', '4c784cd6-5fd1-498f-9ff6-4efce044b722', '列王紀下', 18, NOW() - INTERVAL '103 days'),
  ('73ec37b6-2c72-4ca2-8ee6-1dd693238bc3', '4c784cd6-5fd1-498f-9ff6-4efce044b722', '列王紀下', 19, NOW() - INTERVAL '102 days'),
  ('73ec37b6-2c72-4ca2-8ee6-1dd693238bc3', '4c784cd6-5fd1-498f-9ff6-4efce044b722', '列王紀下', 20, NOW() - INTERVAL '102 days'),
  ('73ec37b6-2c72-4ca2-8ee6-1dd693238bc3', '4c784cd6-5fd1-498f-9ff6-4efce044b722', '列王紀下', 21, NOW() - INTERVAL '102 days'),
  ('73ec37b6-2c72-4ca2-8ee6-1dd693238bc3', '4c784cd6-5fd1-498f-9ff6-4efce044b722', '列王紀下', 22, NOW() - INTERVAL '102 days'),
  ('73ec37b6-2c72-4ca2-8ee6-1dd693238bc3', '4c784cd6-5fd1-498f-9ff6-4efce044b722', '列王紀下', 23, NOW() - INTERVAL '102 days'),
  ('73ec37b6-2c72-4ca2-8ee6-1dd693238bc3', '4c784cd6-5fd1-498f-9ff6-4efce044b722', '列王紀下', 24, NOW() - INTERVAL '101 days'),
  ('73ec37b6-2c72-4ca2-8ee6-1dd693238bc3', '4c784cd6-5fd1-498f-9ff6-4efce044b722', '列王紀下', 25, NOW() - INTERVAL '101 days'),
  ('73ec37b6-2c72-4ca2-8ee6-1dd693238bc3', '4c784cd6-5fd1-498f-9ff6-4efce044b722', '雅各書', 1, NOW() - INTERVAL '101 days'),
  ('73ec37b6-2c72-4ca2-8ee6-1dd693238bc3', '4c784cd6-5fd1-498f-9ff6-4efce044b722', '雅各書', 2, NOW() - INTERVAL '101 days'),
  ('73ec37b6-2c72-4ca2-8ee6-1dd693238bc3', '4c784cd6-5fd1-498f-9ff6-4efce044b722', '雅各書', 3, NOW() - INTERVAL '101 days'),
  ('73ec37b6-2c72-4ca2-8ee6-1dd693238bc3', '4c784cd6-5fd1-498f-9ff6-4efce044b722', '雅各書', 4, NOW() - INTERVAL '100 days'),
  ('73ec37b6-2c72-4ca2-8ee6-1dd693238bc3', '4c784cd6-5fd1-498f-9ff6-4efce044b722', '雅各書', 5, NOW() - INTERVAL '100 days'),
  ('73ec37b6-2c72-4ca2-8ee6-1dd693238bc3', '4c784cd6-5fd1-498f-9ff6-4efce044b722', '出埃及記', 1, NOW() - INTERVAL '100 days'),
  ('73ec37b6-2c72-4ca2-8ee6-1dd693238bc3', '4c784cd6-5fd1-498f-9ff6-4efce044b722', '出埃及記', 2, NOW() - INTERVAL '100 days'),
  ('73ec37b6-2c72-4ca2-8ee6-1dd693238bc3', '4c784cd6-5fd1-498f-9ff6-4efce044b722', '出埃及記', 3, NOW() - INTERVAL '100 days'),
  ('73ec37b6-2c72-4ca2-8ee6-1dd693238bc3', '4c784cd6-5fd1-498f-9ff6-4efce044b722', '出埃及記', 4, NOW() - INTERVAL '99 days'),
  ('73ec37b6-2c72-4ca2-8ee6-1dd693238bc3', '4c784cd6-5fd1-498f-9ff6-4efce044b722', '出埃及記', 5, NOW() - INTERVAL '99 days'),
  ('73ec37b6-2c72-4ca2-8ee6-1dd693238bc3', '4c784cd6-5fd1-498f-9ff6-4efce044b722', '出埃及記', 6, NOW() - INTERVAL '99 days'),
  ('73ec37b6-2c72-4ca2-8ee6-1dd693238bc3', '4c784cd6-5fd1-498f-9ff6-4efce044b722', '出埃及記', 7, NOW() - INTERVAL '99 days'),
  ('73ec37b6-2c72-4ca2-8ee6-1dd693238bc3', '4c784cd6-5fd1-498f-9ff6-4efce044b722', '出埃及記', 8, NOW() - INTERVAL '99 days'),
  ('73ec37b6-2c72-4ca2-8ee6-1dd693238bc3', '4c784cd6-5fd1-498f-9ff6-4efce044b722', '出埃及記', 9, NOW() - INTERVAL '98 days'),
  ('73ec37b6-2c72-4ca2-8ee6-1dd693238bc3', '4c784cd6-5fd1-498f-9ff6-4efce044b722', '出埃及記', 10, NOW() - INTERVAL '98 days'),
  ('73ec37b6-2c72-4ca2-8ee6-1dd693238bc3', '4c784cd6-5fd1-498f-9ff6-4efce044b722', '出埃及記', 11, NOW() - INTERVAL '98 days'),
  ('73ec37b6-2c72-4ca2-8ee6-1dd693238bc3', '4c784cd6-5fd1-498f-9ff6-4efce044b722', '出埃及記', 12, NOW() - INTERVAL '98 days'),
  ('73ec37b6-2c72-4ca2-8ee6-1dd693238bc3', '4c784cd6-5fd1-498f-9ff6-4efce044b722', '出埃及記', 13, NOW() - INTERVAL '98 days'),
  ('73ec37b6-2c72-4ca2-8ee6-1dd693238bc3', '4c784cd6-5fd1-498f-9ff6-4efce044b722', '出埃及記', 14, NOW() - INTERVAL '97 days'),
  ('73ec37b6-2c72-4ca2-8ee6-1dd693238bc3', '4c784cd6-5fd1-498f-9ff6-4efce044b722', '出埃及記', 15, NOW() - INTERVAL '97 days'),
  ('73ec37b6-2c72-4ca2-8ee6-1dd693238bc3', '4c784cd6-5fd1-498f-9ff6-4efce044b722', '出埃及記', 16, NOW() - INTERVAL '97 days'),
  ('73ec37b6-2c72-4ca2-8ee6-1dd693238bc3', '4c784cd6-5fd1-498f-9ff6-4efce044b722', '出埃及記', 17, NOW() - INTERVAL '97 days'),
  ('73ec37b6-2c72-4ca2-8ee6-1dd693238bc3', '4c784cd6-5fd1-498f-9ff6-4efce044b722', '出埃及記', 18, NOW() - INTERVAL '97 days'),
  ('73ec37b6-2c72-4ca2-8ee6-1dd693238bc3', '4c784cd6-5fd1-498f-9ff6-4efce044b722', '出埃及記', 19, NOW() - INTERVAL '96 days'),
  ('73ec37b6-2c72-4ca2-8ee6-1dd693238bc3', '4c784cd6-5fd1-498f-9ff6-4efce044b722', '出埃及記', 20, NOW() - INTERVAL '96 days'),
  ('73ec37b6-2c72-4ca2-8ee6-1dd693238bc3', '4c784cd6-5fd1-498f-9ff6-4efce044b722', '出埃及記', 21, NOW() - INTERVAL '96 days'),
  ('73ec37b6-2c72-4ca2-8ee6-1dd693238bc3', '4c784cd6-5fd1-498f-9ff6-4efce044b722', '出埃及記', 22, NOW() - INTERVAL '96 days'),
  ('73ec37b6-2c72-4ca2-8ee6-1dd693238bc3', '4c784cd6-5fd1-498f-9ff6-4efce044b722', '出埃及記', 23, NOW() - INTERVAL '96 days'),
  ('73ec37b6-2c72-4ca2-8ee6-1dd693238bc3', '4c784cd6-5fd1-498f-9ff6-4efce044b722', '出埃及記', 24, NOW() - INTERVAL '95 days'),
  ('73ec37b6-2c72-4ca2-8ee6-1dd693238bc3', '4c784cd6-5fd1-498f-9ff6-4efce044b722', '出埃及記', 25, NOW() - INTERVAL '95 days'),
  ('73ec37b6-2c72-4ca2-8ee6-1dd693238bc3', '4c784cd6-5fd1-498f-9ff6-4efce044b722', '出埃及記', 26, NOW() - INTERVAL '95 days'),
  ('73ec37b6-2c72-4ca2-8ee6-1dd693238bc3', '4c784cd6-5fd1-498f-9ff6-4efce044b722', '出埃及記', 27, NOW() - INTERVAL '95 days'),
  ('73ec37b6-2c72-4ca2-8ee6-1dd693238bc3', '4c784cd6-5fd1-498f-9ff6-4efce044b722', '出埃及記', 28, NOW() - INTERVAL '95 days'),
  ('73ec37b6-2c72-4ca2-8ee6-1dd693238bc3', '4c784cd6-5fd1-498f-9ff6-4efce044b722', '出埃及記', 29, NOW() - INTERVAL '94 days'),
  ('73ec37b6-2c72-4ca2-8ee6-1dd693238bc3', '4c784cd6-5fd1-498f-9ff6-4efce044b722', '出埃及記', 30, NOW() - INTERVAL '94 days'),
  ('73ec37b6-2c72-4ca2-8ee6-1dd693238bc3', '4c784cd6-5fd1-498f-9ff6-4efce044b722', '出埃及記', 31, NOW() - INTERVAL '94 days'),
  ('73ec37b6-2c72-4ca2-8ee6-1dd693238bc3', '4c784cd6-5fd1-498f-9ff6-4efce044b722', '出埃及記', 32, NOW() - INTERVAL '94 days'),
  ('73ec37b6-2c72-4ca2-8ee6-1dd693238bc3', '4c784cd6-5fd1-498f-9ff6-4efce044b722', '出埃及記', 33, NOW() - INTERVAL '94 days'),
  ('73ec37b6-2c72-4ca2-8ee6-1dd693238bc3', '4c784cd6-5fd1-498f-9ff6-4efce044b722', '出埃及記', 34, NOW() - INTERVAL '93 days'),
  ('73ec37b6-2c72-4ca2-8ee6-1dd693238bc3', '4c784cd6-5fd1-498f-9ff6-4efce044b722', '出埃及記', 35, NOW() - INTERVAL '93 days'),
  ('73ec37b6-2c72-4ca2-8ee6-1dd693238bc3', '4c784cd6-5fd1-498f-9ff6-4efce044b722', '出埃及記', 36, NOW() - INTERVAL '93 days'),
  ('73ec37b6-2c72-4ca2-8ee6-1dd693238bc3', '4c784cd6-5fd1-498f-9ff6-4efce044b722', '出埃及記', 37, NOW() - INTERVAL '93 days'),
  ('73ec37b6-2c72-4ca2-8ee6-1dd693238bc3', '4c784cd6-5fd1-498f-9ff6-4efce044b722', '出埃及記', 38, NOW() - INTERVAL '93 days'),
  ('73ec37b6-2c72-4ca2-8ee6-1dd693238bc3', '4c784cd6-5fd1-498f-9ff6-4efce044b722', '出埃及記', 39, NOW() - INTERVAL '92 days'),
  ('73ec37b6-2c72-4ca2-8ee6-1dd693238bc3', '4c784cd6-5fd1-498f-9ff6-4efce044b722', '出埃及記', 40, NOW() - INTERVAL '92 days'),
  ('73ec37b6-2c72-4ca2-8ee6-1dd693238bc3', '4c784cd6-5fd1-498f-9ff6-4efce044b722', '馬可福音', 1, NOW() - INTERVAL '92 days'),
  ('73ec37b6-2c72-4ca2-8ee6-1dd693238bc3', '4c784cd6-5fd1-498f-9ff6-4efce044b722', '馬可福音', 2, NOW() - INTERVAL '92 days'),
  ('73ec37b6-2c72-4ca2-8ee6-1dd693238bc3', '4c784cd6-5fd1-498f-9ff6-4efce044b722', '馬可福音', 3, NOW() - INTERVAL '92 days'),
  ('73ec37b6-2c72-4ca2-8ee6-1dd693238bc3', '4c784cd6-5fd1-498f-9ff6-4efce044b722', '馬可福音', 4, NOW() - INTERVAL '91 days'),
  ('73ec37b6-2c72-4ca2-8ee6-1dd693238bc3', '4c784cd6-5fd1-498f-9ff6-4efce044b722', '馬可福音', 5, NOW() - INTERVAL '91 days'),
  ('73ec37b6-2c72-4ca2-8ee6-1dd693238bc3', '4c784cd6-5fd1-498f-9ff6-4efce044b722', '馬可福音', 6, NOW() - INTERVAL '91 days'),
  ('73ec37b6-2c72-4ca2-8ee6-1dd693238bc3', '4c784cd6-5fd1-498f-9ff6-4efce044b722', '馬可福音', 7, NOW() - INTERVAL '91 days'),
  ('73ec37b6-2c72-4ca2-8ee6-1dd693238bc3', '4c784cd6-5fd1-498f-9ff6-4efce044b722', '馬可福音', 8, NOW() - INTERVAL '91 days'),
  ('73ec37b6-2c72-4ca2-8ee6-1dd693238bc3', '4c784cd6-5fd1-498f-9ff6-4efce044b722', '馬可福音', 9, NOW() - INTERVAL '90 days'),
  ('73ec37b6-2c72-4ca2-8ee6-1dd693238bc3', '4c784cd6-5fd1-498f-9ff6-4efce044b722', '馬可福音', 10, NOW() - INTERVAL '90 days'),
  ('73ec37b6-2c72-4ca2-8ee6-1dd693238bc3', '4c784cd6-5fd1-498f-9ff6-4efce044b722', '馬可福音', 11, NOW() - INTERVAL '90 days'),
  ('73ec37b6-2c72-4ca2-8ee6-1dd693238bc3', '4c784cd6-5fd1-498f-9ff6-4efce044b722', '馬可福音', 12, NOW() - INTERVAL '90 days'),
  ('73ec37b6-2c72-4ca2-8ee6-1dd693238bc3', '4c784cd6-5fd1-498f-9ff6-4efce044b722', '馬可福音', 13, NOW() - INTERVAL '90 days'),
  ('73ec37b6-2c72-4ca2-8ee6-1dd693238bc3', '4c784cd6-5fd1-498f-9ff6-4efce044b722', '馬可福音', 14, NOW() - INTERVAL '89 days'),
  ('73ec37b6-2c72-4ca2-8ee6-1dd693238bc3', '4c784cd6-5fd1-498f-9ff6-4efce044b722', '馬可福音', 15, NOW() - INTERVAL '89 days'),
  ('73ec37b6-2c72-4ca2-8ee6-1dd693238bc3', '4c784cd6-5fd1-498f-9ff6-4efce044b722', '馬可福音', 16, NOW() - INTERVAL '89 days'),
  ('73ec37b6-2c72-4ca2-8ee6-1dd693238bc3', '4c784cd6-5fd1-498f-9ff6-4efce044b722', '約伯記', 1, NOW() - INTERVAL '89 days'),
  ('73ec37b6-2c72-4ca2-8ee6-1dd693238bc3', '4c784cd6-5fd1-498f-9ff6-4efce044b722', '約伯記', 2, NOW() - INTERVAL '89 days'),
  ('73ec37b6-2c72-4ca2-8ee6-1dd693238bc3', '4c784cd6-5fd1-498f-9ff6-4efce044b722', '約伯記', 3, NOW() - INTERVAL '88 days'),
  ('73ec37b6-2c72-4ca2-8ee6-1dd693238bc3', '4c784cd6-5fd1-498f-9ff6-4efce044b722', '約伯記', 4, NOW() - INTERVAL '88 days'),
  ('73ec37b6-2c72-4ca2-8ee6-1dd693238bc3', '4c784cd6-5fd1-498f-9ff6-4efce044b722', '約伯記', 5, NOW() - INTERVAL '88 days'),
  ('73ec37b6-2c72-4ca2-8ee6-1dd693238bc3', '4c784cd6-5fd1-498f-9ff6-4efce044b722', '約伯記', 6, NOW() - INTERVAL '88 days'),
  ('73ec37b6-2c72-4ca2-8ee6-1dd693238bc3', '4c784cd6-5fd1-498f-9ff6-4efce044b722', '約伯記', 7, NOW() - INTERVAL '88 days'),
  ('73ec37b6-2c72-4ca2-8ee6-1dd693238bc3', '4c784cd6-5fd1-498f-9ff6-4efce044b722', '約伯記', 8, NOW() - INTERVAL '87 days'),
  ('73ec37b6-2c72-4ca2-8ee6-1dd693238bc3', '4c784cd6-5fd1-498f-9ff6-4efce044b722', '約伯記', 9, NOW() - INTERVAL '87 days'),
  ('73ec37b6-2c72-4ca2-8ee6-1dd693238bc3', '4c784cd6-5fd1-498f-9ff6-4efce044b722', '約伯記', 10, NOW() - INTERVAL '87 days'),
  ('73ec37b6-2c72-4ca2-8ee6-1dd693238bc3', '4c784cd6-5fd1-498f-9ff6-4efce044b722', '約伯記', 11, NOW() - INTERVAL '87 days'),
  ('73ec37b6-2c72-4ca2-8ee6-1dd693238bc3', '4c784cd6-5fd1-498f-9ff6-4efce044b722', '約伯記', 12, NOW() - INTERVAL '87 days'),
  ('73ec37b6-2c72-4ca2-8ee6-1dd693238bc3', '4c784cd6-5fd1-498f-9ff6-4efce044b722', '約伯記', 13, NOW() - INTERVAL '86 days'),
  ('73ec37b6-2c72-4ca2-8ee6-1dd693238bc3', '4c784cd6-5fd1-498f-9ff6-4efce044b722', '約伯記', 14, NOW() - INTERVAL '86 days'),
  ('73ec37b6-2c72-4ca2-8ee6-1dd693238bc3', '4c784cd6-5fd1-498f-9ff6-4efce044b722', '約伯記', 15, NOW() - INTERVAL '86 days'),
  ('73ec37b6-2c72-4ca2-8ee6-1dd693238bc3', '4c784cd6-5fd1-498f-9ff6-4efce044b722', '約伯記', 16, NOW() - INTERVAL '86 days'),
  ('73ec37b6-2c72-4ca2-8ee6-1dd693238bc3', '4c784cd6-5fd1-498f-9ff6-4efce044b722', '約伯記', 17, NOW() - INTERVAL '86 days'),
  ('73ec37b6-2c72-4ca2-8ee6-1dd693238bc3', '4c784cd6-5fd1-498f-9ff6-4efce044b722', '約伯記', 18, NOW() - INTERVAL '85 days'),
  ('73ec37b6-2c72-4ca2-8ee6-1dd693238bc3', '4c784cd6-5fd1-498f-9ff6-4efce044b722', '約伯記', 19, NOW() - INTERVAL '85 days'),
  ('73ec37b6-2c72-4ca2-8ee6-1dd693238bc3', '4c784cd6-5fd1-498f-9ff6-4efce044b722', '約伯記', 20, NOW() - INTERVAL '85 days'),
  ('73ec37b6-2c72-4ca2-8ee6-1dd693238bc3', '4c784cd6-5fd1-498f-9ff6-4efce044b722', '約伯記', 21, NOW() - INTERVAL '85 days'),
  ('73ec37b6-2c72-4ca2-8ee6-1dd693238bc3', '4c784cd6-5fd1-498f-9ff6-4efce044b722', '約伯記', 22, NOW() - INTERVAL '85 days'),
  ('73ec37b6-2c72-4ca2-8ee6-1dd693238bc3', '4c784cd6-5fd1-498f-9ff6-4efce044b722', '約伯記', 23, NOW() - INTERVAL '84 days'),
  ('73ec37b6-2c72-4ca2-8ee6-1dd693238bc3', '4c784cd6-5fd1-498f-9ff6-4efce044b722', '約伯記', 24, NOW() - INTERVAL '84 days'),
  ('73ec37b6-2c72-4ca2-8ee6-1dd693238bc3', '4c784cd6-5fd1-498f-9ff6-4efce044b722', '約伯記', 25, NOW() - INTERVAL '84 days'),
  ('73ec37b6-2c72-4ca2-8ee6-1dd693238bc3', '4c784cd6-5fd1-498f-9ff6-4efce044b722', '約伯記', 26, NOW() - INTERVAL '84 days'),
  ('73ec37b6-2c72-4ca2-8ee6-1dd693238bc3', '4c784cd6-5fd1-498f-9ff6-4efce044b722', '約伯記', 27, NOW() - INTERVAL '84 days'),
  ('73ec37b6-2c72-4ca2-8ee6-1dd693238bc3', '4c784cd6-5fd1-498f-9ff6-4efce044b722', '約伯記', 28, NOW() - INTERVAL '83 days'),
  ('73ec37b6-2c72-4ca2-8ee6-1dd693238bc3', '4c784cd6-5fd1-498f-9ff6-4efce044b722', '約伯記', 29, NOW() - INTERVAL '83 days'),
  ('73ec37b6-2c72-4ca2-8ee6-1dd693238bc3', '4c784cd6-5fd1-498f-9ff6-4efce044b722', '約伯記', 30, NOW() - INTERVAL '83 days'),
  ('73ec37b6-2c72-4ca2-8ee6-1dd693238bc3', '4c784cd6-5fd1-498f-9ff6-4efce044b722', '約伯記', 31, NOW() - INTERVAL '83 days'),
  ('73ec37b6-2c72-4ca2-8ee6-1dd693238bc3', '4c784cd6-5fd1-498f-9ff6-4efce044b722', '約伯記', 32, NOW() - INTERVAL '83 days'),
  ('73ec37b6-2c72-4ca2-8ee6-1dd693238bc3', '4c784cd6-5fd1-498f-9ff6-4efce044b722', '約伯記', 33, NOW() - INTERVAL '82 days'),
  ('73ec37b6-2c72-4ca2-8ee6-1dd693238bc3', '4c784cd6-5fd1-498f-9ff6-4efce044b722', '約伯記', 34, NOW() - INTERVAL '82 days'),
  ('73ec37b6-2c72-4ca2-8ee6-1dd693238bc3', '4c784cd6-5fd1-498f-9ff6-4efce044b722', '約伯記', 35, NOW() - INTERVAL '82 days'),
  ('73ec37b6-2c72-4ca2-8ee6-1dd693238bc3', '4c784cd6-5fd1-498f-9ff6-4efce044b722', '約伯記', 36, NOW() - INTERVAL '82 days'),
  ('73ec37b6-2c72-4ca2-8ee6-1dd693238bc3', '4c784cd6-5fd1-498f-9ff6-4efce044b722', '約伯記', 37, NOW() - INTERVAL '82 days'),
  ('73ec37b6-2c72-4ca2-8ee6-1dd693238bc3', '4c784cd6-5fd1-498f-9ff6-4efce044b722', '約伯記', 38, NOW() - INTERVAL '81 days'),
  ('73ec37b6-2c72-4ca2-8ee6-1dd693238bc3', '4c784cd6-5fd1-498f-9ff6-4efce044b722', '約伯記', 39, NOW() - INTERVAL '81 days'),
  ('73ec37b6-2c72-4ca2-8ee6-1dd693238bc3', '4c784cd6-5fd1-498f-9ff6-4efce044b722', '約伯記', 40, NOW() - INTERVAL '81 days'),
  ('73ec37b6-2c72-4ca2-8ee6-1dd693238bc3', '4c784cd6-5fd1-498f-9ff6-4efce044b722', '約伯記', 41, NOW() - INTERVAL '81 days'),
  ('73ec37b6-2c72-4ca2-8ee6-1dd693238bc3', '4c784cd6-5fd1-498f-9ff6-4efce044b722', '約伯記', 42, NOW() - INTERVAL '81 days'),
  ('73ec37b6-2c72-4ca2-8ee6-1dd693238bc3', '4c784cd6-5fd1-498f-9ff6-4efce044b722', '加拉太書', 1, NOW() - INTERVAL '80 days'),
  ('73ec37b6-2c72-4ca2-8ee6-1dd693238bc3', '4c784cd6-5fd1-498f-9ff6-4efce044b722', '加拉太書', 2, NOW() - INTERVAL '80 days'),
  ('73ec37b6-2c72-4ca2-8ee6-1dd693238bc3', '4c784cd6-5fd1-498f-9ff6-4efce044b722', '加拉太書', 3, NOW() - INTERVAL '80 days'),
  ('73ec37b6-2c72-4ca2-8ee6-1dd693238bc3', '4c784cd6-5fd1-498f-9ff6-4efce044b722', '加拉太書', 4, NOW() - INTERVAL '80 days'),
  ('73ec37b6-2c72-4ca2-8ee6-1dd693238bc3', '4c784cd6-5fd1-498f-9ff6-4efce044b722', '加拉太書', 5, NOW() - INTERVAL '80 days'),
  ('73ec37b6-2c72-4ca2-8ee6-1dd693238bc3', '4c784cd6-5fd1-498f-9ff6-4efce044b722', '加拉太書', 6, NOW() - INTERVAL '79 days'),
  ('73ec37b6-2c72-4ca2-8ee6-1dd693238bc3', '4c784cd6-5fd1-498f-9ff6-4efce044b722', '哈巴谷書', 1, NOW() - INTERVAL '79 days'),
  ('73ec37b6-2c72-4ca2-8ee6-1dd693238bc3', '4c784cd6-5fd1-498f-9ff6-4efce044b722', '哈巴谷書', 2, NOW() - INTERVAL '79 days'),
  ('73ec37b6-2c72-4ca2-8ee6-1dd693238bc3', '4c784cd6-5fd1-498f-9ff6-4efce044b722', '哈巴谷書', 3, NOW() - INTERVAL '79 days'),
  ('73ec37b6-2c72-4ca2-8ee6-1dd693238bc3', '4c784cd6-5fd1-498f-9ff6-4efce044b722', '猶大書', 1, NOW() - INTERVAL '79 days'),
  ('73ec37b6-2c72-4ca2-8ee6-1dd693238bc3', '4c784cd6-5fd1-498f-9ff6-4efce044b722', '利未記', 1, NOW() - INTERVAL '78 days'),
  ('73ec37b6-2c72-4ca2-8ee6-1dd693238bc3', '4c784cd6-5fd1-498f-9ff6-4efce044b722', '利未記', 2, NOW() - INTERVAL '78 days'),
  ('73ec37b6-2c72-4ca2-8ee6-1dd693238bc3', '4c784cd6-5fd1-498f-9ff6-4efce044b722', '利未記', 3, NOW() - INTERVAL '78 days'),
  ('73ec37b6-2c72-4ca2-8ee6-1dd693238bc3', '4c784cd6-5fd1-498f-9ff6-4efce044b722', '利未記', 4, NOW() - INTERVAL '78 days'),
  ('73ec37b6-2c72-4ca2-8ee6-1dd693238bc3', '4c784cd6-5fd1-498f-9ff6-4efce044b722', '利未記', 5, NOW() - INTERVAL '78 days'),
  ('73ec37b6-2c72-4ca2-8ee6-1dd693238bc3', '4c784cd6-5fd1-498f-9ff6-4efce044b722', '利未記', 6, NOW() - INTERVAL '77 days'),
  ('73ec37b6-2c72-4ca2-8ee6-1dd693238bc3', '4c784cd6-5fd1-498f-9ff6-4efce044b722', '利未記', 7, NOW() - INTERVAL '77 days'),
  ('73ec37b6-2c72-4ca2-8ee6-1dd693238bc3', '4c784cd6-5fd1-498f-9ff6-4efce044b722', '利未記', 8, NOW() - INTERVAL '77 days'),
  ('73ec37b6-2c72-4ca2-8ee6-1dd693238bc3', '4c784cd6-5fd1-498f-9ff6-4efce044b722', '利未記', 9, NOW() - INTERVAL '77 days'),
  ('73ec37b6-2c72-4ca2-8ee6-1dd693238bc3', '4c784cd6-5fd1-498f-9ff6-4efce044b722', '利未記', 10, NOW() - INTERVAL '77 days'),
  ('73ec37b6-2c72-4ca2-8ee6-1dd693238bc3', '4c784cd6-5fd1-498f-9ff6-4efce044b722', '利未記', 11, NOW() - INTERVAL '76 days'),
  ('73ec37b6-2c72-4ca2-8ee6-1dd693238bc3', '4c784cd6-5fd1-498f-9ff6-4efce044b722', '利未記', 12, NOW() - INTERVAL '76 days'),
  ('73ec37b6-2c72-4ca2-8ee6-1dd693238bc3', '4c784cd6-5fd1-498f-9ff6-4efce044b722', '利未記', 13, NOW() - INTERVAL '76 days'),
  ('73ec37b6-2c72-4ca2-8ee6-1dd693238bc3', '4c784cd6-5fd1-498f-9ff6-4efce044b722', '利未記', 14, NOW() - INTERVAL '76 days'),
  ('73ec37b6-2c72-4ca2-8ee6-1dd693238bc3', '4c784cd6-5fd1-498f-9ff6-4efce044b722', '利未記', 15, NOW() - INTERVAL '76 days'),
  ('73ec37b6-2c72-4ca2-8ee6-1dd693238bc3', '4c784cd6-5fd1-498f-9ff6-4efce044b722', '利未記', 16, NOW() - INTERVAL '75 days'),
  ('73ec37b6-2c72-4ca2-8ee6-1dd693238bc3', '4c784cd6-5fd1-498f-9ff6-4efce044b722', '利未記', 17, NOW() - INTERVAL '75 days'),
  ('73ec37b6-2c72-4ca2-8ee6-1dd693238bc3', '4c784cd6-5fd1-498f-9ff6-4efce044b722', '利未記', 18, NOW() - INTERVAL '75 days'),
  ('73ec37b6-2c72-4ca2-8ee6-1dd693238bc3', '4c784cd6-5fd1-498f-9ff6-4efce044b722', '利未記', 19, NOW() - INTERVAL '75 days'),
  ('73ec37b6-2c72-4ca2-8ee6-1dd693238bc3', '4c784cd6-5fd1-498f-9ff6-4efce044b722', '利未記', 20, NOW() - INTERVAL '75 days'),
  ('73ec37b6-2c72-4ca2-8ee6-1dd693238bc3', '4c784cd6-5fd1-498f-9ff6-4efce044b722', '利未記', 21, NOW() - INTERVAL '74 days'),
  ('73ec37b6-2c72-4ca2-8ee6-1dd693238bc3', '4c784cd6-5fd1-498f-9ff6-4efce044b722', '利未記', 22, NOW() - INTERVAL '74 days'),
  ('73ec37b6-2c72-4ca2-8ee6-1dd693238bc3', '4c784cd6-5fd1-498f-9ff6-4efce044b722', '利未記', 23, NOW() - INTERVAL '74 days'),
  ('73ec37b6-2c72-4ca2-8ee6-1dd693238bc3', '4c784cd6-5fd1-498f-9ff6-4efce044b722', '利未記', 24, NOW() - INTERVAL '74 days'),
  ('73ec37b6-2c72-4ca2-8ee6-1dd693238bc3', '4c784cd6-5fd1-498f-9ff6-4efce044b722', '利未記', 25, NOW() - INTERVAL '74 days'),
  ('73ec37b6-2c72-4ca2-8ee6-1dd693238bc3', '4c784cd6-5fd1-498f-9ff6-4efce044b722', '利未記', 26, NOW() - INTERVAL '73 days'),
  ('73ec37b6-2c72-4ca2-8ee6-1dd693238bc3', '4c784cd6-5fd1-498f-9ff6-4efce044b722', '利未記', 27, NOW() - INTERVAL '73 days'),
  ('73ec37b6-2c72-4ca2-8ee6-1dd693238bc3', '4c784cd6-5fd1-498f-9ff6-4efce044b722', '路加福音', 1, NOW() - INTERVAL '73 days'),
  ('73ec37b6-2c72-4ca2-8ee6-1dd693238bc3', '4c784cd6-5fd1-498f-9ff6-4efce044b722', '路加福音', 2, NOW() - INTERVAL '73 days'),
  ('73ec37b6-2c72-4ca2-8ee6-1dd693238bc3', '4c784cd6-5fd1-498f-9ff6-4efce044b722', '路加福音', 3, NOW() - INTERVAL '73 days'),
  ('73ec37b6-2c72-4ca2-8ee6-1dd693238bc3', '4c784cd6-5fd1-498f-9ff6-4efce044b722', '路加福音', 4, NOW() - INTERVAL '72 days'),
  ('73ec37b6-2c72-4ca2-8ee6-1dd693238bc3', '4c784cd6-5fd1-498f-9ff6-4efce044b722', '路加福音', 5, NOW() - INTERVAL '72 days'),
  ('73ec37b6-2c72-4ca2-8ee6-1dd693238bc3', '4c784cd6-5fd1-498f-9ff6-4efce044b722', '路加福音', 6, NOW() - INTERVAL '72 days'),
  ('73ec37b6-2c72-4ca2-8ee6-1dd693238bc3', '4c784cd6-5fd1-498f-9ff6-4efce044b722', '路加福音', 7, NOW() - INTERVAL '72 days'),
  ('73ec37b6-2c72-4ca2-8ee6-1dd693238bc3', '4c784cd6-5fd1-498f-9ff6-4efce044b722', '路加福音', 8, NOW() - INTERVAL '72 days'),
  ('73ec37b6-2c72-4ca2-8ee6-1dd693238bc3', '4c784cd6-5fd1-498f-9ff6-4efce044b722', '路加福音', 9, NOW() - INTERVAL '71 days'),
  ('73ec37b6-2c72-4ca2-8ee6-1dd693238bc3', '4c784cd6-5fd1-498f-9ff6-4efce044b722', '路加福音', 10, NOW() - INTERVAL '71 days'),
  ('73ec37b6-2c72-4ca2-8ee6-1dd693238bc3', '4c784cd6-5fd1-498f-9ff6-4efce044b722', '路加福音', 11, NOW() - INTERVAL '71 days'),
  ('73ec37b6-2c72-4ca2-8ee6-1dd693238bc3', '4c784cd6-5fd1-498f-9ff6-4efce044b722', '路加福音', 12, NOW() - INTERVAL '71 days'),
  ('73ec37b6-2c72-4ca2-8ee6-1dd693238bc3', '4c784cd6-5fd1-498f-9ff6-4efce044b722', '路加福音', 13, NOW() - INTERVAL '71 days'),
  ('73ec37b6-2c72-4ca2-8ee6-1dd693238bc3', '4c784cd6-5fd1-498f-9ff6-4efce044b722', '路加福音', 14, NOW() - INTERVAL '70 days'),
  ('73ec37b6-2c72-4ca2-8ee6-1dd693238bc3', '4c784cd6-5fd1-498f-9ff6-4efce044b722', '路加福音', 15, NOW() - INTERVAL '70 days'),
  ('73ec37b6-2c72-4ca2-8ee6-1dd693238bc3', '4c784cd6-5fd1-498f-9ff6-4efce044b722', '路加福音', 16, NOW() - INTERVAL '70 days'),
  ('73ec37b6-2c72-4ca2-8ee6-1dd693238bc3', '4c784cd6-5fd1-498f-9ff6-4efce044b722', '路加福音', 17, NOW() - INTERVAL '70 days'),
  ('73ec37b6-2c72-4ca2-8ee6-1dd693238bc3', '4c784cd6-5fd1-498f-9ff6-4efce044b722', '路加福音', 18, NOW() - INTERVAL '70 days'),
  ('73ec37b6-2c72-4ca2-8ee6-1dd693238bc3', '4c784cd6-5fd1-498f-9ff6-4efce044b722', '路加福音', 19, NOW() - INTERVAL '69 days'),
  ('73ec37b6-2c72-4ca2-8ee6-1dd693238bc3', '4c784cd6-5fd1-498f-9ff6-4efce044b722', '路加福音', 20, NOW() - INTERVAL '69 days'),
  ('73ec37b6-2c72-4ca2-8ee6-1dd693238bc3', '4c784cd6-5fd1-498f-9ff6-4efce044b722', '路加福音', 21, NOW() - INTERVAL '69 days'),
  ('73ec37b6-2c72-4ca2-8ee6-1dd693238bc3', '4c784cd6-5fd1-498f-9ff6-4efce044b722', '路加福音', 22, NOW() - INTERVAL '69 days'),
  ('73ec37b6-2c72-4ca2-8ee6-1dd693238bc3', '4c784cd6-5fd1-498f-9ff6-4efce044b722', '路加福音', 23, NOW() - INTERVAL '69 days'),
  ('73ec37b6-2c72-4ca2-8ee6-1dd693238bc3', '4c784cd6-5fd1-498f-9ff6-4efce044b722', '路加福音', 24, NOW() - INTERVAL '68 days'),
  ('73ec37b6-2c72-4ca2-8ee6-1dd693238bc3', '4c784cd6-5fd1-498f-9ff6-4efce044b722', '歷代志下', 1, NOW() - INTERVAL '68 days'),
  ('73ec37b6-2c72-4ca2-8ee6-1dd693238bc3', '4c784cd6-5fd1-498f-9ff6-4efce044b722', '歷代志下', 2, NOW() - INTERVAL '68 days'),
  ('73ec37b6-2c72-4ca2-8ee6-1dd693238bc3', '4c784cd6-5fd1-498f-9ff6-4efce044b722', '歷代志下', 3, NOW() - INTERVAL '68 days'),
  ('73ec37b6-2c72-4ca2-8ee6-1dd693238bc3', '4c784cd6-5fd1-498f-9ff6-4efce044b722', '歷代志下', 4, NOW() - INTERVAL '68 days'),
  ('73ec37b6-2c72-4ca2-8ee6-1dd693238bc3', '4c784cd6-5fd1-498f-9ff6-4efce044b722', '歷代志下', 5, NOW() - INTERVAL '67 days'),
  ('73ec37b6-2c72-4ca2-8ee6-1dd693238bc3', '4c784cd6-5fd1-498f-9ff6-4efce044b722', '歷代志下', 6, NOW() - INTERVAL '67 days'),
  ('73ec37b6-2c72-4ca2-8ee6-1dd693238bc3', '4c784cd6-5fd1-498f-9ff6-4efce044b722', '歷代志下', 7, NOW() - INTERVAL '67 days'),
  ('73ec37b6-2c72-4ca2-8ee6-1dd693238bc3', '4c784cd6-5fd1-498f-9ff6-4efce044b722', '歷代志下', 8, NOW() - INTERVAL '67 days'),
  ('73ec37b6-2c72-4ca2-8ee6-1dd693238bc3', '4c784cd6-5fd1-498f-9ff6-4efce044b722', '歷代志下', 9, NOW() - INTERVAL '67 days'),
  ('73ec37b6-2c72-4ca2-8ee6-1dd693238bc3', '4c784cd6-5fd1-498f-9ff6-4efce044b722', '歷代志下', 10, NOW() - INTERVAL '66 days'),
  ('73ec37b6-2c72-4ca2-8ee6-1dd693238bc3', '4c784cd6-5fd1-498f-9ff6-4efce044b722', '歷代志下', 11, NOW() - INTERVAL '66 days'),
  ('73ec37b6-2c72-4ca2-8ee6-1dd693238bc3', '4c784cd6-5fd1-498f-9ff6-4efce044b722', '歷代志下', 12, NOW() - INTERVAL '66 days'),
  ('73ec37b6-2c72-4ca2-8ee6-1dd693238bc3', '4c784cd6-5fd1-498f-9ff6-4efce044b722', '歷代志下', 13, NOW() - INTERVAL '66 days'),
  ('73ec37b6-2c72-4ca2-8ee6-1dd693238bc3', '4c784cd6-5fd1-498f-9ff6-4efce044b722', '歷代志下', 14, NOW() - INTERVAL '66 days'),
  ('73ec37b6-2c72-4ca2-8ee6-1dd693238bc3', '4c784cd6-5fd1-498f-9ff6-4efce044b722', '歷代志下', 15, NOW() - INTERVAL '65 days'),
  ('73ec37b6-2c72-4ca2-8ee6-1dd693238bc3', '4c784cd6-5fd1-498f-9ff6-4efce044b722', '歷代志下', 16, NOW() - INTERVAL '65 days'),
  ('73ec37b6-2c72-4ca2-8ee6-1dd693238bc3', '4c784cd6-5fd1-498f-9ff6-4efce044b722', '歷代志下', 17, NOW() - INTERVAL '65 days'),
  ('73ec37b6-2c72-4ca2-8ee6-1dd693238bc3', '4c784cd6-5fd1-498f-9ff6-4efce044b722', '歷代志下', 18, NOW() - INTERVAL '65 days'),
  ('73ec37b6-2c72-4ca2-8ee6-1dd693238bc3', '4c784cd6-5fd1-498f-9ff6-4efce044b722', '歷代志下', 19, NOW() - INTERVAL '65 days'),
  ('73ec37b6-2c72-4ca2-8ee6-1dd693238bc3', '4c784cd6-5fd1-498f-9ff6-4efce044b722', '歷代志下', 20, NOW() - INTERVAL '64 days'),
  ('73ec37b6-2c72-4ca2-8ee6-1dd693238bc3', '4c784cd6-5fd1-498f-9ff6-4efce044b722', '歷代志下', 21, NOW() - INTERVAL '64 days'),
  ('73ec37b6-2c72-4ca2-8ee6-1dd693238bc3', '4c784cd6-5fd1-498f-9ff6-4efce044b722', '歷代志下', 22, NOW() - INTERVAL '64 days'),
  ('73ec37b6-2c72-4ca2-8ee6-1dd693238bc3', '4c784cd6-5fd1-498f-9ff6-4efce044b722', '歷代志下', 23, NOW() - INTERVAL '64 days'),
  ('73ec37b6-2c72-4ca2-8ee6-1dd693238bc3', '4c784cd6-5fd1-498f-9ff6-4efce044b722', '歷代志下', 24, NOW() - INTERVAL '64 days'),
  ('73ec37b6-2c72-4ca2-8ee6-1dd693238bc3', '4c784cd6-5fd1-498f-9ff6-4efce044b722', '歷代志下', 25, NOW() - INTERVAL '63 days'),
  ('73ec37b6-2c72-4ca2-8ee6-1dd693238bc3', '4c784cd6-5fd1-498f-9ff6-4efce044b722', '歷代志下', 26, NOW() - INTERVAL '63 days'),
  ('73ec37b6-2c72-4ca2-8ee6-1dd693238bc3', '4c784cd6-5fd1-498f-9ff6-4efce044b722', '歷代志下', 27, NOW() - INTERVAL '63 days'),
  ('73ec37b6-2c72-4ca2-8ee6-1dd693238bc3', '4c784cd6-5fd1-498f-9ff6-4efce044b722', '歷代志下', 28, NOW() - INTERVAL '63 days'),
  ('73ec37b6-2c72-4ca2-8ee6-1dd693238bc3', '4c784cd6-5fd1-498f-9ff6-4efce044b722', '歷代志下', 29, NOW() - INTERVAL '63 days'),
  ('73ec37b6-2c72-4ca2-8ee6-1dd693238bc3', '4c784cd6-5fd1-498f-9ff6-4efce044b722', '歷代志下', 30, NOW() - INTERVAL '62 days'),
  ('73ec37b6-2c72-4ca2-8ee6-1dd693238bc3', '4c784cd6-5fd1-498f-9ff6-4efce044b722', '歷代志下', 31, NOW() - INTERVAL '62 days'),
  ('73ec37b6-2c72-4ca2-8ee6-1dd693238bc3', '4c784cd6-5fd1-498f-9ff6-4efce044b722', '歷代志下', 32, NOW() - INTERVAL '62 days'),
  ('73ec37b6-2c72-4ca2-8ee6-1dd693238bc3', '4c784cd6-5fd1-498f-9ff6-4efce044b722', '歷代志下', 33, NOW() - INTERVAL '62 days'),
  ('73ec37b6-2c72-4ca2-8ee6-1dd693238bc3', '4c784cd6-5fd1-498f-9ff6-4efce044b722', '歷代志下', 34, NOW() - INTERVAL '62 days'),
  ('73ec37b6-2c72-4ca2-8ee6-1dd693238bc3', '4c784cd6-5fd1-498f-9ff6-4efce044b722', '歷代志下', 35, NOW() - INTERVAL '61 days'),
  ('73ec37b6-2c72-4ca2-8ee6-1dd693238bc3', '4c784cd6-5fd1-498f-9ff6-4efce044b722', '歷代志下', 36, NOW() - INTERVAL '61 days'),
  ('73ec37b6-2c72-4ca2-8ee6-1dd693238bc3', '4c784cd6-5fd1-498f-9ff6-4efce044b722', '帖撒羅尼迦前書', 1, NOW() - INTERVAL '61 days'),
  ('73ec37b6-2c72-4ca2-8ee6-1dd693238bc3', '4c784cd6-5fd1-498f-9ff6-4efce044b722', '帖撒羅尼迦前書', 2, NOW() - INTERVAL '61 days'),
  ('73ec37b6-2c72-4ca2-8ee6-1dd693238bc3', '4c784cd6-5fd1-498f-9ff6-4efce044b722', '帖撒羅尼迦前書', 3, NOW() - INTERVAL '61 days'),
  ('73ec37b6-2c72-4ca2-8ee6-1dd693238bc3', '4c784cd6-5fd1-498f-9ff6-4efce044b722', '帖撒羅尼迦前書', 4, NOW() - INTERVAL '60 days'),
  ('73ec37b6-2c72-4ca2-8ee6-1dd693238bc3', '4c784cd6-5fd1-498f-9ff6-4efce044b722', '帖撒羅尼迦前書', 5, NOW() - INTERVAL '60 days'),
  ('73ec37b6-2c72-4ca2-8ee6-1dd693238bc3', '4c784cd6-5fd1-498f-9ff6-4efce044b722', '約拿書', 1, NOW() - INTERVAL '60 days'),
  ('73ec37b6-2c72-4ca2-8ee6-1dd693238bc3', '4c784cd6-5fd1-498f-9ff6-4efce044b722', '約拿書', 2, NOW() - INTERVAL '60 days'),
  ('73ec37b6-2c72-4ca2-8ee6-1dd693238bc3', '4c784cd6-5fd1-498f-9ff6-4efce044b722', '約拿書', 3, NOW() - INTERVAL '60 days'),
  ('73ec37b6-2c72-4ca2-8ee6-1dd693238bc3', '4c784cd6-5fd1-498f-9ff6-4efce044b722', '約拿書', 4, NOW() - INTERVAL '59 days'),
  ('73ec37b6-2c72-4ca2-8ee6-1dd693238bc3', '4c784cd6-5fd1-498f-9ff6-4efce044b722', '約翰二書', 1, NOW() - INTERVAL '59 days'),
  ('73ec37b6-2c72-4ca2-8ee6-1dd693238bc3', '4c784cd6-5fd1-498f-9ff6-4efce044b722', '彌迦書', 1, NOW() - INTERVAL '59 days'),
  ('73ec37b6-2c72-4ca2-8ee6-1dd693238bc3', '4c784cd6-5fd1-498f-9ff6-4efce044b722', '彌迦書', 2, NOW() - INTERVAL '59 days'),
  ('73ec37b6-2c72-4ca2-8ee6-1dd693238bc3', '4c784cd6-5fd1-498f-9ff6-4efce044b722', '彌迦書', 3, NOW() - INTERVAL '59 days'),
  ('73ec37b6-2c72-4ca2-8ee6-1dd693238bc3', '4c784cd6-5fd1-498f-9ff6-4efce044b722', '彌迦書', 4, NOW() - INTERVAL '58 days'),
  ('73ec37b6-2c72-4ca2-8ee6-1dd693238bc3', '4c784cd6-5fd1-498f-9ff6-4efce044b722', '彌迦書', 5, NOW() - INTERVAL '58 days'),
  ('73ec37b6-2c72-4ca2-8ee6-1dd693238bc3', '4c784cd6-5fd1-498f-9ff6-4efce044b722', '彌迦書', 6, NOW() - INTERVAL '58 days'),
  ('73ec37b6-2c72-4ca2-8ee6-1dd693238bc3', '4c784cd6-5fd1-498f-9ff6-4efce044b722', '彌迦書', 7, NOW() - INTERVAL '58 days'),
  ('73ec37b6-2c72-4ca2-8ee6-1dd693238bc3', '4c784cd6-5fd1-498f-9ff6-4efce044b722', '約翰三書', 1, NOW() - INTERVAL '58 days'),
  ('73ec37b6-2c72-4ca2-8ee6-1dd693238bc3', '4c784cd6-5fd1-498f-9ff6-4efce044b722', '民數記', 1, NOW() - INTERVAL '57 days'),
  ('73ec37b6-2c72-4ca2-8ee6-1dd693238bc3', '4c784cd6-5fd1-498f-9ff6-4efce044b722', '民數記', 2, NOW() - INTERVAL '57 days'),
  ('73ec37b6-2c72-4ca2-8ee6-1dd693238bc3', '4c784cd6-5fd1-498f-9ff6-4efce044b722', '民數記', 3, NOW() - INTERVAL '57 days'),
  ('73ec37b6-2c72-4ca2-8ee6-1dd693238bc3', '4c784cd6-5fd1-498f-9ff6-4efce044b722', '民數記', 4, NOW() - INTERVAL '57 days'),
  ('73ec37b6-2c72-4ca2-8ee6-1dd693238bc3', '4c784cd6-5fd1-498f-9ff6-4efce044b722', '民數記', 5, NOW() - INTERVAL '57 days'),
  ('73ec37b6-2c72-4ca2-8ee6-1dd693238bc3', '4c784cd6-5fd1-498f-9ff6-4efce044b722', '民數記', 6, NOW() - INTERVAL '56 days'),
  ('73ec37b6-2c72-4ca2-8ee6-1dd693238bc3', '4c784cd6-5fd1-498f-9ff6-4efce044b722', '民數記', 7, NOW() - INTERVAL '56 days'),
  ('73ec37b6-2c72-4ca2-8ee6-1dd693238bc3', '4c784cd6-5fd1-498f-9ff6-4efce044b722', '民數記', 8, NOW() - INTERVAL '56 days'),
  ('73ec37b6-2c72-4ca2-8ee6-1dd693238bc3', '4c784cd6-5fd1-498f-9ff6-4efce044b722', '民數記', 9, NOW() - INTERVAL '56 days'),
  ('73ec37b6-2c72-4ca2-8ee6-1dd693238bc3', '4c784cd6-5fd1-498f-9ff6-4efce044b722', '民數記', 10, NOW() - INTERVAL '56 days'),
  ('73ec37b6-2c72-4ca2-8ee6-1dd693238bc3', '4c784cd6-5fd1-498f-9ff6-4efce044b722', '民數記', 11, NOW() - INTERVAL '55 days'),
  ('73ec37b6-2c72-4ca2-8ee6-1dd693238bc3', '4c784cd6-5fd1-498f-9ff6-4efce044b722', '民數記', 12, NOW() - INTERVAL '55 days'),
  ('73ec37b6-2c72-4ca2-8ee6-1dd693238bc3', '4c784cd6-5fd1-498f-9ff6-4efce044b722', '民數記', 13, NOW() - INTERVAL '55 days'),
  ('73ec37b6-2c72-4ca2-8ee6-1dd693238bc3', '4c784cd6-5fd1-498f-9ff6-4efce044b722', '民數記', 14, NOW() - INTERVAL '55 days'),
  ('73ec37b6-2c72-4ca2-8ee6-1dd693238bc3', '4c784cd6-5fd1-498f-9ff6-4efce044b722', '民數記', 15, NOW() - INTERVAL '55 days'),
  ('73ec37b6-2c72-4ca2-8ee6-1dd693238bc3', '4c784cd6-5fd1-498f-9ff6-4efce044b722', '民數記', 16, NOW() - INTERVAL '54 days'),
  ('73ec37b6-2c72-4ca2-8ee6-1dd693238bc3', '4c784cd6-5fd1-498f-9ff6-4efce044b722', '民數記', 17, NOW() - INTERVAL '54 days'),
  ('73ec37b6-2c72-4ca2-8ee6-1dd693238bc3', '4c784cd6-5fd1-498f-9ff6-4efce044b722', '民數記', 18, NOW() - INTERVAL '54 days'),
  ('73ec37b6-2c72-4ca2-8ee6-1dd693238bc3', '4c784cd6-5fd1-498f-9ff6-4efce044b722', '民數記', 19, NOW() - INTERVAL '54 days'),
  ('73ec37b6-2c72-4ca2-8ee6-1dd693238bc3', '4c784cd6-5fd1-498f-9ff6-4efce044b722', '民數記', 20, NOW() - INTERVAL '54 days'),
  ('73ec37b6-2c72-4ca2-8ee6-1dd693238bc3', '4c784cd6-5fd1-498f-9ff6-4efce044b722', '民數記', 21, NOW() - INTERVAL '53 days'),
  ('73ec37b6-2c72-4ca2-8ee6-1dd693238bc3', '4c784cd6-5fd1-498f-9ff6-4efce044b722', '民數記', 22, NOW() - INTERVAL '53 days'),
  ('73ec37b6-2c72-4ca2-8ee6-1dd693238bc3', '4c784cd6-5fd1-498f-9ff6-4efce044b722', '民數記', 23, NOW() - INTERVAL '53 days'),
  ('73ec37b6-2c72-4ca2-8ee6-1dd693238bc3', '4c784cd6-5fd1-498f-9ff6-4efce044b722', '民數記', 24, NOW() - INTERVAL '53 days'),
  ('73ec37b6-2c72-4ca2-8ee6-1dd693238bc3', '4c784cd6-5fd1-498f-9ff6-4efce044b722', '民數記', 25, NOW() - INTERVAL '53 days'),
  ('73ec37b6-2c72-4ca2-8ee6-1dd693238bc3', '4c784cd6-5fd1-498f-9ff6-4efce044b722', '民數記', 26, NOW() - INTERVAL '52 days'),
  ('73ec37b6-2c72-4ca2-8ee6-1dd693238bc3', '4c784cd6-5fd1-498f-9ff6-4efce044b722', '民數記', 27, NOW() - INTERVAL '52 days'),
  ('73ec37b6-2c72-4ca2-8ee6-1dd693238bc3', '4c784cd6-5fd1-498f-9ff6-4efce044b722', '民數記', 28, NOW() - INTERVAL '52 days'),
  ('73ec37b6-2c72-4ca2-8ee6-1dd693238bc3', '4c784cd6-5fd1-498f-9ff6-4efce044b722', '民數記', 29, NOW() - INTERVAL '52 days'),
  ('73ec37b6-2c72-4ca2-8ee6-1dd693238bc3', '4c784cd6-5fd1-498f-9ff6-4efce044b722', '民數記', 30, NOW() - INTERVAL '52 days'),
  ('73ec37b6-2c72-4ca2-8ee6-1dd693238bc3', '4c784cd6-5fd1-498f-9ff6-4efce044b722', '民數記', 31, NOW() - INTERVAL '51 days'),
  ('73ec37b6-2c72-4ca2-8ee6-1dd693238bc3', '4c784cd6-5fd1-498f-9ff6-4efce044b722', '民數記', 32, NOW() - INTERVAL '51 days'),
  ('73ec37b6-2c72-4ca2-8ee6-1dd693238bc3', '4c784cd6-5fd1-498f-9ff6-4efce044b722', '民數記', 33, NOW() - INTERVAL '51 days'),
  ('73ec37b6-2c72-4ca2-8ee6-1dd693238bc3', '4c784cd6-5fd1-498f-9ff6-4efce044b722', '民數記', 34, NOW() - INTERVAL '51 days'),
  ('73ec37b6-2c72-4ca2-8ee6-1dd693238bc3', '4c784cd6-5fd1-498f-9ff6-4efce044b722', '民數記', 35, NOW() - INTERVAL '51 days'),
  ('73ec37b6-2c72-4ca2-8ee6-1dd693238bc3', '4c784cd6-5fd1-498f-9ff6-4efce044b722', '民數記', 36, NOW() - INTERVAL '50 days'),
  ('73ec37b6-2c72-4ca2-8ee6-1dd693238bc3', '4c784cd6-5fd1-498f-9ff6-4efce044b722', '約翰福音', 1, NOW() - INTERVAL '50 days'),
  ('73ec37b6-2c72-4ca2-8ee6-1dd693238bc3', '4c784cd6-5fd1-498f-9ff6-4efce044b722', '約翰福音', 2, NOW() - INTERVAL '50 days'),
  ('73ec37b6-2c72-4ca2-8ee6-1dd693238bc3', '4c784cd6-5fd1-498f-9ff6-4efce044b722', '約翰福音', 3, NOW() - INTERVAL '50 days'),
  ('73ec37b6-2c72-4ca2-8ee6-1dd693238bc3', '4c784cd6-5fd1-498f-9ff6-4efce044b722', '約翰福音', 4, NOW() - INTERVAL '50 days'),
  ('73ec37b6-2c72-4ca2-8ee6-1dd693238bc3', '4c784cd6-5fd1-498f-9ff6-4efce044b722', '約翰福音', 5, NOW() - INTERVAL '49 days'),
  ('73ec37b6-2c72-4ca2-8ee6-1dd693238bc3', '4c784cd6-5fd1-498f-9ff6-4efce044b722', '約翰福音', 6, NOW() - INTERVAL '49 days'),
  ('73ec37b6-2c72-4ca2-8ee6-1dd693238bc3', '4c784cd6-5fd1-498f-9ff6-4efce044b722', '約翰福音', 7, NOW() - INTERVAL '49 days'),
  ('73ec37b6-2c72-4ca2-8ee6-1dd693238bc3', '4c784cd6-5fd1-498f-9ff6-4efce044b722', '約翰福音', 8, NOW() - INTERVAL '49 days'),
  ('73ec37b6-2c72-4ca2-8ee6-1dd693238bc3', '4c784cd6-5fd1-498f-9ff6-4efce044b722', '約翰福音', 9, NOW() - INTERVAL '49 days'),
  ('73ec37b6-2c72-4ca2-8ee6-1dd693238bc3', '4c784cd6-5fd1-498f-9ff6-4efce044b722', '約翰福音', 10, NOW() - INTERVAL '48 days'),
  ('73ec37b6-2c72-4ca2-8ee6-1dd693238bc3', '4c784cd6-5fd1-498f-9ff6-4efce044b722', '約翰福音', 11, NOW() - INTERVAL '48 days'),
  ('73ec37b6-2c72-4ca2-8ee6-1dd693238bc3', '4c784cd6-5fd1-498f-9ff6-4efce044b722', '約翰福音', 12, NOW() - INTERVAL '48 days'),
  ('73ec37b6-2c72-4ca2-8ee6-1dd693238bc3', '4c784cd6-5fd1-498f-9ff6-4efce044b722', '約翰福音', 13, NOW() - INTERVAL '48 days'),
  ('73ec37b6-2c72-4ca2-8ee6-1dd693238bc3', '4c784cd6-5fd1-498f-9ff6-4efce044b722', '約翰福音', 14, NOW() - INTERVAL '48 days'),
  ('73ec37b6-2c72-4ca2-8ee6-1dd693238bc3', '4c784cd6-5fd1-498f-9ff6-4efce044b722', '約翰福音', 15, NOW() - INTERVAL '47 days'),
  ('73ec37b6-2c72-4ca2-8ee6-1dd693238bc3', '4c784cd6-5fd1-498f-9ff6-4efce044b722', '約翰福音', 16, NOW() - INTERVAL '47 days'),
  ('73ec37b6-2c72-4ca2-8ee6-1dd693238bc3', '4c784cd6-5fd1-498f-9ff6-4efce044b722', '約翰福音', 17, NOW() - INTERVAL '47 days'),
  ('73ec37b6-2c72-4ca2-8ee6-1dd693238bc3', '4c784cd6-5fd1-498f-9ff6-4efce044b722', '約翰福音', 18, NOW() - INTERVAL '47 days'),
  ('73ec37b6-2c72-4ca2-8ee6-1dd693238bc3', '4c784cd6-5fd1-498f-9ff6-4efce044b722', '約翰福音', 19, NOW() - INTERVAL '47 days'),
  ('73ec37b6-2c72-4ca2-8ee6-1dd693238bc3', '4c784cd6-5fd1-498f-9ff6-4efce044b722', '約翰福音', 20, NOW() - INTERVAL '46 days'),
  ('73ec37b6-2c72-4ca2-8ee6-1dd693238bc3', '4c784cd6-5fd1-498f-9ff6-4efce044b722', '約翰福音', 21, NOW() - INTERVAL '46 days'),
  ('73ec37b6-2c72-4ca2-8ee6-1dd693238bc3', '4c784cd6-5fd1-498f-9ff6-4efce044b722', '以西結書', 1, NOW() - INTERVAL '46 days'),
  ('73ec37b6-2c72-4ca2-8ee6-1dd693238bc3', '4c784cd6-5fd1-498f-9ff6-4efce044b722', '以西結書', 2, NOW() - INTERVAL '46 days'),
  ('73ec37b6-2c72-4ca2-8ee6-1dd693238bc3', '4c784cd6-5fd1-498f-9ff6-4efce044b722', '以西結書', 3, NOW() - INTERVAL '46 days'),
  ('73ec37b6-2c72-4ca2-8ee6-1dd693238bc3', '4c784cd6-5fd1-498f-9ff6-4efce044b722', '以西結書', 4, NOW() - INTERVAL '45 days'),
  ('73ec37b6-2c72-4ca2-8ee6-1dd693238bc3', '4c784cd6-5fd1-498f-9ff6-4efce044b722', '以西結書', 5, NOW() - INTERVAL '45 days'),
  ('73ec37b6-2c72-4ca2-8ee6-1dd693238bc3', '4c784cd6-5fd1-498f-9ff6-4efce044b722', '以西結書', 6, NOW() - INTERVAL '45 days'),
  ('73ec37b6-2c72-4ca2-8ee6-1dd693238bc3', '4c784cd6-5fd1-498f-9ff6-4efce044b722', '以西結書', 7, NOW() - INTERVAL '45 days'),
  ('73ec37b6-2c72-4ca2-8ee6-1dd693238bc3', '4c784cd6-5fd1-498f-9ff6-4efce044b722', '以西結書', 8, NOW() - INTERVAL '45 days'),
  ('73ec37b6-2c72-4ca2-8ee6-1dd693238bc3', '4c784cd6-5fd1-498f-9ff6-4efce044b722', '以西結書', 9, NOW() - INTERVAL '44 days'),
  ('73ec37b6-2c72-4ca2-8ee6-1dd693238bc3', '4c784cd6-5fd1-498f-9ff6-4efce044b722', '以西結書', 10, NOW() - INTERVAL '44 days'),
  ('73ec37b6-2c72-4ca2-8ee6-1dd693238bc3', '4c784cd6-5fd1-498f-9ff6-4efce044b722', '以西結書', 11, NOW() - INTERVAL '44 days'),
  ('73ec37b6-2c72-4ca2-8ee6-1dd693238bc3', '4c784cd6-5fd1-498f-9ff6-4efce044b722', '以西結書', 12, NOW() - INTERVAL '44 days'),
  ('73ec37b6-2c72-4ca2-8ee6-1dd693238bc3', '4c784cd6-5fd1-498f-9ff6-4efce044b722', '以西結書', 13, NOW() - INTERVAL '44 days'),
  ('73ec37b6-2c72-4ca2-8ee6-1dd693238bc3', '4c784cd6-5fd1-498f-9ff6-4efce044b722', '以西結書', 14, NOW() - INTERVAL '43 days'),
  ('73ec37b6-2c72-4ca2-8ee6-1dd693238bc3', '4c784cd6-5fd1-498f-9ff6-4efce044b722', '以西結書', 15, NOW() - INTERVAL '43 days'),
  ('73ec37b6-2c72-4ca2-8ee6-1dd693238bc3', '4c784cd6-5fd1-498f-9ff6-4efce044b722', '以西結書', 16, NOW() - INTERVAL '43 days'),
  ('73ec37b6-2c72-4ca2-8ee6-1dd693238bc3', '4c784cd6-5fd1-498f-9ff6-4efce044b722', '以西結書', 17, NOW() - INTERVAL '43 days'),
  ('73ec37b6-2c72-4ca2-8ee6-1dd693238bc3', '4c784cd6-5fd1-498f-9ff6-4efce044b722', '以西結書', 18, NOW() - INTERVAL '43 days'),
  ('73ec37b6-2c72-4ca2-8ee6-1dd693238bc3', '4c784cd6-5fd1-498f-9ff6-4efce044b722', '以西結書', 19, NOW() - INTERVAL '42 days'),
  ('73ec37b6-2c72-4ca2-8ee6-1dd693238bc3', '4c784cd6-5fd1-498f-9ff6-4efce044b722', '以西結書', 20, NOW() - INTERVAL '42 days'),
  ('73ec37b6-2c72-4ca2-8ee6-1dd693238bc3', '4c784cd6-5fd1-498f-9ff6-4efce044b722', '以西結書', 21, NOW() - INTERVAL '42 days'),
  ('73ec37b6-2c72-4ca2-8ee6-1dd693238bc3', '4c784cd6-5fd1-498f-9ff6-4efce044b722', '以西結書', 22, NOW() - INTERVAL '42 days'),
  ('73ec37b6-2c72-4ca2-8ee6-1dd693238bc3', '4c784cd6-5fd1-498f-9ff6-4efce044b722', '以西結書', 23, NOW() - INTERVAL '42 days'),
  ('73ec37b6-2c72-4ca2-8ee6-1dd693238bc3', '4c784cd6-5fd1-498f-9ff6-4efce044b722', '以西結書', 24, NOW() - INTERVAL '41 days'),
  ('73ec37b6-2c72-4ca2-8ee6-1dd693238bc3', '4c784cd6-5fd1-498f-9ff6-4efce044b722', '以西結書', 25, NOW() - INTERVAL '41 days'),
  ('73ec37b6-2c72-4ca2-8ee6-1dd693238bc3', '4c784cd6-5fd1-498f-9ff6-4efce044b722', '以西結書', 26, NOW() - INTERVAL '41 days'),
  ('73ec37b6-2c72-4ca2-8ee6-1dd693238bc3', '4c784cd6-5fd1-498f-9ff6-4efce044b722', '以西結書', 27, NOW() - INTERVAL '41 days'),
  ('73ec37b6-2c72-4ca2-8ee6-1dd693238bc3', '4c784cd6-5fd1-498f-9ff6-4efce044b722', '以西結書', 28, NOW() - INTERVAL '41 days'),
  ('73ec37b6-2c72-4ca2-8ee6-1dd693238bc3', '4c784cd6-5fd1-498f-9ff6-4efce044b722', '以西結書', 29, NOW() - INTERVAL '40 days'),
  ('73ec37b6-2c72-4ca2-8ee6-1dd693238bc3', '4c784cd6-5fd1-498f-9ff6-4efce044b722', '以西結書', 30, NOW() - INTERVAL '40 days'),
  ('73ec37b6-2c72-4ca2-8ee6-1dd693238bc3', '4c784cd6-5fd1-498f-9ff6-4efce044b722', '以西結書', 31, NOW() - INTERVAL '40 days'),
  ('73ec37b6-2c72-4ca2-8ee6-1dd693238bc3', '4c784cd6-5fd1-498f-9ff6-4efce044b722', '以西結書', 32, NOW() - INTERVAL '40 days'),
  ('73ec37b6-2c72-4ca2-8ee6-1dd693238bc3', '4c784cd6-5fd1-498f-9ff6-4efce044b722', '以西結書', 33, NOW() - INTERVAL '40 days'),
  ('73ec37b6-2c72-4ca2-8ee6-1dd693238bc3', '4c784cd6-5fd1-498f-9ff6-4efce044b722', '以西結書', 34, NOW() - INTERVAL '39 days'),
  ('73ec37b6-2c72-4ca2-8ee6-1dd693238bc3', '4c784cd6-5fd1-498f-9ff6-4efce044b722', '以西結書', 35, NOW() - INTERVAL '39 days'),
  ('73ec37b6-2c72-4ca2-8ee6-1dd693238bc3', '4c784cd6-5fd1-498f-9ff6-4efce044b722', '以西結書', 36, NOW() - INTERVAL '39 days'),
  ('73ec37b6-2c72-4ca2-8ee6-1dd693238bc3', '4c784cd6-5fd1-498f-9ff6-4efce044b722', '以西結書', 37, NOW() - INTERVAL '39 days'),
  ('73ec37b6-2c72-4ca2-8ee6-1dd693238bc3', '4c784cd6-5fd1-498f-9ff6-4efce044b722', '以西結書', 38, NOW() - INTERVAL '39 days'),
  ('73ec37b6-2c72-4ca2-8ee6-1dd693238bc3', '4c784cd6-5fd1-498f-9ff6-4efce044b722', '以西結書', 39, NOW() - INTERVAL '38 days'),
  ('73ec37b6-2c72-4ca2-8ee6-1dd693238bc3', '4c784cd6-5fd1-498f-9ff6-4efce044b722', '以西結書', 40, NOW() - INTERVAL '38 days'),
  ('73ec37b6-2c72-4ca2-8ee6-1dd693238bc3', '4c784cd6-5fd1-498f-9ff6-4efce044b722', '以西結書', 41, NOW() - INTERVAL '38 days'),
  ('73ec37b6-2c72-4ca2-8ee6-1dd693238bc3', '4c784cd6-5fd1-498f-9ff6-4efce044b722', '以西結書', 42, NOW() - INTERVAL '38 days'),
  ('73ec37b6-2c72-4ca2-8ee6-1dd693238bc3', '4c784cd6-5fd1-498f-9ff6-4efce044b722', '以西結書', 43, NOW() - INTERVAL '38 days'),
  ('73ec37b6-2c72-4ca2-8ee6-1dd693238bc3', '4c784cd6-5fd1-498f-9ff6-4efce044b722', '以西結書', 44, NOW() - INTERVAL '37 days'),
  ('73ec37b6-2c72-4ca2-8ee6-1dd693238bc3', '4c784cd6-5fd1-498f-9ff6-4efce044b722', '以西結書', 45, NOW() - INTERVAL '37 days'),
  ('73ec37b6-2c72-4ca2-8ee6-1dd693238bc3', '4c784cd6-5fd1-498f-9ff6-4efce044b722', '以西結書', 46, NOW() - INTERVAL '37 days'),
  ('73ec37b6-2c72-4ca2-8ee6-1dd693238bc3', '4c784cd6-5fd1-498f-9ff6-4efce044b722', '以西結書', 47, NOW() - INTERVAL '37 days'),
  ('73ec37b6-2c72-4ca2-8ee6-1dd693238bc3', '4c784cd6-5fd1-498f-9ff6-4efce044b722', '以西結書', 48, NOW() - INTERVAL '37 days'),
  ('73ec37b6-2c72-4ca2-8ee6-1dd693238bc3', '4c784cd6-5fd1-498f-9ff6-4efce044b722', '約翰一書', 1, NOW() - INTERVAL '36 days'),
  ('73ec37b6-2c72-4ca2-8ee6-1dd693238bc3', '4c784cd6-5fd1-498f-9ff6-4efce044b722', '約翰一書', 2, NOW() - INTERVAL '36 days'),
  ('73ec37b6-2c72-4ca2-8ee6-1dd693238bc3', '4c784cd6-5fd1-498f-9ff6-4efce044b722', '約翰一書', 3, NOW() - INTERVAL '36 days'),
  ('73ec37b6-2c72-4ca2-8ee6-1dd693238bc3', '4c784cd6-5fd1-498f-9ff6-4efce044b722', '約翰一書', 4, NOW() - INTERVAL '36 days'),
  ('73ec37b6-2c72-4ca2-8ee6-1dd693238bc3', '4c784cd6-5fd1-498f-9ff6-4efce044b722', '約翰一書', 5, NOW() - INTERVAL '36 days'),
  ('73ec37b6-2c72-4ca2-8ee6-1dd693238bc3', '4c784cd6-5fd1-498f-9ff6-4efce044b722', '申命記', 1, NOW() - INTERVAL '35 days'),
  ('73ec37b6-2c72-4ca2-8ee6-1dd693238bc3', '4c784cd6-5fd1-498f-9ff6-4efce044b722', '申命記', 2, NOW() - INTERVAL '35 days'),
  ('73ec37b6-2c72-4ca2-8ee6-1dd693238bc3', '4c784cd6-5fd1-498f-9ff6-4efce044b722', '申命記', 3, NOW() - INTERVAL '35 days'),
  ('73ec37b6-2c72-4ca2-8ee6-1dd693238bc3', '4c784cd6-5fd1-498f-9ff6-4efce044b722', '申命記', 4, NOW() - INTERVAL '35 days'),
  ('73ec37b6-2c72-4ca2-8ee6-1dd693238bc3', '4c784cd6-5fd1-498f-9ff6-4efce044b722', '申命記', 5, NOW() - INTERVAL '35 days'),
  ('73ec37b6-2c72-4ca2-8ee6-1dd693238bc3', '4c784cd6-5fd1-498f-9ff6-4efce044b722', '申命記', 6, NOW() - INTERVAL '34 days'),
  ('73ec37b6-2c72-4ca2-8ee6-1dd693238bc3', '4c784cd6-5fd1-498f-9ff6-4efce044b722', '申命記', 7, NOW() - INTERVAL '34 days'),
  ('73ec37b6-2c72-4ca2-8ee6-1dd693238bc3', '4c784cd6-5fd1-498f-9ff6-4efce044b722', '申命記', 8, NOW() - INTERVAL '34 days'),
  ('73ec37b6-2c72-4ca2-8ee6-1dd693238bc3', '4c784cd6-5fd1-498f-9ff6-4efce044b722', '申命記', 9, NOW() - INTERVAL '34 days'),
  ('73ec37b6-2c72-4ca2-8ee6-1dd693238bc3', '4c784cd6-5fd1-498f-9ff6-4efce044b722', '申命記', 10, NOW() - INTERVAL '34 days'),
  ('73ec37b6-2c72-4ca2-8ee6-1dd693238bc3', '4c784cd6-5fd1-498f-9ff6-4efce044b722', '申命記', 11, NOW() - INTERVAL '33 days'),
  ('73ec37b6-2c72-4ca2-8ee6-1dd693238bc3', '4c784cd6-5fd1-498f-9ff6-4efce044b722', '申命記', 12, NOW() - INTERVAL '33 days'),
  ('73ec37b6-2c72-4ca2-8ee6-1dd693238bc3', '4c784cd6-5fd1-498f-9ff6-4efce044b722', '申命記', 13, NOW() - INTERVAL '33 days'),
  ('73ec37b6-2c72-4ca2-8ee6-1dd693238bc3', '4c784cd6-5fd1-498f-9ff6-4efce044b722', '申命記', 14, NOW() - INTERVAL '33 days'),
  ('73ec37b6-2c72-4ca2-8ee6-1dd693238bc3', '4c784cd6-5fd1-498f-9ff6-4efce044b722', '申命記', 15, NOW() - INTERVAL '33 days'),
  ('73ec37b6-2c72-4ca2-8ee6-1dd693238bc3', '4c784cd6-5fd1-498f-9ff6-4efce044b722', '申命記', 16, NOW() - INTERVAL '32 days'),
  ('73ec37b6-2c72-4ca2-8ee6-1dd693238bc3', '4c784cd6-5fd1-498f-9ff6-4efce044b722', '申命記', 17, NOW() - INTERVAL '32 days'),
  ('73ec37b6-2c72-4ca2-8ee6-1dd693238bc3', '4c784cd6-5fd1-498f-9ff6-4efce044b722', '申命記', 18, NOW() - INTERVAL '32 days'),
  ('73ec37b6-2c72-4ca2-8ee6-1dd693238bc3', '4c784cd6-5fd1-498f-9ff6-4efce044b722', '申命記', 19, NOW() - INTERVAL '32 days'),
  ('73ec37b6-2c72-4ca2-8ee6-1dd693238bc3', '4c784cd6-5fd1-498f-9ff6-4efce044b722', '申命記', 20, NOW() - INTERVAL '32 days'),
  ('73ec37b6-2c72-4ca2-8ee6-1dd693238bc3', '4c784cd6-5fd1-498f-9ff6-4efce044b722', '申命記', 21, NOW() - INTERVAL '31 days'),
  ('73ec37b6-2c72-4ca2-8ee6-1dd693238bc3', '4c784cd6-5fd1-498f-9ff6-4efce044b722', '申命記', 22, NOW() - INTERVAL '31 days'),
  ('73ec37b6-2c72-4ca2-8ee6-1dd693238bc3', '4c784cd6-5fd1-498f-9ff6-4efce044b722', '申命記', 23, NOW() - INTERVAL '31 days'),
  ('73ec37b6-2c72-4ca2-8ee6-1dd693238bc3', '4c784cd6-5fd1-498f-9ff6-4efce044b722', '申命記', 24, NOW() - INTERVAL '31 days'),
  ('73ec37b6-2c72-4ca2-8ee6-1dd693238bc3', '4c784cd6-5fd1-498f-9ff6-4efce044b722', '申命記', 25, NOW() - INTERVAL '31 days'),
  ('73ec37b6-2c72-4ca2-8ee6-1dd693238bc3', '4c784cd6-5fd1-498f-9ff6-4efce044b722', '申命記', 26, NOW() - INTERVAL '30 days'),
  ('73ec37b6-2c72-4ca2-8ee6-1dd693238bc3', '4c784cd6-5fd1-498f-9ff6-4efce044b722', '申命記', 27, NOW() - INTERVAL '30 days'),
  ('73ec37b6-2c72-4ca2-8ee6-1dd693238bc3', '4c784cd6-5fd1-498f-9ff6-4efce044b722', '申命記', 28, NOW() - INTERVAL '30 days'),
  ('73ec37b6-2c72-4ca2-8ee6-1dd693238bc3', '4c784cd6-5fd1-498f-9ff6-4efce044b722', '申命記', 29, NOW() - INTERVAL '30 days'),
  ('73ec37b6-2c72-4ca2-8ee6-1dd693238bc3', '4c784cd6-5fd1-498f-9ff6-4efce044b722', '申命記', 30, NOW() - INTERVAL '30 days'),
  ('73ec37b6-2c72-4ca2-8ee6-1dd693238bc3', '4c784cd6-5fd1-498f-9ff6-4efce044b722', '申命記', 31, NOW() - INTERVAL '29 days'),
  ('73ec37b6-2c72-4ca2-8ee6-1dd693238bc3', '4c784cd6-5fd1-498f-9ff6-4efce044b722', '申命記', 32, NOW() - INTERVAL '29 days'),
  ('73ec37b6-2c72-4ca2-8ee6-1dd693238bc3', '4c784cd6-5fd1-498f-9ff6-4efce044b722', '申命記', 33, NOW() - INTERVAL '29 days'),
  ('73ec37b6-2c72-4ca2-8ee6-1dd693238bc3', '4c784cd6-5fd1-498f-9ff6-4efce044b722', '申命記', 34, NOW() - INTERVAL '29 days'),
  ('73ec37b6-2c72-4ca2-8ee6-1dd693238bc3', '4c784cd6-5fd1-498f-9ff6-4efce044b722', '使徒行傳', 1, NOW() - INTERVAL '29 days'),
  ('73ec37b6-2c72-4ca2-8ee6-1dd693238bc3', '4c784cd6-5fd1-498f-9ff6-4efce044b722', '使徒行傳', 2, NOW() - INTERVAL '28 days'),
  ('73ec37b6-2c72-4ca2-8ee6-1dd693238bc3', '4c784cd6-5fd1-498f-9ff6-4efce044b722', '使徒行傳', 3, NOW() - INTERVAL '28 days'),
  ('73ec37b6-2c72-4ca2-8ee6-1dd693238bc3', '4c784cd6-5fd1-498f-9ff6-4efce044b722', '使徒行傳', 4, NOW() - INTERVAL '28 days'),
  ('73ec37b6-2c72-4ca2-8ee6-1dd693238bc3', '4c784cd6-5fd1-498f-9ff6-4efce044b722', '使徒行傳', 5, NOW() - INTERVAL '28 days'),
  ('73ec37b6-2c72-4ca2-8ee6-1dd693238bc3', '4c784cd6-5fd1-498f-9ff6-4efce044b722', '使徒行傳', 6, NOW() - INTERVAL '28 days'),
  ('73ec37b6-2c72-4ca2-8ee6-1dd693238bc3', '4c784cd6-5fd1-498f-9ff6-4efce044b722', '使徒行傳', 7, NOW() - INTERVAL '27 days'),
  ('73ec37b6-2c72-4ca2-8ee6-1dd693238bc3', '4c784cd6-5fd1-498f-9ff6-4efce044b722', '使徒行傳', 8, NOW() - INTERVAL '27 days'),
  ('73ec37b6-2c72-4ca2-8ee6-1dd693238bc3', '4c784cd6-5fd1-498f-9ff6-4efce044b722', '使徒行傳', 9, NOW() - INTERVAL '27 days'),
  ('73ec37b6-2c72-4ca2-8ee6-1dd693238bc3', '4c784cd6-5fd1-498f-9ff6-4efce044b722', '使徒行傳', 10, NOW() - INTERVAL '27 days'),
  ('73ec37b6-2c72-4ca2-8ee6-1dd693238bc3', '4c784cd6-5fd1-498f-9ff6-4efce044b722', '使徒行傳', 11, NOW() - INTERVAL '27 days'),
  ('73ec37b6-2c72-4ca2-8ee6-1dd693238bc3', '4c784cd6-5fd1-498f-9ff6-4efce044b722', '使徒行傳', 12, NOW() - INTERVAL '26 days'),
  ('73ec37b6-2c72-4ca2-8ee6-1dd693238bc3', '4c784cd6-5fd1-498f-9ff6-4efce044b722', '使徒行傳', 13, NOW() - INTERVAL '26 days'),
  ('73ec37b6-2c72-4ca2-8ee6-1dd693238bc3', '4c784cd6-5fd1-498f-9ff6-4efce044b722', '使徒行傳', 14, NOW() - INTERVAL '26 days'),
  ('73ec37b6-2c72-4ca2-8ee6-1dd693238bc3', '4c784cd6-5fd1-498f-9ff6-4efce044b722', '使徒行傳', 15, NOW() - INTERVAL '26 days'),
  ('73ec37b6-2c72-4ca2-8ee6-1dd693238bc3', '4c784cd6-5fd1-498f-9ff6-4efce044b722', '使徒行傳', 16, NOW() - INTERVAL '26 days'),
  ('73ec37b6-2c72-4ca2-8ee6-1dd693238bc3', '4c784cd6-5fd1-498f-9ff6-4efce044b722', '使徒行傳', 17, NOW() - INTERVAL '25 days'),
  ('73ec37b6-2c72-4ca2-8ee6-1dd693238bc3', '4c784cd6-5fd1-498f-9ff6-4efce044b722', '使徒行傳', 18, NOW() - INTERVAL '25 days'),
  ('73ec37b6-2c72-4ca2-8ee6-1dd693238bc3', '4c784cd6-5fd1-498f-9ff6-4efce044b722', '使徒行傳', 19, NOW() - INTERVAL '25 days'),
  ('73ec37b6-2c72-4ca2-8ee6-1dd693238bc3', '4c784cd6-5fd1-498f-9ff6-4efce044b722', '使徒行傳', 20, NOW() - INTERVAL '25 days'),
  ('73ec37b6-2c72-4ca2-8ee6-1dd693238bc3', '4c784cd6-5fd1-498f-9ff6-4efce044b722', '使徒行傳', 21, NOW() - INTERVAL '25 days'),
  ('73ec37b6-2c72-4ca2-8ee6-1dd693238bc3', '4c784cd6-5fd1-498f-9ff6-4efce044b722', '使徒行傳', 22, NOW() - INTERVAL '24 days'),
  ('73ec37b6-2c72-4ca2-8ee6-1dd693238bc3', '4c784cd6-5fd1-498f-9ff6-4efce044b722', '使徒行傳', 23, NOW() - INTERVAL '24 days'),
  ('73ec37b6-2c72-4ca2-8ee6-1dd693238bc3', '4c784cd6-5fd1-498f-9ff6-4efce044b722', '使徒行傳', 24, NOW() - INTERVAL '24 days'),
  ('73ec37b6-2c72-4ca2-8ee6-1dd693238bc3', '4c784cd6-5fd1-498f-9ff6-4efce044b722', '使徒行傳', 25, NOW() - INTERVAL '24 days'),
  ('73ec37b6-2c72-4ca2-8ee6-1dd693238bc3', '4c784cd6-5fd1-498f-9ff6-4efce044b722', '使徒行傳', 26, NOW() - INTERVAL '24 days'),
  ('73ec37b6-2c72-4ca2-8ee6-1dd693238bc3', '4c784cd6-5fd1-498f-9ff6-4efce044b722', '使徒行傳', 27, NOW() - INTERVAL '23 days'),
  ('73ec37b6-2c72-4ca2-8ee6-1dd693238bc3', '4c784cd6-5fd1-498f-9ff6-4efce044b722', '使徒行傳', 28, NOW() - INTERVAL '23 days'),
  ('73ec37b6-2c72-4ca2-8ee6-1dd693238bc3', '4c784cd6-5fd1-498f-9ff6-4efce044b722', '箴言', 1, NOW() - INTERVAL '23 days'),
  ('73ec37b6-2c72-4ca2-8ee6-1dd693238bc3', '4c784cd6-5fd1-498f-9ff6-4efce044b722', '箴言', 2, NOW() - INTERVAL '23 days'),
  ('73ec37b6-2c72-4ca2-8ee6-1dd693238bc3', '4c784cd6-5fd1-498f-9ff6-4efce044b722', '箴言', 3, NOW() - INTERVAL '23 days'),
  ('73ec37b6-2c72-4ca2-8ee6-1dd693238bc3', '4c784cd6-5fd1-498f-9ff6-4efce044b722', '箴言', 4, NOW() - INTERVAL '22 days'),
  ('73ec37b6-2c72-4ca2-8ee6-1dd693238bc3', '4c784cd6-5fd1-498f-9ff6-4efce044b722', '箴言', 5, NOW() - INTERVAL '22 days'),
  ('73ec37b6-2c72-4ca2-8ee6-1dd693238bc3', '4c784cd6-5fd1-498f-9ff6-4efce044b722', '箴言', 6, NOW() - INTERVAL '22 days'),
  ('73ec37b6-2c72-4ca2-8ee6-1dd693238bc3', '4c784cd6-5fd1-498f-9ff6-4efce044b722', '箴言', 7, NOW() - INTERVAL '22 days'),
  ('73ec37b6-2c72-4ca2-8ee6-1dd693238bc3', '4c784cd6-5fd1-498f-9ff6-4efce044b722', '箴言', 8, NOW() - INTERVAL '22 days'),
  ('73ec37b6-2c72-4ca2-8ee6-1dd693238bc3', '4c784cd6-5fd1-498f-9ff6-4efce044b722', '箴言', 9, NOW() - INTERVAL '21 days'),
  ('73ec37b6-2c72-4ca2-8ee6-1dd693238bc3', '4c784cd6-5fd1-498f-9ff6-4efce044b722', '箴言', 10, NOW() - INTERVAL '21 days'),
  ('73ec37b6-2c72-4ca2-8ee6-1dd693238bc3', '4c784cd6-5fd1-498f-9ff6-4efce044b722', '箴言', 11, NOW() - INTERVAL '21 days'),
  ('73ec37b6-2c72-4ca2-8ee6-1dd693238bc3', '4c784cd6-5fd1-498f-9ff6-4efce044b722', '箴言', 12, NOW() - INTERVAL '21 days'),
  ('73ec37b6-2c72-4ca2-8ee6-1dd693238bc3', '4c784cd6-5fd1-498f-9ff6-4efce044b722', '箴言', 13, NOW() - INTERVAL '21 days'),
  ('73ec37b6-2c72-4ca2-8ee6-1dd693238bc3', '4c784cd6-5fd1-498f-9ff6-4efce044b722', '箴言', 14, NOW() - INTERVAL '20 days'),
  ('73ec37b6-2c72-4ca2-8ee6-1dd693238bc3', '4c784cd6-5fd1-498f-9ff6-4efce044b722', '箴言', 15, NOW() - INTERVAL '20 days'),
  ('73ec37b6-2c72-4ca2-8ee6-1dd693238bc3', '4c784cd6-5fd1-498f-9ff6-4efce044b722', '箴言', 16, NOW() - INTERVAL '20 days'),
  ('73ec37b6-2c72-4ca2-8ee6-1dd693238bc3', '4c784cd6-5fd1-498f-9ff6-4efce044b722', '箴言', 17, NOW() - INTERVAL '20 days'),
  ('73ec37b6-2c72-4ca2-8ee6-1dd693238bc3', '4c784cd6-5fd1-498f-9ff6-4efce044b722', '箴言', 18, NOW() - INTERVAL '20 days'),
  ('73ec37b6-2c72-4ca2-8ee6-1dd693238bc3', '4c784cd6-5fd1-498f-9ff6-4efce044b722', '箴言', 19, NOW() - INTERVAL '19 days'),
  ('73ec37b6-2c72-4ca2-8ee6-1dd693238bc3', '4c784cd6-5fd1-498f-9ff6-4efce044b722', '箴言', 20, NOW() - INTERVAL '19 days'),
  ('73ec37b6-2c72-4ca2-8ee6-1dd693238bc3', '4c784cd6-5fd1-498f-9ff6-4efce044b722', '箴言', 21, NOW() - INTERVAL '19 days'),
  ('73ec37b6-2c72-4ca2-8ee6-1dd693238bc3', '4c784cd6-5fd1-498f-9ff6-4efce044b722', '箴言', 22, NOW() - INTERVAL '19 days'),
  ('73ec37b6-2c72-4ca2-8ee6-1dd693238bc3', '4c784cd6-5fd1-498f-9ff6-4efce044b722', '箴言', 23, NOW() - INTERVAL '19 days'),
  ('73ec37b6-2c72-4ca2-8ee6-1dd693238bc3', '4c784cd6-5fd1-498f-9ff6-4efce044b722', '箴言', 24, NOW() - INTERVAL '18 days'),
  ('73ec37b6-2c72-4ca2-8ee6-1dd693238bc3', '4c784cd6-5fd1-498f-9ff6-4efce044b722', '箴言', 25, NOW() - INTERVAL '18 days'),
  ('73ec37b6-2c72-4ca2-8ee6-1dd693238bc3', '4c784cd6-5fd1-498f-9ff6-4efce044b722', '箴言', 26, NOW() - INTERVAL '18 days'),
  ('73ec37b6-2c72-4ca2-8ee6-1dd693238bc3', '4c784cd6-5fd1-498f-9ff6-4efce044b722', '箴言', 27, NOW() - INTERVAL '18 days'),
  ('73ec37b6-2c72-4ca2-8ee6-1dd693238bc3', '4c784cd6-5fd1-498f-9ff6-4efce044b722', '箴言', 28, NOW() - INTERVAL '18 days'),
  ('73ec37b6-2c72-4ca2-8ee6-1dd693238bc3', '4c784cd6-5fd1-498f-9ff6-4efce044b722', '箴言', 29, NOW() - INTERVAL '17 days'),
  ('73ec37b6-2c72-4ca2-8ee6-1dd693238bc3', '4c784cd6-5fd1-498f-9ff6-4efce044b722', '箴言', 30, NOW() - INTERVAL '17 days'),
  ('73ec37b6-2c72-4ca2-8ee6-1dd693238bc3', '4c784cd6-5fd1-498f-9ff6-4efce044b722', '箴言', 31, NOW() - INTERVAL '17 days'),
  ('73ec37b6-2c72-4ca2-8ee6-1dd693238bc3', '4c784cd6-5fd1-498f-9ff6-4efce044b722', '提摩太後書', 1, NOW() - INTERVAL '17 days'),
  ('73ec37b6-2c72-4ca2-8ee6-1dd693238bc3', '4c784cd6-5fd1-498f-9ff6-4efce044b722', '提摩太後書', 2, NOW() - INTERVAL '17 days'),
  ('73ec37b6-2c72-4ca2-8ee6-1dd693238bc3', '4c784cd6-5fd1-498f-9ff6-4efce044b722', '提摩太後書', 3, NOW() - INTERVAL '16 days'),
  ('73ec37b6-2c72-4ca2-8ee6-1dd693238bc3', '4c784cd6-5fd1-498f-9ff6-4efce044b722', '提摩太後書', 4, NOW() - INTERVAL '16 days'),
  ('73ec37b6-2c72-4ca2-8ee6-1dd693238bc3', '4c784cd6-5fd1-498f-9ff6-4efce044b722', '傳道書', 1, NOW() - INTERVAL '16 days'),
  ('73ec37b6-2c72-4ca2-8ee6-1dd693238bc3', '4c784cd6-5fd1-498f-9ff6-4efce044b722', '傳道書', 2, NOW() - INTERVAL '16 days'),
  ('73ec37b6-2c72-4ca2-8ee6-1dd693238bc3', '4c784cd6-5fd1-498f-9ff6-4efce044b722', '傳道書', 3, NOW() - INTERVAL '16 days'),
  ('73ec37b6-2c72-4ca2-8ee6-1dd693238bc3', '4c784cd6-5fd1-498f-9ff6-4efce044b722', '傳道書', 4, NOW() - INTERVAL '15 days'),
  ('73ec37b6-2c72-4ca2-8ee6-1dd693238bc3', '4c784cd6-5fd1-498f-9ff6-4efce044b722', '傳道書', 5, NOW() - INTERVAL '15 days'),
  ('73ec37b6-2c72-4ca2-8ee6-1dd693238bc3', '4c784cd6-5fd1-498f-9ff6-4efce044b722', '傳道書', 6, NOW() - INTERVAL '15 days'),
  ('73ec37b6-2c72-4ca2-8ee6-1dd693238bc3', '4c784cd6-5fd1-498f-9ff6-4efce044b722', '傳道書', 7, NOW() - INTERVAL '15 days'),
  ('73ec37b6-2c72-4ca2-8ee6-1dd693238bc3', '4c784cd6-5fd1-498f-9ff6-4efce044b722', '傳道書', 8, NOW() - INTERVAL '15 days'),
  ('73ec37b6-2c72-4ca2-8ee6-1dd693238bc3', '4c784cd6-5fd1-498f-9ff6-4efce044b722', '傳道書', 9, NOW() - INTERVAL '14 days'),
  ('73ec37b6-2c72-4ca2-8ee6-1dd693238bc3', '4c784cd6-5fd1-498f-9ff6-4efce044b722', '傳道書', 10, NOW() - INTERVAL '14 days'),
  ('73ec37b6-2c72-4ca2-8ee6-1dd693238bc3', '4c784cd6-5fd1-498f-9ff6-4efce044b722', '傳道書', 11, NOW() - INTERVAL '14 days'),
  ('73ec37b6-2c72-4ca2-8ee6-1dd693238bc3', '4c784cd6-5fd1-498f-9ff6-4efce044b722', '傳道書', 12, NOW() - INTERVAL '14 days'),
  ('73ec37b6-2c72-4ca2-8ee6-1dd693238bc3', '4c784cd6-5fd1-498f-9ff6-4efce044b722', '腓利門書', 1, NOW() - INTERVAL '14 days'),
  ('73ec37b6-2c72-4ca2-8ee6-1dd693238bc3', '4c784cd6-5fd1-498f-9ff6-4efce044b722', '約書亞記', 1, NOW() - INTERVAL '13 days'),
  ('73ec37b6-2c72-4ca2-8ee6-1dd693238bc3', '4c784cd6-5fd1-498f-9ff6-4efce044b722', '約書亞記', 2, NOW() - INTERVAL '13 days'),
  ('73ec37b6-2c72-4ca2-8ee6-1dd693238bc3', '4c784cd6-5fd1-498f-9ff6-4efce044b722', '約書亞記', 3, NOW() - INTERVAL '13 days'),
  ('73ec37b6-2c72-4ca2-8ee6-1dd693238bc3', '4c784cd6-5fd1-498f-9ff6-4efce044b722', '約書亞記', 4, NOW() - INTERVAL '13 days'),
  ('73ec37b6-2c72-4ca2-8ee6-1dd693238bc3', '4c784cd6-5fd1-498f-9ff6-4efce044b722', '約書亞記', 5, NOW() - INTERVAL '13 days'),
  ('73ec37b6-2c72-4ca2-8ee6-1dd693238bc3', '4c784cd6-5fd1-498f-9ff6-4efce044b722', '約書亞記', 6, NOW() - INTERVAL '12 days'),
  ('73ec37b6-2c72-4ca2-8ee6-1dd693238bc3', '4c784cd6-5fd1-498f-9ff6-4efce044b722', '約書亞記', 7, NOW() - INTERVAL '12 days'),
  ('73ec37b6-2c72-4ca2-8ee6-1dd693238bc3', '4c784cd6-5fd1-498f-9ff6-4efce044b722', '約書亞記', 8, NOW() - INTERVAL '12 days'),
  ('73ec37b6-2c72-4ca2-8ee6-1dd693238bc3', '4c784cd6-5fd1-498f-9ff6-4efce044b722', '約書亞記', 9, NOW() - INTERVAL '12 days'),
  ('73ec37b6-2c72-4ca2-8ee6-1dd693238bc3', '4c784cd6-5fd1-498f-9ff6-4efce044b722', '約書亞記', 10, NOW() - INTERVAL '12 days'),
  ('73ec37b6-2c72-4ca2-8ee6-1dd693238bc3', '4c784cd6-5fd1-498f-9ff6-4efce044b722', '約書亞記', 11, NOW() - INTERVAL '11 days'),
  ('73ec37b6-2c72-4ca2-8ee6-1dd693238bc3', '4c784cd6-5fd1-498f-9ff6-4efce044b722', '約書亞記', 12, NOW() - INTERVAL '11 days'),
  ('73ec37b6-2c72-4ca2-8ee6-1dd693238bc3', '4c784cd6-5fd1-498f-9ff6-4efce044b722', '約書亞記', 13, NOW() - INTERVAL '11 days'),
  ('73ec37b6-2c72-4ca2-8ee6-1dd693238bc3', '4c784cd6-5fd1-498f-9ff6-4efce044b722', '約書亞記', 14, NOW() - INTERVAL '11 days'),
  ('73ec37b6-2c72-4ca2-8ee6-1dd693238bc3', '4c784cd6-5fd1-498f-9ff6-4efce044b722', '約書亞記', 15, NOW() - INTERVAL '11 days'),
  ('73ec37b6-2c72-4ca2-8ee6-1dd693238bc3', '4c784cd6-5fd1-498f-9ff6-4efce044b722', '約書亞記', 16, NOW() - INTERVAL '10 days'),
  ('73ec37b6-2c72-4ca2-8ee6-1dd693238bc3', '4c784cd6-5fd1-498f-9ff6-4efce044b722', '約書亞記', 17, NOW() - INTERVAL '10 days'),
  ('73ec37b6-2c72-4ca2-8ee6-1dd693238bc3', '4c784cd6-5fd1-498f-9ff6-4efce044b722', '約書亞記', 18, NOW() - INTERVAL '10 days'),
  ('73ec37b6-2c72-4ca2-8ee6-1dd693238bc3', '4c784cd6-5fd1-498f-9ff6-4efce044b722', '約書亞記', 19, NOW() - INTERVAL '10 days'),
  ('73ec37b6-2c72-4ca2-8ee6-1dd693238bc3', '4c784cd6-5fd1-498f-9ff6-4efce044b722', '約書亞記', 20, NOW() - INTERVAL '10 days'),
  ('73ec37b6-2c72-4ca2-8ee6-1dd693238bc3', '4c784cd6-5fd1-498f-9ff6-4efce044b722', '約書亞記', 21, NOW() - INTERVAL '9 days'),
  ('73ec37b6-2c72-4ca2-8ee6-1dd693238bc3', '4c784cd6-5fd1-498f-9ff6-4efce044b722', '約書亞記', 22, NOW() - INTERVAL '9 days'),
  ('73ec37b6-2c72-4ca2-8ee6-1dd693238bc3', '4c784cd6-5fd1-498f-9ff6-4efce044b722', '約書亞記', 23, NOW() - INTERVAL '9 days'),
  ('73ec37b6-2c72-4ca2-8ee6-1dd693238bc3', '4c784cd6-5fd1-498f-9ff6-4efce044b722', '約書亞記', 24, NOW() - INTERVAL '9 days'),
  ('73ec37b6-2c72-4ca2-8ee6-1dd693238bc3', '4c784cd6-5fd1-498f-9ff6-4efce044b722', '羅馬書', 1, NOW() - INTERVAL '9 days'),
  ('73ec37b6-2c72-4ca2-8ee6-1dd693238bc3', '4c784cd6-5fd1-498f-9ff6-4efce044b722', '羅馬書', 2, NOW() - INTERVAL '8 days'),
  ('73ec37b6-2c72-4ca2-8ee6-1dd693238bc3', '4c784cd6-5fd1-498f-9ff6-4efce044b722', '羅馬書', 3, NOW() - INTERVAL '8 days'),
  ('73ec37b6-2c72-4ca2-8ee6-1dd693238bc3', '4c784cd6-5fd1-498f-9ff6-4efce044b722', '羅馬書', 4, NOW() - INTERVAL '8 days'),
  ('73ec37b6-2c72-4ca2-8ee6-1dd693238bc3', '4c784cd6-5fd1-498f-9ff6-4efce044b722', '羅馬書', 5, NOW() - INTERVAL '8 days'),
  ('73ec37b6-2c72-4ca2-8ee6-1dd693238bc3', '4c784cd6-5fd1-498f-9ff6-4efce044b722', '羅馬書', 6, NOW() - INTERVAL '8 days'),
  ('73ec37b6-2c72-4ca2-8ee6-1dd693238bc3', '4c784cd6-5fd1-498f-9ff6-4efce044b722', '羅馬書', 7, NOW() - INTERVAL '7 days'),
  ('73ec37b6-2c72-4ca2-8ee6-1dd693238bc3', '4c784cd6-5fd1-498f-9ff6-4efce044b722', '羅馬書', 8, NOW() - INTERVAL '7 days'),
  ('73ec37b6-2c72-4ca2-8ee6-1dd693238bc3', '4c784cd6-5fd1-498f-9ff6-4efce044b722', '羅馬書', 9, NOW() - INTERVAL '7 days'),
  ('73ec37b6-2c72-4ca2-8ee6-1dd693238bc3', '4c784cd6-5fd1-498f-9ff6-4efce044b722', '羅馬書', 10, NOW() - INTERVAL '7 days'),
  ('73ec37b6-2c72-4ca2-8ee6-1dd693238bc3', '4c784cd6-5fd1-498f-9ff6-4efce044b722', '羅馬書', 11, NOW() - INTERVAL '7 days'),
  ('73ec37b6-2c72-4ca2-8ee6-1dd693238bc3', '4c784cd6-5fd1-498f-9ff6-4efce044b722', '羅馬書', 12, NOW() - INTERVAL '6 days'),
  ('73ec37b6-2c72-4ca2-8ee6-1dd693238bc3', '4c784cd6-5fd1-498f-9ff6-4efce044b722', '羅馬書', 13, NOW() - INTERVAL '6 days'),
  ('73ec37b6-2c72-4ca2-8ee6-1dd693238bc3', '4c784cd6-5fd1-498f-9ff6-4efce044b722', '羅馬書', 14, NOW() - INTERVAL '6 days'),
  ('73ec37b6-2c72-4ca2-8ee6-1dd693238bc3', '4c784cd6-5fd1-498f-9ff6-4efce044b722', '羅馬書', 15, NOW() - INTERVAL '6 days'),
  ('73ec37b6-2c72-4ca2-8ee6-1dd693238bc3', '4c784cd6-5fd1-498f-9ff6-4efce044b722', '羅馬書', 16, NOW() - INTERVAL '6 days'),
  ('73ec37b6-2c72-4ca2-8ee6-1dd693238bc3', '4c784cd6-5fd1-498f-9ff6-4efce044b722', '耶利米書', 1, NOW() - INTERVAL '5 days'),
  ('73ec37b6-2c72-4ca2-8ee6-1dd693238bc3', '4c784cd6-5fd1-498f-9ff6-4efce044b722', '耶利米書', 2, NOW() - INTERVAL '5 days'),
  ('73ec37b6-2c72-4ca2-8ee6-1dd693238bc3', '4c784cd6-5fd1-498f-9ff6-4efce044b722', '耶利米書', 3, NOW() - INTERVAL '5 days'),
  ('73ec37b6-2c72-4ca2-8ee6-1dd693238bc3', '4c784cd6-5fd1-498f-9ff6-4efce044b722', '耶利米書', 4, NOW() - INTERVAL '5 days'),
  ('73ec37b6-2c72-4ca2-8ee6-1dd693238bc3', '4c784cd6-5fd1-498f-9ff6-4efce044b722', '耶利米書', 5, NOW() - INTERVAL '5 days'),
  ('73ec37b6-2c72-4ca2-8ee6-1dd693238bc3', '4c784cd6-5fd1-498f-9ff6-4efce044b722', '耶利米書', 6, NOW() - INTERVAL '4 days'),
  ('73ec37b6-2c72-4ca2-8ee6-1dd693238bc3', '4c784cd6-5fd1-498f-9ff6-4efce044b722', '耶利米書', 7, NOW() - INTERVAL '4 days'),
  ('73ec37b6-2c72-4ca2-8ee6-1dd693238bc3', '4c784cd6-5fd1-498f-9ff6-4efce044b722', '耶利米書', 8, NOW() - INTERVAL '4 days'),
  ('73ec37b6-2c72-4ca2-8ee6-1dd693238bc3', '4c784cd6-5fd1-498f-9ff6-4efce044b722', '耶利米書', 9, NOW() - INTERVAL '4 days'),
  ('73ec37b6-2c72-4ca2-8ee6-1dd693238bc3', '4c784cd6-5fd1-498f-9ff6-4efce044b722', '耶利米書', 10, NOW() - INTERVAL '4 days'),
  ('73ec37b6-2c72-4ca2-8ee6-1dd693238bc3', '4c784cd6-5fd1-498f-9ff6-4efce044b722', '耶利米書', 11, NOW() - INTERVAL '3 days'),
  ('73ec37b6-2c72-4ca2-8ee6-1dd693238bc3', '4c784cd6-5fd1-498f-9ff6-4efce044b722', '耶利米書', 12, NOW() - INTERVAL '3 days'),
  ('73ec37b6-2c72-4ca2-8ee6-1dd693238bc3', '4c784cd6-5fd1-498f-9ff6-4efce044b722', '耶利米書', 13, NOW() - INTERVAL '3 days'),
  ('73ec37b6-2c72-4ca2-8ee6-1dd693238bc3', '4c784cd6-5fd1-498f-9ff6-4efce044b722', '耶利米書', 14, NOW() - INTERVAL '3 days'),
  ('73ec37b6-2c72-4ca2-8ee6-1dd693238bc3', '4c784cd6-5fd1-498f-9ff6-4efce044b722', '耶利米書', 15, NOW() - INTERVAL '3 days'),
  ('73ec37b6-2c72-4ca2-8ee6-1dd693238bc3', '4c784cd6-5fd1-498f-9ff6-4efce044b722', '耶利米書', 16, NOW() - INTERVAL '2 days'),
  ('73ec37b6-2c72-4ca2-8ee6-1dd693238bc3', '4c784cd6-5fd1-498f-9ff6-4efce044b722', '耶利米書', 17, NOW() - INTERVAL '2 days'),
  ('73ec37b6-2c72-4ca2-8ee6-1dd693238bc3', '4c784cd6-5fd1-498f-9ff6-4efce044b722', '耶利米書', 18, NOW() - INTERVAL '2 days'),
  ('73ec37b6-2c72-4ca2-8ee6-1dd693238bc3', '4c784cd6-5fd1-498f-9ff6-4efce044b722', '耶利米書', 19, NOW() - INTERVAL '2 days'),
  ('73ec37b6-2c72-4ca2-8ee6-1dd693238bc3', '4c784cd6-5fd1-498f-9ff6-4efce044b722', '耶利米書', 20, NOW() - INTERVAL '2 days'),
  ('73ec37b6-2c72-4ca2-8ee6-1dd693238bc3', '4c784cd6-5fd1-498f-9ff6-4efce044b722', '耶利米書', 21, NOW() - INTERVAL '1 days'),
  ('73ec37b6-2c72-4ca2-8ee6-1dd693238bc3', '4c784cd6-5fd1-498f-9ff6-4efce044b722', '耶利米書', 22, NOW() - INTERVAL '1 days'),
  ('73ec37b6-2c72-4ca2-8ee6-1dd693238bc3', '4c784cd6-5fd1-498f-9ff6-4efce044b722', '耶利米書', 23, NOW() - INTERVAL '1 days'),
  ('73ec37b6-2c72-4ca2-8ee6-1dd693238bc3', '4c784cd6-5fd1-498f-9ff6-4efce044b722', '耶利米書', 24, NOW() - INTERVAL '1 days'),
  ('73ec37b6-2c72-4ca2-8ee6-1dd693238bc3', '4c784cd6-5fd1-498f-9ff6-4efce044b722', '耶利米書', 25, NOW() - INTERVAL '1 days'),
  ('73ec37b6-2c72-4ca2-8ee6-1dd693238bc3', '4c784cd6-5fd1-498f-9ff6-4efce044b722', '耶利米書', 26, NOW() - INTERVAL '0 days'),
  ('73ec37b6-2c72-4ca2-8ee6-1dd693238bc3', '4c784cd6-5fd1-498f-9ff6-4efce044b722', '耶利米書', 27, NOW() - INTERVAL '0 days'),
  ('73ec37b6-2c72-4ca2-8ee6-1dd693238bc3', '4c784cd6-5fd1-498f-9ff6-4efce044b722', '耶利米書', 28, NOW() - INTERVAL '0 days'),
  ('73ec37b6-2c72-4ca2-8ee6-1dd693238bc3', '4c784cd6-5fd1-498f-9ff6-4efce044b722', '耶利米書', 29, NOW() - INTERVAL '0 days');

--------------------------------------------------

-- 使用者: 示範組員九
INSERT INTO auth.users (id, email, raw_user_meta_data, created_at, updated_at, instance_id, aud, role, encrypted_password)
VALUES (
  '9b1c6547-72c1-4293-bd99-5264c04ae922',
  '9b1c6547@church-bible.com',
  '{"full_name": "示範組員九"}',
  NOW() - INTERVAL '11 days',
  NOW(),
  '00000000-0000-0000-0000-000000000000',
  'authenticated',
  'authenticated',
  '$2a$10$abcdefghijklmnopqrstuv' -- Dummy bcrypt hash
) ON CONFLICT (id) DO NOTHING;

INSERT INTO public.profiles (id, name, great_region, pastoral_zone, small_group, role, is_demo, updated_at)
VALUES (
  '9b1c6547-72c1-4293-bd99-5264c04ae922',
  '示範組員九',
  '示範大區C',
  '示範牧區庚',
  '示範小組8',
  'member',
  TRUE,
  NOW()
) ON CONFLICT (id) DO NOTHING;

INSERT INTO public.reading_plans (id, user_id, name, start_date, end_date, target_books)
VALUES (
  '89b895c0-aa45-48ff-b9a8-855af9ee309b',
  '9b1c6547-72c1-4293-bd99-5264c04ae922',
  '第一季速讀：2026年7月~9月',
  '2026-07-01',
  '2026-09-30',
  ARRAY['創世記', '馬太福音', '列王紀下', '雅各書', '出埃及記', '馬可福音', '約伯記', '加拉太書', '哈巴谷書', '猶大書', '利未記', '路加福音', '歷代志下', '帖撒羅尼迦前書', '約拿書', '約翰二書', '彌迦書', '約翰三書']
) ON CONFLICT (id) DO NOTHING;

INSERT INTO public.reading_logs (user_id, plan_id, book, chapter, read_at)
VALUES
  ('9b1c6547-72c1-4293-bd99-5264c04ae922', '89b895c0-aa45-48ff-b9a8-855af9ee309b', '創世記', 1, NOW() - INTERVAL '22 days'),
  ('9b1c6547-72c1-4293-bd99-5264c04ae922', '89b895c0-aa45-48ff-b9a8-855af9ee309b', '創世記', 2, NOW() - INTERVAL '21 days'),
  ('9b1c6547-72c1-4293-bd99-5264c04ae922', '89b895c0-aa45-48ff-b9a8-855af9ee309b', '創世記', 3, NOW() - INTERVAL '21 days'),
  ('9b1c6547-72c1-4293-bd99-5264c04ae922', '89b895c0-aa45-48ff-b9a8-855af9ee309b', '創世記', 4, NOW() - INTERVAL '21 days'),
  ('9b1c6547-72c1-4293-bd99-5264c04ae922', '89b895c0-aa45-48ff-b9a8-855af9ee309b', '創世記', 5, NOW() - INTERVAL '21 days'),
  ('9b1c6547-72c1-4293-bd99-5264c04ae922', '89b895c0-aa45-48ff-b9a8-855af9ee309b', '創世記', 6, NOW() - INTERVAL '21 days'),
  ('9b1c6547-72c1-4293-bd99-5264c04ae922', '89b895c0-aa45-48ff-b9a8-855af9ee309b', '創世記', 7, NOW() - INTERVAL '20 days'),
  ('9b1c6547-72c1-4293-bd99-5264c04ae922', '89b895c0-aa45-48ff-b9a8-855af9ee309b', '創世記', 8, NOW() - INTERVAL '20 days'),
  ('9b1c6547-72c1-4293-bd99-5264c04ae922', '89b895c0-aa45-48ff-b9a8-855af9ee309b', '創世記', 9, NOW() - INTERVAL '20 days'),
  ('9b1c6547-72c1-4293-bd99-5264c04ae922', '89b895c0-aa45-48ff-b9a8-855af9ee309b', '創世記', 10, NOW() - INTERVAL '20 days'),
  ('9b1c6547-72c1-4293-bd99-5264c04ae922', '89b895c0-aa45-48ff-b9a8-855af9ee309b', '創世記', 11, NOW() - INTERVAL '20 days'),
  ('9b1c6547-72c1-4293-bd99-5264c04ae922', '89b895c0-aa45-48ff-b9a8-855af9ee309b', '創世記', 12, NOW() - INTERVAL '19 days'),
  ('9b1c6547-72c1-4293-bd99-5264c04ae922', '89b895c0-aa45-48ff-b9a8-855af9ee309b', '創世記', 13, NOW() - INTERVAL '19 days'),
  ('9b1c6547-72c1-4293-bd99-5264c04ae922', '89b895c0-aa45-48ff-b9a8-855af9ee309b', '創世記', 14, NOW() - INTERVAL '19 days'),
  ('9b1c6547-72c1-4293-bd99-5264c04ae922', '89b895c0-aa45-48ff-b9a8-855af9ee309b', '創世記', 15, NOW() - INTERVAL '19 days'),
  ('9b1c6547-72c1-4293-bd99-5264c04ae922', '89b895c0-aa45-48ff-b9a8-855af9ee309b', '創世記', 16, NOW() - INTERVAL '19 days'),
  ('9b1c6547-72c1-4293-bd99-5264c04ae922', '89b895c0-aa45-48ff-b9a8-855af9ee309b', '創世記', 17, NOW() - INTERVAL '18 days'),
  ('9b1c6547-72c1-4293-bd99-5264c04ae922', '89b895c0-aa45-48ff-b9a8-855af9ee309b', '創世記', 18, NOW() - INTERVAL '18 days'),
  ('9b1c6547-72c1-4293-bd99-5264c04ae922', '89b895c0-aa45-48ff-b9a8-855af9ee309b', '創世記', 19, NOW() - INTERVAL '18 days'),
  ('9b1c6547-72c1-4293-bd99-5264c04ae922', '89b895c0-aa45-48ff-b9a8-855af9ee309b', '創世記', 20, NOW() - INTERVAL '18 days'),
  ('9b1c6547-72c1-4293-bd99-5264c04ae922', '89b895c0-aa45-48ff-b9a8-855af9ee309b', '創世記', 21, NOW() - INTERVAL '18 days'),
  ('9b1c6547-72c1-4293-bd99-5264c04ae922', '89b895c0-aa45-48ff-b9a8-855af9ee309b', '創世記', 22, NOW() - INTERVAL '17 days'),
  ('9b1c6547-72c1-4293-bd99-5264c04ae922', '89b895c0-aa45-48ff-b9a8-855af9ee309b', '創世記', 23, NOW() - INTERVAL '17 days'),
  ('9b1c6547-72c1-4293-bd99-5264c04ae922', '89b895c0-aa45-48ff-b9a8-855af9ee309b', '創世記', 24, NOW() - INTERVAL '17 days'),
  ('9b1c6547-72c1-4293-bd99-5264c04ae922', '89b895c0-aa45-48ff-b9a8-855af9ee309b', '創世記', 25, NOW() - INTERVAL '17 days'),
  ('9b1c6547-72c1-4293-bd99-5264c04ae922', '89b895c0-aa45-48ff-b9a8-855af9ee309b', '創世記', 26, NOW() - INTERVAL '17 days'),
  ('9b1c6547-72c1-4293-bd99-5264c04ae922', '89b895c0-aa45-48ff-b9a8-855af9ee309b', '創世記', 27, NOW() - INTERVAL '16 days'),
  ('9b1c6547-72c1-4293-bd99-5264c04ae922', '89b895c0-aa45-48ff-b9a8-855af9ee309b', '創世記', 28, NOW() - INTERVAL '16 days'),
  ('9b1c6547-72c1-4293-bd99-5264c04ae922', '89b895c0-aa45-48ff-b9a8-855af9ee309b', '創世記', 29, NOW() - INTERVAL '16 days'),
  ('9b1c6547-72c1-4293-bd99-5264c04ae922', '89b895c0-aa45-48ff-b9a8-855af9ee309b', '創世記', 30, NOW() - INTERVAL '16 days'),
  ('9b1c6547-72c1-4293-bd99-5264c04ae922', '89b895c0-aa45-48ff-b9a8-855af9ee309b', '創世記', 31, NOW() - INTERVAL '16 days'),
  ('9b1c6547-72c1-4293-bd99-5264c04ae922', '89b895c0-aa45-48ff-b9a8-855af9ee309b', '創世記', 32, NOW() - INTERVAL '15 days'),
  ('9b1c6547-72c1-4293-bd99-5264c04ae922', '89b895c0-aa45-48ff-b9a8-855af9ee309b', '創世記', 33, NOW() - INTERVAL '15 days'),
  ('9b1c6547-72c1-4293-bd99-5264c04ae922', '89b895c0-aa45-48ff-b9a8-855af9ee309b', '創世記', 34, NOW() - INTERVAL '15 days'),
  ('9b1c6547-72c1-4293-bd99-5264c04ae922', '89b895c0-aa45-48ff-b9a8-855af9ee309b', '創世記', 35, NOW() - INTERVAL '15 days'),
  ('9b1c6547-72c1-4293-bd99-5264c04ae922', '89b895c0-aa45-48ff-b9a8-855af9ee309b', '創世記', 36, NOW() - INTERVAL '15 days'),
  ('9b1c6547-72c1-4293-bd99-5264c04ae922', '89b895c0-aa45-48ff-b9a8-855af9ee309b', '創世記', 37, NOW() - INTERVAL '14 days'),
  ('9b1c6547-72c1-4293-bd99-5264c04ae922', '89b895c0-aa45-48ff-b9a8-855af9ee309b', '創世記', 38, NOW() - INTERVAL '14 days'),
  ('9b1c6547-72c1-4293-bd99-5264c04ae922', '89b895c0-aa45-48ff-b9a8-855af9ee309b', '創世記', 39, NOW() - INTERVAL '14 days'),
  ('9b1c6547-72c1-4293-bd99-5264c04ae922', '89b895c0-aa45-48ff-b9a8-855af9ee309b', '創世記', 40, NOW() - INTERVAL '14 days'),
  ('9b1c6547-72c1-4293-bd99-5264c04ae922', '89b895c0-aa45-48ff-b9a8-855af9ee309b', '創世記', 41, NOW() - INTERVAL '14 days'),
  ('9b1c6547-72c1-4293-bd99-5264c04ae922', '89b895c0-aa45-48ff-b9a8-855af9ee309b', '創世記', 42, NOW() - INTERVAL '13 days'),
  ('9b1c6547-72c1-4293-bd99-5264c04ae922', '89b895c0-aa45-48ff-b9a8-855af9ee309b', '創世記', 43, NOW() - INTERVAL '13 days'),
  ('9b1c6547-72c1-4293-bd99-5264c04ae922', '89b895c0-aa45-48ff-b9a8-855af9ee309b', '創世記', 44, NOW() - INTERVAL '13 days'),
  ('9b1c6547-72c1-4293-bd99-5264c04ae922', '89b895c0-aa45-48ff-b9a8-855af9ee309b', '創世記', 45, NOW() - INTERVAL '13 days'),
  ('9b1c6547-72c1-4293-bd99-5264c04ae922', '89b895c0-aa45-48ff-b9a8-855af9ee309b', '創世記', 46, NOW() - INTERVAL '13 days'),
  ('9b1c6547-72c1-4293-bd99-5264c04ae922', '89b895c0-aa45-48ff-b9a8-855af9ee309b', '創世記', 47, NOW() - INTERVAL '12 days'),
  ('9b1c6547-72c1-4293-bd99-5264c04ae922', '89b895c0-aa45-48ff-b9a8-855af9ee309b', '創世記', 48, NOW() - INTERVAL '12 days'),
  ('9b1c6547-72c1-4293-bd99-5264c04ae922', '89b895c0-aa45-48ff-b9a8-855af9ee309b', '創世記', 49, NOW() - INTERVAL '12 days'),
  ('9b1c6547-72c1-4293-bd99-5264c04ae922', '89b895c0-aa45-48ff-b9a8-855af9ee309b', '創世記', 50, NOW() - INTERVAL '12 days'),
  ('9b1c6547-72c1-4293-bd99-5264c04ae922', '89b895c0-aa45-48ff-b9a8-855af9ee309b', '馬太福音', 1, NOW() - INTERVAL '12 days'),
  ('9b1c6547-72c1-4293-bd99-5264c04ae922', '89b895c0-aa45-48ff-b9a8-855af9ee309b', '馬太福音', 2, NOW() - INTERVAL '11 days'),
  ('9b1c6547-72c1-4293-bd99-5264c04ae922', '89b895c0-aa45-48ff-b9a8-855af9ee309b', '馬太福音', 3, NOW() - INTERVAL '11 days'),
  ('9b1c6547-72c1-4293-bd99-5264c04ae922', '89b895c0-aa45-48ff-b9a8-855af9ee309b', '馬太福音', 4, NOW() - INTERVAL '11 days'),
  ('9b1c6547-72c1-4293-bd99-5264c04ae922', '89b895c0-aa45-48ff-b9a8-855af9ee309b', '馬太福音', 5, NOW() - INTERVAL '11 days'),
  ('9b1c6547-72c1-4293-bd99-5264c04ae922', '89b895c0-aa45-48ff-b9a8-855af9ee309b', '馬太福音', 6, NOW() - INTERVAL '11 days'),
  ('9b1c6547-72c1-4293-bd99-5264c04ae922', '89b895c0-aa45-48ff-b9a8-855af9ee309b', '馬太福音', 7, NOW() - INTERVAL '10 days'),
  ('9b1c6547-72c1-4293-bd99-5264c04ae922', '89b895c0-aa45-48ff-b9a8-855af9ee309b', '馬太福音', 8, NOW() - INTERVAL '10 days'),
  ('9b1c6547-72c1-4293-bd99-5264c04ae922', '89b895c0-aa45-48ff-b9a8-855af9ee309b', '馬太福音', 9, NOW() - INTERVAL '10 days'),
  ('9b1c6547-72c1-4293-bd99-5264c04ae922', '89b895c0-aa45-48ff-b9a8-855af9ee309b', '馬太福音', 10, NOW() - INTERVAL '10 days'),
  ('9b1c6547-72c1-4293-bd99-5264c04ae922', '89b895c0-aa45-48ff-b9a8-855af9ee309b', '馬太福音', 11, NOW() - INTERVAL '10 days'),
  ('9b1c6547-72c1-4293-bd99-5264c04ae922', '89b895c0-aa45-48ff-b9a8-855af9ee309b', '馬太福音', 12, NOW() - INTERVAL '9 days'),
  ('9b1c6547-72c1-4293-bd99-5264c04ae922', '89b895c0-aa45-48ff-b9a8-855af9ee309b', '馬太福音', 13, NOW() - INTERVAL '9 days'),
  ('9b1c6547-72c1-4293-bd99-5264c04ae922', '89b895c0-aa45-48ff-b9a8-855af9ee309b', '馬太福音', 14, NOW() - INTERVAL '9 days'),
  ('9b1c6547-72c1-4293-bd99-5264c04ae922', '89b895c0-aa45-48ff-b9a8-855af9ee309b', '馬太福音', 15, NOW() - INTERVAL '9 days'),
  ('9b1c6547-72c1-4293-bd99-5264c04ae922', '89b895c0-aa45-48ff-b9a8-855af9ee309b', '馬太福音', 16, NOW() - INTERVAL '9 days'),
  ('9b1c6547-72c1-4293-bd99-5264c04ae922', '89b895c0-aa45-48ff-b9a8-855af9ee309b', '馬太福音', 17, NOW() - INTERVAL '8 days'),
  ('9b1c6547-72c1-4293-bd99-5264c04ae922', '89b895c0-aa45-48ff-b9a8-855af9ee309b', '馬太福音', 18, NOW() - INTERVAL '8 days'),
  ('9b1c6547-72c1-4293-bd99-5264c04ae922', '89b895c0-aa45-48ff-b9a8-855af9ee309b', '馬太福音', 19, NOW() - INTERVAL '8 days'),
  ('9b1c6547-72c1-4293-bd99-5264c04ae922', '89b895c0-aa45-48ff-b9a8-855af9ee309b', '馬太福音', 20, NOW() - INTERVAL '8 days'),
  ('9b1c6547-72c1-4293-bd99-5264c04ae922', '89b895c0-aa45-48ff-b9a8-855af9ee309b', '馬太福音', 21, NOW() - INTERVAL '8 days'),
  ('9b1c6547-72c1-4293-bd99-5264c04ae922', '89b895c0-aa45-48ff-b9a8-855af9ee309b', '馬太福音', 22, NOW() - INTERVAL '7 days'),
  ('9b1c6547-72c1-4293-bd99-5264c04ae922', '89b895c0-aa45-48ff-b9a8-855af9ee309b', '馬太福音', 23, NOW() - INTERVAL '7 days'),
  ('9b1c6547-72c1-4293-bd99-5264c04ae922', '89b895c0-aa45-48ff-b9a8-855af9ee309b', '馬太福音', 24, NOW() - INTERVAL '7 days'),
  ('9b1c6547-72c1-4293-bd99-5264c04ae922', '89b895c0-aa45-48ff-b9a8-855af9ee309b', '馬太福音', 25, NOW() - INTERVAL '7 days'),
  ('9b1c6547-72c1-4293-bd99-5264c04ae922', '89b895c0-aa45-48ff-b9a8-855af9ee309b', '馬太福音', 26, NOW() - INTERVAL '7 days'),
  ('9b1c6547-72c1-4293-bd99-5264c04ae922', '89b895c0-aa45-48ff-b9a8-855af9ee309b', '馬太福音', 27, NOW() - INTERVAL '6 days'),
  ('9b1c6547-72c1-4293-bd99-5264c04ae922', '89b895c0-aa45-48ff-b9a8-855af9ee309b', '馬太福音', 28, NOW() - INTERVAL '6 days'),
  ('9b1c6547-72c1-4293-bd99-5264c04ae922', '89b895c0-aa45-48ff-b9a8-855af9ee309b', '列王紀下', 1, NOW() - INTERVAL '6 days'),
  ('9b1c6547-72c1-4293-bd99-5264c04ae922', '89b895c0-aa45-48ff-b9a8-855af9ee309b', '列王紀下', 2, NOW() - INTERVAL '6 days'),
  ('9b1c6547-72c1-4293-bd99-5264c04ae922', '89b895c0-aa45-48ff-b9a8-855af9ee309b', '列王紀下', 3, NOW() - INTERVAL '6 days'),
  ('9b1c6547-72c1-4293-bd99-5264c04ae922', '89b895c0-aa45-48ff-b9a8-855af9ee309b', '列王紀下', 4, NOW() - INTERVAL '5 days'),
  ('9b1c6547-72c1-4293-bd99-5264c04ae922', '89b895c0-aa45-48ff-b9a8-855af9ee309b', '列王紀下', 5, NOW() - INTERVAL '5 days'),
  ('9b1c6547-72c1-4293-bd99-5264c04ae922', '89b895c0-aa45-48ff-b9a8-855af9ee309b', '列王紀下', 6, NOW() - INTERVAL '5 days'),
  ('9b1c6547-72c1-4293-bd99-5264c04ae922', '89b895c0-aa45-48ff-b9a8-855af9ee309b', '列王紀下', 7, NOW() - INTERVAL '5 days'),
  ('9b1c6547-72c1-4293-bd99-5264c04ae922', '89b895c0-aa45-48ff-b9a8-855af9ee309b', '列王紀下', 8, NOW() - INTERVAL '5 days'),
  ('9b1c6547-72c1-4293-bd99-5264c04ae922', '89b895c0-aa45-48ff-b9a8-855af9ee309b', '列王紀下', 9, NOW() - INTERVAL '4 days'),
  ('9b1c6547-72c1-4293-bd99-5264c04ae922', '89b895c0-aa45-48ff-b9a8-855af9ee309b', '列王紀下', 10, NOW() - INTERVAL '4 days'),
  ('9b1c6547-72c1-4293-bd99-5264c04ae922', '89b895c0-aa45-48ff-b9a8-855af9ee309b', '列王紀下', 11, NOW() - INTERVAL '4 days'),
  ('9b1c6547-72c1-4293-bd99-5264c04ae922', '89b895c0-aa45-48ff-b9a8-855af9ee309b', '列王紀下', 12, NOW() - INTERVAL '4 days'),
  ('9b1c6547-72c1-4293-bd99-5264c04ae922', '89b895c0-aa45-48ff-b9a8-855af9ee309b', '列王紀下', 13, NOW() - INTERVAL '4 days'),
  ('9b1c6547-72c1-4293-bd99-5264c04ae922', '89b895c0-aa45-48ff-b9a8-855af9ee309b', '列王紀下', 14, NOW() - INTERVAL '3 days'),
  ('9b1c6547-72c1-4293-bd99-5264c04ae922', '89b895c0-aa45-48ff-b9a8-855af9ee309b', '列王紀下', 15, NOW() - INTERVAL '3 days'),
  ('9b1c6547-72c1-4293-bd99-5264c04ae922', '89b895c0-aa45-48ff-b9a8-855af9ee309b', '列王紀下', 16, NOW() - INTERVAL '3 days'),
  ('9b1c6547-72c1-4293-bd99-5264c04ae922', '89b895c0-aa45-48ff-b9a8-855af9ee309b', '列王紀下', 17, NOW() - INTERVAL '3 days'),
  ('9b1c6547-72c1-4293-bd99-5264c04ae922', '89b895c0-aa45-48ff-b9a8-855af9ee309b', '列王紀下', 18, NOW() - INTERVAL '3 days'),
  ('9b1c6547-72c1-4293-bd99-5264c04ae922', '89b895c0-aa45-48ff-b9a8-855af9ee309b', '列王紀下', 19, NOW() - INTERVAL '2 days'),
  ('9b1c6547-72c1-4293-bd99-5264c04ae922', '89b895c0-aa45-48ff-b9a8-855af9ee309b', '列王紀下', 20, NOW() - INTERVAL '2 days'),
  ('9b1c6547-72c1-4293-bd99-5264c04ae922', '89b895c0-aa45-48ff-b9a8-855af9ee309b', '列王紀下', 21, NOW() - INTERVAL '2 days'),
  ('9b1c6547-72c1-4293-bd99-5264c04ae922', '89b895c0-aa45-48ff-b9a8-855af9ee309b', '列王紀下', 22, NOW() - INTERVAL '2 days'),
  ('9b1c6547-72c1-4293-bd99-5264c04ae922', '89b895c0-aa45-48ff-b9a8-855af9ee309b', '列王紀下', 23, NOW() - INTERVAL '2 days'),
  ('9b1c6547-72c1-4293-bd99-5264c04ae922', '89b895c0-aa45-48ff-b9a8-855af9ee309b', '列王紀下', 24, NOW() - INTERVAL '1 days'),
  ('9b1c6547-72c1-4293-bd99-5264c04ae922', '89b895c0-aa45-48ff-b9a8-855af9ee309b', '列王紀下', 25, NOW() - INTERVAL '1 days'),
  ('9b1c6547-72c1-4293-bd99-5264c04ae922', '89b895c0-aa45-48ff-b9a8-855af9ee309b', '雅各書', 1, NOW() - INTERVAL '1 days'),
  ('9b1c6547-72c1-4293-bd99-5264c04ae922', '89b895c0-aa45-48ff-b9a8-855af9ee309b', '雅各書', 2, NOW() - INTERVAL '1 days'),
  ('9b1c6547-72c1-4293-bd99-5264c04ae922', '89b895c0-aa45-48ff-b9a8-855af9ee309b', '雅各書', 3, NOW() - INTERVAL '1 days'),
  ('9b1c6547-72c1-4293-bd99-5264c04ae922', '89b895c0-aa45-48ff-b9a8-855af9ee309b', '雅各書', 4, NOW() - INTERVAL '0 days'),
  ('9b1c6547-72c1-4293-bd99-5264c04ae922', '89b895c0-aa45-48ff-b9a8-855af9ee309b', '雅各書', 5, NOW() - INTERVAL '0 days'),
  ('9b1c6547-72c1-4293-bd99-5264c04ae922', '89b895c0-aa45-48ff-b9a8-855af9ee309b', '出埃及記', 1, NOW() - INTERVAL '0 days'),
  ('9b1c6547-72c1-4293-bd99-5264c04ae922', '89b895c0-aa45-48ff-b9a8-855af9ee309b', '出埃及記', 2, NOW() - INTERVAL '0 days');

--------------------------------------------------

-- 使用者: 示範組員十
INSERT INTO auth.users (id, email, raw_user_meta_data, created_at, updated_at, instance_id, aud, role, encrypted_password)
VALUES (
  'e0128d42-1980-448a-adfa-456284af2b66',
  'e0128d42@church-bible.com',
  '{"full_name": "示範組員十"}',
  NOW() - INTERVAL '41 days',
  NOW(),
  '00000000-0000-0000-0000-000000000000',
  'authenticated',
  'authenticated',
  '$2a$10$abcdefghijklmnopqrstuv' -- Dummy bcrypt hash
) ON CONFLICT (id) DO NOTHING;

INSERT INTO public.profiles (id, name, great_region, pastoral_zone, small_group, role, is_demo, updated_at)
VALUES (
  'e0128d42-1980-448a-adfa-456284af2b66',
  '示範組員十',
  '示範大區C',
  '示範牧區庚',
  '示範小組8',
  'member',
  TRUE,
  NOW()
) ON CONFLICT (id) DO NOTHING;

INSERT INTO public.reading_plans (id, user_id, name, start_date, end_date, target_books)
VALUES (
  '509f0b0d-eb57-44f5-bfa9-77d556cdec05',
  'e0128d42-1980-448a-adfa-456284af2b66',
  '第一季速讀：2026年7月~9月',
  '2026-07-01',
  '2026-09-30',
  ARRAY['創世記', '馬太福音', '列王紀下', '雅各書', '出埃及記', '馬可福音', '約伯記', '加拉太書', '哈巴谷書', '猶大書', '利未記', '路加福音', '歷代志下', '帖撒羅尼迦前書', '約拿書', '約翰二書', '彌迦書', '約翰三書']
) ON CONFLICT (id) DO NOTHING;

INSERT INTO public.reading_logs (user_id, plan_id, book, chapter, read_at)
VALUES
  ('e0128d42-1980-448a-adfa-456284af2b66', '509f0b0d-eb57-44f5-bfa9-77d556cdec05', '創世記', 1, NOW() - INTERVAL '68 days'),
  ('e0128d42-1980-448a-adfa-456284af2b66', '509f0b0d-eb57-44f5-bfa9-77d556cdec05', '創世記', 2, NOW() - INTERVAL '67 days'),
  ('e0128d42-1980-448a-adfa-456284af2b66', '509f0b0d-eb57-44f5-bfa9-77d556cdec05', '創世記', 3, NOW() - INTERVAL '67 days'),
  ('e0128d42-1980-448a-adfa-456284af2b66', '509f0b0d-eb57-44f5-bfa9-77d556cdec05', '創世記', 4, NOW() - INTERVAL '67 days'),
  ('e0128d42-1980-448a-adfa-456284af2b66', '509f0b0d-eb57-44f5-bfa9-77d556cdec05', '創世記', 5, NOW() - INTERVAL '67 days'),
  ('e0128d42-1980-448a-adfa-456284af2b66', '509f0b0d-eb57-44f5-bfa9-77d556cdec05', '創世記', 6, NOW() - INTERVAL '67 days'),
  ('e0128d42-1980-448a-adfa-456284af2b66', '509f0b0d-eb57-44f5-bfa9-77d556cdec05', '創世記', 7, NOW() - INTERVAL '66 days'),
  ('e0128d42-1980-448a-adfa-456284af2b66', '509f0b0d-eb57-44f5-bfa9-77d556cdec05', '創世記', 8, NOW() - INTERVAL '66 days'),
  ('e0128d42-1980-448a-adfa-456284af2b66', '509f0b0d-eb57-44f5-bfa9-77d556cdec05', '創世記', 9, NOW() - INTERVAL '66 days'),
  ('e0128d42-1980-448a-adfa-456284af2b66', '509f0b0d-eb57-44f5-bfa9-77d556cdec05', '創世記', 10, NOW() - INTERVAL '66 days'),
  ('e0128d42-1980-448a-adfa-456284af2b66', '509f0b0d-eb57-44f5-bfa9-77d556cdec05', '創世記', 11, NOW() - INTERVAL '66 days'),
  ('e0128d42-1980-448a-adfa-456284af2b66', '509f0b0d-eb57-44f5-bfa9-77d556cdec05', '創世記', 12, NOW() - INTERVAL '65 days'),
  ('e0128d42-1980-448a-adfa-456284af2b66', '509f0b0d-eb57-44f5-bfa9-77d556cdec05', '創世記', 13, NOW() - INTERVAL '65 days'),
  ('e0128d42-1980-448a-adfa-456284af2b66', '509f0b0d-eb57-44f5-bfa9-77d556cdec05', '創世記', 14, NOW() - INTERVAL '65 days'),
  ('e0128d42-1980-448a-adfa-456284af2b66', '509f0b0d-eb57-44f5-bfa9-77d556cdec05', '創世記', 15, NOW() - INTERVAL '65 days'),
  ('e0128d42-1980-448a-adfa-456284af2b66', '509f0b0d-eb57-44f5-bfa9-77d556cdec05', '創世記', 16, NOW() - INTERVAL '65 days'),
  ('e0128d42-1980-448a-adfa-456284af2b66', '509f0b0d-eb57-44f5-bfa9-77d556cdec05', '創世記', 17, NOW() - INTERVAL '64 days'),
  ('e0128d42-1980-448a-adfa-456284af2b66', '509f0b0d-eb57-44f5-bfa9-77d556cdec05', '創世記', 18, NOW() - INTERVAL '64 days'),
  ('e0128d42-1980-448a-adfa-456284af2b66', '509f0b0d-eb57-44f5-bfa9-77d556cdec05', '創世記', 19, NOW() - INTERVAL '64 days'),
  ('e0128d42-1980-448a-adfa-456284af2b66', '509f0b0d-eb57-44f5-bfa9-77d556cdec05', '創世記', 20, NOW() - INTERVAL '64 days'),
  ('e0128d42-1980-448a-adfa-456284af2b66', '509f0b0d-eb57-44f5-bfa9-77d556cdec05', '創世記', 21, NOW() - INTERVAL '64 days'),
  ('e0128d42-1980-448a-adfa-456284af2b66', '509f0b0d-eb57-44f5-bfa9-77d556cdec05', '創世記', 22, NOW() - INTERVAL '63 days'),
  ('e0128d42-1980-448a-adfa-456284af2b66', '509f0b0d-eb57-44f5-bfa9-77d556cdec05', '創世記', 23, NOW() - INTERVAL '63 days'),
  ('e0128d42-1980-448a-adfa-456284af2b66', '509f0b0d-eb57-44f5-bfa9-77d556cdec05', '創世記', 24, NOW() - INTERVAL '63 days'),
  ('e0128d42-1980-448a-adfa-456284af2b66', '509f0b0d-eb57-44f5-bfa9-77d556cdec05', '創世記', 25, NOW() - INTERVAL '63 days'),
  ('e0128d42-1980-448a-adfa-456284af2b66', '509f0b0d-eb57-44f5-bfa9-77d556cdec05', '創世記', 26, NOW() - INTERVAL '63 days'),
  ('e0128d42-1980-448a-adfa-456284af2b66', '509f0b0d-eb57-44f5-bfa9-77d556cdec05', '創世記', 27, NOW() - INTERVAL '62 days'),
  ('e0128d42-1980-448a-adfa-456284af2b66', '509f0b0d-eb57-44f5-bfa9-77d556cdec05', '創世記', 28, NOW() - INTERVAL '62 days'),
  ('e0128d42-1980-448a-adfa-456284af2b66', '509f0b0d-eb57-44f5-bfa9-77d556cdec05', '創世記', 29, NOW() - INTERVAL '62 days'),
  ('e0128d42-1980-448a-adfa-456284af2b66', '509f0b0d-eb57-44f5-bfa9-77d556cdec05', '創世記', 30, NOW() - INTERVAL '62 days'),
  ('e0128d42-1980-448a-adfa-456284af2b66', '509f0b0d-eb57-44f5-bfa9-77d556cdec05', '創世記', 31, NOW() - INTERVAL '62 days'),
  ('e0128d42-1980-448a-adfa-456284af2b66', '509f0b0d-eb57-44f5-bfa9-77d556cdec05', '創世記', 32, NOW() - INTERVAL '61 days'),
  ('e0128d42-1980-448a-adfa-456284af2b66', '509f0b0d-eb57-44f5-bfa9-77d556cdec05', '創世記', 33, NOW() - INTERVAL '61 days'),
  ('e0128d42-1980-448a-adfa-456284af2b66', '509f0b0d-eb57-44f5-bfa9-77d556cdec05', '創世記', 34, NOW() - INTERVAL '61 days'),
  ('e0128d42-1980-448a-adfa-456284af2b66', '509f0b0d-eb57-44f5-bfa9-77d556cdec05', '創世記', 35, NOW() - INTERVAL '61 days'),
  ('e0128d42-1980-448a-adfa-456284af2b66', '509f0b0d-eb57-44f5-bfa9-77d556cdec05', '創世記', 36, NOW() - INTERVAL '61 days'),
  ('e0128d42-1980-448a-adfa-456284af2b66', '509f0b0d-eb57-44f5-bfa9-77d556cdec05', '創世記', 37, NOW() - INTERVAL '60 days'),
  ('e0128d42-1980-448a-adfa-456284af2b66', '509f0b0d-eb57-44f5-bfa9-77d556cdec05', '創世記', 38, NOW() - INTERVAL '60 days'),
  ('e0128d42-1980-448a-adfa-456284af2b66', '509f0b0d-eb57-44f5-bfa9-77d556cdec05', '創世記', 39, NOW() - INTERVAL '60 days'),
  ('e0128d42-1980-448a-adfa-456284af2b66', '509f0b0d-eb57-44f5-bfa9-77d556cdec05', '創世記', 40, NOW() - INTERVAL '60 days'),
  ('e0128d42-1980-448a-adfa-456284af2b66', '509f0b0d-eb57-44f5-bfa9-77d556cdec05', '創世記', 41, NOW() - INTERVAL '60 days'),
  ('e0128d42-1980-448a-adfa-456284af2b66', '509f0b0d-eb57-44f5-bfa9-77d556cdec05', '創世記', 42, NOW() - INTERVAL '59 days'),
  ('e0128d42-1980-448a-adfa-456284af2b66', '509f0b0d-eb57-44f5-bfa9-77d556cdec05', '創世記', 43, NOW() - INTERVAL '59 days'),
  ('e0128d42-1980-448a-adfa-456284af2b66', '509f0b0d-eb57-44f5-bfa9-77d556cdec05', '創世記', 44, NOW() - INTERVAL '59 days'),
  ('e0128d42-1980-448a-adfa-456284af2b66', '509f0b0d-eb57-44f5-bfa9-77d556cdec05', '創世記', 45, NOW() - INTERVAL '59 days'),
  ('e0128d42-1980-448a-adfa-456284af2b66', '509f0b0d-eb57-44f5-bfa9-77d556cdec05', '創世記', 46, NOW() - INTERVAL '59 days'),
  ('e0128d42-1980-448a-adfa-456284af2b66', '509f0b0d-eb57-44f5-bfa9-77d556cdec05', '創世記', 47, NOW() - INTERVAL '58 days'),
  ('e0128d42-1980-448a-adfa-456284af2b66', '509f0b0d-eb57-44f5-bfa9-77d556cdec05', '創世記', 48, NOW() - INTERVAL '58 days'),
  ('e0128d42-1980-448a-adfa-456284af2b66', '509f0b0d-eb57-44f5-bfa9-77d556cdec05', '創世記', 49, NOW() - INTERVAL '58 days'),
  ('e0128d42-1980-448a-adfa-456284af2b66', '509f0b0d-eb57-44f5-bfa9-77d556cdec05', '創世記', 50, NOW() - INTERVAL '58 days'),
  ('e0128d42-1980-448a-adfa-456284af2b66', '509f0b0d-eb57-44f5-bfa9-77d556cdec05', '馬太福音', 1, NOW() - INTERVAL '58 days'),
  ('e0128d42-1980-448a-adfa-456284af2b66', '509f0b0d-eb57-44f5-bfa9-77d556cdec05', '馬太福音', 2, NOW() - INTERVAL '57 days'),
  ('e0128d42-1980-448a-adfa-456284af2b66', '509f0b0d-eb57-44f5-bfa9-77d556cdec05', '馬太福音', 3, NOW() - INTERVAL '57 days'),
  ('e0128d42-1980-448a-adfa-456284af2b66', '509f0b0d-eb57-44f5-bfa9-77d556cdec05', '馬太福音', 4, NOW() - INTERVAL '57 days'),
  ('e0128d42-1980-448a-adfa-456284af2b66', '509f0b0d-eb57-44f5-bfa9-77d556cdec05', '馬太福音', 5, NOW() - INTERVAL '57 days'),
  ('e0128d42-1980-448a-adfa-456284af2b66', '509f0b0d-eb57-44f5-bfa9-77d556cdec05', '馬太福音', 6, NOW() - INTERVAL '57 days'),
  ('e0128d42-1980-448a-adfa-456284af2b66', '509f0b0d-eb57-44f5-bfa9-77d556cdec05', '馬太福音', 7, NOW() - INTERVAL '56 days'),
  ('e0128d42-1980-448a-adfa-456284af2b66', '509f0b0d-eb57-44f5-bfa9-77d556cdec05', '馬太福音', 8, NOW() - INTERVAL '56 days'),
  ('e0128d42-1980-448a-adfa-456284af2b66', '509f0b0d-eb57-44f5-bfa9-77d556cdec05', '馬太福音', 9, NOW() - INTERVAL '56 days'),
  ('e0128d42-1980-448a-adfa-456284af2b66', '509f0b0d-eb57-44f5-bfa9-77d556cdec05', '馬太福音', 10, NOW() - INTERVAL '56 days'),
  ('e0128d42-1980-448a-adfa-456284af2b66', '509f0b0d-eb57-44f5-bfa9-77d556cdec05', '馬太福音', 11, NOW() - INTERVAL '56 days'),
  ('e0128d42-1980-448a-adfa-456284af2b66', '509f0b0d-eb57-44f5-bfa9-77d556cdec05', '馬太福音', 12, NOW() - INTERVAL '55 days'),
  ('e0128d42-1980-448a-adfa-456284af2b66', '509f0b0d-eb57-44f5-bfa9-77d556cdec05', '馬太福音', 13, NOW() - INTERVAL '55 days'),
  ('e0128d42-1980-448a-adfa-456284af2b66', '509f0b0d-eb57-44f5-bfa9-77d556cdec05', '馬太福音', 14, NOW() - INTERVAL '55 days'),
  ('e0128d42-1980-448a-adfa-456284af2b66', '509f0b0d-eb57-44f5-bfa9-77d556cdec05', '馬太福音', 15, NOW() - INTERVAL '55 days'),
  ('e0128d42-1980-448a-adfa-456284af2b66', '509f0b0d-eb57-44f5-bfa9-77d556cdec05', '馬太福音', 16, NOW() - INTERVAL '55 days'),
  ('e0128d42-1980-448a-adfa-456284af2b66', '509f0b0d-eb57-44f5-bfa9-77d556cdec05', '馬太福音', 17, NOW() - INTERVAL '54 days'),
  ('e0128d42-1980-448a-adfa-456284af2b66', '509f0b0d-eb57-44f5-bfa9-77d556cdec05', '馬太福音', 18, NOW() - INTERVAL '54 days'),
  ('e0128d42-1980-448a-adfa-456284af2b66', '509f0b0d-eb57-44f5-bfa9-77d556cdec05', '馬太福音', 19, NOW() - INTERVAL '54 days'),
  ('e0128d42-1980-448a-adfa-456284af2b66', '509f0b0d-eb57-44f5-bfa9-77d556cdec05', '馬太福音', 20, NOW() - INTERVAL '54 days'),
  ('e0128d42-1980-448a-adfa-456284af2b66', '509f0b0d-eb57-44f5-bfa9-77d556cdec05', '馬太福音', 21, NOW() - INTERVAL '54 days'),
  ('e0128d42-1980-448a-adfa-456284af2b66', '509f0b0d-eb57-44f5-bfa9-77d556cdec05', '馬太福音', 22, NOW() - INTERVAL '53 days'),
  ('e0128d42-1980-448a-adfa-456284af2b66', '509f0b0d-eb57-44f5-bfa9-77d556cdec05', '馬太福音', 23, NOW() - INTERVAL '53 days'),
  ('e0128d42-1980-448a-adfa-456284af2b66', '509f0b0d-eb57-44f5-bfa9-77d556cdec05', '馬太福音', 24, NOW() - INTERVAL '53 days'),
  ('e0128d42-1980-448a-adfa-456284af2b66', '509f0b0d-eb57-44f5-bfa9-77d556cdec05', '馬太福音', 25, NOW() - INTERVAL '53 days'),
  ('e0128d42-1980-448a-adfa-456284af2b66', '509f0b0d-eb57-44f5-bfa9-77d556cdec05', '馬太福音', 26, NOW() - INTERVAL '53 days'),
  ('e0128d42-1980-448a-adfa-456284af2b66', '509f0b0d-eb57-44f5-bfa9-77d556cdec05', '馬太福音', 27, NOW() - INTERVAL '52 days'),
  ('e0128d42-1980-448a-adfa-456284af2b66', '509f0b0d-eb57-44f5-bfa9-77d556cdec05', '馬太福音', 28, NOW() - INTERVAL '52 days'),
  ('e0128d42-1980-448a-adfa-456284af2b66', '509f0b0d-eb57-44f5-bfa9-77d556cdec05', '列王紀下', 1, NOW() - INTERVAL '52 days'),
  ('e0128d42-1980-448a-adfa-456284af2b66', '509f0b0d-eb57-44f5-bfa9-77d556cdec05', '列王紀下', 2, NOW() - INTERVAL '52 days'),
  ('e0128d42-1980-448a-adfa-456284af2b66', '509f0b0d-eb57-44f5-bfa9-77d556cdec05', '列王紀下', 3, NOW() - INTERVAL '52 days'),
  ('e0128d42-1980-448a-adfa-456284af2b66', '509f0b0d-eb57-44f5-bfa9-77d556cdec05', '列王紀下', 4, NOW() - INTERVAL '51 days'),
  ('e0128d42-1980-448a-adfa-456284af2b66', '509f0b0d-eb57-44f5-bfa9-77d556cdec05', '列王紀下', 5, NOW() - INTERVAL '51 days'),
  ('e0128d42-1980-448a-adfa-456284af2b66', '509f0b0d-eb57-44f5-bfa9-77d556cdec05', '列王紀下', 6, NOW() - INTERVAL '51 days'),
  ('e0128d42-1980-448a-adfa-456284af2b66', '509f0b0d-eb57-44f5-bfa9-77d556cdec05', '列王紀下', 7, NOW() - INTERVAL '51 days'),
  ('e0128d42-1980-448a-adfa-456284af2b66', '509f0b0d-eb57-44f5-bfa9-77d556cdec05', '列王紀下', 8, NOW() - INTERVAL '51 days'),
  ('e0128d42-1980-448a-adfa-456284af2b66', '509f0b0d-eb57-44f5-bfa9-77d556cdec05', '列王紀下', 9, NOW() - INTERVAL '50 days'),
  ('e0128d42-1980-448a-adfa-456284af2b66', '509f0b0d-eb57-44f5-bfa9-77d556cdec05', '列王紀下', 10, NOW() - INTERVAL '50 days'),
  ('e0128d42-1980-448a-adfa-456284af2b66', '509f0b0d-eb57-44f5-bfa9-77d556cdec05', '列王紀下', 11, NOW() - INTERVAL '50 days'),
  ('e0128d42-1980-448a-adfa-456284af2b66', '509f0b0d-eb57-44f5-bfa9-77d556cdec05', '列王紀下', 12, NOW() - INTERVAL '50 days'),
  ('e0128d42-1980-448a-adfa-456284af2b66', '509f0b0d-eb57-44f5-bfa9-77d556cdec05', '列王紀下', 13, NOW() - INTERVAL '50 days'),
  ('e0128d42-1980-448a-adfa-456284af2b66', '509f0b0d-eb57-44f5-bfa9-77d556cdec05', '列王紀下', 14, NOW() - INTERVAL '49 days'),
  ('e0128d42-1980-448a-adfa-456284af2b66', '509f0b0d-eb57-44f5-bfa9-77d556cdec05', '列王紀下', 15, NOW() - INTERVAL '49 days'),
  ('e0128d42-1980-448a-adfa-456284af2b66', '509f0b0d-eb57-44f5-bfa9-77d556cdec05', '列王紀下', 16, NOW() - INTERVAL '49 days'),
  ('e0128d42-1980-448a-adfa-456284af2b66', '509f0b0d-eb57-44f5-bfa9-77d556cdec05', '列王紀下', 17, NOW() - INTERVAL '49 days'),
  ('e0128d42-1980-448a-adfa-456284af2b66', '509f0b0d-eb57-44f5-bfa9-77d556cdec05', '列王紀下', 18, NOW() - INTERVAL '49 days'),
  ('e0128d42-1980-448a-adfa-456284af2b66', '509f0b0d-eb57-44f5-bfa9-77d556cdec05', '列王紀下', 19, NOW() - INTERVAL '48 days'),
  ('e0128d42-1980-448a-adfa-456284af2b66', '509f0b0d-eb57-44f5-bfa9-77d556cdec05', '列王紀下', 20, NOW() - INTERVAL '48 days'),
  ('e0128d42-1980-448a-adfa-456284af2b66', '509f0b0d-eb57-44f5-bfa9-77d556cdec05', '列王紀下', 21, NOW() - INTERVAL '48 days'),
  ('e0128d42-1980-448a-adfa-456284af2b66', '509f0b0d-eb57-44f5-bfa9-77d556cdec05', '列王紀下', 22, NOW() - INTERVAL '48 days'),
  ('e0128d42-1980-448a-adfa-456284af2b66', '509f0b0d-eb57-44f5-bfa9-77d556cdec05', '列王紀下', 23, NOW() - INTERVAL '48 days'),
  ('e0128d42-1980-448a-adfa-456284af2b66', '509f0b0d-eb57-44f5-bfa9-77d556cdec05', '列王紀下', 24, NOW() - INTERVAL '47 days'),
  ('e0128d42-1980-448a-adfa-456284af2b66', '509f0b0d-eb57-44f5-bfa9-77d556cdec05', '列王紀下', 25, NOW() - INTERVAL '47 days'),
  ('e0128d42-1980-448a-adfa-456284af2b66', '509f0b0d-eb57-44f5-bfa9-77d556cdec05', '雅各書', 1, NOW() - INTERVAL '47 days'),
  ('e0128d42-1980-448a-adfa-456284af2b66', '509f0b0d-eb57-44f5-bfa9-77d556cdec05', '雅各書', 2, NOW() - INTERVAL '47 days'),
  ('e0128d42-1980-448a-adfa-456284af2b66', '509f0b0d-eb57-44f5-bfa9-77d556cdec05', '雅各書', 3, NOW() - INTERVAL '47 days'),
  ('e0128d42-1980-448a-adfa-456284af2b66', '509f0b0d-eb57-44f5-bfa9-77d556cdec05', '雅各書', 4, NOW() - INTERVAL '46 days'),
  ('e0128d42-1980-448a-adfa-456284af2b66', '509f0b0d-eb57-44f5-bfa9-77d556cdec05', '雅各書', 5, NOW() - INTERVAL '46 days'),
  ('e0128d42-1980-448a-adfa-456284af2b66', '509f0b0d-eb57-44f5-bfa9-77d556cdec05', '出埃及記', 1, NOW() - INTERVAL '46 days'),
  ('e0128d42-1980-448a-adfa-456284af2b66', '509f0b0d-eb57-44f5-bfa9-77d556cdec05', '出埃及記', 2, NOW() - INTERVAL '46 days'),
  ('e0128d42-1980-448a-adfa-456284af2b66', '509f0b0d-eb57-44f5-bfa9-77d556cdec05', '出埃及記', 3, NOW() - INTERVAL '46 days'),
  ('e0128d42-1980-448a-adfa-456284af2b66', '509f0b0d-eb57-44f5-bfa9-77d556cdec05', '出埃及記', 4, NOW() - INTERVAL '45 days'),
  ('e0128d42-1980-448a-adfa-456284af2b66', '509f0b0d-eb57-44f5-bfa9-77d556cdec05', '出埃及記', 5, NOW() - INTERVAL '45 days'),
  ('e0128d42-1980-448a-adfa-456284af2b66', '509f0b0d-eb57-44f5-bfa9-77d556cdec05', '出埃及記', 6, NOW() - INTERVAL '45 days'),
  ('e0128d42-1980-448a-adfa-456284af2b66', '509f0b0d-eb57-44f5-bfa9-77d556cdec05', '出埃及記', 7, NOW() - INTERVAL '45 days'),
  ('e0128d42-1980-448a-adfa-456284af2b66', '509f0b0d-eb57-44f5-bfa9-77d556cdec05', '出埃及記', 8, NOW() - INTERVAL '45 days'),
  ('e0128d42-1980-448a-adfa-456284af2b66', '509f0b0d-eb57-44f5-bfa9-77d556cdec05', '出埃及記', 9, NOW() - INTERVAL '44 days'),
  ('e0128d42-1980-448a-adfa-456284af2b66', '509f0b0d-eb57-44f5-bfa9-77d556cdec05', '出埃及記', 10, NOW() - INTERVAL '44 days'),
  ('e0128d42-1980-448a-adfa-456284af2b66', '509f0b0d-eb57-44f5-bfa9-77d556cdec05', '出埃及記', 11, NOW() - INTERVAL '44 days'),
  ('e0128d42-1980-448a-adfa-456284af2b66', '509f0b0d-eb57-44f5-bfa9-77d556cdec05', '出埃及記', 12, NOW() - INTERVAL '44 days'),
  ('e0128d42-1980-448a-adfa-456284af2b66', '509f0b0d-eb57-44f5-bfa9-77d556cdec05', '出埃及記', 13, NOW() - INTERVAL '44 days'),
  ('e0128d42-1980-448a-adfa-456284af2b66', '509f0b0d-eb57-44f5-bfa9-77d556cdec05', '出埃及記', 14, NOW() - INTERVAL '43 days'),
  ('e0128d42-1980-448a-adfa-456284af2b66', '509f0b0d-eb57-44f5-bfa9-77d556cdec05', '出埃及記', 15, NOW() - INTERVAL '43 days'),
  ('e0128d42-1980-448a-adfa-456284af2b66', '509f0b0d-eb57-44f5-bfa9-77d556cdec05', '出埃及記', 16, NOW() - INTERVAL '43 days'),
  ('e0128d42-1980-448a-adfa-456284af2b66', '509f0b0d-eb57-44f5-bfa9-77d556cdec05', '出埃及記', 17, NOW() - INTERVAL '43 days'),
  ('e0128d42-1980-448a-adfa-456284af2b66', '509f0b0d-eb57-44f5-bfa9-77d556cdec05', '出埃及記', 18, NOW() - INTERVAL '43 days'),
  ('e0128d42-1980-448a-adfa-456284af2b66', '509f0b0d-eb57-44f5-bfa9-77d556cdec05', '出埃及記', 19, NOW() - INTERVAL '42 days'),
  ('e0128d42-1980-448a-adfa-456284af2b66', '509f0b0d-eb57-44f5-bfa9-77d556cdec05', '出埃及記', 20, NOW() - INTERVAL '42 days'),
  ('e0128d42-1980-448a-adfa-456284af2b66', '509f0b0d-eb57-44f5-bfa9-77d556cdec05', '出埃及記', 21, NOW() - INTERVAL '42 days'),
  ('e0128d42-1980-448a-adfa-456284af2b66', '509f0b0d-eb57-44f5-bfa9-77d556cdec05', '出埃及記', 22, NOW() - INTERVAL '42 days'),
  ('e0128d42-1980-448a-adfa-456284af2b66', '509f0b0d-eb57-44f5-bfa9-77d556cdec05', '出埃及記', 23, NOW() - INTERVAL '42 days'),
  ('e0128d42-1980-448a-adfa-456284af2b66', '509f0b0d-eb57-44f5-bfa9-77d556cdec05', '出埃及記', 24, NOW() - INTERVAL '41 days'),
  ('e0128d42-1980-448a-adfa-456284af2b66', '509f0b0d-eb57-44f5-bfa9-77d556cdec05', '出埃及記', 25, NOW() - INTERVAL '41 days'),
  ('e0128d42-1980-448a-adfa-456284af2b66', '509f0b0d-eb57-44f5-bfa9-77d556cdec05', '出埃及記', 26, NOW() - INTERVAL '41 days'),
  ('e0128d42-1980-448a-adfa-456284af2b66', '509f0b0d-eb57-44f5-bfa9-77d556cdec05', '出埃及記', 27, NOW() - INTERVAL '41 days'),
  ('e0128d42-1980-448a-adfa-456284af2b66', '509f0b0d-eb57-44f5-bfa9-77d556cdec05', '出埃及記', 28, NOW() - INTERVAL '41 days'),
  ('e0128d42-1980-448a-adfa-456284af2b66', '509f0b0d-eb57-44f5-bfa9-77d556cdec05', '出埃及記', 29, NOW() - INTERVAL '40 days'),
  ('e0128d42-1980-448a-adfa-456284af2b66', '509f0b0d-eb57-44f5-bfa9-77d556cdec05', '出埃及記', 30, NOW() - INTERVAL '40 days'),
  ('e0128d42-1980-448a-adfa-456284af2b66', '509f0b0d-eb57-44f5-bfa9-77d556cdec05', '出埃及記', 31, NOW() - INTERVAL '40 days'),
  ('e0128d42-1980-448a-adfa-456284af2b66', '509f0b0d-eb57-44f5-bfa9-77d556cdec05', '出埃及記', 32, NOW() - INTERVAL '40 days'),
  ('e0128d42-1980-448a-adfa-456284af2b66', '509f0b0d-eb57-44f5-bfa9-77d556cdec05', '出埃及記', 33, NOW() - INTERVAL '40 days'),
  ('e0128d42-1980-448a-adfa-456284af2b66', '509f0b0d-eb57-44f5-bfa9-77d556cdec05', '出埃及記', 34, NOW() - INTERVAL '39 days'),
  ('e0128d42-1980-448a-adfa-456284af2b66', '509f0b0d-eb57-44f5-bfa9-77d556cdec05', '出埃及記', 35, NOW() - INTERVAL '39 days'),
  ('e0128d42-1980-448a-adfa-456284af2b66', '509f0b0d-eb57-44f5-bfa9-77d556cdec05', '出埃及記', 36, NOW() - INTERVAL '39 days'),
  ('e0128d42-1980-448a-adfa-456284af2b66', '509f0b0d-eb57-44f5-bfa9-77d556cdec05', '出埃及記', 37, NOW() - INTERVAL '39 days'),
  ('e0128d42-1980-448a-adfa-456284af2b66', '509f0b0d-eb57-44f5-bfa9-77d556cdec05', '出埃及記', 38, NOW() - INTERVAL '39 days'),
  ('e0128d42-1980-448a-adfa-456284af2b66', '509f0b0d-eb57-44f5-bfa9-77d556cdec05', '出埃及記', 39, NOW() - INTERVAL '38 days'),
  ('e0128d42-1980-448a-adfa-456284af2b66', '509f0b0d-eb57-44f5-bfa9-77d556cdec05', '出埃及記', 40, NOW() - INTERVAL '38 days'),
  ('e0128d42-1980-448a-adfa-456284af2b66', '509f0b0d-eb57-44f5-bfa9-77d556cdec05', '馬可福音', 1, NOW() - INTERVAL '38 days'),
  ('e0128d42-1980-448a-adfa-456284af2b66', '509f0b0d-eb57-44f5-bfa9-77d556cdec05', '馬可福音', 2, NOW() - INTERVAL '38 days'),
  ('e0128d42-1980-448a-adfa-456284af2b66', '509f0b0d-eb57-44f5-bfa9-77d556cdec05', '馬可福音', 3, NOW() - INTERVAL '38 days'),
  ('e0128d42-1980-448a-adfa-456284af2b66', '509f0b0d-eb57-44f5-bfa9-77d556cdec05', '馬可福音', 4, NOW() - INTERVAL '37 days'),
  ('e0128d42-1980-448a-adfa-456284af2b66', '509f0b0d-eb57-44f5-bfa9-77d556cdec05', '馬可福音', 5, NOW() - INTERVAL '37 days'),
  ('e0128d42-1980-448a-adfa-456284af2b66', '509f0b0d-eb57-44f5-bfa9-77d556cdec05', '馬可福音', 6, NOW() - INTERVAL '37 days'),
  ('e0128d42-1980-448a-adfa-456284af2b66', '509f0b0d-eb57-44f5-bfa9-77d556cdec05', '馬可福音', 7, NOW() - INTERVAL '37 days'),
  ('e0128d42-1980-448a-adfa-456284af2b66', '509f0b0d-eb57-44f5-bfa9-77d556cdec05', '馬可福音', 8, NOW() - INTERVAL '37 days'),
  ('e0128d42-1980-448a-adfa-456284af2b66', '509f0b0d-eb57-44f5-bfa9-77d556cdec05', '馬可福音', 9, NOW() - INTERVAL '36 days'),
  ('e0128d42-1980-448a-adfa-456284af2b66', '509f0b0d-eb57-44f5-bfa9-77d556cdec05', '馬可福音', 10, NOW() - INTERVAL '36 days'),
  ('e0128d42-1980-448a-adfa-456284af2b66', '509f0b0d-eb57-44f5-bfa9-77d556cdec05', '馬可福音', 11, NOW() - INTERVAL '36 days'),
  ('e0128d42-1980-448a-adfa-456284af2b66', '509f0b0d-eb57-44f5-bfa9-77d556cdec05', '馬可福音', 12, NOW() - INTERVAL '36 days'),
  ('e0128d42-1980-448a-adfa-456284af2b66', '509f0b0d-eb57-44f5-bfa9-77d556cdec05', '馬可福音', 13, NOW() - INTERVAL '36 days'),
  ('e0128d42-1980-448a-adfa-456284af2b66', '509f0b0d-eb57-44f5-bfa9-77d556cdec05', '馬可福音', 14, NOW() - INTERVAL '35 days'),
  ('e0128d42-1980-448a-adfa-456284af2b66', '509f0b0d-eb57-44f5-bfa9-77d556cdec05', '馬可福音', 15, NOW() - INTERVAL '35 days'),
  ('e0128d42-1980-448a-adfa-456284af2b66', '509f0b0d-eb57-44f5-bfa9-77d556cdec05', '馬可福音', 16, NOW() - INTERVAL '35 days'),
  ('e0128d42-1980-448a-adfa-456284af2b66', '509f0b0d-eb57-44f5-bfa9-77d556cdec05', '約伯記', 1, NOW() - INTERVAL '35 days'),
  ('e0128d42-1980-448a-adfa-456284af2b66', '509f0b0d-eb57-44f5-bfa9-77d556cdec05', '約伯記', 2, NOW() - INTERVAL '35 days'),
  ('e0128d42-1980-448a-adfa-456284af2b66', '509f0b0d-eb57-44f5-bfa9-77d556cdec05', '約伯記', 3, NOW() - INTERVAL '34 days'),
  ('e0128d42-1980-448a-adfa-456284af2b66', '509f0b0d-eb57-44f5-bfa9-77d556cdec05', '約伯記', 4, NOW() - INTERVAL '34 days'),
  ('e0128d42-1980-448a-adfa-456284af2b66', '509f0b0d-eb57-44f5-bfa9-77d556cdec05', '約伯記', 5, NOW() - INTERVAL '34 days'),
  ('e0128d42-1980-448a-adfa-456284af2b66', '509f0b0d-eb57-44f5-bfa9-77d556cdec05', '約伯記', 6, NOW() - INTERVAL '34 days'),
  ('e0128d42-1980-448a-adfa-456284af2b66', '509f0b0d-eb57-44f5-bfa9-77d556cdec05', '約伯記', 7, NOW() - INTERVAL '34 days'),
  ('e0128d42-1980-448a-adfa-456284af2b66', '509f0b0d-eb57-44f5-bfa9-77d556cdec05', '約伯記', 8, NOW() - INTERVAL '33 days'),
  ('e0128d42-1980-448a-adfa-456284af2b66', '509f0b0d-eb57-44f5-bfa9-77d556cdec05', '約伯記', 9, NOW() - INTERVAL '33 days'),
  ('e0128d42-1980-448a-adfa-456284af2b66', '509f0b0d-eb57-44f5-bfa9-77d556cdec05', '約伯記', 10, NOW() - INTERVAL '33 days'),
  ('e0128d42-1980-448a-adfa-456284af2b66', '509f0b0d-eb57-44f5-bfa9-77d556cdec05', '約伯記', 11, NOW() - INTERVAL '33 days'),
  ('e0128d42-1980-448a-adfa-456284af2b66', '509f0b0d-eb57-44f5-bfa9-77d556cdec05', '約伯記', 12, NOW() - INTERVAL '33 days'),
  ('e0128d42-1980-448a-adfa-456284af2b66', '509f0b0d-eb57-44f5-bfa9-77d556cdec05', '約伯記', 13, NOW() - INTERVAL '32 days'),
  ('e0128d42-1980-448a-adfa-456284af2b66', '509f0b0d-eb57-44f5-bfa9-77d556cdec05', '約伯記', 14, NOW() - INTERVAL '32 days'),
  ('e0128d42-1980-448a-adfa-456284af2b66', '509f0b0d-eb57-44f5-bfa9-77d556cdec05', '約伯記', 15, NOW() - INTERVAL '32 days'),
  ('e0128d42-1980-448a-adfa-456284af2b66', '509f0b0d-eb57-44f5-bfa9-77d556cdec05', '約伯記', 16, NOW() - INTERVAL '32 days'),
  ('e0128d42-1980-448a-adfa-456284af2b66', '509f0b0d-eb57-44f5-bfa9-77d556cdec05', '約伯記', 17, NOW() - INTERVAL '32 days'),
  ('e0128d42-1980-448a-adfa-456284af2b66', '509f0b0d-eb57-44f5-bfa9-77d556cdec05', '約伯記', 18, NOW() - INTERVAL '31 days'),
  ('e0128d42-1980-448a-adfa-456284af2b66', '509f0b0d-eb57-44f5-bfa9-77d556cdec05', '約伯記', 19, NOW() - INTERVAL '31 days'),
  ('e0128d42-1980-448a-adfa-456284af2b66', '509f0b0d-eb57-44f5-bfa9-77d556cdec05', '約伯記', 20, NOW() - INTERVAL '31 days'),
  ('e0128d42-1980-448a-adfa-456284af2b66', '509f0b0d-eb57-44f5-bfa9-77d556cdec05', '約伯記', 21, NOW() - INTERVAL '31 days'),
  ('e0128d42-1980-448a-adfa-456284af2b66', '509f0b0d-eb57-44f5-bfa9-77d556cdec05', '約伯記', 22, NOW() - INTERVAL '31 days'),
  ('e0128d42-1980-448a-adfa-456284af2b66', '509f0b0d-eb57-44f5-bfa9-77d556cdec05', '約伯記', 23, NOW() - INTERVAL '30 days'),
  ('e0128d42-1980-448a-adfa-456284af2b66', '509f0b0d-eb57-44f5-bfa9-77d556cdec05', '約伯記', 24, NOW() - INTERVAL '30 days'),
  ('e0128d42-1980-448a-adfa-456284af2b66', '509f0b0d-eb57-44f5-bfa9-77d556cdec05', '約伯記', 25, NOW() - INTERVAL '30 days'),
  ('e0128d42-1980-448a-adfa-456284af2b66', '509f0b0d-eb57-44f5-bfa9-77d556cdec05', '約伯記', 26, NOW() - INTERVAL '30 days'),
  ('e0128d42-1980-448a-adfa-456284af2b66', '509f0b0d-eb57-44f5-bfa9-77d556cdec05', '約伯記', 27, NOW() - INTERVAL '30 days'),
  ('e0128d42-1980-448a-adfa-456284af2b66', '509f0b0d-eb57-44f5-bfa9-77d556cdec05', '約伯記', 28, NOW() - INTERVAL '29 days'),
  ('e0128d42-1980-448a-adfa-456284af2b66', '509f0b0d-eb57-44f5-bfa9-77d556cdec05', '約伯記', 29, NOW() - INTERVAL '29 days'),
  ('e0128d42-1980-448a-adfa-456284af2b66', '509f0b0d-eb57-44f5-bfa9-77d556cdec05', '約伯記', 30, NOW() - INTERVAL '29 days'),
  ('e0128d42-1980-448a-adfa-456284af2b66', '509f0b0d-eb57-44f5-bfa9-77d556cdec05', '約伯記', 31, NOW() - INTERVAL '29 days'),
  ('e0128d42-1980-448a-adfa-456284af2b66', '509f0b0d-eb57-44f5-bfa9-77d556cdec05', '約伯記', 32, NOW() - INTERVAL '29 days'),
  ('e0128d42-1980-448a-adfa-456284af2b66', '509f0b0d-eb57-44f5-bfa9-77d556cdec05', '約伯記', 33, NOW() - INTERVAL '28 days'),
  ('e0128d42-1980-448a-adfa-456284af2b66', '509f0b0d-eb57-44f5-bfa9-77d556cdec05', '約伯記', 34, NOW() - INTERVAL '28 days'),
  ('e0128d42-1980-448a-adfa-456284af2b66', '509f0b0d-eb57-44f5-bfa9-77d556cdec05', '約伯記', 35, NOW() - INTERVAL '28 days'),
  ('e0128d42-1980-448a-adfa-456284af2b66', '509f0b0d-eb57-44f5-bfa9-77d556cdec05', '約伯記', 36, NOW() - INTERVAL '28 days'),
  ('e0128d42-1980-448a-adfa-456284af2b66', '509f0b0d-eb57-44f5-bfa9-77d556cdec05', '約伯記', 37, NOW() - INTERVAL '28 days'),
  ('e0128d42-1980-448a-adfa-456284af2b66', '509f0b0d-eb57-44f5-bfa9-77d556cdec05', '約伯記', 38, NOW() - INTERVAL '27 days'),
  ('e0128d42-1980-448a-adfa-456284af2b66', '509f0b0d-eb57-44f5-bfa9-77d556cdec05', '約伯記', 39, NOW() - INTERVAL '27 days'),
  ('e0128d42-1980-448a-adfa-456284af2b66', '509f0b0d-eb57-44f5-bfa9-77d556cdec05', '約伯記', 40, NOW() - INTERVAL '27 days'),
  ('e0128d42-1980-448a-adfa-456284af2b66', '509f0b0d-eb57-44f5-bfa9-77d556cdec05', '約伯記', 41, NOW() - INTERVAL '27 days'),
  ('e0128d42-1980-448a-adfa-456284af2b66', '509f0b0d-eb57-44f5-bfa9-77d556cdec05', '約伯記', 42, NOW() - INTERVAL '27 days'),
  ('e0128d42-1980-448a-adfa-456284af2b66', '509f0b0d-eb57-44f5-bfa9-77d556cdec05', '加拉太書', 1, NOW() - INTERVAL '26 days'),
  ('e0128d42-1980-448a-adfa-456284af2b66', '509f0b0d-eb57-44f5-bfa9-77d556cdec05', '加拉太書', 2, NOW() - INTERVAL '26 days'),
  ('e0128d42-1980-448a-adfa-456284af2b66', '509f0b0d-eb57-44f5-bfa9-77d556cdec05', '加拉太書', 3, NOW() - INTERVAL '26 days'),
  ('e0128d42-1980-448a-adfa-456284af2b66', '509f0b0d-eb57-44f5-bfa9-77d556cdec05', '加拉太書', 4, NOW() - INTERVAL '26 days'),
  ('e0128d42-1980-448a-adfa-456284af2b66', '509f0b0d-eb57-44f5-bfa9-77d556cdec05', '加拉太書', 5, NOW() - INTERVAL '26 days'),
  ('e0128d42-1980-448a-adfa-456284af2b66', '509f0b0d-eb57-44f5-bfa9-77d556cdec05', '加拉太書', 6, NOW() - INTERVAL '25 days'),
  ('e0128d42-1980-448a-adfa-456284af2b66', '509f0b0d-eb57-44f5-bfa9-77d556cdec05', '哈巴谷書', 1, NOW() - INTERVAL '25 days'),
  ('e0128d42-1980-448a-adfa-456284af2b66', '509f0b0d-eb57-44f5-bfa9-77d556cdec05', '哈巴谷書', 2, NOW() - INTERVAL '25 days'),
  ('e0128d42-1980-448a-adfa-456284af2b66', '509f0b0d-eb57-44f5-bfa9-77d556cdec05', '哈巴谷書', 3, NOW() - INTERVAL '25 days'),
  ('e0128d42-1980-448a-adfa-456284af2b66', '509f0b0d-eb57-44f5-bfa9-77d556cdec05', '猶大書', 1, NOW() - INTERVAL '25 days'),
  ('e0128d42-1980-448a-adfa-456284af2b66', '509f0b0d-eb57-44f5-bfa9-77d556cdec05', '利未記', 1, NOW() - INTERVAL '24 days'),
  ('e0128d42-1980-448a-adfa-456284af2b66', '509f0b0d-eb57-44f5-bfa9-77d556cdec05', '利未記', 2, NOW() - INTERVAL '24 days'),
  ('e0128d42-1980-448a-adfa-456284af2b66', '509f0b0d-eb57-44f5-bfa9-77d556cdec05', '利未記', 3, NOW() - INTERVAL '24 days'),
  ('e0128d42-1980-448a-adfa-456284af2b66', '509f0b0d-eb57-44f5-bfa9-77d556cdec05', '利未記', 4, NOW() - INTERVAL '24 days'),
  ('e0128d42-1980-448a-adfa-456284af2b66', '509f0b0d-eb57-44f5-bfa9-77d556cdec05', '利未記', 5, NOW() - INTERVAL '24 days'),
  ('e0128d42-1980-448a-adfa-456284af2b66', '509f0b0d-eb57-44f5-bfa9-77d556cdec05', '利未記', 6, NOW() - INTERVAL '23 days'),
  ('e0128d42-1980-448a-adfa-456284af2b66', '509f0b0d-eb57-44f5-bfa9-77d556cdec05', '利未記', 7, NOW() - INTERVAL '23 days'),
  ('e0128d42-1980-448a-adfa-456284af2b66', '509f0b0d-eb57-44f5-bfa9-77d556cdec05', '利未記', 8, NOW() - INTERVAL '23 days'),
  ('e0128d42-1980-448a-adfa-456284af2b66', '509f0b0d-eb57-44f5-bfa9-77d556cdec05', '利未記', 9, NOW() - INTERVAL '23 days'),
  ('e0128d42-1980-448a-adfa-456284af2b66', '509f0b0d-eb57-44f5-bfa9-77d556cdec05', '利未記', 10, NOW() - INTERVAL '23 days'),
  ('e0128d42-1980-448a-adfa-456284af2b66', '509f0b0d-eb57-44f5-bfa9-77d556cdec05', '利未記', 11, NOW() - INTERVAL '22 days'),
  ('e0128d42-1980-448a-adfa-456284af2b66', '509f0b0d-eb57-44f5-bfa9-77d556cdec05', '利未記', 12, NOW() - INTERVAL '22 days'),
  ('e0128d42-1980-448a-adfa-456284af2b66', '509f0b0d-eb57-44f5-bfa9-77d556cdec05', '利未記', 13, NOW() - INTERVAL '22 days'),
  ('e0128d42-1980-448a-adfa-456284af2b66', '509f0b0d-eb57-44f5-bfa9-77d556cdec05', '利未記', 14, NOW() - INTERVAL '22 days'),
  ('e0128d42-1980-448a-adfa-456284af2b66', '509f0b0d-eb57-44f5-bfa9-77d556cdec05', '利未記', 15, NOW() - INTERVAL '22 days'),
  ('e0128d42-1980-448a-adfa-456284af2b66', '509f0b0d-eb57-44f5-bfa9-77d556cdec05', '利未記', 16, NOW() - INTERVAL '21 days'),
  ('e0128d42-1980-448a-adfa-456284af2b66', '509f0b0d-eb57-44f5-bfa9-77d556cdec05', '利未記', 17, NOW() - INTERVAL '21 days'),
  ('e0128d42-1980-448a-adfa-456284af2b66', '509f0b0d-eb57-44f5-bfa9-77d556cdec05', '利未記', 18, NOW() - INTERVAL '21 days'),
  ('e0128d42-1980-448a-adfa-456284af2b66', '509f0b0d-eb57-44f5-bfa9-77d556cdec05', '利未記', 19, NOW() - INTERVAL '21 days'),
  ('e0128d42-1980-448a-adfa-456284af2b66', '509f0b0d-eb57-44f5-bfa9-77d556cdec05', '利未記', 20, NOW() - INTERVAL '21 days'),
  ('e0128d42-1980-448a-adfa-456284af2b66', '509f0b0d-eb57-44f5-bfa9-77d556cdec05', '利未記', 21, NOW() - INTERVAL '20 days'),
  ('e0128d42-1980-448a-adfa-456284af2b66', '509f0b0d-eb57-44f5-bfa9-77d556cdec05', '利未記', 22, NOW() - INTERVAL '20 days'),
  ('e0128d42-1980-448a-adfa-456284af2b66', '509f0b0d-eb57-44f5-bfa9-77d556cdec05', '利未記', 23, NOW() - INTERVAL '20 days'),
  ('e0128d42-1980-448a-adfa-456284af2b66', '509f0b0d-eb57-44f5-bfa9-77d556cdec05', '利未記', 24, NOW() - INTERVAL '20 days'),
  ('e0128d42-1980-448a-adfa-456284af2b66', '509f0b0d-eb57-44f5-bfa9-77d556cdec05', '利未記', 25, NOW() - INTERVAL '20 days'),
  ('e0128d42-1980-448a-adfa-456284af2b66', '509f0b0d-eb57-44f5-bfa9-77d556cdec05', '利未記', 26, NOW() - INTERVAL '19 days'),
  ('e0128d42-1980-448a-adfa-456284af2b66', '509f0b0d-eb57-44f5-bfa9-77d556cdec05', '利未記', 27, NOW() - INTERVAL '19 days'),
  ('e0128d42-1980-448a-adfa-456284af2b66', '509f0b0d-eb57-44f5-bfa9-77d556cdec05', '路加福音', 1, NOW() - INTERVAL '19 days'),
  ('e0128d42-1980-448a-adfa-456284af2b66', '509f0b0d-eb57-44f5-bfa9-77d556cdec05', '路加福音', 2, NOW() - INTERVAL '19 days'),
  ('e0128d42-1980-448a-adfa-456284af2b66', '509f0b0d-eb57-44f5-bfa9-77d556cdec05', '路加福音', 3, NOW() - INTERVAL '19 days'),
  ('e0128d42-1980-448a-adfa-456284af2b66', '509f0b0d-eb57-44f5-bfa9-77d556cdec05', '路加福音', 4, NOW() - INTERVAL '18 days'),
  ('e0128d42-1980-448a-adfa-456284af2b66', '509f0b0d-eb57-44f5-bfa9-77d556cdec05', '路加福音', 5, NOW() - INTERVAL '18 days'),
  ('e0128d42-1980-448a-adfa-456284af2b66', '509f0b0d-eb57-44f5-bfa9-77d556cdec05', '路加福音', 6, NOW() - INTERVAL '18 days'),
  ('e0128d42-1980-448a-adfa-456284af2b66', '509f0b0d-eb57-44f5-bfa9-77d556cdec05', '路加福音', 7, NOW() - INTERVAL '18 days'),
  ('e0128d42-1980-448a-adfa-456284af2b66', '509f0b0d-eb57-44f5-bfa9-77d556cdec05', '路加福音', 8, NOW() - INTERVAL '18 days'),
  ('e0128d42-1980-448a-adfa-456284af2b66', '509f0b0d-eb57-44f5-bfa9-77d556cdec05', '路加福音', 9, NOW() - INTERVAL '17 days'),
  ('e0128d42-1980-448a-adfa-456284af2b66', '509f0b0d-eb57-44f5-bfa9-77d556cdec05', '路加福音', 10, NOW() - INTERVAL '17 days'),
  ('e0128d42-1980-448a-adfa-456284af2b66', '509f0b0d-eb57-44f5-bfa9-77d556cdec05', '路加福音', 11, NOW() - INTERVAL '17 days'),
  ('e0128d42-1980-448a-adfa-456284af2b66', '509f0b0d-eb57-44f5-bfa9-77d556cdec05', '路加福音', 12, NOW() - INTERVAL '17 days'),
  ('e0128d42-1980-448a-adfa-456284af2b66', '509f0b0d-eb57-44f5-bfa9-77d556cdec05', '路加福音', 13, NOW() - INTERVAL '17 days'),
  ('e0128d42-1980-448a-adfa-456284af2b66', '509f0b0d-eb57-44f5-bfa9-77d556cdec05', '路加福音', 14, NOW() - INTERVAL '16 days'),
  ('e0128d42-1980-448a-adfa-456284af2b66', '509f0b0d-eb57-44f5-bfa9-77d556cdec05', '路加福音', 15, NOW() - INTERVAL '16 days'),
  ('e0128d42-1980-448a-adfa-456284af2b66', '509f0b0d-eb57-44f5-bfa9-77d556cdec05', '路加福音', 16, NOW() - INTERVAL '16 days'),
  ('e0128d42-1980-448a-adfa-456284af2b66', '509f0b0d-eb57-44f5-bfa9-77d556cdec05', '路加福音', 17, NOW() - INTERVAL '16 days'),
  ('e0128d42-1980-448a-adfa-456284af2b66', '509f0b0d-eb57-44f5-bfa9-77d556cdec05', '路加福音', 18, NOW() - INTERVAL '16 days'),
  ('e0128d42-1980-448a-adfa-456284af2b66', '509f0b0d-eb57-44f5-bfa9-77d556cdec05', '路加福音', 19, NOW() - INTERVAL '15 days'),
  ('e0128d42-1980-448a-adfa-456284af2b66', '509f0b0d-eb57-44f5-bfa9-77d556cdec05', '路加福音', 20, NOW() - INTERVAL '15 days'),
  ('e0128d42-1980-448a-adfa-456284af2b66', '509f0b0d-eb57-44f5-bfa9-77d556cdec05', '路加福音', 21, NOW() - INTERVAL '15 days'),
  ('e0128d42-1980-448a-adfa-456284af2b66', '509f0b0d-eb57-44f5-bfa9-77d556cdec05', '路加福音', 22, NOW() - INTERVAL '15 days'),
  ('e0128d42-1980-448a-adfa-456284af2b66', '509f0b0d-eb57-44f5-bfa9-77d556cdec05', '路加福音', 23, NOW() - INTERVAL '15 days'),
  ('e0128d42-1980-448a-adfa-456284af2b66', '509f0b0d-eb57-44f5-bfa9-77d556cdec05', '路加福音', 24, NOW() - INTERVAL '14 days'),
  ('e0128d42-1980-448a-adfa-456284af2b66', '509f0b0d-eb57-44f5-bfa9-77d556cdec05', '歷代志下', 1, NOW() - INTERVAL '14 days'),
  ('e0128d42-1980-448a-adfa-456284af2b66', '509f0b0d-eb57-44f5-bfa9-77d556cdec05', '歷代志下', 2, NOW() - INTERVAL '14 days'),
  ('e0128d42-1980-448a-adfa-456284af2b66', '509f0b0d-eb57-44f5-bfa9-77d556cdec05', '歷代志下', 3, NOW() - INTERVAL '14 days'),
  ('e0128d42-1980-448a-adfa-456284af2b66', '509f0b0d-eb57-44f5-bfa9-77d556cdec05', '歷代志下', 4, NOW() - INTERVAL '14 days'),
  ('e0128d42-1980-448a-adfa-456284af2b66', '509f0b0d-eb57-44f5-bfa9-77d556cdec05', '歷代志下', 5, NOW() - INTERVAL '13 days'),
  ('e0128d42-1980-448a-adfa-456284af2b66', '509f0b0d-eb57-44f5-bfa9-77d556cdec05', '歷代志下', 6, NOW() - INTERVAL '13 days'),
  ('e0128d42-1980-448a-adfa-456284af2b66', '509f0b0d-eb57-44f5-bfa9-77d556cdec05', '歷代志下', 7, NOW() - INTERVAL '13 days'),
  ('e0128d42-1980-448a-adfa-456284af2b66', '509f0b0d-eb57-44f5-bfa9-77d556cdec05', '歷代志下', 8, NOW() - INTERVAL '13 days'),
  ('e0128d42-1980-448a-adfa-456284af2b66', '509f0b0d-eb57-44f5-bfa9-77d556cdec05', '歷代志下', 9, NOW() - INTERVAL '13 days'),
  ('e0128d42-1980-448a-adfa-456284af2b66', '509f0b0d-eb57-44f5-bfa9-77d556cdec05', '歷代志下', 10, NOW() - INTERVAL '12 days'),
  ('e0128d42-1980-448a-adfa-456284af2b66', '509f0b0d-eb57-44f5-bfa9-77d556cdec05', '歷代志下', 11, NOW() - INTERVAL '12 days'),
  ('e0128d42-1980-448a-adfa-456284af2b66', '509f0b0d-eb57-44f5-bfa9-77d556cdec05', '歷代志下', 12, NOW() - INTERVAL '12 days'),
  ('e0128d42-1980-448a-adfa-456284af2b66', '509f0b0d-eb57-44f5-bfa9-77d556cdec05', '歷代志下', 13, NOW() - INTERVAL '12 days'),
  ('e0128d42-1980-448a-adfa-456284af2b66', '509f0b0d-eb57-44f5-bfa9-77d556cdec05', '歷代志下', 14, NOW() - INTERVAL '12 days'),
  ('e0128d42-1980-448a-adfa-456284af2b66', '509f0b0d-eb57-44f5-bfa9-77d556cdec05', '歷代志下', 15, NOW() - INTERVAL '11 days'),
  ('e0128d42-1980-448a-adfa-456284af2b66', '509f0b0d-eb57-44f5-bfa9-77d556cdec05', '歷代志下', 16, NOW() - INTERVAL '11 days'),
  ('e0128d42-1980-448a-adfa-456284af2b66', '509f0b0d-eb57-44f5-bfa9-77d556cdec05', '歷代志下', 17, NOW() - INTERVAL '11 days'),
  ('e0128d42-1980-448a-adfa-456284af2b66', '509f0b0d-eb57-44f5-bfa9-77d556cdec05', '歷代志下', 18, NOW() - INTERVAL '11 days'),
  ('e0128d42-1980-448a-adfa-456284af2b66', '509f0b0d-eb57-44f5-bfa9-77d556cdec05', '歷代志下', 19, NOW() - INTERVAL '11 days'),
  ('e0128d42-1980-448a-adfa-456284af2b66', '509f0b0d-eb57-44f5-bfa9-77d556cdec05', '歷代志下', 20, NOW() - INTERVAL '10 days'),
  ('e0128d42-1980-448a-adfa-456284af2b66', '509f0b0d-eb57-44f5-bfa9-77d556cdec05', '歷代志下', 21, NOW() - INTERVAL '10 days'),
  ('e0128d42-1980-448a-adfa-456284af2b66', '509f0b0d-eb57-44f5-bfa9-77d556cdec05', '歷代志下', 22, NOW() - INTERVAL '10 days'),
  ('e0128d42-1980-448a-adfa-456284af2b66', '509f0b0d-eb57-44f5-bfa9-77d556cdec05', '歷代志下', 23, NOW() - INTERVAL '10 days'),
  ('e0128d42-1980-448a-adfa-456284af2b66', '509f0b0d-eb57-44f5-bfa9-77d556cdec05', '歷代志下', 24, NOW() - INTERVAL '10 days'),
  ('e0128d42-1980-448a-adfa-456284af2b66', '509f0b0d-eb57-44f5-bfa9-77d556cdec05', '歷代志下', 25, NOW() - INTERVAL '9 days'),
  ('e0128d42-1980-448a-adfa-456284af2b66', '509f0b0d-eb57-44f5-bfa9-77d556cdec05', '歷代志下', 26, NOW() - INTERVAL '9 days'),
  ('e0128d42-1980-448a-adfa-456284af2b66', '509f0b0d-eb57-44f5-bfa9-77d556cdec05', '歷代志下', 27, NOW() - INTERVAL '9 days'),
  ('e0128d42-1980-448a-adfa-456284af2b66', '509f0b0d-eb57-44f5-bfa9-77d556cdec05', '歷代志下', 28, NOW() - INTERVAL '9 days'),
  ('e0128d42-1980-448a-adfa-456284af2b66', '509f0b0d-eb57-44f5-bfa9-77d556cdec05', '歷代志下', 29, NOW() - INTERVAL '9 days'),
  ('e0128d42-1980-448a-adfa-456284af2b66', '509f0b0d-eb57-44f5-bfa9-77d556cdec05', '歷代志下', 30, NOW() - INTERVAL '8 days'),
  ('e0128d42-1980-448a-adfa-456284af2b66', '509f0b0d-eb57-44f5-bfa9-77d556cdec05', '歷代志下', 31, NOW() - INTERVAL '8 days'),
  ('e0128d42-1980-448a-adfa-456284af2b66', '509f0b0d-eb57-44f5-bfa9-77d556cdec05', '歷代志下', 32, NOW() - INTERVAL '8 days'),
  ('e0128d42-1980-448a-adfa-456284af2b66', '509f0b0d-eb57-44f5-bfa9-77d556cdec05', '歷代志下', 33, NOW() - INTERVAL '8 days'),
  ('e0128d42-1980-448a-adfa-456284af2b66', '509f0b0d-eb57-44f5-bfa9-77d556cdec05', '歷代志下', 34, NOW() - INTERVAL '8 days'),
  ('e0128d42-1980-448a-adfa-456284af2b66', '509f0b0d-eb57-44f5-bfa9-77d556cdec05', '歷代志下', 35, NOW() - INTERVAL '7 days'),
  ('e0128d42-1980-448a-adfa-456284af2b66', '509f0b0d-eb57-44f5-bfa9-77d556cdec05', '歷代志下', 36, NOW() - INTERVAL '7 days'),
  ('e0128d42-1980-448a-adfa-456284af2b66', '509f0b0d-eb57-44f5-bfa9-77d556cdec05', '帖撒羅尼迦前書', 1, NOW() - INTERVAL '7 days'),
  ('e0128d42-1980-448a-adfa-456284af2b66', '509f0b0d-eb57-44f5-bfa9-77d556cdec05', '帖撒羅尼迦前書', 2, NOW() - INTERVAL '7 days'),
  ('e0128d42-1980-448a-adfa-456284af2b66', '509f0b0d-eb57-44f5-bfa9-77d556cdec05', '帖撒羅尼迦前書', 3, NOW() - INTERVAL '7 days'),
  ('e0128d42-1980-448a-adfa-456284af2b66', '509f0b0d-eb57-44f5-bfa9-77d556cdec05', '帖撒羅尼迦前書', 4, NOW() - INTERVAL '6 days'),
  ('e0128d42-1980-448a-adfa-456284af2b66', '509f0b0d-eb57-44f5-bfa9-77d556cdec05', '帖撒羅尼迦前書', 5, NOW() - INTERVAL '6 days'),
  ('e0128d42-1980-448a-adfa-456284af2b66', '509f0b0d-eb57-44f5-bfa9-77d556cdec05', '約拿書', 1, NOW() - INTERVAL '6 days'),
  ('e0128d42-1980-448a-adfa-456284af2b66', '509f0b0d-eb57-44f5-bfa9-77d556cdec05', '約拿書', 2, NOW() - INTERVAL '6 days'),
  ('e0128d42-1980-448a-adfa-456284af2b66', '509f0b0d-eb57-44f5-bfa9-77d556cdec05', '約拿書', 3, NOW() - INTERVAL '6 days'),
  ('e0128d42-1980-448a-adfa-456284af2b66', '509f0b0d-eb57-44f5-bfa9-77d556cdec05', '約拿書', 4, NOW() - INTERVAL '5 days'),
  ('e0128d42-1980-448a-adfa-456284af2b66', '509f0b0d-eb57-44f5-bfa9-77d556cdec05', '約翰二書', 1, NOW() - INTERVAL '5 days'),
  ('e0128d42-1980-448a-adfa-456284af2b66', '509f0b0d-eb57-44f5-bfa9-77d556cdec05', '彌迦書', 1, NOW() - INTERVAL '5 days'),
  ('e0128d42-1980-448a-adfa-456284af2b66', '509f0b0d-eb57-44f5-bfa9-77d556cdec05', '彌迦書', 2, NOW() - INTERVAL '5 days'),
  ('e0128d42-1980-448a-adfa-456284af2b66', '509f0b0d-eb57-44f5-bfa9-77d556cdec05', '彌迦書', 3, NOW() - INTERVAL '5 days'),
  ('e0128d42-1980-448a-adfa-456284af2b66', '509f0b0d-eb57-44f5-bfa9-77d556cdec05', '彌迦書', 4, NOW() - INTERVAL '4 days'),
  ('e0128d42-1980-448a-adfa-456284af2b66', '509f0b0d-eb57-44f5-bfa9-77d556cdec05', '彌迦書', 5, NOW() - INTERVAL '4 days'),
  ('e0128d42-1980-448a-adfa-456284af2b66', '509f0b0d-eb57-44f5-bfa9-77d556cdec05', '彌迦書', 6, NOW() - INTERVAL '4 days'),
  ('e0128d42-1980-448a-adfa-456284af2b66', '509f0b0d-eb57-44f5-bfa9-77d556cdec05', '彌迦書', 7, NOW() - INTERVAL '4 days'),
  ('e0128d42-1980-448a-adfa-456284af2b66', '509f0b0d-eb57-44f5-bfa9-77d556cdec05', '約翰三書', 1, NOW() - INTERVAL '4 days'),
  ('e0128d42-1980-448a-adfa-456284af2b66', '509f0b0d-eb57-44f5-bfa9-77d556cdec05', '民數記', 1, NOW() - INTERVAL '3 days'),
  ('e0128d42-1980-448a-adfa-456284af2b66', '509f0b0d-eb57-44f5-bfa9-77d556cdec05', '民數記', 2, NOW() - INTERVAL '3 days'),
  ('e0128d42-1980-448a-adfa-456284af2b66', '509f0b0d-eb57-44f5-bfa9-77d556cdec05', '民數記', 3, NOW() - INTERVAL '3 days'),
  ('e0128d42-1980-448a-adfa-456284af2b66', '509f0b0d-eb57-44f5-bfa9-77d556cdec05', '民數記', 4, NOW() - INTERVAL '3 days'),
  ('e0128d42-1980-448a-adfa-456284af2b66', '509f0b0d-eb57-44f5-bfa9-77d556cdec05', '民數記', 5, NOW() - INTERVAL '3 days'),
  ('e0128d42-1980-448a-adfa-456284af2b66', '509f0b0d-eb57-44f5-bfa9-77d556cdec05', '民數記', 6, NOW() - INTERVAL '2 days'),
  ('e0128d42-1980-448a-adfa-456284af2b66', '509f0b0d-eb57-44f5-bfa9-77d556cdec05', '民數記', 7, NOW() - INTERVAL '2 days'),
  ('e0128d42-1980-448a-adfa-456284af2b66', '509f0b0d-eb57-44f5-bfa9-77d556cdec05', '民數記', 8, NOW() - INTERVAL '2 days'),
  ('e0128d42-1980-448a-adfa-456284af2b66', '509f0b0d-eb57-44f5-bfa9-77d556cdec05', '民數記', 9, NOW() - INTERVAL '2 days'),
  ('e0128d42-1980-448a-adfa-456284af2b66', '509f0b0d-eb57-44f5-bfa9-77d556cdec05', '民數記', 10, NOW() - INTERVAL '2 days'),
  ('e0128d42-1980-448a-adfa-456284af2b66', '509f0b0d-eb57-44f5-bfa9-77d556cdec05', '民數記', 11, NOW() - INTERVAL '1 days'),
  ('e0128d42-1980-448a-adfa-456284af2b66', '509f0b0d-eb57-44f5-bfa9-77d556cdec05', '民數記', 12, NOW() - INTERVAL '1 days'),
  ('e0128d42-1980-448a-adfa-456284af2b66', '509f0b0d-eb57-44f5-bfa9-77d556cdec05', '民數記', 13, NOW() - INTERVAL '1 days'),
  ('e0128d42-1980-448a-adfa-456284af2b66', '509f0b0d-eb57-44f5-bfa9-77d556cdec05', '民數記', 14, NOW() - INTERVAL '1 days'),
  ('e0128d42-1980-448a-adfa-456284af2b66', '509f0b0d-eb57-44f5-bfa9-77d556cdec05', '民數記', 15, NOW() - INTERVAL '1 days'),
  ('e0128d42-1980-448a-adfa-456284af2b66', '509f0b0d-eb57-44f5-bfa9-77d556cdec05', '民數記', 16, NOW() - INTERVAL '0 days'),
  ('e0128d42-1980-448a-adfa-456284af2b66', '509f0b0d-eb57-44f5-bfa9-77d556cdec05', '民數記', 17, NOW() - INTERVAL '0 days'),
  ('e0128d42-1980-448a-adfa-456284af2b66', '509f0b0d-eb57-44f5-bfa9-77d556cdec05', '民數記', 18, NOW() - INTERVAL '0 days'),
  ('e0128d42-1980-448a-adfa-456284af2b66', '509f0b0d-eb57-44f5-bfa9-77d556cdec05', '民數記', 19, NOW() - INTERVAL '0 days');

--------------------------------------------------

-- 使用者: 示範組長戊
INSERT INTO auth.users (id, email, raw_user_meta_data, created_at, updated_at, instance_id, aud, role, encrypted_password)
VALUES (
  'a7f9c562-d2bc-4d75-98b1-0440b5290833',
  'a7f9c562@church-bible.com',
  '{"full_name": "示範組長戊"}',
  NOW() - INTERVAL '1 days',
  NOW(),
  '00000000-0000-0000-0000-000000000000',
  'authenticated',
  'authenticated',
  '$2a$10$abcdefghijklmnopqrstuv' -- Dummy bcrypt hash
) ON CONFLICT (id) DO NOTHING;

INSERT INTO public.profiles (id, name, great_region, pastoral_zone, small_group, role, is_demo, updated_at)
VALUES (
  'a7f9c562-d2bc-4d75-98b1-0440b5290833',
  '示範組長戊',
  '示範大區C',
  '示範牧區辛',
  '示範小組9',
  'group_leader',
  TRUE,
  NOW()
) ON CONFLICT (id) DO NOTHING;

INSERT INTO public.reading_plans (id, user_id, name, start_date, end_date, target_books)
VALUES (
  '0d36fd18-7d43-44e9-835e-f8630fa6f16e',
  'a7f9c562-d2bc-4d75-98b1-0440b5290833',
  '第一季速讀：2026年7月~9月',
  '2026-07-01',
  '2026-09-30',
  ARRAY['創世記', '馬太福音', '列王紀下', '雅各書', '出埃及記', '馬可福音', '約伯記', '加拉太書', '哈巴谷書', '猶大書', '利未記', '路加福音', '歷代志下', '帖撒羅尼迦前書', '約拿書', '約翰二書', '彌迦書', '約翰三書']
) ON CONFLICT (id) DO NOTHING;

INSERT INTO public.reading_logs (user_id, plan_id, book, chapter, read_at)
VALUES
  ('a7f9c562-d2bc-4d75-98b1-0440b5290833', '0d36fd18-7d43-44e9-835e-f8630fa6f16e', '創世記', 1, NOW() - INTERVAL '160 days'),
  ('a7f9c562-d2bc-4d75-98b1-0440b5290833', '0d36fd18-7d43-44e9-835e-f8630fa6f16e', '創世記', 2, NOW() - INTERVAL '159 days'),
  ('a7f9c562-d2bc-4d75-98b1-0440b5290833', '0d36fd18-7d43-44e9-835e-f8630fa6f16e', '創世記', 3, NOW() - INTERVAL '159 days'),
  ('a7f9c562-d2bc-4d75-98b1-0440b5290833', '0d36fd18-7d43-44e9-835e-f8630fa6f16e', '創世記', 4, NOW() - INTERVAL '159 days'),
  ('a7f9c562-d2bc-4d75-98b1-0440b5290833', '0d36fd18-7d43-44e9-835e-f8630fa6f16e', '創世記', 5, NOW() - INTERVAL '159 days'),
  ('a7f9c562-d2bc-4d75-98b1-0440b5290833', '0d36fd18-7d43-44e9-835e-f8630fa6f16e', '創世記', 6, NOW() - INTERVAL '159 days'),
  ('a7f9c562-d2bc-4d75-98b1-0440b5290833', '0d36fd18-7d43-44e9-835e-f8630fa6f16e', '創世記', 7, NOW() - INTERVAL '158 days'),
  ('a7f9c562-d2bc-4d75-98b1-0440b5290833', '0d36fd18-7d43-44e9-835e-f8630fa6f16e', '創世記', 8, NOW() - INTERVAL '158 days'),
  ('a7f9c562-d2bc-4d75-98b1-0440b5290833', '0d36fd18-7d43-44e9-835e-f8630fa6f16e', '創世記', 9, NOW() - INTERVAL '158 days'),
  ('a7f9c562-d2bc-4d75-98b1-0440b5290833', '0d36fd18-7d43-44e9-835e-f8630fa6f16e', '創世記', 10, NOW() - INTERVAL '158 days'),
  ('a7f9c562-d2bc-4d75-98b1-0440b5290833', '0d36fd18-7d43-44e9-835e-f8630fa6f16e', '創世記', 11, NOW() - INTERVAL '158 days'),
  ('a7f9c562-d2bc-4d75-98b1-0440b5290833', '0d36fd18-7d43-44e9-835e-f8630fa6f16e', '創世記', 12, NOW() - INTERVAL '157 days'),
  ('a7f9c562-d2bc-4d75-98b1-0440b5290833', '0d36fd18-7d43-44e9-835e-f8630fa6f16e', '創世記', 13, NOW() - INTERVAL '157 days'),
  ('a7f9c562-d2bc-4d75-98b1-0440b5290833', '0d36fd18-7d43-44e9-835e-f8630fa6f16e', '創世記', 14, NOW() - INTERVAL '157 days'),
  ('a7f9c562-d2bc-4d75-98b1-0440b5290833', '0d36fd18-7d43-44e9-835e-f8630fa6f16e', '創世記', 15, NOW() - INTERVAL '157 days'),
  ('a7f9c562-d2bc-4d75-98b1-0440b5290833', '0d36fd18-7d43-44e9-835e-f8630fa6f16e', '創世記', 16, NOW() - INTERVAL '157 days'),
  ('a7f9c562-d2bc-4d75-98b1-0440b5290833', '0d36fd18-7d43-44e9-835e-f8630fa6f16e', '創世記', 17, NOW() - INTERVAL '156 days'),
  ('a7f9c562-d2bc-4d75-98b1-0440b5290833', '0d36fd18-7d43-44e9-835e-f8630fa6f16e', '創世記', 18, NOW() - INTERVAL '156 days'),
  ('a7f9c562-d2bc-4d75-98b1-0440b5290833', '0d36fd18-7d43-44e9-835e-f8630fa6f16e', '創世記', 19, NOW() - INTERVAL '156 days'),
  ('a7f9c562-d2bc-4d75-98b1-0440b5290833', '0d36fd18-7d43-44e9-835e-f8630fa6f16e', '創世記', 20, NOW() - INTERVAL '156 days'),
  ('a7f9c562-d2bc-4d75-98b1-0440b5290833', '0d36fd18-7d43-44e9-835e-f8630fa6f16e', '創世記', 21, NOW() - INTERVAL '156 days'),
  ('a7f9c562-d2bc-4d75-98b1-0440b5290833', '0d36fd18-7d43-44e9-835e-f8630fa6f16e', '創世記', 22, NOW() - INTERVAL '155 days'),
  ('a7f9c562-d2bc-4d75-98b1-0440b5290833', '0d36fd18-7d43-44e9-835e-f8630fa6f16e', '創世記', 23, NOW() - INTERVAL '155 days'),
  ('a7f9c562-d2bc-4d75-98b1-0440b5290833', '0d36fd18-7d43-44e9-835e-f8630fa6f16e', '創世記', 24, NOW() - INTERVAL '155 days'),
  ('a7f9c562-d2bc-4d75-98b1-0440b5290833', '0d36fd18-7d43-44e9-835e-f8630fa6f16e', '創世記', 25, NOW() - INTERVAL '155 days'),
  ('a7f9c562-d2bc-4d75-98b1-0440b5290833', '0d36fd18-7d43-44e9-835e-f8630fa6f16e', '創世記', 26, NOW() - INTERVAL '155 days'),
  ('a7f9c562-d2bc-4d75-98b1-0440b5290833', '0d36fd18-7d43-44e9-835e-f8630fa6f16e', '創世記', 27, NOW() - INTERVAL '154 days'),
  ('a7f9c562-d2bc-4d75-98b1-0440b5290833', '0d36fd18-7d43-44e9-835e-f8630fa6f16e', '創世記', 28, NOW() - INTERVAL '154 days'),
  ('a7f9c562-d2bc-4d75-98b1-0440b5290833', '0d36fd18-7d43-44e9-835e-f8630fa6f16e', '創世記', 29, NOW() - INTERVAL '154 days'),
  ('a7f9c562-d2bc-4d75-98b1-0440b5290833', '0d36fd18-7d43-44e9-835e-f8630fa6f16e', '創世記', 30, NOW() - INTERVAL '154 days'),
  ('a7f9c562-d2bc-4d75-98b1-0440b5290833', '0d36fd18-7d43-44e9-835e-f8630fa6f16e', '創世記', 31, NOW() - INTERVAL '154 days'),
  ('a7f9c562-d2bc-4d75-98b1-0440b5290833', '0d36fd18-7d43-44e9-835e-f8630fa6f16e', '創世記', 32, NOW() - INTERVAL '153 days'),
  ('a7f9c562-d2bc-4d75-98b1-0440b5290833', '0d36fd18-7d43-44e9-835e-f8630fa6f16e', '創世記', 33, NOW() - INTERVAL '153 days'),
  ('a7f9c562-d2bc-4d75-98b1-0440b5290833', '0d36fd18-7d43-44e9-835e-f8630fa6f16e', '創世記', 34, NOW() - INTERVAL '153 days'),
  ('a7f9c562-d2bc-4d75-98b1-0440b5290833', '0d36fd18-7d43-44e9-835e-f8630fa6f16e', '創世記', 35, NOW() - INTERVAL '153 days'),
  ('a7f9c562-d2bc-4d75-98b1-0440b5290833', '0d36fd18-7d43-44e9-835e-f8630fa6f16e', '創世記', 36, NOW() - INTERVAL '153 days'),
  ('a7f9c562-d2bc-4d75-98b1-0440b5290833', '0d36fd18-7d43-44e9-835e-f8630fa6f16e', '創世記', 37, NOW() - INTERVAL '152 days'),
  ('a7f9c562-d2bc-4d75-98b1-0440b5290833', '0d36fd18-7d43-44e9-835e-f8630fa6f16e', '創世記', 38, NOW() - INTERVAL '152 days'),
  ('a7f9c562-d2bc-4d75-98b1-0440b5290833', '0d36fd18-7d43-44e9-835e-f8630fa6f16e', '創世記', 39, NOW() - INTERVAL '152 days'),
  ('a7f9c562-d2bc-4d75-98b1-0440b5290833', '0d36fd18-7d43-44e9-835e-f8630fa6f16e', '創世記', 40, NOW() - INTERVAL '152 days'),
  ('a7f9c562-d2bc-4d75-98b1-0440b5290833', '0d36fd18-7d43-44e9-835e-f8630fa6f16e', '創世記', 41, NOW() - INTERVAL '152 days'),
  ('a7f9c562-d2bc-4d75-98b1-0440b5290833', '0d36fd18-7d43-44e9-835e-f8630fa6f16e', '創世記', 42, NOW() - INTERVAL '151 days'),
  ('a7f9c562-d2bc-4d75-98b1-0440b5290833', '0d36fd18-7d43-44e9-835e-f8630fa6f16e', '創世記', 43, NOW() - INTERVAL '151 days'),
  ('a7f9c562-d2bc-4d75-98b1-0440b5290833', '0d36fd18-7d43-44e9-835e-f8630fa6f16e', '創世記', 44, NOW() - INTERVAL '151 days'),
  ('a7f9c562-d2bc-4d75-98b1-0440b5290833', '0d36fd18-7d43-44e9-835e-f8630fa6f16e', '創世記', 45, NOW() - INTERVAL '151 days'),
  ('a7f9c562-d2bc-4d75-98b1-0440b5290833', '0d36fd18-7d43-44e9-835e-f8630fa6f16e', '創世記', 46, NOW() - INTERVAL '151 days'),
  ('a7f9c562-d2bc-4d75-98b1-0440b5290833', '0d36fd18-7d43-44e9-835e-f8630fa6f16e', '創世記', 47, NOW() - INTERVAL '150 days'),
  ('a7f9c562-d2bc-4d75-98b1-0440b5290833', '0d36fd18-7d43-44e9-835e-f8630fa6f16e', '創世記', 48, NOW() - INTERVAL '150 days'),
  ('a7f9c562-d2bc-4d75-98b1-0440b5290833', '0d36fd18-7d43-44e9-835e-f8630fa6f16e', '創世記', 49, NOW() - INTERVAL '150 days'),
  ('a7f9c562-d2bc-4d75-98b1-0440b5290833', '0d36fd18-7d43-44e9-835e-f8630fa6f16e', '創世記', 50, NOW() - INTERVAL '150 days'),
  ('a7f9c562-d2bc-4d75-98b1-0440b5290833', '0d36fd18-7d43-44e9-835e-f8630fa6f16e', '馬太福音', 1, NOW() - INTERVAL '150 days'),
  ('a7f9c562-d2bc-4d75-98b1-0440b5290833', '0d36fd18-7d43-44e9-835e-f8630fa6f16e', '馬太福音', 2, NOW() - INTERVAL '149 days'),
  ('a7f9c562-d2bc-4d75-98b1-0440b5290833', '0d36fd18-7d43-44e9-835e-f8630fa6f16e', '馬太福音', 3, NOW() - INTERVAL '149 days'),
  ('a7f9c562-d2bc-4d75-98b1-0440b5290833', '0d36fd18-7d43-44e9-835e-f8630fa6f16e', '馬太福音', 4, NOW() - INTERVAL '149 days'),
  ('a7f9c562-d2bc-4d75-98b1-0440b5290833', '0d36fd18-7d43-44e9-835e-f8630fa6f16e', '馬太福音', 5, NOW() - INTERVAL '149 days'),
  ('a7f9c562-d2bc-4d75-98b1-0440b5290833', '0d36fd18-7d43-44e9-835e-f8630fa6f16e', '馬太福音', 6, NOW() - INTERVAL '149 days'),
  ('a7f9c562-d2bc-4d75-98b1-0440b5290833', '0d36fd18-7d43-44e9-835e-f8630fa6f16e', '馬太福音', 7, NOW() - INTERVAL '148 days'),
  ('a7f9c562-d2bc-4d75-98b1-0440b5290833', '0d36fd18-7d43-44e9-835e-f8630fa6f16e', '馬太福音', 8, NOW() - INTERVAL '148 days'),
  ('a7f9c562-d2bc-4d75-98b1-0440b5290833', '0d36fd18-7d43-44e9-835e-f8630fa6f16e', '馬太福音', 9, NOW() - INTERVAL '148 days'),
  ('a7f9c562-d2bc-4d75-98b1-0440b5290833', '0d36fd18-7d43-44e9-835e-f8630fa6f16e', '馬太福音', 10, NOW() - INTERVAL '148 days'),
  ('a7f9c562-d2bc-4d75-98b1-0440b5290833', '0d36fd18-7d43-44e9-835e-f8630fa6f16e', '馬太福音', 11, NOW() - INTERVAL '148 days'),
  ('a7f9c562-d2bc-4d75-98b1-0440b5290833', '0d36fd18-7d43-44e9-835e-f8630fa6f16e', '馬太福音', 12, NOW() - INTERVAL '147 days'),
  ('a7f9c562-d2bc-4d75-98b1-0440b5290833', '0d36fd18-7d43-44e9-835e-f8630fa6f16e', '馬太福音', 13, NOW() - INTERVAL '147 days'),
  ('a7f9c562-d2bc-4d75-98b1-0440b5290833', '0d36fd18-7d43-44e9-835e-f8630fa6f16e', '馬太福音', 14, NOW() - INTERVAL '147 days'),
  ('a7f9c562-d2bc-4d75-98b1-0440b5290833', '0d36fd18-7d43-44e9-835e-f8630fa6f16e', '馬太福音', 15, NOW() - INTERVAL '147 days'),
  ('a7f9c562-d2bc-4d75-98b1-0440b5290833', '0d36fd18-7d43-44e9-835e-f8630fa6f16e', '馬太福音', 16, NOW() - INTERVAL '147 days'),
  ('a7f9c562-d2bc-4d75-98b1-0440b5290833', '0d36fd18-7d43-44e9-835e-f8630fa6f16e', '馬太福音', 17, NOW() - INTERVAL '146 days'),
  ('a7f9c562-d2bc-4d75-98b1-0440b5290833', '0d36fd18-7d43-44e9-835e-f8630fa6f16e', '馬太福音', 18, NOW() - INTERVAL '146 days'),
  ('a7f9c562-d2bc-4d75-98b1-0440b5290833', '0d36fd18-7d43-44e9-835e-f8630fa6f16e', '馬太福音', 19, NOW() - INTERVAL '146 days'),
  ('a7f9c562-d2bc-4d75-98b1-0440b5290833', '0d36fd18-7d43-44e9-835e-f8630fa6f16e', '馬太福音', 20, NOW() - INTERVAL '146 days'),
  ('a7f9c562-d2bc-4d75-98b1-0440b5290833', '0d36fd18-7d43-44e9-835e-f8630fa6f16e', '馬太福音', 21, NOW() - INTERVAL '146 days'),
  ('a7f9c562-d2bc-4d75-98b1-0440b5290833', '0d36fd18-7d43-44e9-835e-f8630fa6f16e', '馬太福音', 22, NOW() - INTERVAL '145 days'),
  ('a7f9c562-d2bc-4d75-98b1-0440b5290833', '0d36fd18-7d43-44e9-835e-f8630fa6f16e', '馬太福音', 23, NOW() - INTERVAL '145 days'),
  ('a7f9c562-d2bc-4d75-98b1-0440b5290833', '0d36fd18-7d43-44e9-835e-f8630fa6f16e', '馬太福音', 24, NOW() - INTERVAL '145 days'),
  ('a7f9c562-d2bc-4d75-98b1-0440b5290833', '0d36fd18-7d43-44e9-835e-f8630fa6f16e', '馬太福音', 25, NOW() - INTERVAL '145 days'),
  ('a7f9c562-d2bc-4d75-98b1-0440b5290833', '0d36fd18-7d43-44e9-835e-f8630fa6f16e', '馬太福音', 26, NOW() - INTERVAL '145 days'),
  ('a7f9c562-d2bc-4d75-98b1-0440b5290833', '0d36fd18-7d43-44e9-835e-f8630fa6f16e', '馬太福音', 27, NOW() - INTERVAL '144 days'),
  ('a7f9c562-d2bc-4d75-98b1-0440b5290833', '0d36fd18-7d43-44e9-835e-f8630fa6f16e', '馬太福音', 28, NOW() - INTERVAL '144 days'),
  ('a7f9c562-d2bc-4d75-98b1-0440b5290833', '0d36fd18-7d43-44e9-835e-f8630fa6f16e', '列王紀下', 1, NOW() - INTERVAL '144 days'),
  ('a7f9c562-d2bc-4d75-98b1-0440b5290833', '0d36fd18-7d43-44e9-835e-f8630fa6f16e', '列王紀下', 2, NOW() - INTERVAL '144 days'),
  ('a7f9c562-d2bc-4d75-98b1-0440b5290833', '0d36fd18-7d43-44e9-835e-f8630fa6f16e', '列王紀下', 3, NOW() - INTERVAL '144 days'),
  ('a7f9c562-d2bc-4d75-98b1-0440b5290833', '0d36fd18-7d43-44e9-835e-f8630fa6f16e', '列王紀下', 4, NOW() - INTERVAL '143 days'),
  ('a7f9c562-d2bc-4d75-98b1-0440b5290833', '0d36fd18-7d43-44e9-835e-f8630fa6f16e', '列王紀下', 5, NOW() - INTERVAL '143 days'),
  ('a7f9c562-d2bc-4d75-98b1-0440b5290833', '0d36fd18-7d43-44e9-835e-f8630fa6f16e', '列王紀下', 6, NOW() - INTERVAL '143 days'),
  ('a7f9c562-d2bc-4d75-98b1-0440b5290833', '0d36fd18-7d43-44e9-835e-f8630fa6f16e', '列王紀下', 7, NOW() - INTERVAL '143 days'),
  ('a7f9c562-d2bc-4d75-98b1-0440b5290833', '0d36fd18-7d43-44e9-835e-f8630fa6f16e', '列王紀下', 8, NOW() - INTERVAL '143 days'),
  ('a7f9c562-d2bc-4d75-98b1-0440b5290833', '0d36fd18-7d43-44e9-835e-f8630fa6f16e', '列王紀下', 9, NOW() - INTERVAL '142 days'),
  ('a7f9c562-d2bc-4d75-98b1-0440b5290833', '0d36fd18-7d43-44e9-835e-f8630fa6f16e', '列王紀下', 10, NOW() - INTERVAL '142 days'),
  ('a7f9c562-d2bc-4d75-98b1-0440b5290833', '0d36fd18-7d43-44e9-835e-f8630fa6f16e', '列王紀下', 11, NOW() - INTERVAL '142 days'),
  ('a7f9c562-d2bc-4d75-98b1-0440b5290833', '0d36fd18-7d43-44e9-835e-f8630fa6f16e', '列王紀下', 12, NOW() - INTERVAL '142 days'),
  ('a7f9c562-d2bc-4d75-98b1-0440b5290833', '0d36fd18-7d43-44e9-835e-f8630fa6f16e', '列王紀下', 13, NOW() - INTERVAL '142 days'),
  ('a7f9c562-d2bc-4d75-98b1-0440b5290833', '0d36fd18-7d43-44e9-835e-f8630fa6f16e', '列王紀下', 14, NOW() - INTERVAL '141 days'),
  ('a7f9c562-d2bc-4d75-98b1-0440b5290833', '0d36fd18-7d43-44e9-835e-f8630fa6f16e', '列王紀下', 15, NOW() - INTERVAL '141 days'),
  ('a7f9c562-d2bc-4d75-98b1-0440b5290833', '0d36fd18-7d43-44e9-835e-f8630fa6f16e', '列王紀下', 16, NOW() - INTERVAL '141 days'),
  ('a7f9c562-d2bc-4d75-98b1-0440b5290833', '0d36fd18-7d43-44e9-835e-f8630fa6f16e', '列王紀下', 17, NOW() - INTERVAL '141 days'),
  ('a7f9c562-d2bc-4d75-98b1-0440b5290833', '0d36fd18-7d43-44e9-835e-f8630fa6f16e', '列王紀下', 18, NOW() - INTERVAL '141 days'),
  ('a7f9c562-d2bc-4d75-98b1-0440b5290833', '0d36fd18-7d43-44e9-835e-f8630fa6f16e', '列王紀下', 19, NOW() - INTERVAL '140 days'),
  ('a7f9c562-d2bc-4d75-98b1-0440b5290833', '0d36fd18-7d43-44e9-835e-f8630fa6f16e', '列王紀下', 20, NOW() - INTERVAL '140 days'),
  ('a7f9c562-d2bc-4d75-98b1-0440b5290833', '0d36fd18-7d43-44e9-835e-f8630fa6f16e', '列王紀下', 21, NOW() - INTERVAL '140 days'),
  ('a7f9c562-d2bc-4d75-98b1-0440b5290833', '0d36fd18-7d43-44e9-835e-f8630fa6f16e', '列王紀下', 22, NOW() - INTERVAL '140 days'),
  ('a7f9c562-d2bc-4d75-98b1-0440b5290833', '0d36fd18-7d43-44e9-835e-f8630fa6f16e', '列王紀下', 23, NOW() - INTERVAL '140 days'),
  ('a7f9c562-d2bc-4d75-98b1-0440b5290833', '0d36fd18-7d43-44e9-835e-f8630fa6f16e', '列王紀下', 24, NOW() - INTERVAL '139 days'),
  ('a7f9c562-d2bc-4d75-98b1-0440b5290833', '0d36fd18-7d43-44e9-835e-f8630fa6f16e', '列王紀下', 25, NOW() - INTERVAL '139 days'),
  ('a7f9c562-d2bc-4d75-98b1-0440b5290833', '0d36fd18-7d43-44e9-835e-f8630fa6f16e', '雅各書', 1, NOW() - INTERVAL '139 days'),
  ('a7f9c562-d2bc-4d75-98b1-0440b5290833', '0d36fd18-7d43-44e9-835e-f8630fa6f16e', '雅各書', 2, NOW() - INTERVAL '139 days'),
  ('a7f9c562-d2bc-4d75-98b1-0440b5290833', '0d36fd18-7d43-44e9-835e-f8630fa6f16e', '雅各書', 3, NOW() - INTERVAL '139 days'),
  ('a7f9c562-d2bc-4d75-98b1-0440b5290833', '0d36fd18-7d43-44e9-835e-f8630fa6f16e', '雅各書', 4, NOW() - INTERVAL '138 days'),
  ('a7f9c562-d2bc-4d75-98b1-0440b5290833', '0d36fd18-7d43-44e9-835e-f8630fa6f16e', '雅各書', 5, NOW() - INTERVAL '138 days'),
  ('a7f9c562-d2bc-4d75-98b1-0440b5290833', '0d36fd18-7d43-44e9-835e-f8630fa6f16e', '出埃及記', 1, NOW() - INTERVAL '138 days'),
  ('a7f9c562-d2bc-4d75-98b1-0440b5290833', '0d36fd18-7d43-44e9-835e-f8630fa6f16e', '出埃及記', 2, NOW() - INTERVAL '138 days'),
  ('a7f9c562-d2bc-4d75-98b1-0440b5290833', '0d36fd18-7d43-44e9-835e-f8630fa6f16e', '出埃及記', 3, NOW() - INTERVAL '138 days'),
  ('a7f9c562-d2bc-4d75-98b1-0440b5290833', '0d36fd18-7d43-44e9-835e-f8630fa6f16e', '出埃及記', 4, NOW() - INTERVAL '137 days'),
  ('a7f9c562-d2bc-4d75-98b1-0440b5290833', '0d36fd18-7d43-44e9-835e-f8630fa6f16e', '出埃及記', 5, NOW() - INTERVAL '137 days'),
  ('a7f9c562-d2bc-4d75-98b1-0440b5290833', '0d36fd18-7d43-44e9-835e-f8630fa6f16e', '出埃及記', 6, NOW() - INTERVAL '137 days'),
  ('a7f9c562-d2bc-4d75-98b1-0440b5290833', '0d36fd18-7d43-44e9-835e-f8630fa6f16e', '出埃及記', 7, NOW() - INTERVAL '137 days'),
  ('a7f9c562-d2bc-4d75-98b1-0440b5290833', '0d36fd18-7d43-44e9-835e-f8630fa6f16e', '出埃及記', 8, NOW() - INTERVAL '137 days'),
  ('a7f9c562-d2bc-4d75-98b1-0440b5290833', '0d36fd18-7d43-44e9-835e-f8630fa6f16e', '出埃及記', 9, NOW() - INTERVAL '136 days'),
  ('a7f9c562-d2bc-4d75-98b1-0440b5290833', '0d36fd18-7d43-44e9-835e-f8630fa6f16e', '出埃及記', 10, NOW() - INTERVAL '136 days'),
  ('a7f9c562-d2bc-4d75-98b1-0440b5290833', '0d36fd18-7d43-44e9-835e-f8630fa6f16e', '出埃及記', 11, NOW() - INTERVAL '136 days'),
  ('a7f9c562-d2bc-4d75-98b1-0440b5290833', '0d36fd18-7d43-44e9-835e-f8630fa6f16e', '出埃及記', 12, NOW() - INTERVAL '136 days'),
  ('a7f9c562-d2bc-4d75-98b1-0440b5290833', '0d36fd18-7d43-44e9-835e-f8630fa6f16e', '出埃及記', 13, NOW() - INTERVAL '136 days'),
  ('a7f9c562-d2bc-4d75-98b1-0440b5290833', '0d36fd18-7d43-44e9-835e-f8630fa6f16e', '出埃及記', 14, NOW() - INTERVAL '135 days'),
  ('a7f9c562-d2bc-4d75-98b1-0440b5290833', '0d36fd18-7d43-44e9-835e-f8630fa6f16e', '出埃及記', 15, NOW() - INTERVAL '135 days'),
  ('a7f9c562-d2bc-4d75-98b1-0440b5290833', '0d36fd18-7d43-44e9-835e-f8630fa6f16e', '出埃及記', 16, NOW() - INTERVAL '135 days'),
  ('a7f9c562-d2bc-4d75-98b1-0440b5290833', '0d36fd18-7d43-44e9-835e-f8630fa6f16e', '出埃及記', 17, NOW() - INTERVAL '135 days'),
  ('a7f9c562-d2bc-4d75-98b1-0440b5290833', '0d36fd18-7d43-44e9-835e-f8630fa6f16e', '出埃及記', 18, NOW() - INTERVAL '135 days'),
  ('a7f9c562-d2bc-4d75-98b1-0440b5290833', '0d36fd18-7d43-44e9-835e-f8630fa6f16e', '出埃及記', 19, NOW() - INTERVAL '134 days'),
  ('a7f9c562-d2bc-4d75-98b1-0440b5290833', '0d36fd18-7d43-44e9-835e-f8630fa6f16e', '出埃及記', 20, NOW() - INTERVAL '134 days'),
  ('a7f9c562-d2bc-4d75-98b1-0440b5290833', '0d36fd18-7d43-44e9-835e-f8630fa6f16e', '出埃及記', 21, NOW() - INTERVAL '134 days'),
  ('a7f9c562-d2bc-4d75-98b1-0440b5290833', '0d36fd18-7d43-44e9-835e-f8630fa6f16e', '出埃及記', 22, NOW() - INTERVAL '134 days'),
  ('a7f9c562-d2bc-4d75-98b1-0440b5290833', '0d36fd18-7d43-44e9-835e-f8630fa6f16e', '出埃及記', 23, NOW() - INTERVAL '134 days'),
  ('a7f9c562-d2bc-4d75-98b1-0440b5290833', '0d36fd18-7d43-44e9-835e-f8630fa6f16e', '出埃及記', 24, NOW() - INTERVAL '133 days'),
  ('a7f9c562-d2bc-4d75-98b1-0440b5290833', '0d36fd18-7d43-44e9-835e-f8630fa6f16e', '出埃及記', 25, NOW() - INTERVAL '133 days'),
  ('a7f9c562-d2bc-4d75-98b1-0440b5290833', '0d36fd18-7d43-44e9-835e-f8630fa6f16e', '出埃及記', 26, NOW() - INTERVAL '133 days'),
  ('a7f9c562-d2bc-4d75-98b1-0440b5290833', '0d36fd18-7d43-44e9-835e-f8630fa6f16e', '出埃及記', 27, NOW() - INTERVAL '133 days'),
  ('a7f9c562-d2bc-4d75-98b1-0440b5290833', '0d36fd18-7d43-44e9-835e-f8630fa6f16e', '出埃及記', 28, NOW() - INTERVAL '133 days'),
  ('a7f9c562-d2bc-4d75-98b1-0440b5290833', '0d36fd18-7d43-44e9-835e-f8630fa6f16e', '出埃及記', 29, NOW() - INTERVAL '132 days'),
  ('a7f9c562-d2bc-4d75-98b1-0440b5290833', '0d36fd18-7d43-44e9-835e-f8630fa6f16e', '出埃及記', 30, NOW() - INTERVAL '132 days'),
  ('a7f9c562-d2bc-4d75-98b1-0440b5290833', '0d36fd18-7d43-44e9-835e-f8630fa6f16e', '出埃及記', 31, NOW() - INTERVAL '132 days'),
  ('a7f9c562-d2bc-4d75-98b1-0440b5290833', '0d36fd18-7d43-44e9-835e-f8630fa6f16e', '出埃及記', 32, NOW() - INTERVAL '132 days'),
  ('a7f9c562-d2bc-4d75-98b1-0440b5290833', '0d36fd18-7d43-44e9-835e-f8630fa6f16e', '出埃及記', 33, NOW() - INTERVAL '132 days'),
  ('a7f9c562-d2bc-4d75-98b1-0440b5290833', '0d36fd18-7d43-44e9-835e-f8630fa6f16e', '出埃及記', 34, NOW() - INTERVAL '131 days'),
  ('a7f9c562-d2bc-4d75-98b1-0440b5290833', '0d36fd18-7d43-44e9-835e-f8630fa6f16e', '出埃及記', 35, NOW() - INTERVAL '131 days'),
  ('a7f9c562-d2bc-4d75-98b1-0440b5290833', '0d36fd18-7d43-44e9-835e-f8630fa6f16e', '出埃及記', 36, NOW() - INTERVAL '131 days'),
  ('a7f9c562-d2bc-4d75-98b1-0440b5290833', '0d36fd18-7d43-44e9-835e-f8630fa6f16e', '出埃及記', 37, NOW() - INTERVAL '131 days'),
  ('a7f9c562-d2bc-4d75-98b1-0440b5290833', '0d36fd18-7d43-44e9-835e-f8630fa6f16e', '出埃及記', 38, NOW() - INTERVAL '131 days'),
  ('a7f9c562-d2bc-4d75-98b1-0440b5290833', '0d36fd18-7d43-44e9-835e-f8630fa6f16e', '出埃及記', 39, NOW() - INTERVAL '130 days'),
  ('a7f9c562-d2bc-4d75-98b1-0440b5290833', '0d36fd18-7d43-44e9-835e-f8630fa6f16e', '出埃及記', 40, NOW() - INTERVAL '130 days'),
  ('a7f9c562-d2bc-4d75-98b1-0440b5290833', '0d36fd18-7d43-44e9-835e-f8630fa6f16e', '馬可福音', 1, NOW() - INTERVAL '130 days'),
  ('a7f9c562-d2bc-4d75-98b1-0440b5290833', '0d36fd18-7d43-44e9-835e-f8630fa6f16e', '馬可福音', 2, NOW() - INTERVAL '130 days'),
  ('a7f9c562-d2bc-4d75-98b1-0440b5290833', '0d36fd18-7d43-44e9-835e-f8630fa6f16e', '馬可福音', 3, NOW() - INTERVAL '130 days'),
  ('a7f9c562-d2bc-4d75-98b1-0440b5290833', '0d36fd18-7d43-44e9-835e-f8630fa6f16e', '馬可福音', 4, NOW() - INTERVAL '129 days'),
  ('a7f9c562-d2bc-4d75-98b1-0440b5290833', '0d36fd18-7d43-44e9-835e-f8630fa6f16e', '馬可福音', 5, NOW() - INTERVAL '129 days'),
  ('a7f9c562-d2bc-4d75-98b1-0440b5290833', '0d36fd18-7d43-44e9-835e-f8630fa6f16e', '馬可福音', 6, NOW() - INTERVAL '129 days'),
  ('a7f9c562-d2bc-4d75-98b1-0440b5290833', '0d36fd18-7d43-44e9-835e-f8630fa6f16e', '馬可福音', 7, NOW() - INTERVAL '129 days'),
  ('a7f9c562-d2bc-4d75-98b1-0440b5290833', '0d36fd18-7d43-44e9-835e-f8630fa6f16e', '馬可福音', 8, NOW() - INTERVAL '129 days'),
  ('a7f9c562-d2bc-4d75-98b1-0440b5290833', '0d36fd18-7d43-44e9-835e-f8630fa6f16e', '馬可福音', 9, NOW() - INTERVAL '128 days'),
  ('a7f9c562-d2bc-4d75-98b1-0440b5290833', '0d36fd18-7d43-44e9-835e-f8630fa6f16e', '馬可福音', 10, NOW() - INTERVAL '128 days'),
  ('a7f9c562-d2bc-4d75-98b1-0440b5290833', '0d36fd18-7d43-44e9-835e-f8630fa6f16e', '馬可福音', 11, NOW() - INTERVAL '128 days'),
  ('a7f9c562-d2bc-4d75-98b1-0440b5290833', '0d36fd18-7d43-44e9-835e-f8630fa6f16e', '馬可福音', 12, NOW() - INTERVAL '128 days'),
  ('a7f9c562-d2bc-4d75-98b1-0440b5290833', '0d36fd18-7d43-44e9-835e-f8630fa6f16e', '馬可福音', 13, NOW() - INTERVAL '128 days'),
  ('a7f9c562-d2bc-4d75-98b1-0440b5290833', '0d36fd18-7d43-44e9-835e-f8630fa6f16e', '馬可福音', 14, NOW() - INTERVAL '127 days'),
  ('a7f9c562-d2bc-4d75-98b1-0440b5290833', '0d36fd18-7d43-44e9-835e-f8630fa6f16e', '馬可福音', 15, NOW() - INTERVAL '127 days'),
  ('a7f9c562-d2bc-4d75-98b1-0440b5290833', '0d36fd18-7d43-44e9-835e-f8630fa6f16e', '馬可福音', 16, NOW() - INTERVAL '127 days'),
  ('a7f9c562-d2bc-4d75-98b1-0440b5290833', '0d36fd18-7d43-44e9-835e-f8630fa6f16e', '約伯記', 1, NOW() - INTERVAL '127 days'),
  ('a7f9c562-d2bc-4d75-98b1-0440b5290833', '0d36fd18-7d43-44e9-835e-f8630fa6f16e', '約伯記', 2, NOW() - INTERVAL '127 days'),
  ('a7f9c562-d2bc-4d75-98b1-0440b5290833', '0d36fd18-7d43-44e9-835e-f8630fa6f16e', '約伯記', 3, NOW() - INTERVAL '126 days'),
  ('a7f9c562-d2bc-4d75-98b1-0440b5290833', '0d36fd18-7d43-44e9-835e-f8630fa6f16e', '約伯記', 4, NOW() - INTERVAL '126 days'),
  ('a7f9c562-d2bc-4d75-98b1-0440b5290833', '0d36fd18-7d43-44e9-835e-f8630fa6f16e', '約伯記', 5, NOW() - INTERVAL '126 days'),
  ('a7f9c562-d2bc-4d75-98b1-0440b5290833', '0d36fd18-7d43-44e9-835e-f8630fa6f16e', '約伯記', 6, NOW() - INTERVAL '126 days'),
  ('a7f9c562-d2bc-4d75-98b1-0440b5290833', '0d36fd18-7d43-44e9-835e-f8630fa6f16e', '約伯記', 7, NOW() - INTERVAL '126 days'),
  ('a7f9c562-d2bc-4d75-98b1-0440b5290833', '0d36fd18-7d43-44e9-835e-f8630fa6f16e', '約伯記', 8, NOW() - INTERVAL '125 days'),
  ('a7f9c562-d2bc-4d75-98b1-0440b5290833', '0d36fd18-7d43-44e9-835e-f8630fa6f16e', '約伯記', 9, NOW() - INTERVAL '125 days'),
  ('a7f9c562-d2bc-4d75-98b1-0440b5290833', '0d36fd18-7d43-44e9-835e-f8630fa6f16e', '約伯記', 10, NOW() - INTERVAL '125 days'),
  ('a7f9c562-d2bc-4d75-98b1-0440b5290833', '0d36fd18-7d43-44e9-835e-f8630fa6f16e', '約伯記', 11, NOW() - INTERVAL '125 days'),
  ('a7f9c562-d2bc-4d75-98b1-0440b5290833', '0d36fd18-7d43-44e9-835e-f8630fa6f16e', '約伯記', 12, NOW() - INTERVAL '125 days'),
  ('a7f9c562-d2bc-4d75-98b1-0440b5290833', '0d36fd18-7d43-44e9-835e-f8630fa6f16e', '約伯記', 13, NOW() - INTERVAL '124 days'),
  ('a7f9c562-d2bc-4d75-98b1-0440b5290833', '0d36fd18-7d43-44e9-835e-f8630fa6f16e', '約伯記', 14, NOW() - INTERVAL '124 days'),
  ('a7f9c562-d2bc-4d75-98b1-0440b5290833', '0d36fd18-7d43-44e9-835e-f8630fa6f16e', '約伯記', 15, NOW() - INTERVAL '124 days'),
  ('a7f9c562-d2bc-4d75-98b1-0440b5290833', '0d36fd18-7d43-44e9-835e-f8630fa6f16e', '約伯記', 16, NOW() - INTERVAL '124 days'),
  ('a7f9c562-d2bc-4d75-98b1-0440b5290833', '0d36fd18-7d43-44e9-835e-f8630fa6f16e', '約伯記', 17, NOW() - INTERVAL '124 days'),
  ('a7f9c562-d2bc-4d75-98b1-0440b5290833', '0d36fd18-7d43-44e9-835e-f8630fa6f16e', '約伯記', 18, NOW() - INTERVAL '123 days'),
  ('a7f9c562-d2bc-4d75-98b1-0440b5290833', '0d36fd18-7d43-44e9-835e-f8630fa6f16e', '約伯記', 19, NOW() - INTERVAL '123 days'),
  ('a7f9c562-d2bc-4d75-98b1-0440b5290833', '0d36fd18-7d43-44e9-835e-f8630fa6f16e', '約伯記', 20, NOW() - INTERVAL '123 days'),
  ('a7f9c562-d2bc-4d75-98b1-0440b5290833', '0d36fd18-7d43-44e9-835e-f8630fa6f16e', '約伯記', 21, NOW() - INTERVAL '123 days'),
  ('a7f9c562-d2bc-4d75-98b1-0440b5290833', '0d36fd18-7d43-44e9-835e-f8630fa6f16e', '約伯記', 22, NOW() - INTERVAL '123 days'),
  ('a7f9c562-d2bc-4d75-98b1-0440b5290833', '0d36fd18-7d43-44e9-835e-f8630fa6f16e', '約伯記', 23, NOW() - INTERVAL '122 days'),
  ('a7f9c562-d2bc-4d75-98b1-0440b5290833', '0d36fd18-7d43-44e9-835e-f8630fa6f16e', '約伯記', 24, NOW() - INTERVAL '122 days'),
  ('a7f9c562-d2bc-4d75-98b1-0440b5290833', '0d36fd18-7d43-44e9-835e-f8630fa6f16e', '約伯記', 25, NOW() - INTERVAL '122 days'),
  ('a7f9c562-d2bc-4d75-98b1-0440b5290833', '0d36fd18-7d43-44e9-835e-f8630fa6f16e', '約伯記', 26, NOW() - INTERVAL '122 days'),
  ('a7f9c562-d2bc-4d75-98b1-0440b5290833', '0d36fd18-7d43-44e9-835e-f8630fa6f16e', '約伯記', 27, NOW() - INTERVAL '122 days'),
  ('a7f9c562-d2bc-4d75-98b1-0440b5290833', '0d36fd18-7d43-44e9-835e-f8630fa6f16e', '約伯記', 28, NOW() - INTERVAL '121 days'),
  ('a7f9c562-d2bc-4d75-98b1-0440b5290833', '0d36fd18-7d43-44e9-835e-f8630fa6f16e', '約伯記', 29, NOW() - INTERVAL '121 days'),
  ('a7f9c562-d2bc-4d75-98b1-0440b5290833', '0d36fd18-7d43-44e9-835e-f8630fa6f16e', '約伯記', 30, NOW() - INTERVAL '121 days'),
  ('a7f9c562-d2bc-4d75-98b1-0440b5290833', '0d36fd18-7d43-44e9-835e-f8630fa6f16e', '約伯記', 31, NOW() - INTERVAL '121 days'),
  ('a7f9c562-d2bc-4d75-98b1-0440b5290833', '0d36fd18-7d43-44e9-835e-f8630fa6f16e', '約伯記', 32, NOW() - INTERVAL '121 days'),
  ('a7f9c562-d2bc-4d75-98b1-0440b5290833', '0d36fd18-7d43-44e9-835e-f8630fa6f16e', '約伯記', 33, NOW() - INTERVAL '120 days'),
  ('a7f9c562-d2bc-4d75-98b1-0440b5290833', '0d36fd18-7d43-44e9-835e-f8630fa6f16e', '約伯記', 34, NOW() - INTERVAL '120 days'),
  ('a7f9c562-d2bc-4d75-98b1-0440b5290833', '0d36fd18-7d43-44e9-835e-f8630fa6f16e', '約伯記', 35, NOW() - INTERVAL '120 days'),
  ('a7f9c562-d2bc-4d75-98b1-0440b5290833', '0d36fd18-7d43-44e9-835e-f8630fa6f16e', '約伯記', 36, NOW() - INTERVAL '120 days'),
  ('a7f9c562-d2bc-4d75-98b1-0440b5290833', '0d36fd18-7d43-44e9-835e-f8630fa6f16e', '約伯記', 37, NOW() - INTERVAL '120 days'),
  ('a7f9c562-d2bc-4d75-98b1-0440b5290833', '0d36fd18-7d43-44e9-835e-f8630fa6f16e', '約伯記', 38, NOW() - INTERVAL '119 days'),
  ('a7f9c562-d2bc-4d75-98b1-0440b5290833', '0d36fd18-7d43-44e9-835e-f8630fa6f16e', '約伯記', 39, NOW() - INTERVAL '119 days'),
  ('a7f9c562-d2bc-4d75-98b1-0440b5290833', '0d36fd18-7d43-44e9-835e-f8630fa6f16e', '約伯記', 40, NOW() - INTERVAL '119 days'),
  ('a7f9c562-d2bc-4d75-98b1-0440b5290833', '0d36fd18-7d43-44e9-835e-f8630fa6f16e', '約伯記', 41, NOW() - INTERVAL '119 days'),
  ('a7f9c562-d2bc-4d75-98b1-0440b5290833', '0d36fd18-7d43-44e9-835e-f8630fa6f16e', '約伯記', 42, NOW() - INTERVAL '119 days'),
  ('a7f9c562-d2bc-4d75-98b1-0440b5290833', '0d36fd18-7d43-44e9-835e-f8630fa6f16e', '加拉太書', 1, NOW() - INTERVAL '118 days'),
  ('a7f9c562-d2bc-4d75-98b1-0440b5290833', '0d36fd18-7d43-44e9-835e-f8630fa6f16e', '加拉太書', 2, NOW() - INTERVAL '118 days'),
  ('a7f9c562-d2bc-4d75-98b1-0440b5290833', '0d36fd18-7d43-44e9-835e-f8630fa6f16e', '加拉太書', 3, NOW() - INTERVAL '118 days'),
  ('a7f9c562-d2bc-4d75-98b1-0440b5290833', '0d36fd18-7d43-44e9-835e-f8630fa6f16e', '加拉太書', 4, NOW() - INTERVAL '118 days'),
  ('a7f9c562-d2bc-4d75-98b1-0440b5290833', '0d36fd18-7d43-44e9-835e-f8630fa6f16e', '加拉太書', 5, NOW() - INTERVAL '118 days'),
  ('a7f9c562-d2bc-4d75-98b1-0440b5290833', '0d36fd18-7d43-44e9-835e-f8630fa6f16e', '加拉太書', 6, NOW() - INTERVAL '117 days'),
  ('a7f9c562-d2bc-4d75-98b1-0440b5290833', '0d36fd18-7d43-44e9-835e-f8630fa6f16e', '哈巴谷書', 1, NOW() - INTERVAL '117 days'),
  ('a7f9c562-d2bc-4d75-98b1-0440b5290833', '0d36fd18-7d43-44e9-835e-f8630fa6f16e', '哈巴谷書', 2, NOW() - INTERVAL '117 days'),
  ('a7f9c562-d2bc-4d75-98b1-0440b5290833', '0d36fd18-7d43-44e9-835e-f8630fa6f16e', '哈巴谷書', 3, NOW() - INTERVAL '117 days'),
  ('a7f9c562-d2bc-4d75-98b1-0440b5290833', '0d36fd18-7d43-44e9-835e-f8630fa6f16e', '猶大書', 1, NOW() - INTERVAL '117 days'),
  ('a7f9c562-d2bc-4d75-98b1-0440b5290833', '0d36fd18-7d43-44e9-835e-f8630fa6f16e', '利未記', 1, NOW() - INTERVAL '116 days'),
  ('a7f9c562-d2bc-4d75-98b1-0440b5290833', '0d36fd18-7d43-44e9-835e-f8630fa6f16e', '利未記', 2, NOW() - INTERVAL '116 days'),
  ('a7f9c562-d2bc-4d75-98b1-0440b5290833', '0d36fd18-7d43-44e9-835e-f8630fa6f16e', '利未記', 3, NOW() - INTERVAL '116 days'),
  ('a7f9c562-d2bc-4d75-98b1-0440b5290833', '0d36fd18-7d43-44e9-835e-f8630fa6f16e', '利未記', 4, NOW() - INTERVAL '116 days'),
  ('a7f9c562-d2bc-4d75-98b1-0440b5290833', '0d36fd18-7d43-44e9-835e-f8630fa6f16e', '利未記', 5, NOW() - INTERVAL '116 days'),
  ('a7f9c562-d2bc-4d75-98b1-0440b5290833', '0d36fd18-7d43-44e9-835e-f8630fa6f16e', '利未記', 6, NOW() - INTERVAL '115 days'),
  ('a7f9c562-d2bc-4d75-98b1-0440b5290833', '0d36fd18-7d43-44e9-835e-f8630fa6f16e', '利未記', 7, NOW() - INTERVAL '115 days'),
  ('a7f9c562-d2bc-4d75-98b1-0440b5290833', '0d36fd18-7d43-44e9-835e-f8630fa6f16e', '利未記', 8, NOW() - INTERVAL '115 days'),
  ('a7f9c562-d2bc-4d75-98b1-0440b5290833', '0d36fd18-7d43-44e9-835e-f8630fa6f16e', '利未記', 9, NOW() - INTERVAL '115 days'),
  ('a7f9c562-d2bc-4d75-98b1-0440b5290833', '0d36fd18-7d43-44e9-835e-f8630fa6f16e', '利未記', 10, NOW() - INTERVAL '115 days'),
  ('a7f9c562-d2bc-4d75-98b1-0440b5290833', '0d36fd18-7d43-44e9-835e-f8630fa6f16e', '利未記', 11, NOW() - INTERVAL '114 days'),
  ('a7f9c562-d2bc-4d75-98b1-0440b5290833', '0d36fd18-7d43-44e9-835e-f8630fa6f16e', '利未記', 12, NOW() - INTERVAL '114 days'),
  ('a7f9c562-d2bc-4d75-98b1-0440b5290833', '0d36fd18-7d43-44e9-835e-f8630fa6f16e', '利未記', 13, NOW() - INTERVAL '114 days'),
  ('a7f9c562-d2bc-4d75-98b1-0440b5290833', '0d36fd18-7d43-44e9-835e-f8630fa6f16e', '利未記', 14, NOW() - INTERVAL '114 days'),
  ('a7f9c562-d2bc-4d75-98b1-0440b5290833', '0d36fd18-7d43-44e9-835e-f8630fa6f16e', '利未記', 15, NOW() - INTERVAL '114 days'),
  ('a7f9c562-d2bc-4d75-98b1-0440b5290833', '0d36fd18-7d43-44e9-835e-f8630fa6f16e', '利未記', 16, NOW() - INTERVAL '113 days'),
  ('a7f9c562-d2bc-4d75-98b1-0440b5290833', '0d36fd18-7d43-44e9-835e-f8630fa6f16e', '利未記', 17, NOW() - INTERVAL '113 days'),
  ('a7f9c562-d2bc-4d75-98b1-0440b5290833', '0d36fd18-7d43-44e9-835e-f8630fa6f16e', '利未記', 18, NOW() - INTERVAL '113 days'),
  ('a7f9c562-d2bc-4d75-98b1-0440b5290833', '0d36fd18-7d43-44e9-835e-f8630fa6f16e', '利未記', 19, NOW() - INTERVAL '113 days'),
  ('a7f9c562-d2bc-4d75-98b1-0440b5290833', '0d36fd18-7d43-44e9-835e-f8630fa6f16e', '利未記', 20, NOW() - INTERVAL '113 days'),
  ('a7f9c562-d2bc-4d75-98b1-0440b5290833', '0d36fd18-7d43-44e9-835e-f8630fa6f16e', '利未記', 21, NOW() - INTERVAL '112 days'),
  ('a7f9c562-d2bc-4d75-98b1-0440b5290833', '0d36fd18-7d43-44e9-835e-f8630fa6f16e', '利未記', 22, NOW() - INTERVAL '112 days'),
  ('a7f9c562-d2bc-4d75-98b1-0440b5290833', '0d36fd18-7d43-44e9-835e-f8630fa6f16e', '利未記', 23, NOW() - INTERVAL '112 days'),
  ('a7f9c562-d2bc-4d75-98b1-0440b5290833', '0d36fd18-7d43-44e9-835e-f8630fa6f16e', '利未記', 24, NOW() - INTERVAL '112 days'),
  ('a7f9c562-d2bc-4d75-98b1-0440b5290833', '0d36fd18-7d43-44e9-835e-f8630fa6f16e', '利未記', 25, NOW() - INTERVAL '112 days'),
  ('a7f9c562-d2bc-4d75-98b1-0440b5290833', '0d36fd18-7d43-44e9-835e-f8630fa6f16e', '利未記', 26, NOW() - INTERVAL '111 days'),
  ('a7f9c562-d2bc-4d75-98b1-0440b5290833', '0d36fd18-7d43-44e9-835e-f8630fa6f16e', '利未記', 27, NOW() - INTERVAL '111 days'),
  ('a7f9c562-d2bc-4d75-98b1-0440b5290833', '0d36fd18-7d43-44e9-835e-f8630fa6f16e', '路加福音', 1, NOW() - INTERVAL '111 days'),
  ('a7f9c562-d2bc-4d75-98b1-0440b5290833', '0d36fd18-7d43-44e9-835e-f8630fa6f16e', '路加福音', 2, NOW() - INTERVAL '111 days'),
  ('a7f9c562-d2bc-4d75-98b1-0440b5290833', '0d36fd18-7d43-44e9-835e-f8630fa6f16e', '路加福音', 3, NOW() - INTERVAL '111 days'),
  ('a7f9c562-d2bc-4d75-98b1-0440b5290833', '0d36fd18-7d43-44e9-835e-f8630fa6f16e', '路加福音', 4, NOW() - INTERVAL '110 days'),
  ('a7f9c562-d2bc-4d75-98b1-0440b5290833', '0d36fd18-7d43-44e9-835e-f8630fa6f16e', '路加福音', 5, NOW() - INTERVAL '110 days'),
  ('a7f9c562-d2bc-4d75-98b1-0440b5290833', '0d36fd18-7d43-44e9-835e-f8630fa6f16e', '路加福音', 6, NOW() - INTERVAL '110 days'),
  ('a7f9c562-d2bc-4d75-98b1-0440b5290833', '0d36fd18-7d43-44e9-835e-f8630fa6f16e', '路加福音', 7, NOW() - INTERVAL '110 days'),
  ('a7f9c562-d2bc-4d75-98b1-0440b5290833', '0d36fd18-7d43-44e9-835e-f8630fa6f16e', '路加福音', 8, NOW() - INTERVAL '110 days'),
  ('a7f9c562-d2bc-4d75-98b1-0440b5290833', '0d36fd18-7d43-44e9-835e-f8630fa6f16e', '路加福音', 9, NOW() - INTERVAL '109 days'),
  ('a7f9c562-d2bc-4d75-98b1-0440b5290833', '0d36fd18-7d43-44e9-835e-f8630fa6f16e', '路加福音', 10, NOW() - INTERVAL '109 days'),
  ('a7f9c562-d2bc-4d75-98b1-0440b5290833', '0d36fd18-7d43-44e9-835e-f8630fa6f16e', '路加福音', 11, NOW() - INTERVAL '109 days'),
  ('a7f9c562-d2bc-4d75-98b1-0440b5290833', '0d36fd18-7d43-44e9-835e-f8630fa6f16e', '路加福音', 12, NOW() - INTERVAL '109 days'),
  ('a7f9c562-d2bc-4d75-98b1-0440b5290833', '0d36fd18-7d43-44e9-835e-f8630fa6f16e', '路加福音', 13, NOW() - INTERVAL '109 days'),
  ('a7f9c562-d2bc-4d75-98b1-0440b5290833', '0d36fd18-7d43-44e9-835e-f8630fa6f16e', '路加福音', 14, NOW() - INTERVAL '108 days'),
  ('a7f9c562-d2bc-4d75-98b1-0440b5290833', '0d36fd18-7d43-44e9-835e-f8630fa6f16e', '路加福音', 15, NOW() - INTERVAL '108 days'),
  ('a7f9c562-d2bc-4d75-98b1-0440b5290833', '0d36fd18-7d43-44e9-835e-f8630fa6f16e', '路加福音', 16, NOW() - INTERVAL '108 days'),
  ('a7f9c562-d2bc-4d75-98b1-0440b5290833', '0d36fd18-7d43-44e9-835e-f8630fa6f16e', '路加福音', 17, NOW() - INTERVAL '108 days'),
  ('a7f9c562-d2bc-4d75-98b1-0440b5290833', '0d36fd18-7d43-44e9-835e-f8630fa6f16e', '路加福音', 18, NOW() - INTERVAL '108 days'),
  ('a7f9c562-d2bc-4d75-98b1-0440b5290833', '0d36fd18-7d43-44e9-835e-f8630fa6f16e', '路加福音', 19, NOW() - INTERVAL '107 days'),
  ('a7f9c562-d2bc-4d75-98b1-0440b5290833', '0d36fd18-7d43-44e9-835e-f8630fa6f16e', '路加福音', 20, NOW() - INTERVAL '107 days'),
  ('a7f9c562-d2bc-4d75-98b1-0440b5290833', '0d36fd18-7d43-44e9-835e-f8630fa6f16e', '路加福音', 21, NOW() - INTERVAL '107 days'),
  ('a7f9c562-d2bc-4d75-98b1-0440b5290833', '0d36fd18-7d43-44e9-835e-f8630fa6f16e', '路加福音', 22, NOW() - INTERVAL '107 days'),
  ('a7f9c562-d2bc-4d75-98b1-0440b5290833', '0d36fd18-7d43-44e9-835e-f8630fa6f16e', '路加福音', 23, NOW() - INTERVAL '107 days'),
  ('a7f9c562-d2bc-4d75-98b1-0440b5290833', '0d36fd18-7d43-44e9-835e-f8630fa6f16e', '路加福音', 24, NOW() - INTERVAL '106 days'),
  ('a7f9c562-d2bc-4d75-98b1-0440b5290833', '0d36fd18-7d43-44e9-835e-f8630fa6f16e', '歷代志下', 1, NOW() - INTERVAL '106 days'),
  ('a7f9c562-d2bc-4d75-98b1-0440b5290833', '0d36fd18-7d43-44e9-835e-f8630fa6f16e', '歷代志下', 2, NOW() - INTERVAL '106 days'),
  ('a7f9c562-d2bc-4d75-98b1-0440b5290833', '0d36fd18-7d43-44e9-835e-f8630fa6f16e', '歷代志下', 3, NOW() - INTERVAL '106 days'),
  ('a7f9c562-d2bc-4d75-98b1-0440b5290833', '0d36fd18-7d43-44e9-835e-f8630fa6f16e', '歷代志下', 4, NOW() - INTERVAL '106 days'),
  ('a7f9c562-d2bc-4d75-98b1-0440b5290833', '0d36fd18-7d43-44e9-835e-f8630fa6f16e', '歷代志下', 5, NOW() - INTERVAL '105 days'),
  ('a7f9c562-d2bc-4d75-98b1-0440b5290833', '0d36fd18-7d43-44e9-835e-f8630fa6f16e', '歷代志下', 6, NOW() - INTERVAL '105 days'),
  ('a7f9c562-d2bc-4d75-98b1-0440b5290833', '0d36fd18-7d43-44e9-835e-f8630fa6f16e', '歷代志下', 7, NOW() - INTERVAL '105 days'),
  ('a7f9c562-d2bc-4d75-98b1-0440b5290833', '0d36fd18-7d43-44e9-835e-f8630fa6f16e', '歷代志下', 8, NOW() - INTERVAL '105 days'),
  ('a7f9c562-d2bc-4d75-98b1-0440b5290833', '0d36fd18-7d43-44e9-835e-f8630fa6f16e', '歷代志下', 9, NOW() - INTERVAL '105 days'),
  ('a7f9c562-d2bc-4d75-98b1-0440b5290833', '0d36fd18-7d43-44e9-835e-f8630fa6f16e', '歷代志下', 10, NOW() - INTERVAL '104 days'),
  ('a7f9c562-d2bc-4d75-98b1-0440b5290833', '0d36fd18-7d43-44e9-835e-f8630fa6f16e', '歷代志下', 11, NOW() - INTERVAL '104 days'),
  ('a7f9c562-d2bc-4d75-98b1-0440b5290833', '0d36fd18-7d43-44e9-835e-f8630fa6f16e', '歷代志下', 12, NOW() - INTERVAL '104 days'),
  ('a7f9c562-d2bc-4d75-98b1-0440b5290833', '0d36fd18-7d43-44e9-835e-f8630fa6f16e', '歷代志下', 13, NOW() - INTERVAL '104 days'),
  ('a7f9c562-d2bc-4d75-98b1-0440b5290833', '0d36fd18-7d43-44e9-835e-f8630fa6f16e', '歷代志下', 14, NOW() - INTERVAL '104 days'),
  ('a7f9c562-d2bc-4d75-98b1-0440b5290833', '0d36fd18-7d43-44e9-835e-f8630fa6f16e', '歷代志下', 15, NOW() - INTERVAL '103 days'),
  ('a7f9c562-d2bc-4d75-98b1-0440b5290833', '0d36fd18-7d43-44e9-835e-f8630fa6f16e', '歷代志下', 16, NOW() - INTERVAL '103 days'),
  ('a7f9c562-d2bc-4d75-98b1-0440b5290833', '0d36fd18-7d43-44e9-835e-f8630fa6f16e', '歷代志下', 17, NOW() - INTERVAL '103 days'),
  ('a7f9c562-d2bc-4d75-98b1-0440b5290833', '0d36fd18-7d43-44e9-835e-f8630fa6f16e', '歷代志下', 18, NOW() - INTERVAL '103 days'),
  ('a7f9c562-d2bc-4d75-98b1-0440b5290833', '0d36fd18-7d43-44e9-835e-f8630fa6f16e', '歷代志下', 19, NOW() - INTERVAL '103 days'),
  ('a7f9c562-d2bc-4d75-98b1-0440b5290833', '0d36fd18-7d43-44e9-835e-f8630fa6f16e', '歷代志下', 20, NOW() - INTERVAL '102 days'),
  ('a7f9c562-d2bc-4d75-98b1-0440b5290833', '0d36fd18-7d43-44e9-835e-f8630fa6f16e', '歷代志下', 21, NOW() - INTERVAL '102 days'),
  ('a7f9c562-d2bc-4d75-98b1-0440b5290833', '0d36fd18-7d43-44e9-835e-f8630fa6f16e', '歷代志下', 22, NOW() - INTERVAL '102 days'),
  ('a7f9c562-d2bc-4d75-98b1-0440b5290833', '0d36fd18-7d43-44e9-835e-f8630fa6f16e', '歷代志下', 23, NOW() - INTERVAL '102 days'),
  ('a7f9c562-d2bc-4d75-98b1-0440b5290833', '0d36fd18-7d43-44e9-835e-f8630fa6f16e', '歷代志下', 24, NOW() - INTERVAL '102 days'),
  ('a7f9c562-d2bc-4d75-98b1-0440b5290833', '0d36fd18-7d43-44e9-835e-f8630fa6f16e', '歷代志下', 25, NOW() - INTERVAL '101 days'),
  ('a7f9c562-d2bc-4d75-98b1-0440b5290833', '0d36fd18-7d43-44e9-835e-f8630fa6f16e', '歷代志下', 26, NOW() - INTERVAL '101 days'),
  ('a7f9c562-d2bc-4d75-98b1-0440b5290833', '0d36fd18-7d43-44e9-835e-f8630fa6f16e', '歷代志下', 27, NOW() - INTERVAL '101 days'),
  ('a7f9c562-d2bc-4d75-98b1-0440b5290833', '0d36fd18-7d43-44e9-835e-f8630fa6f16e', '歷代志下', 28, NOW() - INTERVAL '101 days'),
  ('a7f9c562-d2bc-4d75-98b1-0440b5290833', '0d36fd18-7d43-44e9-835e-f8630fa6f16e', '歷代志下', 29, NOW() - INTERVAL '101 days'),
  ('a7f9c562-d2bc-4d75-98b1-0440b5290833', '0d36fd18-7d43-44e9-835e-f8630fa6f16e', '歷代志下', 30, NOW() - INTERVAL '100 days'),
  ('a7f9c562-d2bc-4d75-98b1-0440b5290833', '0d36fd18-7d43-44e9-835e-f8630fa6f16e', '歷代志下', 31, NOW() - INTERVAL '100 days'),
  ('a7f9c562-d2bc-4d75-98b1-0440b5290833', '0d36fd18-7d43-44e9-835e-f8630fa6f16e', '歷代志下', 32, NOW() - INTERVAL '100 days'),
  ('a7f9c562-d2bc-4d75-98b1-0440b5290833', '0d36fd18-7d43-44e9-835e-f8630fa6f16e', '歷代志下', 33, NOW() - INTERVAL '100 days'),
  ('a7f9c562-d2bc-4d75-98b1-0440b5290833', '0d36fd18-7d43-44e9-835e-f8630fa6f16e', '歷代志下', 34, NOW() - INTERVAL '100 days'),
  ('a7f9c562-d2bc-4d75-98b1-0440b5290833', '0d36fd18-7d43-44e9-835e-f8630fa6f16e', '歷代志下', 35, NOW() - INTERVAL '99 days'),
  ('a7f9c562-d2bc-4d75-98b1-0440b5290833', '0d36fd18-7d43-44e9-835e-f8630fa6f16e', '歷代志下', 36, NOW() - INTERVAL '99 days'),
  ('a7f9c562-d2bc-4d75-98b1-0440b5290833', '0d36fd18-7d43-44e9-835e-f8630fa6f16e', '帖撒羅尼迦前書', 1, NOW() - INTERVAL '99 days'),
  ('a7f9c562-d2bc-4d75-98b1-0440b5290833', '0d36fd18-7d43-44e9-835e-f8630fa6f16e', '帖撒羅尼迦前書', 2, NOW() - INTERVAL '99 days'),
  ('a7f9c562-d2bc-4d75-98b1-0440b5290833', '0d36fd18-7d43-44e9-835e-f8630fa6f16e', '帖撒羅尼迦前書', 3, NOW() - INTERVAL '99 days'),
  ('a7f9c562-d2bc-4d75-98b1-0440b5290833', '0d36fd18-7d43-44e9-835e-f8630fa6f16e', '帖撒羅尼迦前書', 4, NOW() - INTERVAL '98 days'),
  ('a7f9c562-d2bc-4d75-98b1-0440b5290833', '0d36fd18-7d43-44e9-835e-f8630fa6f16e', '帖撒羅尼迦前書', 5, NOW() - INTERVAL '98 days'),
  ('a7f9c562-d2bc-4d75-98b1-0440b5290833', '0d36fd18-7d43-44e9-835e-f8630fa6f16e', '約拿書', 1, NOW() - INTERVAL '98 days'),
  ('a7f9c562-d2bc-4d75-98b1-0440b5290833', '0d36fd18-7d43-44e9-835e-f8630fa6f16e', '約拿書', 2, NOW() - INTERVAL '98 days'),
  ('a7f9c562-d2bc-4d75-98b1-0440b5290833', '0d36fd18-7d43-44e9-835e-f8630fa6f16e', '約拿書', 3, NOW() - INTERVAL '98 days'),
  ('a7f9c562-d2bc-4d75-98b1-0440b5290833', '0d36fd18-7d43-44e9-835e-f8630fa6f16e', '約拿書', 4, NOW() - INTERVAL '97 days'),
  ('a7f9c562-d2bc-4d75-98b1-0440b5290833', '0d36fd18-7d43-44e9-835e-f8630fa6f16e', '約翰二書', 1, NOW() - INTERVAL '97 days'),
  ('a7f9c562-d2bc-4d75-98b1-0440b5290833', '0d36fd18-7d43-44e9-835e-f8630fa6f16e', '彌迦書', 1, NOW() - INTERVAL '97 days'),
  ('a7f9c562-d2bc-4d75-98b1-0440b5290833', '0d36fd18-7d43-44e9-835e-f8630fa6f16e', '彌迦書', 2, NOW() - INTERVAL '97 days'),
  ('a7f9c562-d2bc-4d75-98b1-0440b5290833', '0d36fd18-7d43-44e9-835e-f8630fa6f16e', '彌迦書', 3, NOW() - INTERVAL '97 days'),
  ('a7f9c562-d2bc-4d75-98b1-0440b5290833', '0d36fd18-7d43-44e9-835e-f8630fa6f16e', '彌迦書', 4, NOW() - INTERVAL '96 days'),
  ('a7f9c562-d2bc-4d75-98b1-0440b5290833', '0d36fd18-7d43-44e9-835e-f8630fa6f16e', '彌迦書', 5, NOW() - INTERVAL '96 days'),
  ('a7f9c562-d2bc-4d75-98b1-0440b5290833', '0d36fd18-7d43-44e9-835e-f8630fa6f16e', '彌迦書', 6, NOW() - INTERVAL '96 days'),
  ('a7f9c562-d2bc-4d75-98b1-0440b5290833', '0d36fd18-7d43-44e9-835e-f8630fa6f16e', '彌迦書', 7, NOW() - INTERVAL '96 days'),
  ('a7f9c562-d2bc-4d75-98b1-0440b5290833', '0d36fd18-7d43-44e9-835e-f8630fa6f16e', '約翰三書', 1, NOW() - INTERVAL '96 days'),
  ('a7f9c562-d2bc-4d75-98b1-0440b5290833', '0d36fd18-7d43-44e9-835e-f8630fa6f16e', '民數記', 1, NOW() - INTERVAL '95 days'),
  ('a7f9c562-d2bc-4d75-98b1-0440b5290833', '0d36fd18-7d43-44e9-835e-f8630fa6f16e', '民數記', 2, NOW() - INTERVAL '95 days'),
  ('a7f9c562-d2bc-4d75-98b1-0440b5290833', '0d36fd18-7d43-44e9-835e-f8630fa6f16e', '民數記', 3, NOW() - INTERVAL '95 days'),
  ('a7f9c562-d2bc-4d75-98b1-0440b5290833', '0d36fd18-7d43-44e9-835e-f8630fa6f16e', '民數記', 4, NOW() - INTERVAL '95 days'),
  ('a7f9c562-d2bc-4d75-98b1-0440b5290833', '0d36fd18-7d43-44e9-835e-f8630fa6f16e', '民數記', 5, NOW() - INTERVAL '95 days'),
  ('a7f9c562-d2bc-4d75-98b1-0440b5290833', '0d36fd18-7d43-44e9-835e-f8630fa6f16e', '民數記', 6, NOW() - INTERVAL '94 days'),
  ('a7f9c562-d2bc-4d75-98b1-0440b5290833', '0d36fd18-7d43-44e9-835e-f8630fa6f16e', '民數記', 7, NOW() - INTERVAL '94 days'),
  ('a7f9c562-d2bc-4d75-98b1-0440b5290833', '0d36fd18-7d43-44e9-835e-f8630fa6f16e', '民數記', 8, NOW() - INTERVAL '94 days'),
  ('a7f9c562-d2bc-4d75-98b1-0440b5290833', '0d36fd18-7d43-44e9-835e-f8630fa6f16e', '民數記', 9, NOW() - INTERVAL '94 days'),
  ('a7f9c562-d2bc-4d75-98b1-0440b5290833', '0d36fd18-7d43-44e9-835e-f8630fa6f16e', '民數記', 10, NOW() - INTERVAL '94 days'),
  ('a7f9c562-d2bc-4d75-98b1-0440b5290833', '0d36fd18-7d43-44e9-835e-f8630fa6f16e', '民數記', 11, NOW() - INTERVAL '93 days'),
  ('a7f9c562-d2bc-4d75-98b1-0440b5290833', '0d36fd18-7d43-44e9-835e-f8630fa6f16e', '民數記', 12, NOW() - INTERVAL '93 days'),
  ('a7f9c562-d2bc-4d75-98b1-0440b5290833', '0d36fd18-7d43-44e9-835e-f8630fa6f16e', '民數記', 13, NOW() - INTERVAL '93 days'),
  ('a7f9c562-d2bc-4d75-98b1-0440b5290833', '0d36fd18-7d43-44e9-835e-f8630fa6f16e', '民數記', 14, NOW() - INTERVAL '93 days'),
  ('a7f9c562-d2bc-4d75-98b1-0440b5290833', '0d36fd18-7d43-44e9-835e-f8630fa6f16e', '民數記', 15, NOW() - INTERVAL '93 days'),
  ('a7f9c562-d2bc-4d75-98b1-0440b5290833', '0d36fd18-7d43-44e9-835e-f8630fa6f16e', '民數記', 16, NOW() - INTERVAL '92 days'),
  ('a7f9c562-d2bc-4d75-98b1-0440b5290833', '0d36fd18-7d43-44e9-835e-f8630fa6f16e', '民數記', 17, NOW() - INTERVAL '92 days'),
  ('a7f9c562-d2bc-4d75-98b1-0440b5290833', '0d36fd18-7d43-44e9-835e-f8630fa6f16e', '民數記', 18, NOW() - INTERVAL '92 days'),
  ('a7f9c562-d2bc-4d75-98b1-0440b5290833', '0d36fd18-7d43-44e9-835e-f8630fa6f16e', '民數記', 19, NOW() - INTERVAL '92 days'),
  ('a7f9c562-d2bc-4d75-98b1-0440b5290833', '0d36fd18-7d43-44e9-835e-f8630fa6f16e', '民數記', 20, NOW() - INTERVAL '92 days'),
  ('a7f9c562-d2bc-4d75-98b1-0440b5290833', '0d36fd18-7d43-44e9-835e-f8630fa6f16e', '民數記', 21, NOW() - INTERVAL '91 days'),
  ('a7f9c562-d2bc-4d75-98b1-0440b5290833', '0d36fd18-7d43-44e9-835e-f8630fa6f16e', '民數記', 22, NOW() - INTERVAL '91 days'),
  ('a7f9c562-d2bc-4d75-98b1-0440b5290833', '0d36fd18-7d43-44e9-835e-f8630fa6f16e', '民數記', 23, NOW() - INTERVAL '91 days'),
  ('a7f9c562-d2bc-4d75-98b1-0440b5290833', '0d36fd18-7d43-44e9-835e-f8630fa6f16e', '民數記', 24, NOW() - INTERVAL '91 days'),
  ('a7f9c562-d2bc-4d75-98b1-0440b5290833', '0d36fd18-7d43-44e9-835e-f8630fa6f16e', '民數記', 25, NOW() - INTERVAL '91 days'),
  ('a7f9c562-d2bc-4d75-98b1-0440b5290833', '0d36fd18-7d43-44e9-835e-f8630fa6f16e', '民數記', 26, NOW() - INTERVAL '90 days'),
  ('a7f9c562-d2bc-4d75-98b1-0440b5290833', '0d36fd18-7d43-44e9-835e-f8630fa6f16e', '民數記', 27, NOW() - INTERVAL '90 days'),
  ('a7f9c562-d2bc-4d75-98b1-0440b5290833', '0d36fd18-7d43-44e9-835e-f8630fa6f16e', '民數記', 28, NOW() - INTERVAL '90 days'),
  ('a7f9c562-d2bc-4d75-98b1-0440b5290833', '0d36fd18-7d43-44e9-835e-f8630fa6f16e', '民數記', 29, NOW() - INTERVAL '90 days'),
  ('a7f9c562-d2bc-4d75-98b1-0440b5290833', '0d36fd18-7d43-44e9-835e-f8630fa6f16e', '民數記', 30, NOW() - INTERVAL '90 days'),
  ('a7f9c562-d2bc-4d75-98b1-0440b5290833', '0d36fd18-7d43-44e9-835e-f8630fa6f16e', '民數記', 31, NOW() - INTERVAL '89 days'),
  ('a7f9c562-d2bc-4d75-98b1-0440b5290833', '0d36fd18-7d43-44e9-835e-f8630fa6f16e', '民數記', 32, NOW() - INTERVAL '89 days'),
  ('a7f9c562-d2bc-4d75-98b1-0440b5290833', '0d36fd18-7d43-44e9-835e-f8630fa6f16e', '民數記', 33, NOW() - INTERVAL '89 days'),
  ('a7f9c562-d2bc-4d75-98b1-0440b5290833', '0d36fd18-7d43-44e9-835e-f8630fa6f16e', '民數記', 34, NOW() - INTERVAL '89 days'),
  ('a7f9c562-d2bc-4d75-98b1-0440b5290833', '0d36fd18-7d43-44e9-835e-f8630fa6f16e', '民數記', 35, NOW() - INTERVAL '89 days'),
  ('a7f9c562-d2bc-4d75-98b1-0440b5290833', '0d36fd18-7d43-44e9-835e-f8630fa6f16e', '民數記', 36, NOW() - INTERVAL '88 days'),
  ('a7f9c562-d2bc-4d75-98b1-0440b5290833', '0d36fd18-7d43-44e9-835e-f8630fa6f16e', '約翰福音', 1, NOW() - INTERVAL '88 days'),
  ('a7f9c562-d2bc-4d75-98b1-0440b5290833', '0d36fd18-7d43-44e9-835e-f8630fa6f16e', '約翰福音', 2, NOW() - INTERVAL '88 days'),
  ('a7f9c562-d2bc-4d75-98b1-0440b5290833', '0d36fd18-7d43-44e9-835e-f8630fa6f16e', '約翰福音', 3, NOW() - INTERVAL '88 days'),
  ('a7f9c562-d2bc-4d75-98b1-0440b5290833', '0d36fd18-7d43-44e9-835e-f8630fa6f16e', '約翰福音', 4, NOW() - INTERVAL '88 days'),
  ('a7f9c562-d2bc-4d75-98b1-0440b5290833', '0d36fd18-7d43-44e9-835e-f8630fa6f16e', '約翰福音', 5, NOW() - INTERVAL '87 days'),
  ('a7f9c562-d2bc-4d75-98b1-0440b5290833', '0d36fd18-7d43-44e9-835e-f8630fa6f16e', '約翰福音', 6, NOW() - INTERVAL '87 days'),
  ('a7f9c562-d2bc-4d75-98b1-0440b5290833', '0d36fd18-7d43-44e9-835e-f8630fa6f16e', '約翰福音', 7, NOW() - INTERVAL '87 days'),
  ('a7f9c562-d2bc-4d75-98b1-0440b5290833', '0d36fd18-7d43-44e9-835e-f8630fa6f16e', '約翰福音', 8, NOW() - INTERVAL '87 days'),
  ('a7f9c562-d2bc-4d75-98b1-0440b5290833', '0d36fd18-7d43-44e9-835e-f8630fa6f16e', '約翰福音', 9, NOW() - INTERVAL '87 days'),
  ('a7f9c562-d2bc-4d75-98b1-0440b5290833', '0d36fd18-7d43-44e9-835e-f8630fa6f16e', '約翰福音', 10, NOW() - INTERVAL '86 days'),
  ('a7f9c562-d2bc-4d75-98b1-0440b5290833', '0d36fd18-7d43-44e9-835e-f8630fa6f16e', '約翰福音', 11, NOW() - INTERVAL '86 days'),
  ('a7f9c562-d2bc-4d75-98b1-0440b5290833', '0d36fd18-7d43-44e9-835e-f8630fa6f16e', '約翰福音', 12, NOW() - INTERVAL '86 days'),
  ('a7f9c562-d2bc-4d75-98b1-0440b5290833', '0d36fd18-7d43-44e9-835e-f8630fa6f16e', '約翰福音', 13, NOW() - INTERVAL '86 days'),
  ('a7f9c562-d2bc-4d75-98b1-0440b5290833', '0d36fd18-7d43-44e9-835e-f8630fa6f16e', '約翰福音', 14, NOW() - INTERVAL '86 days'),
  ('a7f9c562-d2bc-4d75-98b1-0440b5290833', '0d36fd18-7d43-44e9-835e-f8630fa6f16e', '約翰福音', 15, NOW() - INTERVAL '85 days'),
  ('a7f9c562-d2bc-4d75-98b1-0440b5290833', '0d36fd18-7d43-44e9-835e-f8630fa6f16e', '約翰福音', 16, NOW() - INTERVAL '85 days'),
  ('a7f9c562-d2bc-4d75-98b1-0440b5290833', '0d36fd18-7d43-44e9-835e-f8630fa6f16e', '約翰福音', 17, NOW() - INTERVAL '85 days'),
  ('a7f9c562-d2bc-4d75-98b1-0440b5290833', '0d36fd18-7d43-44e9-835e-f8630fa6f16e', '約翰福音', 18, NOW() - INTERVAL '85 days'),
  ('a7f9c562-d2bc-4d75-98b1-0440b5290833', '0d36fd18-7d43-44e9-835e-f8630fa6f16e', '約翰福音', 19, NOW() - INTERVAL '85 days'),
  ('a7f9c562-d2bc-4d75-98b1-0440b5290833', '0d36fd18-7d43-44e9-835e-f8630fa6f16e', '約翰福音', 20, NOW() - INTERVAL '84 days'),
  ('a7f9c562-d2bc-4d75-98b1-0440b5290833', '0d36fd18-7d43-44e9-835e-f8630fa6f16e', '約翰福音', 21, NOW() - INTERVAL '84 days'),
  ('a7f9c562-d2bc-4d75-98b1-0440b5290833', '0d36fd18-7d43-44e9-835e-f8630fa6f16e', '以西結書', 1, NOW() - INTERVAL '84 days'),
  ('a7f9c562-d2bc-4d75-98b1-0440b5290833', '0d36fd18-7d43-44e9-835e-f8630fa6f16e', '以西結書', 2, NOW() - INTERVAL '84 days'),
  ('a7f9c562-d2bc-4d75-98b1-0440b5290833', '0d36fd18-7d43-44e9-835e-f8630fa6f16e', '以西結書', 3, NOW() - INTERVAL '84 days'),
  ('a7f9c562-d2bc-4d75-98b1-0440b5290833', '0d36fd18-7d43-44e9-835e-f8630fa6f16e', '以西結書', 4, NOW() - INTERVAL '83 days'),
  ('a7f9c562-d2bc-4d75-98b1-0440b5290833', '0d36fd18-7d43-44e9-835e-f8630fa6f16e', '以西結書', 5, NOW() - INTERVAL '83 days'),
  ('a7f9c562-d2bc-4d75-98b1-0440b5290833', '0d36fd18-7d43-44e9-835e-f8630fa6f16e', '以西結書', 6, NOW() - INTERVAL '83 days'),
  ('a7f9c562-d2bc-4d75-98b1-0440b5290833', '0d36fd18-7d43-44e9-835e-f8630fa6f16e', '以西結書', 7, NOW() - INTERVAL '83 days'),
  ('a7f9c562-d2bc-4d75-98b1-0440b5290833', '0d36fd18-7d43-44e9-835e-f8630fa6f16e', '以西結書', 8, NOW() - INTERVAL '83 days'),
  ('a7f9c562-d2bc-4d75-98b1-0440b5290833', '0d36fd18-7d43-44e9-835e-f8630fa6f16e', '以西結書', 9, NOW() - INTERVAL '82 days'),
  ('a7f9c562-d2bc-4d75-98b1-0440b5290833', '0d36fd18-7d43-44e9-835e-f8630fa6f16e', '以西結書', 10, NOW() - INTERVAL '82 days'),
  ('a7f9c562-d2bc-4d75-98b1-0440b5290833', '0d36fd18-7d43-44e9-835e-f8630fa6f16e', '以西結書', 11, NOW() - INTERVAL '82 days'),
  ('a7f9c562-d2bc-4d75-98b1-0440b5290833', '0d36fd18-7d43-44e9-835e-f8630fa6f16e', '以西結書', 12, NOW() - INTERVAL '82 days'),
  ('a7f9c562-d2bc-4d75-98b1-0440b5290833', '0d36fd18-7d43-44e9-835e-f8630fa6f16e', '以西結書', 13, NOW() - INTERVAL '82 days'),
  ('a7f9c562-d2bc-4d75-98b1-0440b5290833', '0d36fd18-7d43-44e9-835e-f8630fa6f16e', '以西結書', 14, NOW() - INTERVAL '81 days'),
  ('a7f9c562-d2bc-4d75-98b1-0440b5290833', '0d36fd18-7d43-44e9-835e-f8630fa6f16e', '以西結書', 15, NOW() - INTERVAL '81 days'),
  ('a7f9c562-d2bc-4d75-98b1-0440b5290833', '0d36fd18-7d43-44e9-835e-f8630fa6f16e', '以西結書', 16, NOW() - INTERVAL '81 days'),
  ('a7f9c562-d2bc-4d75-98b1-0440b5290833', '0d36fd18-7d43-44e9-835e-f8630fa6f16e', '以西結書', 17, NOW() - INTERVAL '81 days'),
  ('a7f9c562-d2bc-4d75-98b1-0440b5290833', '0d36fd18-7d43-44e9-835e-f8630fa6f16e', '以西結書', 18, NOW() - INTERVAL '81 days'),
  ('a7f9c562-d2bc-4d75-98b1-0440b5290833', '0d36fd18-7d43-44e9-835e-f8630fa6f16e', '以西結書', 19, NOW() - INTERVAL '80 days'),
  ('a7f9c562-d2bc-4d75-98b1-0440b5290833', '0d36fd18-7d43-44e9-835e-f8630fa6f16e', '以西結書', 20, NOW() - INTERVAL '80 days'),
  ('a7f9c562-d2bc-4d75-98b1-0440b5290833', '0d36fd18-7d43-44e9-835e-f8630fa6f16e', '以西結書', 21, NOW() - INTERVAL '80 days'),
  ('a7f9c562-d2bc-4d75-98b1-0440b5290833', '0d36fd18-7d43-44e9-835e-f8630fa6f16e', '以西結書', 22, NOW() - INTERVAL '80 days'),
  ('a7f9c562-d2bc-4d75-98b1-0440b5290833', '0d36fd18-7d43-44e9-835e-f8630fa6f16e', '以西結書', 23, NOW() - INTERVAL '80 days'),
  ('a7f9c562-d2bc-4d75-98b1-0440b5290833', '0d36fd18-7d43-44e9-835e-f8630fa6f16e', '以西結書', 24, NOW() - INTERVAL '79 days'),
  ('a7f9c562-d2bc-4d75-98b1-0440b5290833', '0d36fd18-7d43-44e9-835e-f8630fa6f16e', '以西結書', 25, NOW() - INTERVAL '79 days'),
  ('a7f9c562-d2bc-4d75-98b1-0440b5290833', '0d36fd18-7d43-44e9-835e-f8630fa6f16e', '以西結書', 26, NOW() - INTERVAL '79 days'),
  ('a7f9c562-d2bc-4d75-98b1-0440b5290833', '0d36fd18-7d43-44e9-835e-f8630fa6f16e', '以西結書', 27, NOW() - INTERVAL '79 days'),
  ('a7f9c562-d2bc-4d75-98b1-0440b5290833', '0d36fd18-7d43-44e9-835e-f8630fa6f16e', '以西結書', 28, NOW() - INTERVAL '79 days'),
  ('a7f9c562-d2bc-4d75-98b1-0440b5290833', '0d36fd18-7d43-44e9-835e-f8630fa6f16e', '以西結書', 29, NOW() - INTERVAL '78 days'),
  ('a7f9c562-d2bc-4d75-98b1-0440b5290833', '0d36fd18-7d43-44e9-835e-f8630fa6f16e', '以西結書', 30, NOW() - INTERVAL '78 days'),
  ('a7f9c562-d2bc-4d75-98b1-0440b5290833', '0d36fd18-7d43-44e9-835e-f8630fa6f16e', '以西結書', 31, NOW() - INTERVAL '78 days'),
  ('a7f9c562-d2bc-4d75-98b1-0440b5290833', '0d36fd18-7d43-44e9-835e-f8630fa6f16e', '以西結書', 32, NOW() - INTERVAL '78 days'),
  ('a7f9c562-d2bc-4d75-98b1-0440b5290833', '0d36fd18-7d43-44e9-835e-f8630fa6f16e', '以西結書', 33, NOW() - INTERVAL '78 days'),
  ('a7f9c562-d2bc-4d75-98b1-0440b5290833', '0d36fd18-7d43-44e9-835e-f8630fa6f16e', '以西結書', 34, NOW() - INTERVAL '77 days'),
  ('a7f9c562-d2bc-4d75-98b1-0440b5290833', '0d36fd18-7d43-44e9-835e-f8630fa6f16e', '以西結書', 35, NOW() - INTERVAL '77 days'),
  ('a7f9c562-d2bc-4d75-98b1-0440b5290833', '0d36fd18-7d43-44e9-835e-f8630fa6f16e', '以西結書', 36, NOW() - INTERVAL '77 days'),
  ('a7f9c562-d2bc-4d75-98b1-0440b5290833', '0d36fd18-7d43-44e9-835e-f8630fa6f16e', '以西結書', 37, NOW() - INTERVAL '77 days'),
  ('a7f9c562-d2bc-4d75-98b1-0440b5290833', '0d36fd18-7d43-44e9-835e-f8630fa6f16e', '以西結書', 38, NOW() - INTERVAL '77 days'),
  ('a7f9c562-d2bc-4d75-98b1-0440b5290833', '0d36fd18-7d43-44e9-835e-f8630fa6f16e', '以西結書', 39, NOW() - INTERVAL '76 days'),
  ('a7f9c562-d2bc-4d75-98b1-0440b5290833', '0d36fd18-7d43-44e9-835e-f8630fa6f16e', '以西結書', 40, NOW() - INTERVAL '76 days'),
  ('a7f9c562-d2bc-4d75-98b1-0440b5290833', '0d36fd18-7d43-44e9-835e-f8630fa6f16e', '以西結書', 41, NOW() - INTERVAL '76 days'),
  ('a7f9c562-d2bc-4d75-98b1-0440b5290833', '0d36fd18-7d43-44e9-835e-f8630fa6f16e', '以西結書', 42, NOW() - INTERVAL '76 days'),
  ('a7f9c562-d2bc-4d75-98b1-0440b5290833', '0d36fd18-7d43-44e9-835e-f8630fa6f16e', '以西結書', 43, NOW() - INTERVAL '76 days'),
  ('a7f9c562-d2bc-4d75-98b1-0440b5290833', '0d36fd18-7d43-44e9-835e-f8630fa6f16e', '以西結書', 44, NOW() - INTERVAL '75 days'),
  ('a7f9c562-d2bc-4d75-98b1-0440b5290833', '0d36fd18-7d43-44e9-835e-f8630fa6f16e', '以西結書', 45, NOW() - INTERVAL '75 days'),
  ('a7f9c562-d2bc-4d75-98b1-0440b5290833', '0d36fd18-7d43-44e9-835e-f8630fa6f16e', '以西結書', 46, NOW() - INTERVAL '75 days'),
  ('a7f9c562-d2bc-4d75-98b1-0440b5290833', '0d36fd18-7d43-44e9-835e-f8630fa6f16e', '以西結書', 47, NOW() - INTERVAL '75 days'),
  ('a7f9c562-d2bc-4d75-98b1-0440b5290833', '0d36fd18-7d43-44e9-835e-f8630fa6f16e', '以西結書', 48, NOW() - INTERVAL '75 days'),
  ('a7f9c562-d2bc-4d75-98b1-0440b5290833', '0d36fd18-7d43-44e9-835e-f8630fa6f16e', '約翰一書', 1, NOW() - INTERVAL '74 days'),
  ('a7f9c562-d2bc-4d75-98b1-0440b5290833', '0d36fd18-7d43-44e9-835e-f8630fa6f16e', '約翰一書', 2, NOW() - INTERVAL '74 days'),
  ('a7f9c562-d2bc-4d75-98b1-0440b5290833', '0d36fd18-7d43-44e9-835e-f8630fa6f16e', '約翰一書', 3, NOW() - INTERVAL '74 days'),
  ('a7f9c562-d2bc-4d75-98b1-0440b5290833', '0d36fd18-7d43-44e9-835e-f8630fa6f16e', '約翰一書', 4, NOW() - INTERVAL '74 days'),
  ('a7f9c562-d2bc-4d75-98b1-0440b5290833', '0d36fd18-7d43-44e9-835e-f8630fa6f16e', '約翰一書', 5, NOW() - INTERVAL '74 days'),
  ('a7f9c562-d2bc-4d75-98b1-0440b5290833', '0d36fd18-7d43-44e9-835e-f8630fa6f16e', '申命記', 1, NOW() - INTERVAL '73 days'),
  ('a7f9c562-d2bc-4d75-98b1-0440b5290833', '0d36fd18-7d43-44e9-835e-f8630fa6f16e', '申命記', 2, NOW() - INTERVAL '73 days'),
  ('a7f9c562-d2bc-4d75-98b1-0440b5290833', '0d36fd18-7d43-44e9-835e-f8630fa6f16e', '申命記', 3, NOW() - INTERVAL '73 days'),
  ('a7f9c562-d2bc-4d75-98b1-0440b5290833', '0d36fd18-7d43-44e9-835e-f8630fa6f16e', '申命記', 4, NOW() - INTERVAL '73 days'),
  ('a7f9c562-d2bc-4d75-98b1-0440b5290833', '0d36fd18-7d43-44e9-835e-f8630fa6f16e', '申命記', 5, NOW() - INTERVAL '73 days'),
  ('a7f9c562-d2bc-4d75-98b1-0440b5290833', '0d36fd18-7d43-44e9-835e-f8630fa6f16e', '申命記', 6, NOW() - INTERVAL '72 days'),
  ('a7f9c562-d2bc-4d75-98b1-0440b5290833', '0d36fd18-7d43-44e9-835e-f8630fa6f16e', '申命記', 7, NOW() - INTERVAL '72 days'),
  ('a7f9c562-d2bc-4d75-98b1-0440b5290833', '0d36fd18-7d43-44e9-835e-f8630fa6f16e', '申命記', 8, NOW() - INTERVAL '72 days'),
  ('a7f9c562-d2bc-4d75-98b1-0440b5290833', '0d36fd18-7d43-44e9-835e-f8630fa6f16e', '申命記', 9, NOW() - INTERVAL '72 days'),
  ('a7f9c562-d2bc-4d75-98b1-0440b5290833', '0d36fd18-7d43-44e9-835e-f8630fa6f16e', '申命記', 10, NOW() - INTERVAL '72 days'),
  ('a7f9c562-d2bc-4d75-98b1-0440b5290833', '0d36fd18-7d43-44e9-835e-f8630fa6f16e', '申命記', 11, NOW() - INTERVAL '71 days'),
  ('a7f9c562-d2bc-4d75-98b1-0440b5290833', '0d36fd18-7d43-44e9-835e-f8630fa6f16e', '申命記', 12, NOW() - INTERVAL '71 days'),
  ('a7f9c562-d2bc-4d75-98b1-0440b5290833', '0d36fd18-7d43-44e9-835e-f8630fa6f16e', '申命記', 13, NOW() - INTERVAL '71 days'),
  ('a7f9c562-d2bc-4d75-98b1-0440b5290833', '0d36fd18-7d43-44e9-835e-f8630fa6f16e', '申命記', 14, NOW() - INTERVAL '71 days'),
  ('a7f9c562-d2bc-4d75-98b1-0440b5290833', '0d36fd18-7d43-44e9-835e-f8630fa6f16e', '申命記', 15, NOW() - INTERVAL '71 days'),
  ('a7f9c562-d2bc-4d75-98b1-0440b5290833', '0d36fd18-7d43-44e9-835e-f8630fa6f16e', '申命記', 16, NOW() - INTERVAL '70 days'),
  ('a7f9c562-d2bc-4d75-98b1-0440b5290833', '0d36fd18-7d43-44e9-835e-f8630fa6f16e', '申命記', 17, NOW() - INTERVAL '70 days'),
  ('a7f9c562-d2bc-4d75-98b1-0440b5290833', '0d36fd18-7d43-44e9-835e-f8630fa6f16e', '申命記', 18, NOW() - INTERVAL '70 days'),
  ('a7f9c562-d2bc-4d75-98b1-0440b5290833', '0d36fd18-7d43-44e9-835e-f8630fa6f16e', '申命記', 19, NOW() - INTERVAL '70 days'),
  ('a7f9c562-d2bc-4d75-98b1-0440b5290833', '0d36fd18-7d43-44e9-835e-f8630fa6f16e', '申命記', 20, NOW() - INTERVAL '70 days'),
  ('a7f9c562-d2bc-4d75-98b1-0440b5290833', '0d36fd18-7d43-44e9-835e-f8630fa6f16e', '申命記', 21, NOW() - INTERVAL '69 days'),
  ('a7f9c562-d2bc-4d75-98b1-0440b5290833', '0d36fd18-7d43-44e9-835e-f8630fa6f16e', '申命記', 22, NOW() - INTERVAL '69 days'),
  ('a7f9c562-d2bc-4d75-98b1-0440b5290833', '0d36fd18-7d43-44e9-835e-f8630fa6f16e', '申命記', 23, NOW() - INTERVAL '69 days'),
  ('a7f9c562-d2bc-4d75-98b1-0440b5290833', '0d36fd18-7d43-44e9-835e-f8630fa6f16e', '申命記', 24, NOW() - INTERVAL '69 days'),
  ('a7f9c562-d2bc-4d75-98b1-0440b5290833', '0d36fd18-7d43-44e9-835e-f8630fa6f16e', '申命記', 25, NOW() - INTERVAL '69 days'),
  ('a7f9c562-d2bc-4d75-98b1-0440b5290833', '0d36fd18-7d43-44e9-835e-f8630fa6f16e', '申命記', 26, NOW() - INTERVAL '68 days'),
  ('a7f9c562-d2bc-4d75-98b1-0440b5290833', '0d36fd18-7d43-44e9-835e-f8630fa6f16e', '申命記', 27, NOW() - INTERVAL '68 days'),
  ('a7f9c562-d2bc-4d75-98b1-0440b5290833', '0d36fd18-7d43-44e9-835e-f8630fa6f16e', '申命記', 28, NOW() - INTERVAL '68 days'),
  ('a7f9c562-d2bc-4d75-98b1-0440b5290833', '0d36fd18-7d43-44e9-835e-f8630fa6f16e', '申命記', 29, NOW() - INTERVAL '68 days'),
  ('a7f9c562-d2bc-4d75-98b1-0440b5290833', '0d36fd18-7d43-44e9-835e-f8630fa6f16e', '申命記', 30, NOW() - INTERVAL '68 days'),
  ('a7f9c562-d2bc-4d75-98b1-0440b5290833', '0d36fd18-7d43-44e9-835e-f8630fa6f16e', '申命記', 31, NOW() - INTERVAL '67 days'),
  ('a7f9c562-d2bc-4d75-98b1-0440b5290833', '0d36fd18-7d43-44e9-835e-f8630fa6f16e', '申命記', 32, NOW() - INTERVAL '67 days'),
  ('a7f9c562-d2bc-4d75-98b1-0440b5290833', '0d36fd18-7d43-44e9-835e-f8630fa6f16e', '申命記', 33, NOW() - INTERVAL '67 days'),
  ('a7f9c562-d2bc-4d75-98b1-0440b5290833', '0d36fd18-7d43-44e9-835e-f8630fa6f16e', '申命記', 34, NOW() - INTERVAL '67 days'),
  ('a7f9c562-d2bc-4d75-98b1-0440b5290833', '0d36fd18-7d43-44e9-835e-f8630fa6f16e', '使徒行傳', 1, NOW() - INTERVAL '67 days'),
  ('a7f9c562-d2bc-4d75-98b1-0440b5290833', '0d36fd18-7d43-44e9-835e-f8630fa6f16e', '使徒行傳', 2, NOW() - INTERVAL '66 days'),
  ('a7f9c562-d2bc-4d75-98b1-0440b5290833', '0d36fd18-7d43-44e9-835e-f8630fa6f16e', '使徒行傳', 3, NOW() - INTERVAL '66 days'),
  ('a7f9c562-d2bc-4d75-98b1-0440b5290833', '0d36fd18-7d43-44e9-835e-f8630fa6f16e', '使徒行傳', 4, NOW() - INTERVAL '66 days'),
  ('a7f9c562-d2bc-4d75-98b1-0440b5290833', '0d36fd18-7d43-44e9-835e-f8630fa6f16e', '使徒行傳', 5, NOW() - INTERVAL '66 days'),
  ('a7f9c562-d2bc-4d75-98b1-0440b5290833', '0d36fd18-7d43-44e9-835e-f8630fa6f16e', '使徒行傳', 6, NOW() - INTERVAL '66 days'),
  ('a7f9c562-d2bc-4d75-98b1-0440b5290833', '0d36fd18-7d43-44e9-835e-f8630fa6f16e', '使徒行傳', 7, NOW() - INTERVAL '65 days'),
  ('a7f9c562-d2bc-4d75-98b1-0440b5290833', '0d36fd18-7d43-44e9-835e-f8630fa6f16e', '使徒行傳', 8, NOW() - INTERVAL '65 days'),
  ('a7f9c562-d2bc-4d75-98b1-0440b5290833', '0d36fd18-7d43-44e9-835e-f8630fa6f16e', '使徒行傳', 9, NOW() - INTERVAL '65 days'),
  ('a7f9c562-d2bc-4d75-98b1-0440b5290833', '0d36fd18-7d43-44e9-835e-f8630fa6f16e', '使徒行傳', 10, NOW() - INTERVAL '65 days'),
  ('a7f9c562-d2bc-4d75-98b1-0440b5290833', '0d36fd18-7d43-44e9-835e-f8630fa6f16e', '使徒行傳', 11, NOW() - INTERVAL '65 days'),
  ('a7f9c562-d2bc-4d75-98b1-0440b5290833', '0d36fd18-7d43-44e9-835e-f8630fa6f16e', '使徒行傳', 12, NOW() - INTERVAL '64 days'),
  ('a7f9c562-d2bc-4d75-98b1-0440b5290833', '0d36fd18-7d43-44e9-835e-f8630fa6f16e', '使徒行傳', 13, NOW() - INTERVAL '64 days'),
  ('a7f9c562-d2bc-4d75-98b1-0440b5290833', '0d36fd18-7d43-44e9-835e-f8630fa6f16e', '使徒行傳', 14, NOW() - INTERVAL '64 days'),
  ('a7f9c562-d2bc-4d75-98b1-0440b5290833', '0d36fd18-7d43-44e9-835e-f8630fa6f16e', '使徒行傳', 15, NOW() - INTERVAL '64 days'),
  ('a7f9c562-d2bc-4d75-98b1-0440b5290833', '0d36fd18-7d43-44e9-835e-f8630fa6f16e', '使徒行傳', 16, NOW() - INTERVAL '64 days'),
  ('a7f9c562-d2bc-4d75-98b1-0440b5290833', '0d36fd18-7d43-44e9-835e-f8630fa6f16e', '使徒行傳', 17, NOW() - INTERVAL '63 days'),
  ('a7f9c562-d2bc-4d75-98b1-0440b5290833', '0d36fd18-7d43-44e9-835e-f8630fa6f16e', '使徒行傳', 18, NOW() - INTERVAL '63 days'),
  ('a7f9c562-d2bc-4d75-98b1-0440b5290833', '0d36fd18-7d43-44e9-835e-f8630fa6f16e', '使徒行傳', 19, NOW() - INTERVAL '63 days'),
  ('a7f9c562-d2bc-4d75-98b1-0440b5290833', '0d36fd18-7d43-44e9-835e-f8630fa6f16e', '使徒行傳', 20, NOW() - INTERVAL '63 days'),
  ('a7f9c562-d2bc-4d75-98b1-0440b5290833', '0d36fd18-7d43-44e9-835e-f8630fa6f16e', '使徒行傳', 21, NOW() - INTERVAL '63 days'),
  ('a7f9c562-d2bc-4d75-98b1-0440b5290833', '0d36fd18-7d43-44e9-835e-f8630fa6f16e', '使徒行傳', 22, NOW() - INTERVAL '62 days'),
  ('a7f9c562-d2bc-4d75-98b1-0440b5290833', '0d36fd18-7d43-44e9-835e-f8630fa6f16e', '使徒行傳', 23, NOW() - INTERVAL '62 days'),
  ('a7f9c562-d2bc-4d75-98b1-0440b5290833', '0d36fd18-7d43-44e9-835e-f8630fa6f16e', '使徒行傳', 24, NOW() - INTERVAL '62 days'),
  ('a7f9c562-d2bc-4d75-98b1-0440b5290833', '0d36fd18-7d43-44e9-835e-f8630fa6f16e', '使徒行傳', 25, NOW() - INTERVAL '62 days'),
  ('a7f9c562-d2bc-4d75-98b1-0440b5290833', '0d36fd18-7d43-44e9-835e-f8630fa6f16e', '使徒行傳', 26, NOW() - INTERVAL '62 days'),
  ('a7f9c562-d2bc-4d75-98b1-0440b5290833', '0d36fd18-7d43-44e9-835e-f8630fa6f16e', '使徒行傳', 27, NOW() - INTERVAL '61 days'),
  ('a7f9c562-d2bc-4d75-98b1-0440b5290833', '0d36fd18-7d43-44e9-835e-f8630fa6f16e', '使徒行傳', 28, NOW() - INTERVAL '61 days'),
  ('a7f9c562-d2bc-4d75-98b1-0440b5290833', '0d36fd18-7d43-44e9-835e-f8630fa6f16e', '箴言', 1, NOW() - INTERVAL '61 days'),
  ('a7f9c562-d2bc-4d75-98b1-0440b5290833', '0d36fd18-7d43-44e9-835e-f8630fa6f16e', '箴言', 2, NOW() - INTERVAL '61 days'),
  ('a7f9c562-d2bc-4d75-98b1-0440b5290833', '0d36fd18-7d43-44e9-835e-f8630fa6f16e', '箴言', 3, NOW() - INTERVAL '61 days'),
  ('a7f9c562-d2bc-4d75-98b1-0440b5290833', '0d36fd18-7d43-44e9-835e-f8630fa6f16e', '箴言', 4, NOW() - INTERVAL '60 days'),
  ('a7f9c562-d2bc-4d75-98b1-0440b5290833', '0d36fd18-7d43-44e9-835e-f8630fa6f16e', '箴言', 5, NOW() - INTERVAL '60 days'),
  ('a7f9c562-d2bc-4d75-98b1-0440b5290833', '0d36fd18-7d43-44e9-835e-f8630fa6f16e', '箴言', 6, NOW() - INTERVAL '60 days'),
  ('a7f9c562-d2bc-4d75-98b1-0440b5290833', '0d36fd18-7d43-44e9-835e-f8630fa6f16e', '箴言', 7, NOW() - INTERVAL '60 days'),
  ('a7f9c562-d2bc-4d75-98b1-0440b5290833', '0d36fd18-7d43-44e9-835e-f8630fa6f16e', '箴言', 8, NOW() - INTERVAL '60 days'),
  ('a7f9c562-d2bc-4d75-98b1-0440b5290833', '0d36fd18-7d43-44e9-835e-f8630fa6f16e', '箴言', 9, NOW() - INTERVAL '59 days'),
  ('a7f9c562-d2bc-4d75-98b1-0440b5290833', '0d36fd18-7d43-44e9-835e-f8630fa6f16e', '箴言', 10, NOW() - INTERVAL '59 days'),
  ('a7f9c562-d2bc-4d75-98b1-0440b5290833', '0d36fd18-7d43-44e9-835e-f8630fa6f16e', '箴言', 11, NOW() - INTERVAL '59 days'),
  ('a7f9c562-d2bc-4d75-98b1-0440b5290833', '0d36fd18-7d43-44e9-835e-f8630fa6f16e', '箴言', 12, NOW() - INTERVAL '59 days'),
  ('a7f9c562-d2bc-4d75-98b1-0440b5290833', '0d36fd18-7d43-44e9-835e-f8630fa6f16e', '箴言', 13, NOW() - INTERVAL '59 days'),
  ('a7f9c562-d2bc-4d75-98b1-0440b5290833', '0d36fd18-7d43-44e9-835e-f8630fa6f16e', '箴言', 14, NOW() - INTERVAL '58 days'),
  ('a7f9c562-d2bc-4d75-98b1-0440b5290833', '0d36fd18-7d43-44e9-835e-f8630fa6f16e', '箴言', 15, NOW() - INTERVAL '58 days'),
  ('a7f9c562-d2bc-4d75-98b1-0440b5290833', '0d36fd18-7d43-44e9-835e-f8630fa6f16e', '箴言', 16, NOW() - INTERVAL '58 days'),
  ('a7f9c562-d2bc-4d75-98b1-0440b5290833', '0d36fd18-7d43-44e9-835e-f8630fa6f16e', '箴言', 17, NOW() - INTERVAL '58 days'),
  ('a7f9c562-d2bc-4d75-98b1-0440b5290833', '0d36fd18-7d43-44e9-835e-f8630fa6f16e', '箴言', 18, NOW() - INTERVAL '58 days'),
  ('a7f9c562-d2bc-4d75-98b1-0440b5290833', '0d36fd18-7d43-44e9-835e-f8630fa6f16e', '箴言', 19, NOW() - INTERVAL '57 days'),
  ('a7f9c562-d2bc-4d75-98b1-0440b5290833', '0d36fd18-7d43-44e9-835e-f8630fa6f16e', '箴言', 20, NOW() - INTERVAL '57 days'),
  ('a7f9c562-d2bc-4d75-98b1-0440b5290833', '0d36fd18-7d43-44e9-835e-f8630fa6f16e', '箴言', 21, NOW() - INTERVAL '57 days'),
  ('a7f9c562-d2bc-4d75-98b1-0440b5290833', '0d36fd18-7d43-44e9-835e-f8630fa6f16e', '箴言', 22, NOW() - INTERVAL '57 days'),
  ('a7f9c562-d2bc-4d75-98b1-0440b5290833', '0d36fd18-7d43-44e9-835e-f8630fa6f16e', '箴言', 23, NOW() - INTERVAL '57 days'),
  ('a7f9c562-d2bc-4d75-98b1-0440b5290833', '0d36fd18-7d43-44e9-835e-f8630fa6f16e', '箴言', 24, NOW() - INTERVAL '56 days'),
  ('a7f9c562-d2bc-4d75-98b1-0440b5290833', '0d36fd18-7d43-44e9-835e-f8630fa6f16e', '箴言', 25, NOW() - INTERVAL '56 days'),
  ('a7f9c562-d2bc-4d75-98b1-0440b5290833', '0d36fd18-7d43-44e9-835e-f8630fa6f16e', '箴言', 26, NOW() - INTERVAL '56 days'),
  ('a7f9c562-d2bc-4d75-98b1-0440b5290833', '0d36fd18-7d43-44e9-835e-f8630fa6f16e', '箴言', 27, NOW() - INTERVAL '56 days'),
  ('a7f9c562-d2bc-4d75-98b1-0440b5290833', '0d36fd18-7d43-44e9-835e-f8630fa6f16e', '箴言', 28, NOW() - INTERVAL '56 days'),
  ('a7f9c562-d2bc-4d75-98b1-0440b5290833', '0d36fd18-7d43-44e9-835e-f8630fa6f16e', '箴言', 29, NOW() - INTERVAL '55 days'),
  ('a7f9c562-d2bc-4d75-98b1-0440b5290833', '0d36fd18-7d43-44e9-835e-f8630fa6f16e', '箴言', 30, NOW() - INTERVAL '55 days'),
  ('a7f9c562-d2bc-4d75-98b1-0440b5290833', '0d36fd18-7d43-44e9-835e-f8630fa6f16e', '箴言', 31, NOW() - INTERVAL '55 days'),
  ('a7f9c562-d2bc-4d75-98b1-0440b5290833', '0d36fd18-7d43-44e9-835e-f8630fa6f16e', '提摩太後書', 1, NOW() - INTERVAL '55 days'),
  ('a7f9c562-d2bc-4d75-98b1-0440b5290833', '0d36fd18-7d43-44e9-835e-f8630fa6f16e', '提摩太後書', 2, NOW() - INTERVAL '55 days'),
  ('a7f9c562-d2bc-4d75-98b1-0440b5290833', '0d36fd18-7d43-44e9-835e-f8630fa6f16e', '提摩太後書', 3, NOW() - INTERVAL '54 days'),
  ('a7f9c562-d2bc-4d75-98b1-0440b5290833', '0d36fd18-7d43-44e9-835e-f8630fa6f16e', '提摩太後書', 4, NOW() - INTERVAL '54 days'),
  ('a7f9c562-d2bc-4d75-98b1-0440b5290833', '0d36fd18-7d43-44e9-835e-f8630fa6f16e', '傳道書', 1, NOW() - INTERVAL '54 days'),
  ('a7f9c562-d2bc-4d75-98b1-0440b5290833', '0d36fd18-7d43-44e9-835e-f8630fa6f16e', '傳道書', 2, NOW() - INTERVAL '54 days'),
  ('a7f9c562-d2bc-4d75-98b1-0440b5290833', '0d36fd18-7d43-44e9-835e-f8630fa6f16e', '傳道書', 3, NOW() - INTERVAL '54 days'),
  ('a7f9c562-d2bc-4d75-98b1-0440b5290833', '0d36fd18-7d43-44e9-835e-f8630fa6f16e', '傳道書', 4, NOW() - INTERVAL '53 days'),
  ('a7f9c562-d2bc-4d75-98b1-0440b5290833', '0d36fd18-7d43-44e9-835e-f8630fa6f16e', '傳道書', 5, NOW() - INTERVAL '53 days'),
  ('a7f9c562-d2bc-4d75-98b1-0440b5290833', '0d36fd18-7d43-44e9-835e-f8630fa6f16e', '傳道書', 6, NOW() - INTERVAL '53 days'),
  ('a7f9c562-d2bc-4d75-98b1-0440b5290833', '0d36fd18-7d43-44e9-835e-f8630fa6f16e', '傳道書', 7, NOW() - INTERVAL '53 days'),
  ('a7f9c562-d2bc-4d75-98b1-0440b5290833', '0d36fd18-7d43-44e9-835e-f8630fa6f16e', '傳道書', 8, NOW() - INTERVAL '53 days'),
  ('a7f9c562-d2bc-4d75-98b1-0440b5290833', '0d36fd18-7d43-44e9-835e-f8630fa6f16e', '傳道書', 9, NOW() - INTERVAL '52 days'),
  ('a7f9c562-d2bc-4d75-98b1-0440b5290833', '0d36fd18-7d43-44e9-835e-f8630fa6f16e', '傳道書', 10, NOW() - INTERVAL '52 days'),
  ('a7f9c562-d2bc-4d75-98b1-0440b5290833', '0d36fd18-7d43-44e9-835e-f8630fa6f16e', '傳道書', 11, NOW() - INTERVAL '52 days'),
  ('a7f9c562-d2bc-4d75-98b1-0440b5290833', '0d36fd18-7d43-44e9-835e-f8630fa6f16e', '傳道書', 12, NOW() - INTERVAL '52 days'),
  ('a7f9c562-d2bc-4d75-98b1-0440b5290833', '0d36fd18-7d43-44e9-835e-f8630fa6f16e', '腓利門書', 1, NOW() - INTERVAL '52 days'),
  ('a7f9c562-d2bc-4d75-98b1-0440b5290833', '0d36fd18-7d43-44e9-835e-f8630fa6f16e', '約書亞記', 1, NOW() - INTERVAL '51 days'),
  ('a7f9c562-d2bc-4d75-98b1-0440b5290833', '0d36fd18-7d43-44e9-835e-f8630fa6f16e', '約書亞記', 2, NOW() - INTERVAL '51 days'),
  ('a7f9c562-d2bc-4d75-98b1-0440b5290833', '0d36fd18-7d43-44e9-835e-f8630fa6f16e', '約書亞記', 3, NOW() - INTERVAL '51 days'),
  ('a7f9c562-d2bc-4d75-98b1-0440b5290833', '0d36fd18-7d43-44e9-835e-f8630fa6f16e', '約書亞記', 4, NOW() - INTERVAL '51 days'),
  ('a7f9c562-d2bc-4d75-98b1-0440b5290833', '0d36fd18-7d43-44e9-835e-f8630fa6f16e', '約書亞記', 5, NOW() - INTERVAL '51 days'),
  ('a7f9c562-d2bc-4d75-98b1-0440b5290833', '0d36fd18-7d43-44e9-835e-f8630fa6f16e', '約書亞記', 6, NOW() - INTERVAL '50 days'),
  ('a7f9c562-d2bc-4d75-98b1-0440b5290833', '0d36fd18-7d43-44e9-835e-f8630fa6f16e', '約書亞記', 7, NOW() - INTERVAL '50 days'),
  ('a7f9c562-d2bc-4d75-98b1-0440b5290833', '0d36fd18-7d43-44e9-835e-f8630fa6f16e', '約書亞記', 8, NOW() - INTERVAL '50 days'),
  ('a7f9c562-d2bc-4d75-98b1-0440b5290833', '0d36fd18-7d43-44e9-835e-f8630fa6f16e', '約書亞記', 9, NOW() - INTERVAL '50 days'),
  ('a7f9c562-d2bc-4d75-98b1-0440b5290833', '0d36fd18-7d43-44e9-835e-f8630fa6f16e', '約書亞記', 10, NOW() - INTERVAL '50 days'),
  ('a7f9c562-d2bc-4d75-98b1-0440b5290833', '0d36fd18-7d43-44e9-835e-f8630fa6f16e', '約書亞記', 11, NOW() - INTERVAL '49 days'),
  ('a7f9c562-d2bc-4d75-98b1-0440b5290833', '0d36fd18-7d43-44e9-835e-f8630fa6f16e', '約書亞記', 12, NOW() - INTERVAL '49 days'),
  ('a7f9c562-d2bc-4d75-98b1-0440b5290833', '0d36fd18-7d43-44e9-835e-f8630fa6f16e', '約書亞記', 13, NOW() - INTERVAL '49 days'),
  ('a7f9c562-d2bc-4d75-98b1-0440b5290833', '0d36fd18-7d43-44e9-835e-f8630fa6f16e', '約書亞記', 14, NOW() - INTERVAL '49 days'),
  ('a7f9c562-d2bc-4d75-98b1-0440b5290833', '0d36fd18-7d43-44e9-835e-f8630fa6f16e', '約書亞記', 15, NOW() - INTERVAL '49 days'),
  ('a7f9c562-d2bc-4d75-98b1-0440b5290833', '0d36fd18-7d43-44e9-835e-f8630fa6f16e', '約書亞記', 16, NOW() - INTERVAL '48 days'),
  ('a7f9c562-d2bc-4d75-98b1-0440b5290833', '0d36fd18-7d43-44e9-835e-f8630fa6f16e', '約書亞記', 17, NOW() - INTERVAL '48 days'),
  ('a7f9c562-d2bc-4d75-98b1-0440b5290833', '0d36fd18-7d43-44e9-835e-f8630fa6f16e', '約書亞記', 18, NOW() - INTERVAL '48 days'),
  ('a7f9c562-d2bc-4d75-98b1-0440b5290833', '0d36fd18-7d43-44e9-835e-f8630fa6f16e', '約書亞記', 19, NOW() - INTERVAL '48 days'),
  ('a7f9c562-d2bc-4d75-98b1-0440b5290833', '0d36fd18-7d43-44e9-835e-f8630fa6f16e', '約書亞記', 20, NOW() - INTERVAL '48 days'),
  ('a7f9c562-d2bc-4d75-98b1-0440b5290833', '0d36fd18-7d43-44e9-835e-f8630fa6f16e', '約書亞記', 21, NOW() - INTERVAL '47 days'),
  ('a7f9c562-d2bc-4d75-98b1-0440b5290833', '0d36fd18-7d43-44e9-835e-f8630fa6f16e', '約書亞記', 22, NOW() - INTERVAL '47 days'),
  ('a7f9c562-d2bc-4d75-98b1-0440b5290833', '0d36fd18-7d43-44e9-835e-f8630fa6f16e', '約書亞記', 23, NOW() - INTERVAL '47 days'),
  ('a7f9c562-d2bc-4d75-98b1-0440b5290833', '0d36fd18-7d43-44e9-835e-f8630fa6f16e', '約書亞記', 24, NOW() - INTERVAL '47 days'),
  ('a7f9c562-d2bc-4d75-98b1-0440b5290833', '0d36fd18-7d43-44e9-835e-f8630fa6f16e', '羅馬書', 1, NOW() - INTERVAL '47 days'),
  ('a7f9c562-d2bc-4d75-98b1-0440b5290833', '0d36fd18-7d43-44e9-835e-f8630fa6f16e', '羅馬書', 2, NOW() - INTERVAL '46 days'),
  ('a7f9c562-d2bc-4d75-98b1-0440b5290833', '0d36fd18-7d43-44e9-835e-f8630fa6f16e', '羅馬書', 3, NOW() - INTERVAL '46 days'),
  ('a7f9c562-d2bc-4d75-98b1-0440b5290833', '0d36fd18-7d43-44e9-835e-f8630fa6f16e', '羅馬書', 4, NOW() - INTERVAL '46 days'),
  ('a7f9c562-d2bc-4d75-98b1-0440b5290833', '0d36fd18-7d43-44e9-835e-f8630fa6f16e', '羅馬書', 5, NOW() - INTERVAL '46 days'),
  ('a7f9c562-d2bc-4d75-98b1-0440b5290833', '0d36fd18-7d43-44e9-835e-f8630fa6f16e', '羅馬書', 6, NOW() - INTERVAL '46 days'),
  ('a7f9c562-d2bc-4d75-98b1-0440b5290833', '0d36fd18-7d43-44e9-835e-f8630fa6f16e', '羅馬書', 7, NOW() - INTERVAL '45 days'),
  ('a7f9c562-d2bc-4d75-98b1-0440b5290833', '0d36fd18-7d43-44e9-835e-f8630fa6f16e', '羅馬書', 8, NOW() - INTERVAL '45 days'),
  ('a7f9c562-d2bc-4d75-98b1-0440b5290833', '0d36fd18-7d43-44e9-835e-f8630fa6f16e', '羅馬書', 9, NOW() - INTERVAL '45 days'),
  ('a7f9c562-d2bc-4d75-98b1-0440b5290833', '0d36fd18-7d43-44e9-835e-f8630fa6f16e', '羅馬書', 10, NOW() - INTERVAL '45 days'),
  ('a7f9c562-d2bc-4d75-98b1-0440b5290833', '0d36fd18-7d43-44e9-835e-f8630fa6f16e', '羅馬書', 11, NOW() - INTERVAL '45 days'),
  ('a7f9c562-d2bc-4d75-98b1-0440b5290833', '0d36fd18-7d43-44e9-835e-f8630fa6f16e', '羅馬書', 12, NOW() - INTERVAL '44 days'),
  ('a7f9c562-d2bc-4d75-98b1-0440b5290833', '0d36fd18-7d43-44e9-835e-f8630fa6f16e', '羅馬書', 13, NOW() - INTERVAL '44 days'),
  ('a7f9c562-d2bc-4d75-98b1-0440b5290833', '0d36fd18-7d43-44e9-835e-f8630fa6f16e', '羅馬書', 14, NOW() - INTERVAL '44 days'),
  ('a7f9c562-d2bc-4d75-98b1-0440b5290833', '0d36fd18-7d43-44e9-835e-f8630fa6f16e', '羅馬書', 15, NOW() - INTERVAL '44 days'),
  ('a7f9c562-d2bc-4d75-98b1-0440b5290833', '0d36fd18-7d43-44e9-835e-f8630fa6f16e', '羅馬書', 16, NOW() - INTERVAL '44 days'),
  ('a7f9c562-d2bc-4d75-98b1-0440b5290833', '0d36fd18-7d43-44e9-835e-f8630fa6f16e', '耶利米書', 1, NOW() - INTERVAL '43 days'),
  ('a7f9c562-d2bc-4d75-98b1-0440b5290833', '0d36fd18-7d43-44e9-835e-f8630fa6f16e', '耶利米書', 2, NOW() - INTERVAL '43 days'),
  ('a7f9c562-d2bc-4d75-98b1-0440b5290833', '0d36fd18-7d43-44e9-835e-f8630fa6f16e', '耶利米書', 3, NOW() - INTERVAL '43 days'),
  ('a7f9c562-d2bc-4d75-98b1-0440b5290833', '0d36fd18-7d43-44e9-835e-f8630fa6f16e', '耶利米書', 4, NOW() - INTERVAL '43 days'),
  ('a7f9c562-d2bc-4d75-98b1-0440b5290833', '0d36fd18-7d43-44e9-835e-f8630fa6f16e', '耶利米書', 5, NOW() - INTERVAL '43 days'),
  ('a7f9c562-d2bc-4d75-98b1-0440b5290833', '0d36fd18-7d43-44e9-835e-f8630fa6f16e', '耶利米書', 6, NOW() - INTERVAL '42 days'),
  ('a7f9c562-d2bc-4d75-98b1-0440b5290833', '0d36fd18-7d43-44e9-835e-f8630fa6f16e', '耶利米書', 7, NOW() - INTERVAL '42 days'),
  ('a7f9c562-d2bc-4d75-98b1-0440b5290833', '0d36fd18-7d43-44e9-835e-f8630fa6f16e', '耶利米書', 8, NOW() - INTERVAL '42 days'),
  ('a7f9c562-d2bc-4d75-98b1-0440b5290833', '0d36fd18-7d43-44e9-835e-f8630fa6f16e', '耶利米書', 9, NOW() - INTERVAL '42 days'),
  ('a7f9c562-d2bc-4d75-98b1-0440b5290833', '0d36fd18-7d43-44e9-835e-f8630fa6f16e', '耶利米書', 10, NOW() - INTERVAL '42 days'),
  ('a7f9c562-d2bc-4d75-98b1-0440b5290833', '0d36fd18-7d43-44e9-835e-f8630fa6f16e', '耶利米書', 11, NOW() - INTERVAL '41 days'),
  ('a7f9c562-d2bc-4d75-98b1-0440b5290833', '0d36fd18-7d43-44e9-835e-f8630fa6f16e', '耶利米書', 12, NOW() - INTERVAL '41 days'),
  ('a7f9c562-d2bc-4d75-98b1-0440b5290833', '0d36fd18-7d43-44e9-835e-f8630fa6f16e', '耶利米書', 13, NOW() - INTERVAL '41 days'),
  ('a7f9c562-d2bc-4d75-98b1-0440b5290833', '0d36fd18-7d43-44e9-835e-f8630fa6f16e', '耶利米書', 14, NOW() - INTERVAL '41 days'),
  ('a7f9c562-d2bc-4d75-98b1-0440b5290833', '0d36fd18-7d43-44e9-835e-f8630fa6f16e', '耶利米書', 15, NOW() - INTERVAL '41 days'),
  ('a7f9c562-d2bc-4d75-98b1-0440b5290833', '0d36fd18-7d43-44e9-835e-f8630fa6f16e', '耶利米書', 16, NOW() - INTERVAL '40 days'),
  ('a7f9c562-d2bc-4d75-98b1-0440b5290833', '0d36fd18-7d43-44e9-835e-f8630fa6f16e', '耶利米書', 17, NOW() - INTERVAL '40 days'),
  ('a7f9c562-d2bc-4d75-98b1-0440b5290833', '0d36fd18-7d43-44e9-835e-f8630fa6f16e', '耶利米書', 18, NOW() - INTERVAL '40 days'),
  ('a7f9c562-d2bc-4d75-98b1-0440b5290833', '0d36fd18-7d43-44e9-835e-f8630fa6f16e', '耶利米書', 19, NOW() - INTERVAL '40 days'),
  ('a7f9c562-d2bc-4d75-98b1-0440b5290833', '0d36fd18-7d43-44e9-835e-f8630fa6f16e', '耶利米書', 20, NOW() - INTERVAL '40 days'),
  ('a7f9c562-d2bc-4d75-98b1-0440b5290833', '0d36fd18-7d43-44e9-835e-f8630fa6f16e', '耶利米書', 21, NOW() - INTERVAL '39 days'),
  ('a7f9c562-d2bc-4d75-98b1-0440b5290833', '0d36fd18-7d43-44e9-835e-f8630fa6f16e', '耶利米書', 22, NOW() - INTERVAL '39 days'),
  ('a7f9c562-d2bc-4d75-98b1-0440b5290833', '0d36fd18-7d43-44e9-835e-f8630fa6f16e', '耶利米書', 23, NOW() - INTERVAL '39 days'),
  ('a7f9c562-d2bc-4d75-98b1-0440b5290833', '0d36fd18-7d43-44e9-835e-f8630fa6f16e', '耶利米書', 24, NOW() - INTERVAL '39 days'),
  ('a7f9c562-d2bc-4d75-98b1-0440b5290833', '0d36fd18-7d43-44e9-835e-f8630fa6f16e', '耶利米書', 25, NOW() - INTERVAL '39 days'),
  ('a7f9c562-d2bc-4d75-98b1-0440b5290833', '0d36fd18-7d43-44e9-835e-f8630fa6f16e', '耶利米書', 26, NOW() - INTERVAL '38 days'),
  ('a7f9c562-d2bc-4d75-98b1-0440b5290833', '0d36fd18-7d43-44e9-835e-f8630fa6f16e', '耶利米書', 27, NOW() - INTERVAL '38 days'),
  ('a7f9c562-d2bc-4d75-98b1-0440b5290833', '0d36fd18-7d43-44e9-835e-f8630fa6f16e', '耶利米書', 28, NOW() - INTERVAL '38 days'),
  ('a7f9c562-d2bc-4d75-98b1-0440b5290833', '0d36fd18-7d43-44e9-835e-f8630fa6f16e', '耶利米書', 29, NOW() - INTERVAL '38 days'),
  ('a7f9c562-d2bc-4d75-98b1-0440b5290833', '0d36fd18-7d43-44e9-835e-f8630fa6f16e', '耶利米書', 30, NOW() - INTERVAL '38 days'),
  ('a7f9c562-d2bc-4d75-98b1-0440b5290833', '0d36fd18-7d43-44e9-835e-f8630fa6f16e', '耶利米書', 31, NOW() - INTERVAL '37 days'),
  ('a7f9c562-d2bc-4d75-98b1-0440b5290833', '0d36fd18-7d43-44e9-835e-f8630fa6f16e', '耶利米書', 32, NOW() - INTERVAL '37 days'),
  ('a7f9c562-d2bc-4d75-98b1-0440b5290833', '0d36fd18-7d43-44e9-835e-f8630fa6f16e', '耶利米書', 33, NOW() - INTERVAL '37 days'),
  ('a7f9c562-d2bc-4d75-98b1-0440b5290833', '0d36fd18-7d43-44e9-835e-f8630fa6f16e', '耶利米書', 34, NOW() - INTERVAL '37 days'),
  ('a7f9c562-d2bc-4d75-98b1-0440b5290833', '0d36fd18-7d43-44e9-835e-f8630fa6f16e', '耶利米書', 35, NOW() - INTERVAL '37 days'),
  ('a7f9c562-d2bc-4d75-98b1-0440b5290833', '0d36fd18-7d43-44e9-835e-f8630fa6f16e', '耶利米書', 36, NOW() - INTERVAL '36 days'),
  ('a7f9c562-d2bc-4d75-98b1-0440b5290833', '0d36fd18-7d43-44e9-835e-f8630fa6f16e', '耶利米書', 37, NOW() - INTERVAL '36 days'),
  ('a7f9c562-d2bc-4d75-98b1-0440b5290833', '0d36fd18-7d43-44e9-835e-f8630fa6f16e', '耶利米書', 38, NOW() - INTERVAL '36 days'),
  ('a7f9c562-d2bc-4d75-98b1-0440b5290833', '0d36fd18-7d43-44e9-835e-f8630fa6f16e', '耶利米書', 39, NOW() - INTERVAL '36 days'),
  ('a7f9c562-d2bc-4d75-98b1-0440b5290833', '0d36fd18-7d43-44e9-835e-f8630fa6f16e', '耶利米書', 40, NOW() - INTERVAL '36 days'),
  ('a7f9c562-d2bc-4d75-98b1-0440b5290833', '0d36fd18-7d43-44e9-835e-f8630fa6f16e', '耶利米書', 41, NOW() - INTERVAL '35 days'),
  ('a7f9c562-d2bc-4d75-98b1-0440b5290833', '0d36fd18-7d43-44e9-835e-f8630fa6f16e', '耶利米書', 42, NOW() - INTERVAL '35 days'),
  ('a7f9c562-d2bc-4d75-98b1-0440b5290833', '0d36fd18-7d43-44e9-835e-f8630fa6f16e', '耶利米書', 43, NOW() - INTERVAL '35 days'),
  ('a7f9c562-d2bc-4d75-98b1-0440b5290833', '0d36fd18-7d43-44e9-835e-f8630fa6f16e', '耶利米書', 44, NOW() - INTERVAL '35 days'),
  ('a7f9c562-d2bc-4d75-98b1-0440b5290833', '0d36fd18-7d43-44e9-835e-f8630fa6f16e', '耶利米書', 45, NOW() - INTERVAL '35 days'),
  ('a7f9c562-d2bc-4d75-98b1-0440b5290833', '0d36fd18-7d43-44e9-835e-f8630fa6f16e', '耶利米書', 46, NOW() - INTERVAL '34 days'),
  ('a7f9c562-d2bc-4d75-98b1-0440b5290833', '0d36fd18-7d43-44e9-835e-f8630fa6f16e', '耶利米書', 47, NOW() - INTERVAL '34 days'),
  ('a7f9c562-d2bc-4d75-98b1-0440b5290833', '0d36fd18-7d43-44e9-835e-f8630fa6f16e', '耶利米書', 48, NOW() - INTERVAL '34 days'),
  ('a7f9c562-d2bc-4d75-98b1-0440b5290833', '0d36fd18-7d43-44e9-835e-f8630fa6f16e', '耶利米書', 49, NOW() - INTERVAL '34 days'),
  ('a7f9c562-d2bc-4d75-98b1-0440b5290833', '0d36fd18-7d43-44e9-835e-f8630fa6f16e', '耶利米書', 50, NOW() - INTERVAL '34 days'),
  ('a7f9c562-d2bc-4d75-98b1-0440b5290833', '0d36fd18-7d43-44e9-835e-f8630fa6f16e', '耶利米書', 51, NOW() - INTERVAL '33 days'),
  ('a7f9c562-d2bc-4d75-98b1-0440b5290833', '0d36fd18-7d43-44e9-835e-f8630fa6f16e', '耶利米書', 52, NOW() - INTERVAL '33 days'),
  ('a7f9c562-d2bc-4d75-98b1-0440b5290833', '0d36fd18-7d43-44e9-835e-f8630fa6f16e', '彼得後書', 1, NOW() - INTERVAL '33 days'),
  ('a7f9c562-d2bc-4d75-98b1-0440b5290833', '0d36fd18-7d43-44e9-835e-f8630fa6f16e', '彼得後書', 2, NOW() - INTERVAL '33 days'),
  ('a7f9c562-d2bc-4d75-98b1-0440b5290833', '0d36fd18-7d43-44e9-835e-f8630fa6f16e', '彼得後書', 3, NOW() - INTERVAL '33 days'),
  ('a7f9c562-d2bc-4d75-98b1-0440b5290833', '0d36fd18-7d43-44e9-835e-f8630fa6f16e', '西番雅書', 1, NOW() - INTERVAL '32 days'),
  ('a7f9c562-d2bc-4d75-98b1-0440b5290833', '0d36fd18-7d43-44e9-835e-f8630fa6f16e', '西番雅書', 2, NOW() - INTERVAL '32 days'),
  ('a7f9c562-d2bc-4d75-98b1-0440b5290833', '0d36fd18-7d43-44e9-835e-f8630fa6f16e', '西番雅書', 3, NOW() - INTERVAL '32 days'),
  ('a7f9c562-d2bc-4d75-98b1-0440b5290833', '0d36fd18-7d43-44e9-835e-f8630fa6f16e', '哈該書', 1, NOW() - INTERVAL '32 days'),
  ('a7f9c562-d2bc-4d75-98b1-0440b5290833', '0d36fd18-7d43-44e9-835e-f8630fa6f16e', '哈該書', 2, NOW() - INTERVAL '32 days'),
  ('a7f9c562-d2bc-4d75-98b1-0440b5290833', '0d36fd18-7d43-44e9-835e-f8630fa6f16e', '士師記', 1, NOW() - INTERVAL '31 days'),
  ('a7f9c562-d2bc-4d75-98b1-0440b5290833', '0d36fd18-7d43-44e9-835e-f8630fa6f16e', '士師記', 2, NOW() - INTERVAL '31 days'),
  ('a7f9c562-d2bc-4d75-98b1-0440b5290833', '0d36fd18-7d43-44e9-835e-f8630fa6f16e', '士師記', 3, NOW() - INTERVAL '31 days'),
  ('a7f9c562-d2bc-4d75-98b1-0440b5290833', '0d36fd18-7d43-44e9-835e-f8630fa6f16e', '士師記', 4, NOW() - INTERVAL '31 days'),
  ('a7f9c562-d2bc-4d75-98b1-0440b5290833', '0d36fd18-7d43-44e9-835e-f8630fa6f16e', '士師記', 5, NOW() - INTERVAL '31 days'),
  ('a7f9c562-d2bc-4d75-98b1-0440b5290833', '0d36fd18-7d43-44e9-835e-f8630fa6f16e', '士師記', 6, NOW() - INTERVAL '30 days'),
  ('a7f9c562-d2bc-4d75-98b1-0440b5290833', '0d36fd18-7d43-44e9-835e-f8630fa6f16e', '士師記', 7, NOW() - INTERVAL '30 days'),
  ('a7f9c562-d2bc-4d75-98b1-0440b5290833', '0d36fd18-7d43-44e9-835e-f8630fa6f16e', '士師記', 8, NOW() - INTERVAL '30 days'),
  ('a7f9c562-d2bc-4d75-98b1-0440b5290833', '0d36fd18-7d43-44e9-835e-f8630fa6f16e', '士師記', 9, NOW() - INTERVAL '30 days'),
  ('a7f9c562-d2bc-4d75-98b1-0440b5290833', '0d36fd18-7d43-44e9-835e-f8630fa6f16e', '士師記', 10, NOW() - INTERVAL '30 days'),
  ('a7f9c562-d2bc-4d75-98b1-0440b5290833', '0d36fd18-7d43-44e9-835e-f8630fa6f16e', '士師記', 11, NOW() - INTERVAL '29 days'),
  ('a7f9c562-d2bc-4d75-98b1-0440b5290833', '0d36fd18-7d43-44e9-835e-f8630fa6f16e', '士師記', 12, NOW() - INTERVAL '29 days'),
  ('a7f9c562-d2bc-4d75-98b1-0440b5290833', '0d36fd18-7d43-44e9-835e-f8630fa6f16e', '士師記', 13, NOW() - INTERVAL '29 days'),
  ('a7f9c562-d2bc-4d75-98b1-0440b5290833', '0d36fd18-7d43-44e9-835e-f8630fa6f16e', '士師記', 14, NOW() - INTERVAL '29 days'),
  ('a7f9c562-d2bc-4d75-98b1-0440b5290833', '0d36fd18-7d43-44e9-835e-f8630fa6f16e', '士師記', 15, NOW() - INTERVAL '29 days'),
  ('a7f9c562-d2bc-4d75-98b1-0440b5290833', '0d36fd18-7d43-44e9-835e-f8630fa6f16e', '士師記', 16, NOW() - INTERVAL '28 days'),
  ('a7f9c562-d2bc-4d75-98b1-0440b5290833', '0d36fd18-7d43-44e9-835e-f8630fa6f16e', '士師記', 17, NOW() - INTERVAL '28 days'),
  ('a7f9c562-d2bc-4d75-98b1-0440b5290833', '0d36fd18-7d43-44e9-835e-f8630fa6f16e', '士師記', 18, NOW() - INTERVAL '28 days'),
  ('a7f9c562-d2bc-4d75-98b1-0440b5290833', '0d36fd18-7d43-44e9-835e-f8630fa6f16e', '士師記', 19, NOW() - INTERVAL '28 days'),
  ('a7f9c562-d2bc-4d75-98b1-0440b5290833', '0d36fd18-7d43-44e9-835e-f8630fa6f16e', '士師記', 20, NOW() - INTERVAL '28 days'),
  ('a7f9c562-d2bc-4d75-98b1-0440b5290833', '0d36fd18-7d43-44e9-835e-f8630fa6f16e', '士師記', 21, NOW() - INTERVAL '27 days'),
  ('a7f9c562-d2bc-4d75-98b1-0440b5290833', '0d36fd18-7d43-44e9-835e-f8630fa6f16e', '哥林多前書', 1, NOW() - INTERVAL '27 days'),
  ('a7f9c562-d2bc-4d75-98b1-0440b5290833', '0d36fd18-7d43-44e9-835e-f8630fa6f16e', '哥林多前書', 2, NOW() - INTERVAL '27 days'),
  ('a7f9c562-d2bc-4d75-98b1-0440b5290833', '0d36fd18-7d43-44e9-835e-f8630fa6f16e', '哥林多前書', 3, NOW() - INTERVAL '27 days'),
  ('a7f9c562-d2bc-4d75-98b1-0440b5290833', '0d36fd18-7d43-44e9-835e-f8630fa6f16e', '哥林多前書', 4, NOW() - INTERVAL '27 days'),
  ('a7f9c562-d2bc-4d75-98b1-0440b5290833', '0d36fd18-7d43-44e9-835e-f8630fa6f16e', '哥林多前書', 5, NOW() - INTERVAL '26 days'),
  ('a7f9c562-d2bc-4d75-98b1-0440b5290833', '0d36fd18-7d43-44e9-835e-f8630fa6f16e', '哥林多前書', 6, NOW() - INTERVAL '26 days'),
  ('a7f9c562-d2bc-4d75-98b1-0440b5290833', '0d36fd18-7d43-44e9-835e-f8630fa6f16e', '哥林多前書', 7, NOW() - INTERVAL '26 days'),
  ('a7f9c562-d2bc-4d75-98b1-0440b5290833', '0d36fd18-7d43-44e9-835e-f8630fa6f16e', '哥林多前書', 8, NOW() - INTERVAL '26 days'),
  ('a7f9c562-d2bc-4d75-98b1-0440b5290833', '0d36fd18-7d43-44e9-835e-f8630fa6f16e', '哥林多前書', 9, NOW() - INTERVAL '26 days'),
  ('a7f9c562-d2bc-4d75-98b1-0440b5290833', '0d36fd18-7d43-44e9-835e-f8630fa6f16e', '哥林多前書', 10, NOW() - INTERVAL '25 days'),
  ('a7f9c562-d2bc-4d75-98b1-0440b5290833', '0d36fd18-7d43-44e9-835e-f8630fa6f16e', '哥林多前書', 11, NOW() - INTERVAL '25 days'),
  ('a7f9c562-d2bc-4d75-98b1-0440b5290833', '0d36fd18-7d43-44e9-835e-f8630fa6f16e', '哥林多前書', 12, NOW() - INTERVAL '25 days'),
  ('a7f9c562-d2bc-4d75-98b1-0440b5290833', '0d36fd18-7d43-44e9-835e-f8630fa6f16e', '哥林多前書', 13, NOW() - INTERVAL '25 days'),
  ('a7f9c562-d2bc-4d75-98b1-0440b5290833', '0d36fd18-7d43-44e9-835e-f8630fa6f16e', '哥林多前書', 14, NOW() - INTERVAL '25 days'),
  ('a7f9c562-d2bc-4d75-98b1-0440b5290833', '0d36fd18-7d43-44e9-835e-f8630fa6f16e', '哥林多前書', 15, NOW() - INTERVAL '24 days'),
  ('a7f9c562-d2bc-4d75-98b1-0440b5290833', '0d36fd18-7d43-44e9-835e-f8630fa6f16e', '哥林多前書', 16, NOW() - INTERVAL '24 days'),
  ('a7f9c562-d2bc-4d75-98b1-0440b5290833', '0d36fd18-7d43-44e9-835e-f8630fa6f16e', '以斯拉記', 1, NOW() - INTERVAL '24 days'),
  ('a7f9c562-d2bc-4d75-98b1-0440b5290833', '0d36fd18-7d43-44e9-835e-f8630fa6f16e', '以斯拉記', 2, NOW() - INTERVAL '24 days'),
  ('a7f9c562-d2bc-4d75-98b1-0440b5290833', '0d36fd18-7d43-44e9-835e-f8630fa6f16e', '以斯拉記', 3, NOW() - INTERVAL '24 days'),
  ('a7f9c562-d2bc-4d75-98b1-0440b5290833', '0d36fd18-7d43-44e9-835e-f8630fa6f16e', '以斯拉記', 4, NOW() - INTERVAL '23 days'),
  ('a7f9c562-d2bc-4d75-98b1-0440b5290833', '0d36fd18-7d43-44e9-835e-f8630fa6f16e', '以斯拉記', 5, NOW() - INTERVAL '23 days'),
  ('a7f9c562-d2bc-4d75-98b1-0440b5290833', '0d36fd18-7d43-44e9-835e-f8630fa6f16e', '以斯拉記', 6, NOW() - INTERVAL '23 days'),
  ('a7f9c562-d2bc-4d75-98b1-0440b5290833', '0d36fd18-7d43-44e9-835e-f8630fa6f16e', '以斯拉記', 7, NOW() - INTERVAL '23 days'),
  ('a7f9c562-d2bc-4d75-98b1-0440b5290833', '0d36fd18-7d43-44e9-835e-f8630fa6f16e', '以斯拉記', 8, NOW() - INTERVAL '23 days'),
  ('a7f9c562-d2bc-4d75-98b1-0440b5290833', '0d36fd18-7d43-44e9-835e-f8630fa6f16e', '以斯拉記', 9, NOW() - INTERVAL '22 days'),
  ('a7f9c562-d2bc-4d75-98b1-0440b5290833', '0d36fd18-7d43-44e9-835e-f8630fa6f16e', '以斯拉記', 10, NOW() - INTERVAL '22 days'),
  ('a7f9c562-d2bc-4d75-98b1-0440b5290833', '0d36fd18-7d43-44e9-835e-f8630fa6f16e', '以西結書', 1, NOW() - INTERVAL '22 days'),
  ('a7f9c562-d2bc-4d75-98b1-0440b5290833', '0d36fd18-7d43-44e9-835e-f8630fa6f16e', '以西結書', 2, NOW() - INTERVAL '22 days'),
  ('a7f9c562-d2bc-4d75-98b1-0440b5290833', '0d36fd18-7d43-44e9-835e-f8630fa6f16e', '以西結書', 3, NOW() - INTERVAL '22 days'),
  ('a7f9c562-d2bc-4d75-98b1-0440b5290833', '0d36fd18-7d43-44e9-835e-f8630fa6f16e', '以西結書', 4, NOW() - INTERVAL '21 days'),
  ('a7f9c562-d2bc-4d75-98b1-0440b5290833', '0d36fd18-7d43-44e9-835e-f8630fa6f16e', '以西結書', 5, NOW() - INTERVAL '21 days'),
  ('a7f9c562-d2bc-4d75-98b1-0440b5290833', '0d36fd18-7d43-44e9-835e-f8630fa6f16e', '以西結書', 6, NOW() - INTERVAL '21 days'),
  ('a7f9c562-d2bc-4d75-98b1-0440b5290833', '0d36fd18-7d43-44e9-835e-f8630fa6f16e', '以西結書', 7, NOW() - INTERVAL '21 days'),
  ('a7f9c562-d2bc-4d75-98b1-0440b5290833', '0d36fd18-7d43-44e9-835e-f8630fa6f16e', '以西結書', 8, NOW() - INTERVAL '21 days'),
  ('a7f9c562-d2bc-4d75-98b1-0440b5290833', '0d36fd18-7d43-44e9-835e-f8630fa6f16e', '以西結書', 9, NOW() - INTERVAL '20 days'),
  ('a7f9c562-d2bc-4d75-98b1-0440b5290833', '0d36fd18-7d43-44e9-835e-f8630fa6f16e', '以西結書', 10, NOW() - INTERVAL '20 days'),
  ('a7f9c562-d2bc-4d75-98b1-0440b5290833', '0d36fd18-7d43-44e9-835e-f8630fa6f16e', '以西結書', 11, NOW() - INTERVAL '20 days'),
  ('a7f9c562-d2bc-4d75-98b1-0440b5290833', '0d36fd18-7d43-44e9-835e-f8630fa6f16e', '以西結書', 12, NOW() - INTERVAL '20 days'),
  ('a7f9c562-d2bc-4d75-98b1-0440b5290833', '0d36fd18-7d43-44e9-835e-f8630fa6f16e', '以西結書', 13, NOW() - INTERVAL '20 days'),
  ('a7f9c562-d2bc-4d75-98b1-0440b5290833', '0d36fd18-7d43-44e9-835e-f8630fa6f16e', '以西結書', 14, NOW() - INTERVAL '19 days'),
  ('a7f9c562-d2bc-4d75-98b1-0440b5290833', '0d36fd18-7d43-44e9-835e-f8630fa6f16e', '以西結書', 15, NOW() - INTERVAL '19 days'),
  ('a7f9c562-d2bc-4d75-98b1-0440b5290833', '0d36fd18-7d43-44e9-835e-f8630fa6f16e', '以西結書', 16, NOW() - INTERVAL '19 days'),
  ('a7f9c562-d2bc-4d75-98b1-0440b5290833', '0d36fd18-7d43-44e9-835e-f8630fa6f16e', '以西結書', 17, NOW() - INTERVAL '19 days'),
  ('a7f9c562-d2bc-4d75-98b1-0440b5290833', '0d36fd18-7d43-44e9-835e-f8630fa6f16e', '以西結書', 18, NOW() - INTERVAL '19 days'),
  ('a7f9c562-d2bc-4d75-98b1-0440b5290833', '0d36fd18-7d43-44e9-835e-f8630fa6f16e', '以西結書', 19, NOW() - INTERVAL '18 days'),
  ('a7f9c562-d2bc-4d75-98b1-0440b5290833', '0d36fd18-7d43-44e9-835e-f8630fa6f16e', '以西結書', 20, NOW() - INTERVAL '18 days'),
  ('a7f9c562-d2bc-4d75-98b1-0440b5290833', '0d36fd18-7d43-44e9-835e-f8630fa6f16e', '以西結書', 21, NOW() - INTERVAL '18 days'),
  ('a7f9c562-d2bc-4d75-98b1-0440b5290833', '0d36fd18-7d43-44e9-835e-f8630fa6f16e', '以西結書', 22, NOW() - INTERVAL '18 days'),
  ('a7f9c562-d2bc-4d75-98b1-0440b5290833', '0d36fd18-7d43-44e9-835e-f8630fa6f16e', '以西結書', 23, NOW() - INTERVAL '18 days'),
  ('a7f9c562-d2bc-4d75-98b1-0440b5290833', '0d36fd18-7d43-44e9-835e-f8630fa6f16e', '以西結書', 24, NOW() - INTERVAL '17 days'),
  ('a7f9c562-d2bc-4d75-98b1-0440b5290833', '0d36fd18-7d43-44e9-835e-f8630fa6f16e', '以西結書', 25, NOW() - INTERVAL '17 days'),
  ('a7f9c562-d2bc-4d75-98b1-0440b5290833', '0d36fd18-7d43-44e9-835e-f8630fa6f16e', '以西結書', 26, NOW() - INTERVAL '17 days'),
  ('a7f9c562-d2bc-4d75-98b1-0440b5290833', '0d36fd18-7d43-44e9-835e-f8630fa6f16e', '以西結書', 27, NOW() - INTERVAL '17 days'),
  ('a7f9c562-d2bc-4d75-98b1-0440b5290833', '0d36fd18-7d43-44e9-835e-f8630fa6f16e', '以西結書', 28, NOW() - INTERVAL '17 days'),
  ('a7f9c562-d2bc-4d75-98b1-0440b5290833', '0d36fd18-7d43-44e9-835e-f8630fa6f16e', '以西結書', 29, NOW() - INTERVAL '16 days'),
  ('a7f9c562-d2bc-4d75-98b1-0440b5290833', '0d36fd18-7d43-44e9-835e-f8630fa6f16e', '以西結書', 30, NOW() - INTERVAL '16 days'),
  ('a7f9c562-d2bc-4d75-98b1-0440b5290833', '0d36fd18-7d43-44e9-835e-f8630fa6f16e', '以西結書', 31, NOW() - INTERVAL '16 days'),
  ('a7f9c562-d2bc-4d75-98b1-0440b5290833', '0d36fd18-7d43-44e9-835e-f8630fa6f16e', '以西結書', 32, NOW() - INTERVAL '16 days'),
  ('a7f9c562-d2bc-4d75-98b1-0440b5290833', '0d36fd18-7d43-44e9-835e-f8630fa6f16e', '以西結書', 33, NOW() - INTERVAL '16 days'),
  ('a7f9c562-d2bc-4d75-98b1-0440b5290833', '0d36fd18-7d43-44e9-835e-f8630fa6f16e', '以西結書', 34, NOW() - INTERVAL '15 days'),
  ('a7f9c562-d2bc-4d75-98b1-0440b5290833', '0d36fd18-7d43-44e9-835e-f8630fa6f16e', '以西結書', 35, NOW() - INTERVAL '15 days'),
  ('a7f9c562-d2bc-4d75-98b1-0440b5290833', '0d36fd18-7d43-44e9-835e-f8630fa6f16e', '以西結書', 36, NOW() - INTERVAL '15 days'),
  ('a7f9c562-d2bc-4d75-98b1-0440b5290833', '0d36fd18-7d43-44e9-835e-f8630fa6f16e', '以西結書', 37, NOW() - INTERVAL '15 days'),
  ('a7f9c562-d2bc-4d75-98b1-0440b5290833', '0d36fd18-7d43-44e9-835e-f8630fa6f16e', '以西結書', 38, NOW() - INTERVAL '15 days'),
  ('a7f9c562-d2bc-4d75-98b1-0440b5290833', '0d36fd18-7d43-44e9-835e-f8630fa6f16e', '以西結書', 39, NOW() - INTERVAL '14 days'),
  ('a7f9c562-d2bc-4d75-98b1-0440b5290833', '0d36fd18-7d43-44e9-835e-f8630fa6f16e', '以西結書', 40, NOW() - INTERVAL '14 days'),
  ('a7f9c562-d2bc-4d75-98b1-0440b5290833', '0d36fd18-7d43-44e9-835e-f8630fa6f16e', '以西結書', 41, NOW() - INTERVAL '14 days'),
  ('a7f9c562-d2bc-4d75-98b1-0440b5290833', '0d36fd18-7d43-44e9-835e-f8630fa6f16e', '以西結書', 42, NOW() - INTERVAL '14 days'),
  ('a7f9c562-d2bc-4d75-98b1-0440b5290833', '0d36fd18-7d43-44e9-835e-f8630fa6f16e', '以西結書', 43, NOW() - INTERVAL '14 days'),
  ('a7f9c562-d2bc-4d75-98b1-0440b5290833', '0d36fd18-7d43-44e9-835e-f8630fa6f16e', '以西結書', 44, NOW() - INTERVAL '13 days'),
  ('a7f9c562-d2bc-4d75-98b1-0440b5290833', '0d36fd18-7d43-44e9-835e-f8630fa6f16e', '以西結書', 45, NOW() - INTERVAL '13 days'),
  ('a7f9c562-d2bc-4d75-98b1-0440b5290833', '0d36fd18-7d43-44e9-835e-f8630fa6f16e', '以西結書', 46, NOW() - INTERVAL '13 days'),
  ('a7f9c562-d2bc-4d75-98b1-0440b5290833', '0d36fd18-7d43-44e9-835e-f8630fa6f16e', '以西結書', 47, NOW() - INTERVAL '13 days'),
  ('a7f9c562-d2bc-4d75-98b1-0440b5290833', '0d36fd18-7d43-44e9-835e-f8630fa6f16e', '以西結書', 48, NOW() - INTERVAL '13 days'),
  ('a7f9c562-d2bc-4d75-98b1-0440b5290833', '0d36fd18-7d43-44e9-835e-f8630fa6f16e', '約珥書', 1, NOW() - INTERVAL '12 days'),
  ('a7f9c562-d2bc-4d75-98b1-0440b5290833', '0d36fd18-7d43-44e9-835e-f8630fa6f16e', '約珥書', 2, NOW() - INTERVAL '12 days'),
  ('a7f9c562-d2bc-4d75-98b1-0440b5290833', '0d36fd18-7d43-44e9-835e-f8630fa6f16e', '約珥書', 3, NOW() - INTERVAL '12 days'),
  ('a7f9c562-d2bc-4d75-98b1-0440b5290833', '0d36fd18-7d43-44e9-835e-f8630fa6f16e', '阿摩司書', 1, NOW() - INTERVAL '12 days'),
  ('a7f9c562-d2bc-4d75-98b1-0440b5290833', '0d36fd18-7d43-44e9-835e-f8630fa6f16e', '阿摩司書', 2, NOW() - INTERVAL '12 days'),
  ('a7f9c562-d2bc-4d75-98b1-0440b5290833', '0d36fd18-7d43-44e9-835e-f8630fa6f16e', '阿摩司書', 3, NOW() - INTERVAL '11 days'),
  ('a7f9c562-d2bc-4d75-98b1-0440b5290833', '0d36fd18-7d43-44e9-835e-f8630fa6f16e', '阿摩司書', 4, NOW() - INTERVAL '11 days'),
  ('a7f9c562-d2bc-4d75-98b1-0440b5290833', '0d36fd18-7d43-44e9-835e-f8630fa6f16e', '阿摩司書', 5, NOW() - INTERVAL '11 days'),
  ('a7f9c562-d2bc-4d75-98b1-0440b5290833', '0d36fd18-7d43-44e9-835e-f8630fa6f16e', '阿摩司書', 6, NOW() - INTERVAL '11 days'),
  ('a7f9c562-d2bc-4d75-98b1-0440b5290833', '0d36fd18-7d43-44e9-835e-f8630fa6f16e', '阿摩司書', 7, NOW() - INTERVAL '11 days'),
  ('a7f9c562-d2bc-4d75-98b1-0440b5290833', '0d36fd18-7d43-44e9-835e-f8630fa6f16e', '阿摩司書', 8, NOW() - INTERVAL '10 days'),
  ('a7f9c562-d2bc-4d75-98b1-0440b5290833', '0d36fd18-7d43-44e9-835e-f8630fa6f16e', '阿摩司書', 9, NOW() - INTERVAL '10 days'),
  ('a7f9c562-d2bc-4d75-98b1-0440b5290833', '0d36fd18-7d43-44e9-835e-f8630fa6f16e', '路得記', 1, NOW() - INTERVAL '10 days'),
  ('a7f9c562-d2bc-4d75-98b1-0440b5290833', '0d36fd18-7d43-44e9-835e-f8630fa6f16e', '路得記', 2, NOW() - INTERVAL '10 days'),
  ('a7f9c562-d2bc-4d75-98b1-0440b5290833', '0d36fd18-7d43-44e9-835e-f8630fa6f16e', '路得記', 3, NOW() - INTERVAL '10 days'),
  ('a7f9c562-d2bc-4d75-98b1-0440b5290833', '0d36fd18-7d43-44e9-835e-f8630fa6f16e', '路得記', 4, NOW() - INTERVAL '9 days'),
  ('a7f9c562-d2bc-4d75-98b1-0440b5290833', '0d36fd18-7d43-44e9-835e-f8630fa6f16e', '哥林多後書', 1, NOW() - INTERVAL '9 days'),
  ('a7f9c562-d2bc-4d75-98b1-0440b5290833', '0d36fd18-7d43-44e9-835e-f8630fa6f16e', '哥林多後書', 2, NOW() - INTERVAL '9 days'),
  ('a7f9c562-d2bc-4d75-98b1-0440b5290833', '0d36fd18-7d43-44e9-835e-f8630fa6f16e', '哥林多後書', 3, NOW() - INTERVAL '9 days'),
  ('a7f9c562-d2bc-4d75-98b1-0440b5290833', '0d36fd18-7d43-44e9-835e-f8630fa6f16e', '哥林多後書', 4, NOW() - INTERVAL '9 days'),
  ('a7f9c562-d2bc-4d75-98b1-0440b5290833', '0d36fd18-7d43-44e9-835e-f8630fa6f16e', '哥林多後書', 5, NOW() - INTERVAL '8 days'),
  ('a7f9c562-d2bc-4d75-98b1-0440b5290833', '0d36fd18-7d43-44e9-835e-f8630fa6f16e', '哥林多後書', 6, NOW() - INTERVAL '8 days'),
  ('a7f9c562-d2bc-4d75-98b1-0440b5290833', '0d36fd18-7d43-44e9-835e-f8630fa6f16e', '哥林多後書', 7, NOW() - INTERVAL '8 days'),
  ('a7f9c562-d2bc-4d75-98b1-0440b5290833', '0d36fd18-7d43-44e9-835e-f8630fa6f16e', '哥林多後書', 8, NOW() - INTERVAL '8 days'),
  ('a7f9c562-d2bc-4d75-98b1-0440b5290833', '0d36fd18-7d43-44e9-835e-f8630fa6f16e', '哥林多後書', 9, NOW() - INTERVAL '8 days'),
  ('a7f9c562-d2bc-4d75-98b1-0440b5290833', '0d36fd18-7d43-44e9-835e-f8630fa6f16e', '哥林多後書', 10, NOW() - INTERVAL '7 days'),
  ('a7f9c562-d2bc-4d75-98b1-0440b5290833', '0d36fd18-7d43-44e9-835e-f8630fa6f16e', '哥林多後書', 11, NOW() - INTERVAL '7 days'),
  ('a7f9c562-d2bc-4d75-98b1-0440b5290833', '0d36fd18-7d43-44e9-835e-f8630fa6f16e', '哥林多後書', 12, NOW() - INTERVAL '7 days'),
  ('a7f9c562-d2bc-4d75-98b1-0440b5290833', '0d36fd18-7d43-44e9-835e-f8630fa6f16e', '哥林多後書', 13, NOW() - INTERVAL '7 days'),
  ('a7f9c562-d2bc-4d75-98b1-0440b5290833', '0d36fd18-7d43-44e9-835e-f8630fa6f16e', '歷代志上', 1, NOW() - INTERVAL '7 days'),
  ('a7f9c562-d2bc-4d75-98b1-0440b5290833', '0d36fd18-7d43-44e9-835e-f8630fa6f16e', '歷代志上', 2, NOW() - INTERVAL '6 days'),
  ('a7f9c562-d2bc-4d75-98b1-0440b5290833', '0d36fd18-7d43-44e9-835e-f8630fa6f16e', '歷代志上', 3, NOW() - INTERVAL '6 days'),
  ('a7f9c562-d2bc-4d75-98b1-0440b5290833', '0d36fd18-7d43-44e9-835e-f8630fa6f16e', '歷代志上', 4, NOW() - INTERVAL '6 days'),
  ('a7f9c562-d2bc-4d75-98b1-0440b5290833', '0d36fd18-7d43-44e9-835e-f8630fa6f16e', '歷代志上', 5, NOW() - INTERVAL '6 days'),
  ('a7f9c562-d2bc-4d75-98b1-0440b5290833', '0d36fd18-7d43-44e9-835e-f8630fa6f16e', '歷代志上', 6, NOW() - INTERVAL '6 days'),
  ('a7f9c562-d2bc-4d75-98b1-0440b5290833', '0d36fd18-7d43-44e9-835e-f8630fa6f16e', '歷代志上', 7, NOW() - INTERVAL '5 days'),
  ('a7f9c562-d2bc-4d75-98b1-0440b5290833', '0d36fd18-7d43-44e9-835e-f8630fa6f16e', '歷代志上', 8, NOW() - INTERVAL '5 days'),
  ('a7f9c562-d2bc-4d75-98b1-0440b5290833', '0d36fd18-7d43-44e9-835e-f8630fa6f16e', '歷代志上', 9, NOW() - INTERVAL '5 days'),
  ('a7f9c562-d2bc-4d75-98b1-0440b5290833', '0d36fd18-7d43-44e9-835e-f8630fa6f16e', '歷代志上', 10, NOW() - INTERVAL '5 days'),
  ('a7f9c562-d2bc-4d75-98b1-0440b5290833', '0d36fd18-7d43-44e9-835e-f8630fa6f16e', '歷代志上', 11, NOW() - INTERVAL '5 days'),
  ('a7f9c562-d2bc-4d75-98b1-0440b5290833', '0d36fd18-7d43-44e9-835e-f8630fa6f16e', '歷代志上', 12, NOW() - INTERVAL '4 days'),
  ('a7f9c562-d2bc-4d75-98b1-0440b5290833', '0d36fd18-7d43-44e9-835e-f8630fa6f16e', '歷代志上', 13, NOW() - INTERVAL '4 days'),
  ('a7f9c562-d2bc-4d75-98b1-0440b5290833', '0d36fd18-7d43-44e9-835e-f8630fa6f16e', '歷代志上', 14, NOW() - INTERVAL '4 days'),
  ('a7f9c562-d2bc-4d75-98b1-0440b5290833', '0d36fd18-7d43-44e9-835e-f8630fa6f16e', '歷代志上', 15, NOW() - INTERVAL '4 days'),
  ('a7f9c562-d2bc-4d75-98b1-0440b5290833', '0d36fd18-7d43-44e9-835e-f8630fa6f16e', '歷代志上', 16, NOW() - INTERVAL '4 days'),
  ('a7f9c562-d2bc-4d75-98b1-0440b5290833', '0d36fd18-7d43-44e9-835e-f8630fa6f16e', '歷代志上', 17, NOW() - INTERVAL '3 days'),
  ('a7f9c562-d2bc-4d75-98b1-0440b5290833', '0d36fd18-7d43-44e9-835e-f8630fa6f16e', '歷代志上', 18, NOW() - INTERVAL '3 days'),
  ('a7f9c562-d2bc-4d75-98b1-0440b5290833', '0d36fd18-7d43-44e9-835e-f8630fa6f16e', '歷代志上', 19, NOW() - INTERVAL '3 days'),
  ('a7f9c562-d2bc-4d75-98b1-0440b5290833', '0d36fd18-7d43-44e9-835e-f8630fa6f16e', '歷代志上', 20, NOW() - INTERVAL '3 days'),
  ('a7f9c562-d2bc-4d75-98b1-0440b5290833', '0d36fd18-7d43-44e9-835e-f8630fa6f16e', '歷代志上', 21, NOW() - INTERVAL '3 days'),
  ('a7f9c562-d2bc-4d75-98b1-0440b5290833', '0d36fd18-7d43-44e9-835e-f8630fa6f16e', '歷代志上', 22, NOW() - INTERVAL '2 days'),
  ('a7f9c562-d2bc-4d75-98b1-0440b5290833', '0d36fd18-7d43-44e9-835e-f8630fa6f16e', '歷代志上', 23, NOW() - INTERVAL '2 days'),
  ('a7f9c562-d2bc-4d75-98b1-0440b5290833', '0d36fd18-7d43-44e9-835e-f8630fa6f16e', '歷代志上', 24, NOW() - INTERVAL '2 days'),
  ('a7f9c562-d2bc-4d75-98b1-0440b5290833', '0d36fd18-7d43-44e9-835e-f8630fa6f16e', '歷代志上', 25, NOW() - INTERVAL '2 days'),
  ('a7f9c562-d2bc-4d75-98b1-0440b5290833', '0d36fd18-7d43-44e9-835e-f8630fa6f16e', '歷代志上', 26, NOW() - INTERVAL '2 days'),
  ('a7f9c562-d2bc-4d75-98b1-0440b5290833', '0d36fd18-7d43-44e9-835e-f8630fa6f16e', '歷代志上', 27, NOW() - INTERVAL '1 days'),
  ('a7f9c562-d2bc-4d75-98b1-0440b5290833', '0d36fd18-7d43-44e9-835e-f8630fa6f16e', '歷代志上', 28, NOW() - INTERVAL '1 days'),
  ('a7f9c562-d2bc-4d75-98b1-0440b5290833', '0d36fd18-7d43-44e9-835e-f8630fa6f16e', '歷代志上', 29, NOW() - INTERVAL '1 days'),
  ('a7f9c562-d2bc-4d75-98b1-0440b5290833', '0d36fd18-7d43-44e9-835e-f8630fa6f16e', '提摩太前書', 1, NOW() - INTERVAL '1 days'),
  ('a7f9c562-d2bc-4d75-98b1-0440b5290833', '0d36fd18-7d43-44e9-835e-f8630fa6f16e', '提摩太前書', 2, NOW() - INTERVAL '1 days'),
  ('a7f9c562-d2bc-4d75-98b1-0440b5290833', '0d36fd18-7d43-44e9-835e-f8630fa6f16e', '提摩太前書', 3, NOW() - INTERVAL '0 days'),
  ('a7f9c562-d2bc-4d75-98b1-0440b5290833', '0d36fd18-7d43-44e9-835e-f8630fa6f16e', '提摩太前書', 4, NOW() - INTERVAL '0 days'),
  ('a7f9c562-d2bc-4d75-98b1-0440b5290833', '0d36fd18-7d43-44e9-835e-f8630fa6f16e', '提摩太前書', 5, NOW() - INTERVAL '0 days'),
  ('a7f9c562-d2bc-4d75-98b1-0440b5290833', '0d36fd18-7d43-44e9-835e-f8630fa6f16e', '提摩太前書', 6, NOW() - INTERVAL '0 days');

--------------------------------------------------

-- 使用者: 示範組員十一
INSERT INTO auth.users (id, email, raw_user_meta_data, created_at, updated_at, instance_id, aud, role, encrypted_password)
VALUES (
  '08e5fcec-a9c1-4a28-a7c0-5399d09a016c',
  '08e5fcec@church-bible.com',
  '{"full_name": "示範組員十一"}',
  NOW() - INTERVAL '51 days',
  NOW(),
  '00000000-0000-0000-0000-000000000000',
  'authenticated',
  'authenticated',
  '$2a$10$abcdefghijklmnopqrstuv' -- Dummy bcrypt hash
) ON CONFLICT (id) DO NOTHING;

INSERT INTO public.profiles (id, name, great_region, pastoral_zone, small_group, role, is_demo, updated_at)
VALUES (
  '08e5fcec-a9c1-4a28-a7c0-5399d09a016c',
  '示範組員十一',
  '示範大區C',
  '示範牧區辛',
  '示範小組9',
  'member',
  TRUE,
  NOW()
) ON CONFLICT (id) DO NOTHING;

INSERT INTO public.reading_plans (id, user_id, name, start_date, end_date, target_books)
VALUES (
  '8c17588c-9b83-47ad-92c7-4da1c3d6a50e',
  '08e5fcec-a9c1-4a28-a7c0-5399d09a016c',
  '第一季速讀：2026年7月~9月',
  '2026-07-01',
  '2026-09-30',
  ARRAY['創世記', '馬太福音', '列王紀下', '雅各書', '出埃及記', '馬可福音', '約伯記', '加拉太書', '哈巴谷書', '猶大書', '利未記', '路加福音', '歷代志下', '帖撒羅尼迦前書', '約拿書', '約翰二書', '彌迦書', '約翰三書']
) ON CONFLICT (id) DO NOTHING;

INSERT INTO public.reading_logs (user_id, plan_id, book, chapter, read_at)
VALUES
  ('08e5fcec-a9c1-4a28-a7c0-5399d09a016c', '8c17588c-9b83-47ad-92c7-4da1c3d6a50e', '創世記', 1, NOW() - INTERVAL '50 days'),
  ('08e5fcec-a9c1-4a28-a7c0-5399d09a016c', '8c17588c-9b83-47ad-92c7-4da1c3d6a50e', '創世記', 2, NOW() - INTERVAL '49 days'),
  ('08e5fcec-a9c1-4a28-a7c0-5399d09a016c', '8c17588c-9b83-47ad-92c7-4da1c3d6a50e', '創世記', 3, NOW() - INTERVAL '49 days'),
  ('08e5fcec-a9c1-4a28-a7c0-5399d09a016c', '8c17588c-9b83-47ad-92c7-4da1c3d6a50e', '創世記', 4, NOW() - INTERVAL '49 days'),
  ('08e5fcec-a9c1-4a28-a7c0-5399d09a016c', '8c17588c-9b83-47ad-92c7-4da1c3d6a50e', '創世記', 5, NOW() - INTERVAL '49 days'),
  ('08e5fcec-a9c1-4a28-a7c0-5399d09a016c', '8c17588c-9b83-47ad-92c7-4da1c3d6a50e', '創世記', 6, NOW() - INTERVAL '49 days'),
  ('08e5fcec-a9c1-4a28-a7c0-5399d09a016c', '8c17588c-9b83-47ad-92c7-4da1c3d6a50e', '創世記', 7, NOW() - INTERVAL '48 days'),
  ('08e5fcec-a9c1-4a28-a7c0-5399d09a016c', '8c17588c-9b83-47ad-92c7-4da1c3d6a50e', '創世記', 8, NOW() - INTERVAL '48 days'),
  ('08e5fcec-a9c1-4a28-a7c0-5399d09a016c', '8c17588c-9b83-47ad-92c7-4da1c3d6a50e', '創世記', 9, NOW() - INTERVAL '48 days'),
  ('08e5fcec-a9c1-4a28-a7c0-5399d09a016c', '8c17588c-9b83-47ad-92c7-4da1c3d6a50e', '創世記', 10, NOW() - INTERVAL '48 days'),
  ('08e5fcec-a9c1-4a28-a7c0-5399d09a016c', '8c17588c-9b83-47ad-92c7-4da1c3d6a50e', '創世記', 11, NOW() - INTERVAL '48 days'),
  ('08e5fcec-a9c1-4a28-a7c0-5399d09a016c', '8c17588c-9b83-47ad-92c7-4da1c3d6a50e', '創世記', 12, NOW() - INTERVAL '47 days'),
  ('08e5fcec-a9c1-4a28-a7c0-5399d09a016c', '8c17588c-9b83-47ad-92c7-4da1c3d6a50e', '創世記', 13, NOW() - INTERVAL '47 days'),
  ('08e5fcec-a9c1-4a28-a7c0-5399d09a016c', '8c17588c-9b83-47ad-92c7-4da1c3d6a50e', '創世記', 14, NOW() - INTERVAL '47 days'),
  ('08e5fcec-a9c1-4a28-a7c0-5399d09a016c', '8c17588c-9b83-47ad-92c7-4da1c3d6a50e', '創世記', 15, NOW() - INTERVAL '47 days'),
  ('08e5fcec-a9c1-4a28-a7c0-5399d09a016c', '8c17588c-9b83-47ad-92c7-4da1c3d6a50e', '創世記', 16, NOW() - INTERVAL '47 days'),
  ('08e5fcec-a9c1-4a28-a7c0-5399d09a016c', '8c17588c-9b83-47ad-92c7-4da1c3d6a50e', '創世記', 17, NOW() - INTERVAL '46 days'),
  ('08e5fcec-a9c1-4a28-a7c0-5399d09a016c', '8c17588c-9b83-47ad-92c7-4da1c3d6a50e', '創世記', 18, NOW() - INTERVAL '46 days'),
  ('08e5fcec-a9c1-4a28-a7c0-5399d09a016c', '8c17588c-9b83-47ad-92c7-4da1c3d6a50e', '創世記', 19, NOW() - INTERVAL '46 days'),
  ('08e5fcec-a9c1-4a28-a7c0-5399d09a016c', '8c17588c-9b83-47ad-92c7-4da1c3d6a50e', '創世記', 20, NOW() - INTERVAL '46 days'),
  ('08e5fcec-a9c1-4a28-a7c0-5399d09a016c', '8c17588c-9b83-47ad-92c7-4da1c3d6a50e', '創世記', 21, NOW() - INTERVAL '46 days'),
  ('08e5fcec-a9c1-4a28-a7c0-5399d09a016c', '8c17588c-9b83-47ad-92c7-4da1c3d6a50e', '創世記', 22, NOW() - INTERVAL '45 days'),
  ('08e5fcec-a9c1-4a28-a7c0-5399d09a016c', '8c17588c-9b83-47ad-92c7-4da1c3d6a50e', '創世記', 23, NOW() - INTERVAL '45 days'),
  ('08e5fcec-a9c1-4a28-a7c0-5399d09a016c', '8c17588c-9b83-47ad-92c7-4da1c3d6a50e', '創世記', 24, NOW() - INTERVAL '45 days'),
  ('08e5fcec-a9c1-4a28-a7c0-5399d09a016c', '8c17588c-9b83-47ad-92c7-4da1c3d6a50e', '創世記', 25, NOW() - INTERVAL '45 days'),
  ('08e5fcec-a9c1-4a28-a7c0-5399d09a016c', '8c17588c-9b83-47ad-92c7-4da1c3d6a50e', '創世記', 26, NOW() - INTERVAL '45 days'),
  ('08e5fcec-a9c1-4a28-a7c0-5399d09a016c', '8c17588c-9b83-47ad-92c7-4da1c3d6a50e', '創世記', 27, NOW() - INTERVAL '44 days'),
  ('08e5fcec-a9c1-4a28-a7c0-5399d09a016c', '8c17588c-9b83-47ad-92c7-4da1c3d6a50e', '創世記', 28, NOW() - INTERVAL '44 days'),
  ('08e5fcec-a9c1-4a28-a7c0-5399d09a016c', '8c17588c-9b83-47ad-92c7-4da1c3d6a50e', '創世記', 29, NOW() - INTERVAL '44 days'),
  ('08e5fcec-a9c1-4a28-a7c0-5399d09a016c', '8c17588c-9b83-47ad-92c7-4da1c3d6a50e', '創世記', 30, NOW() - INTERVAL '44 days'),
  ('08e5fcec-a9c1-4a28-a7c0-5399d09a016c', '8c17588c-9b83-47ad-92c7-4da1c3d6a50e', '創世記', 31, NOW() - INTERVAL '44 days'),
  ('08e5fcec-a9c1-4a28-a7c0-5399d09a016c', '8c17588c-9b83-47ad-92c7-4da1c3d6a50e', '創世記', 32, NOW() - INTERVAL '43 days'),
  ('08e5fcec-a9c1-4a28-a7c0-5399d09a016c', '8c17588c-9b83-47ad-92c7-4da1c3d6a50e', '創世記', 33, NOW() - INTERVAL '43 days'),
  ('08e5fcec-a9c1-4a28-a7c0-5399d09a016c', '8c17588c-9b83-47ad-92c7-4da1c3d6a50e', '創世記', 34, NOW() - INTERVAL '43 days'),
  ('08e5fcec-a9c1-4a28-a7c0-5399d09a016c', '8c17588c-9b83-47ad-92c7-4da1c3d6a50e', '創世記', 35, NOW() - INTERVAL '43 days'),
  ('08e5fcec-a9c1-4a28-a7c0-5399d09a016c', '8c17588c-9b83-47ad-92c7-4da1c3d6a50e', '創世記', 36, NOW() - INTERVAL '43 days'),
  ('08e5fcec-a9c1-4a28-a7c0-5399d09a016c', '8c17588c-9b83-47ad-92c7-4da1c3d6a50e', '創世記', 37, NOW() - INTERVAL '42 days'),
  ('08e5fcec-a9c1-4a28-a7c0-5399d09a016c', '8c17588c-9b83-47ad-92c7-4da1c3d6a50e', '創世記', 38, NOW() - INTERVAL '42 days'),
  ('08e5fcec-a9c1-4a28-a7c0-5399d09a016c', '8c17588c-9b83-47ad-92c7-4da1c3d6a50e', '創世記', 39, NOW() - INTERVAL '42 days'),
  ('08e5fcec-a9c1-4a28-a7c0-5399d09a016c', '8c17588c-9b83-47ad-92c7-4da1c3d6a50e', '創世記', 40, NOW() - INTERVAL '42 days'),
  ('08e5fcec-a9c1-4a28-a7c0-5399d09a016c', '8c17588c-9b83-47ad-92c7-4da1c3d6a50e', '創世記', 41, NOW() - INTERVAL '42 days'),
  ('08e5fcec-a9c1-4a28-a7c0-5399d09a016c', '8c17588c-9b83-47ad-92c7-4da1c3d6a50e', '創世記', 42, NOW() - INTERVAL '41 days'),
  ('08e5fcec-a9c1-4a28-a7c0-5399d09a016c', '8c17588c-9b83-47ad-92c7-4da1c3d6a50e', '創世記', 43, NOW() - INTERVAL '41 days'),
  ('08e5fcec-a9c1-4a28-a7c0-5399d09a016c', '8c17588c-9b83-47ad-92c7-4da1c3d6a50e', '創世記', 44, NOW() - INTERVAL '41 days'),
  ('08e5fcec-a9c1-4a28-a7c0-5399d09a016c', '8c17588c-9b83-47ad-92c7-4da1c3d6a50e', '創世記', 45, NOW() - INTERVAL '41 days'),
  ('08e5fcec-a9c1-4a28-a7c0-5399d09a016c', '8c17588c-9b83-47ad-92c7-4da1c3d6a50e', '創世記', 46, NOW() - INTERVAL '41 days'),
  ('08e5fcec-a9c1-4a28-a7c0-5399d09a016c', '8c17588c-9b83-47ad-92c7-4da1c3d6a50e', '創世記', 47, NOW() - INTERVAL '40 days'),
  ('08e5fcec-a9c1-4a28-a7c0-5399d09a016c', '8c17588c-9b83-47ad-92c7-4da1c3d6a50e', '創世記', 48, NOW() - INTERVAL '40 days'),
  ('08e5fcec-a9c1-4a28-a7c0-5399d09a016c', '8c17588c-9b83-47ad-92c7-4da1c3d6a50e', '創世記', 49, NOW() - INTERVAL '40 days'),
  ('08e5fcec-a9c1-4a28-a7c0-5399d09a016c', '8c17588c-9b83-47ad-92c7-4da1c3d6a50e', '創世記', 50, NOW() - INTERVAL '40 days'),
  ('08e5fcec-a9c1-4a28-a7c0-5399d09a016c', '8c17588c-9b83-47ad-92c7-4da1c3d6a50e', '馬太福音', 1, NOW() - INTERVAL '40 days'),
  ('08e5fcec-a9c1-4a28-a7c0-5399d09a016c', '8c17588c-9b83-47ad-92c7-4da1c3d6a50e', '馬太福音', 2, NOW() - INTERVAL '39 days'),
  ('08e5fcec-a9c1-4a28-a7c0-5399d09a016c', '8c17588c-9b83-47ad-92c7-4da1c3d6a50e', '馬太福音', 3, NOW() - INTERVAL '39 days'),
  ('08e5fcec-a9c1-4a28-a7c0-5399d09a016c', '8c17588c-9b83-47ad-92c7-4da1c3d6a50e', '馬太福音', 4, NOW() - INTERVAL '39 days'),
  ('08e5fcec-a9c1-4a28-a7c0-5399d09a016c', '8c17588c-9b83-47ad-92c7-4da1c3d6a50e', '馬太福音', 5, NOW() - INTERVAL '39 days'),
  ('08e5fcec-a9c1-4a28-a7c0-5399d09a016c', '8c17588c-9b83-47ad-92c7-4da1c3d6a50e', '馬太福音', 6, NOW() - INTERVAL '39 days'),
  ('08e5fcec-a9c1-4a28-a7c0-5399d09a016c', '8c17588c-9b83-47ad-92c7-4da1c3d6a50e', '馬太福音', 7, NOW() - INTERVAL '38 days'),
  ('08e5fcec-a9c1-4a28-a7c0-5399d09a016c', '8c17588c-9b83-47ad-92c7-4da1c3d6a50e', '馬太福音', 8, NOW() - INTERVAL '38 days'),
  ('08e5fcec-a9c1-4a28-a7c0-5399d09a016c', '8c17588c-9b83-47ad-92c7-4da1c3d6a50e', '馬太福音', 9, NOW() - INTERVAL '38 days'),
  ('08e5fcec-a9c1-4a28-a7c0-5399d09a016c', '8c17588c-9b83-47ad-92c7-4da1c3d6a50e', '馬太福音', 10, NOW() - INTERVAL '38 days'),
  ('08e5fcec-a9c1-4a28-a7c0-5399d09a016c', '8c17588c-9b83-47ad-92c7-4da1c3d6a50e', '馬太福音', 11, NOW() - INTERVAL '38 days'),
  ('08e5fcec-a9c1-4a28-a7c0-5399d09a016c', '8c17588c-9b83-47ad-92c7-4da1c3d6a50e', '馬太福音', 12, NOW() - INTERVAL '37 days'),
  ('08e5fcec-a9c1-4a28-a7c0-5399d09a016c', '8c17588c-9b83-47ad-92c7-4da1c3d6a50e', '馬太福音', 13, NOW() - INTERVAL '37 days'),
  ('08e5fcec-a9c1-4a28-a7c0-5399d09a016c', '8c17588c-9b83-47ad-92c7-4da1c3d6a50e', '馬太福音', 14, NOW() - INTERVAL '37 days'),
  ('08e5fcec-a9c1-4a28-a7c0-5399d09a016c', '8c17588c-9b83-47ad-92c7-4da1c3d6a50e', '馬太福音', 15, NOW() - INTERVAL '37 days'),
  ('08e5fcec-a9c1-4a28-a7c0-5399d09a016c', '8c17588c-9b83-47ad-92c7-4da1c3d6a50e', '馬太福音', 16, NOW() - INTERVAL '37 days'),
  ('08e5fcec-a9c1-4a28-a7c0-5399d09a016c', '8c17588c-9b83-47ad-92c7-4da1c3d6a50e', '馬太福音', 17, NOW() - INTERVAL '36 days'),
  ('08e5fcec-a9c1-4a28-a7c0-5399d09a016c', '8c17588c-9b83-47ad-92c7-4da1c3d6a50e', '馬太福音', 18, NOW() - INTERVAL '36 days'),
  ('08e5fcec-a9c1-4a28-a7c0-5399d09a016c', '8c17588c-9b83-47ad-92c7-4da1c3d6a50e', '馬太福音', 19, NOW() - INTERVAL '36 days'),
  ('08e5fcec-a9c1-4a28-a7c0-5399d09a016c', '8c17588c-9b83-47ad-92c7-4da1c3d6a50e', '馬太福音', 20, NOW() - INTERVAL '36 days'),
  ('08e5fcec-a9c1-4a28-a7c0-5399d09a016c', '8c17588c-9b83-47ad-92c7-4da1c3d6a50e', '馬太福音', 21, NOW() - INTERVAL '36 days'),
  ('08e5fcec-a9c1-4a28-a7c0-5399d09a016c', '8c17588c-9b83-47ad-92c7-4da1c3d6a50e', '馬太福音', 22, NOW() - INTERVAL '35 days'),
  ('08e5fcec-a9c1-4a28-a7c0-5399d09a016c', '8c17588c-9b83-47ad-92c7-4da1c3d6a50e', '馬太福音', 23, NOW() - INTERVAL '35 days'),
  ('08e5fcec-a9c1-4a28-a7c0-5399d09a016c', '8c17588c-9b83-47ad-92c7-4da1c3d6a50e', '馬太福音', 24, NOW() - INTERVAL '35 days'),
  ('08e5fcec-a9c1-4a28-a7c0-5399d09a016c', '8c17588c-9b83-47ad-92c7-4da1c3d6a50e', '馬太福音', 25, NOW() - INTERVAL '35 days'),
  ('08e5fcec-a9c1-4a28-a7c0-5399d09a016c', '8c17588c-9b83-47ad-92c7-4da1c3d6a50e', '馬太福音', 26, NOW() - INTERVAL '35 days'),
  ('08e5fcec-a9c1-4a28-a7c0-5399d09a016c', '8c17588c-9b83-47ad-92c7-4da1c3d6a50e', '馬太福音', 27, NOW() - INTERVAL '34 days'),
  ('08e5fcec-a9c1-4a28-a7c0-5399d09a016c', '8c17588c-9b83-47ad-92c7-4da1c3d6a50e', '馬太福音', 28, NOW() - INTERVAL '34 days'),
  ('08e5fcec-a9c1-4a28-a7c0-5399d09a016c', '8c17588c-9b83-47ad-92c7-4da1c3d6a50e', '列王紀下', 1, NOW() - INTERVAL '34 days'),
  ('08e5fcec-a9c1-4a28-a7c0-5399d09a016c', '8c17588c-9b83-47ad-92c7-4da1c3d6a50e', '列王紀下', 2, NOW() - INTERVAL '34 days'),
  ('08e5fcec-a9c1-4a28-a7c0-5399d09a016c', '8c17588c-9b83-47ad-92c7-4da1c3d6a50e', '列王紀下', 3, NOW() - INTERVAL '34 days'),
  ('08e5fcec-a9c1-4a28-a7c0-5399d09a016c', '8c17588c-9b83-47ad-92c7-4da1c3d6a50e', '列王紀下', 4, NOW() - INTERVAL '33 days'),
  ('08e5fcec-a9c1-4a28-a7c0-5399d09a016c', '8c17588c-9b83-47ad-92c7-4da1c3d6a50e', '列王紀下', 5, NOW() - INTERVAL '33 days'),
  ('08e5fcec-a9c1-4a28-a7c0-5399d09a016c', '8c17588c-9b83-47ad-92c7-4da1c3d6a50e', '列王紀下', 6, NOW() - INTERVAL '33 days'),
  ('08e5fcec-a9c1-4a28-a7c0-5399d09a016c', '8c17588c-9b83-47ad-92c7-4da1c3d6a50e', '列王紀下', 7, NOW() - INTERVAL '33 days'),
  ('08e5fcec-a9c1-4a28-a7c0-5399d09a016c', '8c17588c-9b83-47ad-92c7-4da1c3d6a50e', '列王紀下', 8, NOW() - INTERVAL '33 days'),
  ('08e5fcec-a9c1-4a28-a7c0-5399d09a016c', '8c17588c-9b83-47ad-92c7-4da1c3d6a50e', '列王紀下', 9, NOW() - INTERVAL '32 days'),
  ('08e5fcec-a9c1-4a28-a7c0-5399d09a016c', '8c17588c-9b83-47ad-92c7-4da1c3d6a50e', '列王紀下', 10, NOW() - INTERVAL '32 days'),
  ('08e5fcec-a9c1-4a28-a7c0-5399d09a016c', '8c17588c-9b83-47ad-92c7-4da1c3d6a50e', '列王紀下', 11, NOW() - INTERVAL '32 days'),
  ('08e5fcec-a9c1-4a28-a7c0-5399d09a016c', '8c17588c-9b83-47ad-92c7-4da1c3d6a50e', '列王紀下', 12, NOW() - INTERVAL '32 days'),
  ('08e5fcec-a9c1-4a28-a7c0-5399d09a016c', '8c17588c-9b83-47ad-92c7-4da1c3d6a50e', '列王紀下', 13, NOW() - INTERVAL '32 days'),
  ('08e5fcec-a9c1-4a28-a7c0-5399d09a016c', '8c17588c-9b83-47ad-92c7-4da1c3d6a50e', '列王紀下', 14, NOW() - INTERVAL '31 days'),
  ('08e5fcec-a9c1-4a28-a7c0-5399d09a016c', '8c17588c-9b83-47ad-92c7-4da1c3d6a50e', '列王紀下', 15, NOW() - INTERVAL '31 days'),
  ('08e5fcec-a9c1-4a28-a7c0-5399d09a016c', '8c17588c-9b83-47ad-92c7-4da1c3d6a50e', '列王紀下', 16, NOW() - INTERVAL '31 days'),
  ('08e5fcec-a9c1-4a28-a7c0-5399d09a016c', '8c17588c-9b83-47ad-92c7-4da1c3d6a50e', '列王紀下', 17, NOW() - INTERVAL '31 days'),
  ('08e5fcec-a9c1-4a28-a7c0-5399d09a016c', '8c17588c-9b83-47ad-92c7-4da1c3d6a50e', '列王紀下', 18, NOW() - INTERVAL '31 days'),
  ('08e5fcec-a9c1-4a28-a7c0-5399d09a016c', '8c17588c-9b83-47ad-92c7-4da1c3d6a50e', '列王紀下', 19, NOW() - INTERVAL '30 days'),
  ('08e5fcec-a9c1-4a28-a7c0-5399d09a016c', '8c17588c-9b83-47ad-92c7-4da1c3d6a50e', '列王紀下', 20, NOW() - INTERVAL '30 days'),
  ('08e5fcec-a9c1-4a28-a7c0-5399d09a016c', '8c17588c-9b83-47ad-92c7-4da1c3d6a50e', '列王紀下', 21, NOW() - INTERVAL '30 days'),
  ('08e5fcec-a9c1-4a28-a7c0-5399d09a016c', '8c17588c-9b83-47ad-92c7-4da1c3d6a50e', '列王紀下', 22, NOW() - INTERVAL '30 days'),
  ('08e5fcec-a9c1-4a28-a7c0-5399d09a016c', '8c17588c-9b83-47ad-92c7-4da1c3d6a50e', '列王紀下', 23, NOW() - INTERVAL '30 days'),
  ('08e5fcec-a9c1-4a28-a7c0-5399d09a016c', '8c17588c-9b83-47ad-92c7-4da1c3d6a50e', '列王紀下', 24, NOW() - INTERVAL '29 days'),
  ('08e5fcec-a9c1-4a28-a7c0-5399d09a016c', '8c17588c-9b83-47ad-92c7-4da1c3d6a50e', '列王紀下', 25, NOW() - INTERVAL '29 days'),
  ('08e5fcec-a9c1-4a28-a7c0-5399d09a016c', '8c17588c-9b83-47ad-92c7-4da1c3d6a50e', '雅各書', 1, NOW() - INTERVAL '29 days'),
  ('08e5fcec-a9c1-4a28-a7c0-5399d09a016c', '8c17588c-9b83-47ad-92c7-4da1c3d6a50e', '雅各書', 2, NOW() - INTERVAL '29 days'),
  ('08e5fcec-a9c1-4a28-a7c0-5399d09a016c', '8c17588c-9b83-47ad-92c7-4da1c3d6a50e', '雅各書', 3, NOW() - INTERVAL '29 days'),
  ('08e5fcec-a9c1-4a28-a7c0-5399d09a016c', '8c17588c-9b83-47ad-92c7-4da1c3d6a50e', '雅各書', 4, NOW() - INTERVAL '28 days'),
  ('08e5fcec-a9c1-4a28-a7c0-5399d09a016c', '8c17588c-9b83-47ad-92c7-4da1c3d6a50e', '雅各書', 5, NOW() - INTERVAL '28 days'),
  ('08e5fcec-a9c1-4a28-a7c0-5399d09a016c', '8c17588c-9b83-47ad-92c7-4da1c3d6a50e', '出埃及記', 1, NOW() - INTERVAL '28 days'),
  ('08e5fcec-a9c1-4a28-a7c0-5399d09a016c', '8c17588c-9b83-47ad-92c7-4da1c3d6a50e', '出埃及記', 2, NOW() - INTERVAL '28 days'),
  ('08e5fcec-a9c1-4a28-a7c0-5399d09a016c', '8c17588c-9b83-47ad-92c7-4da1c3d6a50e', '出埃及記', 3, NOW() - INTERVAL '28 days'),
  ('08e5fcec-a9c1-4a28-a7c0-5399d09a016c', '8c17588c-9b83-47ad-92c7-4da1c3d6a50e', '出埃及記', 4, NOW() - INTERVAL '27 days'),
  ('08e5fcec-a9c1-4a28-a7c0-5399d09a016c', '8c17588c-9b83-47ad-92c7-4da1c3d6a50e', '出埃及記', 5, NOW() - INTERVAL '27 days'),
  ('08e5fcec-a9c1-4a28-a7c0-5399d09a016c', '8c17588c-9b83-47ad-92c7-4da1c3d6a50e', '出埃及記', 6, NOW() - INTERVAL '27 days'),
  ('08e5fcec-a9c1-4a28-a7c0-5399d09a016c', '8c17588c-9b83-47ad-92c7-4da1c3d6a50e', '出埃及記', 7, NOW() - INTERVAL '27 days'),
  ('08e5fcec-a9c1-4a28-a7c0-5399d09a016c', '8c17588c-9b83-47ad-92c7-4da1c3d6a50e', '出埃及記', 8, NOW() - INTERVAL '27 days'),
  ('08e5fcec-a9c1-4a28-a7c0-5399d09a016c', '8c17588c-9b83-47ad-92c7-4da1c3d6a50e', '出埃及記', 9, NOW() - INTERVAL '26 days'),
  ('08e5fcec-a9c1-4a28-a7c0-5399d09a016c', '8c17588c-9b83-47ad-92c7-4da1c3d6a50e', '出埃及記', 10, NOW() - INTERVAL '26 days'),
  ('08e5fcec-a9c1-4a28-a7c0-5399d09a016c', '8c17588c-9b83-47ad-92c7-4da1c3d6a50e', '出埃及記', 11, NOW() - INTERVAL '26 days'),
  ('08e5fcec-a9c1-4a28-a7c0-5399d09a016c', '8c17588c-9b83-47ad-92c7-4da1c3d6a50e', '出埃及記', 12, NOW() - INTERVAL '26 days'),
  ('08e5fcec-a9c1-4a28-a7c0-5399d09a016c', '8c17588c-9b83-47ad-92c7-4da1c3d6a50e', '出埃及記', 13, NOW() - INTERVAL '26 days'),
  ('08e5fcec-a9c1-4a28-a7c0-5399d09a016c', '8c17588c-9b83-47ad-92c7-4da1c3d6a50e', '出埃及記', 14, NOW() - INTERVAL '25 days'),
  ('08e5fcec-a9c1-4a28-a7c0-5399d09a016c', '8c17588c-9b83-47ad-92c7-4da1c3d6a50e', '出埃及記', 15, NOW() - INTERVAL '25 days'),
  ('08e5fcec-a9c1-4a28-a7c0-5399d09a016c', '8c17588c-9b83-47ad-92c7-4da1c3d6a50e', '出埃及記', 16, NOW() - INTERVAL '25 days'),
  ('08e5fcec-a9c1-4a28-a7c0-5399d09a016c', '8c17588c-9b83-47ad-92c7-4da1c3d6a50e', '出埃及記', 17, NOW() - INTERVAL '25 days'),
  ('08e5fcec-a9c1-4a28-a7c0-5399d09a016c', '8c17588c-9b83-47ad-92c7-4da1c3d6a50e', '出埃及記', 18, NOW() - INTERVAL '25 days'),
  ('08e5fcec-a9c1-4a28-a7c0-5399d09a016c', '8c17588c-9b83-47ad-92c7-4da1c3d6a50e', '出埃及記', 19, NOW() - INTERVAL '24 days'),
  ('08e5fcec-a9c1-4a28-a7c0-5399d09a016c', '8c17588c-9b83-47ad-92c7-4da1c3d6a50e', '出埃及記', 20, NOW() - INTERVAL '24 days'),
  ('08e5fcec-a9c1-4a28-a7c0-5399d09a016c', '8c17588c-9b83-47ad-92c7-4da1c3d6a50e', '出埃及記', 21, NOW() - INTERVAL '24 days'),
  ('08e5fcec-a9c1-4a28-a7c0-5399d09a016c', '8c17588c-9b83-47ad-92c7-4da1c3d6a50e', '出埃及記', 22, NOW() - INTERVAL '24 days'),
  ('08e5fcec-a9c1-4a28-a7c0-5399d09a016c', '8c17588c-9b83-47ad-92c7-4da1c3d6a50e', '出埃及記', 23, NOW() - INTERVAL '24 days'),
  ('08e5fcec-a9c1-4a28-a7c0-5399d09a016c', '8c17588c-9b83-47ad-92c7-4da1c3d6a50e', '出埃及記', 24, NOW() - INTERVAL '23 days'),
  ('08e5fcec-a9c1-4a28-a7c0-5399d09a016c', '8c17588c-9b83-47ad-92c7-4da1c3d6a50e', '出埃及記', 25, NOW() - INTERVAL '23 days'),
  ('08e5fcec-a9c1-4a28-a7c0-5399d09a016c', '8c17588c-9b83-47ad-92c7-4da1c3d6a50e', '出埃及記', 26, NOW() - INTERVAL '23 days'),
  ('08e5fcec-a9c1-4a28-a7c0-5399d09a016c', '8c17588c-9b83-47ad-92c7-4da1c3d6a50e', '出埃及記', 27, NOW() - INTERVAL '23 days'),
  ('08e5fcec-a9c1-4a28-a7c0-5399d09a016c', '8c17588c-9b83-47ad-92c7-4da1c3d6a50e', '出埃及記', 28, NOW() - INTERVAL '23 days'),
  ('08e5fcec-a9c1-4a28-a7c0-5399d09a016c', '8c17588c-9b83-47ad-92c7-4da1c3d6a50e', '出埃及記', 29, NOW() - INTERVAL '22 days'),
  ('08e5fcec-a9c1-4a28-a7c0-5399d09a016c', '8c17588c-9b83-47ad-92c7-4da1c3d6a50e', '出埃及記', 30, NOW() - INTERVAL '22 days'),
  ('08e5fcec-a9c1-4a28-a7c0-5399d09a016c', '8c17588c-9b83-47ad-92c7-4da1c3d6a50e', '出埃及記', 31, NOW() - INTERVAL '22 days'),
  ('08e5fcec-a9c1-4a28-a7c0-5399d09a016c', '8c17588c-9b83-47ad-92c7-4da1c3d6a50e', '出埃及記', 32, NOW() - INTERVAL '22 days'),
  ('08e5fcec-a9c1-4a28-a7c0-5399d09a016c', '8c17588c-9b83-47ad-92c7-4da1c3d6a50e', '出埃及記', 33, NOW() - INTERVAL '22 days'),
  ('08e5fcec-a9c1-4a28-a7c0-5399d09a016c', '8c17588c-9b83-47ad-92c7-4da1c3d6a50e', '出埃及記', 34, NOW() - INTERVAL '21 days'),
  ('08e5fcec-a9c1-4a28-a7c0-5399d09a016c', '8c17588c-9b83-47ad-92c7-4da1c3d6a50e', '出埃及記', 35, NOW() - INTERVAL '21 days'),
  ('08e5fcec-a9c1-4a28-a7c0-5399d09a016c', '8c17588c-9b83-47ad-92c7-4da1c3d6a50e', '出埃及記', 36, NOW() - INTERVAL '21 days'),
  ('08e5fcec-a9c1-4a28-a7c0-5399d09a016c', '8c17588c-9b83-47ad-92c7-4da1c3d6a50e', '出埃及記', 37, NOW() - INTERVAL '21 days'),
  ('08e5fcec-a9c1-4a28-a7c0-5399d09a016c', '8c17588c-9b83-47ad-92c7-4da1c3d6a50e', '出埃及記', 38, NOW() - INTERVAL '21 days'),
  ('08e5fcec-a9c1-4a28-a7c0-5399d09a016c', '8c17588c-9b83-47ad-92c7-4da1c3d6a50e', '出埃及記', 39, NOW() - INTERVAL '20 days'),
  ('08e5fcec-a9c1-4a28-a7c0-5399d09a016c', '8c17588c-9b83-47ad-92c7-4da1c3d6a50e', '出埃及記', 40, NOW() - INTERVAL '20 days'),
  ('08e5fcec-a9c1-4a28-a7c0-5399d09a016c', '8c17588c-9b83-47ad-92c7-4da1c3d6a50e', '馬可福音', 1, NOW() - INTERVAL '20 days'),
  ('08e5fcec-a9c1-4a28-a7c0-5399d09a016c', '8c17588c-9b83-47ad-92c7-4da1c3d6a50e', '馬可福音', 2, NOW() - INTERVAL '20 days'),
  ('08e5fcec-a9c1-4a28-a7c0-5399d09a016c', '8c17588c-9b83-47ad-92c7-4da1c3d6a50e', '馬可福音', 3, NOW() - INTERVAL '20 days'),
  ('08e5fcec-a9c1-4a28-a7c0-5399d09a016c', '8c17588c-9b83-47ad-92c7-4da1c3d6a50e', '馬可福音', 4, NOW() - INTERVAL '19 days'),
  ('08e5fcec-a9c1-4a28-a7c0-5399d09a016c', '8c17588c-9b83-47ad-92c7-4da1c3d6a50e', '馬可福音', 5, NOW() - INTERVAL '19 days'),
  ('08e5fcec-a9c1-4a28-a7c0-5399d09a016c', '8c17588c-9b83-47ad-92c7-4da1c3d6a50e', '馬可福音', 6, NOW() - INTERVAL '19 days'),
  ('08e5fcec-a9c1-4a28-a7c0-5399d09a016c', '8c17588c-9b83-47ad-92c7-4da1c3d6a50e', '馬可福音', 7, NOW() - INTERVAL '19 days'),
  ('08e5fcec-a9c1-4a28-a7c0-5399d09a016c', '8c17588c-9b83-47ad-92c7-4da1c3d6a50e', '馬可福音', 8, NOW() - INTERVAL '19 days'),
  ('08e5fcec-a9c1-4a28-a7c0-5399d09a016c', '8c17588c-9b83-47ad-92c7-4da1c3d6a50e', '馬可福音', 9, NOW() - INTERVAL '18 days'),
  ('08e5fcec-a9c1-4a28-a7c0-5399d09a016c', '8c17588c-9b83-47ad-92c7-4da1c3d6a50e', '馬可福音', 10, NOW() - INTERVAL '18 days'),
  ('08e5fcec-a9c1-4a28-a7c0-5399d09a016c', '8c17588c-9b83-47ad-92c7-4da1c3d6a50e', '馬可福音', 11, NOW() - INTERVAL '18 days'),
  ('08e5fcec-a9c1-4a28-a7c0-5399d09a016c', '8c17588c-9b83-47ad-92c7-4da1c3d6a50e', '馬可福音', 12, NOW() - INTERVAL '18 days'),
  ('08e5fcec-a9c1-4a28-a7c0-5399d09a016c', '8c17588c-9b83-47ad-92c7-4da1c3d6a50e', '馬可福音', 13, NOW() - INTERVAL '18 days'),
  ('08e5fcec-a9c1-4a28-a7c0-5399d09a016c', '8c17588c-9b83-47ad-92c7-4da1c3d6a50e', '馬可福音', 14, NOW() - INTERVAL '17 days'),
  ('08e5fcec-a9c1-4a28-a7c0-5399d09a016c', '8c17588c-9b83-47ad-92c7-4da1c3d6a50e', '馬可福音', 15, NOW() - INTERVAL '17 days'),
  ('08e5fcec-a9c1-4a28-a7c0-5399d09a016c', '8c17588c-9b83-47ad-92c7-4da1c3d6a50e', '馬可福音', 16, NOW() - INTERVAL '17 days'),
  ('08e5fcec-a9c1-4a28-a7c0-5399d09a016c', '8c17588c-9b83-47ad-92c7-4da1c3d6a50e', '約伯記', 1, NOW() - INTERVAL '17 days'),
  ('08e5fcec-a9c1-4a28-a7c0-5399d09a016c', '8c17588c-9b83-47ad-92c7-4da1c3d6a50e', '約伯記', 2, NOW() - INTERVAL '17 days'),
  ('08e5fcec-a9c1-4a28-a7c0-5399d09a016c', '8c17588c-9b83-47ad-92c7-4da1c3d6a50e', '約伯記', 3, NOW() - INTERVAL '16 days'),
  ('08e5fcec-a9c1-4a28-a7c0-5399d09a016c', '8c17588c-9b83-47ad-92c7-4da1c3d6a50e', '約伯記', 4, NOW() - INTERVAL '16 days'),
  ('08e5fcec-a9c1-4a28-a7c0-5399d09a016c', '8c17588c-9b83-47ad-92c7-4da1c3d6a50e', '約伯記', 5, NOW() - INTERVAL '16 days'),
  ('08e5fcec-a9c1-4a28-a7c0-5399d09a016c', '8c17588c-9b83-47ad-92c7-4da1c3d6a50e', '約伯記', 6, NOW() - INTERVAL '16 days'),
  ('08e5fcec-a9c1-4a28-a7c0-5399d09a016c', '8c17588c-9b83-47ad-92c7-4da1c3d6a50e', '約伯記', 7, NOW() - INTERVAL '16 days'),
  ('08e5fcec-a9c1-4a28-a7c0-5399d09a016c', '8c17588c-9b83-47ad-92c7-4da1c3d6a50e', '約伯記', 8, NOW() - INTERVAL '15 days'),
  ('08e5fcec-a9c1-4a28-a7c0-5399d09a016c', '8c17588c-9b83-47ad-92c7-4da1c3d6a50e', '約伯記', 9, NOW() - INTERVAL '15 days'),
  ('08e5fcec-a9c1-4a28-a7c0-5399d09a016c', '8c17588c-9b83-47ad-92c7-4da1c3d6a50e', '約伯記', 10, NOW() - INTERVAL '15 days'),
  ('08e5fcec-a9c1-4a28-a7c0-5399d09a016c', '8c17588c-9b83-47ad-92c7-4da1c3d6a50e', '約伯記', 11, NOW() - INTERVAL '15 days'),
  ('08e5fcec-a9c1-4a28-a7c0-5399d09a016c', '8c17588c-9b83-47ad-92c7-4da1c3d6a50e', '約伯記', 12, NOW() - INTERVAL '15 days'),
  ('08e5fcec-a9c1-4a28-a7c0-5399d09a016c', '8c17588c-9b83-47ad-92c7-4da1c3d6a50e', '約伯記', 13, NOW() - INTERVAL '14 days'),
  ('08e5fcec-a9c1-4a28-a7c0-5399d09a016c', '8c17588c-9b83-47ad-92c7-4da1c3d6a50e', '約伯記', 14, NOW() - INTERVAL '14 days'),
  ('08e5fcec-a9c1-4a28-a7c0-5399d09a016c', '8c17588c-9b83-47ad-92c7-4da1c3d6a50e', '約伯記', 15, NOW() - INTERVAL '14 days'),
  ('08e5fcec-a9c1-4a28-a7c0-5399d09a016c', '8c17588c-9b83-47ad-92c7-4da1c3d6a50e', '約伯記', 16, NOW() - INTERVAL '14 days'),
  ('08e5fcec-a9c1-4a28-a7c0-5399d09a016c', '8c17588c-9b83-47ad-92c7-4da1c3d6a50e', '約伯記', 17, NOW() - INTERVAL '14 days'),
  ('08e5fcec-a9c1-4a28-a7c0-5399d09a016c', '8c17588c-9b83-47ad-92c7-4da1c3d6a50e', '約伯記', 18, NOW() - INTERVAL '13 days'),
  ('08e5fcec-a9c1-4a28-a7c0-5399d09a016c', '8c17588c-9b83-47ad-92c7-4da1c3d6a50e', '約伯記', 19, NOW() - INTERVAL '13 days'),
  ('08e5fcec-a9c1-4a28-a7c0-5399d09a016c', '8c17588c-9b83-47ad-92c7-4da1c3d6a50e', '約伯記', 20, NOW() - INTERVAL '13 days'),
  ('08e5fcec-a9c1-4a28-a7c0-5399d09a016c', '8c17588c-9b83-47ad-92c7-4da1c3d6a50e', '約伯記', 21, NOW() - INTERVAL '13 days'),
  ('08e5fcec-a9c1-4a28-a7c0-5399d09a016c', '8c17588c-9b83-47ad-92c7-4da1c3d6a50e', '約伯記', 22, NOW() - INTERVAL '13 days'),
  ('08e5fcec-a9c1-4a28-a7c0-5399d09a016c', '8c17588c-9b83-47ad-92c7-4da1c3d6a50e', '約伯記', 23, NOW() - INTERVAL '12 days'),
  ('08e5fcec-a9c1-4a28-a7c0-5399d09a016c', '8c17588c-9b83-47ad-92c7-4da1c3d6a50e', '約伯記', 24, NOW() - INTERVAL '12 days'),
  ('08e5fcec-a9c1-4a28-a7c0-5399d09a016c', '8c17588c-9b83-47ad-92c7-4da1c3d6a50e', '約伯記', 25, NOW() - INTERVAL '12 days'),
  ('08e5fcec-a9c1-4a28-a7c0-5399d09a016c', '8c17588c-9b83-47ad-92c7-4da1c3d6a50e', '約伯記', 26, NOW() - INTERVAL '12 days'),
  ('08e5fcec-a9c1-4a28-a7c0-5399d09a016c', '8c17588c-9b83-47ad-92c7-4da1c3d6a50e', '約伯記', 27, NOW() - INTERVAL '12 days'),
  ('08e5fcec-a9c1-4a28-a7c0-5399d09a016c', '8c17588c-9b83-47ad-92c7-4da1c3d6a50e', '約伯記', 28, NOW() - INTERVAL '11 days'),
  ('08e5fcec-a9c1-4a28-a7c0-5399d09a016c', '8c17588c-9b83-47ad-92c7-4da1c3d6a50e', '約伯記', 29, NOW() - INTERVAL '11 days'),
  ('08e5fcec-a9c1-4a28-a7c0-5399d09a016c', '8c17588c-9b83-47ad-92c7-4da1c3d6a50e', '約伯記', 30, NOW() - INTERVAL '11 days'),
  ('08e5fcec-a9c1-4a28-a7c0-5399d09a016c', '8c17588c-9b83-47ad-92c7-4da1c3d6a50e', '約伯記', 31, NOW() - INTERVAL '11 days'),
  ('08e5fcec-a9c1-4a28-a7c0-5399d09a016c', '8c17588c-9b83-47ad-92c7-4da1c3d6a50e', '約伯記', 32, NOW() - INTERVAL '11 days'),
  ('08e5fcec-a9c1-4a28-a7c0-5399d09a016c', '8c17588c-9b83-47ad-92c7-4da1c3d6a50e', '約伯記', 33, NOW() - INTERVAL '10 days'),
  ('08e5fcec-a9c1-4a28-a7c0-5399d09a016c', '8c17588c-9b83-47ad-92c7-4da1c3d6a50e', '約伯記', 34, NOW() - INTERVAL '10 days'),
  ('08e5fcec-a9c1-4a28-a7c0-5399d09a016c', '8c17588c-9b83-47ad-92c7-4da1c3d6a50e', '約伯記', 35, NOW() - INTERVAL '10 days'),
  ('08e5fcec-a9c1-4a28-a7c0-5399d09a016c', '8c17588c-9b83-47ad-92c7-4da1c3d6a50e', '約伯記', 36, NOW() - INTERVAL '10 days'),
  ('08e5fcec-a9c1-4a28-a7c0-5399d09a016c', '8c17588c-9b83-47ad-92c7-4da1c3d6a50e', '約伯記', 37, NOW() - INTERVAL '10 days'),
  ('08e5fcec-a9c1-4a28-a7c0-5399d09a016c', '8c17588c-9b83-47ad-92c7-4da1c3d6a50e', '約伯記', 38, NOW() - INTERVAL '9 days'),
  ('08e5fcec-a9c1-4a28-a7c0-5399d09a016c', '8c17588c-9b83-47ad-92c7-4da1c3d6a50e', '約伯記', 39, NOW() - INTERVAL '9 days'),
  ('08e5fcec-a9c1-4a28-a7c0-5399d09a016c', '8c17588c-9b83-47ad-92c7-4da1c3d6a50e', '約伯記', 40, NOW() - INTERVAL '9 days'),
  ('08e5fcec-a9c1-4a28-a7c0-5399d09a016c', '8c17588c-9b83-47ad-92c7-4da1c3d6a50e', '約伯記', 41, NOW() - INTERVAL '9 days'),
  ('08e5fcec-a9c1-4a28-a7c0-5399d09a016c', '8c17588c-9b83-47ad-92c7-4da1c3d6a50e', '約伯記', 42, NOW() - INTERVAL '9 days'),
  ('08e5fcec-a9c1-4a28-a7c0-5399d09a016c', '8c17588c-9b83-47ad-92c7-4da1c3d6a50e', '加拉太書', 1, NOW() - INTERVAL '8 days'),
  ('08e5fcec-a9c1-4a28-a7c0-5399d09a016c', '8c17588c-9b83-47ad-92c7-4da1c3d6a50e', '加拉太書', 2, NOW() - INTERVAL '8 days'),
  ('08e5fcec-a9c1-4a28-a7c0-5399d09a016c', '8c17588c-9b83-47ad-92c7-4da1c3d6a50e', '加拉太書', 3, NOW() - INTERVAL '8 days'),
  ('08e5fcec-a9c1-4a28-a7c0-5399d09a016c', '8c17588c-9b83-47ad-92c7-4da1c3d6a50e', '加拉太書', 4, NOW() - INTERVAL '8 days'),
  ('08e5fcec-a9c1-4a28-a7c0-5399d09a016c', '8c17588c-9b83-47ad-92c7-4da1c3d6a50e', '加拉太書', 5, NOW() - INTERVAL '8 days'),
  ('08e5fcec-a9c1-4a28-a7c0-5399d09a016c', '8c17588c-9b83-47ad-92c7-4da1c3d6a50e', '加拉太書', 6, NOW() - INTERVAL '7 days'),
  ('08e5fcec-a9c1-4a28-a7c0-5399d09a016c', '8c17588c-9b83-47ad-92c7-4da1c3d6a50e', '哈巴谷書', 1, NOW() - INTERVAL '7 days'),
  ('08e5fcec-a9c1-4a28-a7c0-5399d09a016c', '8c17588c-9b83-47ad-92c7-4da1c3d6a50e', '哈巴谷書', 2, NOW() - INTERVAL '7 days'),
  ('08e5fcec-a9c1-4a28-a7c0-5399d09a016c', '8c17588c-9b83-47ad-92c7-4da1c3d6a50e', '哈巴谷書', 3, NOW() - INTERVAL '7 days'),
  ('08e5fcec-a9c1-4a28-a7c0-5399d09a016c', '8c17588c-9b83-47ad-92c7-4da1c3d6a50e', '猶大書', 1, NOW() - INTERVAL '7 days'),
  ('08e5fcec-a9c1-4a28-a7c0-5399d09a016c', '8c17588c-9b83-47ad-92c7-4da1c3d6a50e', '利未記', 1, NOW() - INTERVAL '6 days'),
  ('08e5fcec-a9c1-4a28-a7c0-5399d09a016c', '8c17588c-9b83-47ad-92c7-4da1c3d6a50e', '利未記', 2, NOW() - INTERVAL '6 days'),
  ('08e5fcec-a9c1-4a28-a7c0-5399d09a016c', '8c17588c-9b83-47ad-92c7-4da1c3d6a50e', '利未記', 3, NOW() - INTERVAL '6 days'),
  ('08e5fcec-a9c1-4a28-a7c0-5399d09a016c', '8c17588c-9b83-47ad-92c7-4da1c3d6a50e', '利未記', 4, NOW() - INTERVAL '6 days'),
  ('08e5fcec-a9c1-4a28-a7c0-5399d09a016c', '8c17588c-9b83-47ad-92c7-4da1c3d6a50e', '利未記', 5, NOW() - INTERVAL '6 days'),
  ('08e5fcec-a9c1-4a28-a7c0-5399d09a016c', '8c17588c-9b83-47ad-92c7-4da1c3d6a50e', '利未記', 6, NOW() - INTERVAL '5 days'),
  ('08e5fcec-a9c1-4a28-a7c0-5399d09a016c', '8c17588c-9b83-47ad-92c7-4da1c3d6a50e', '利未記', 7, NOW() - INTERVAL '5 days'),
  ('08e5fcec-a9c1-4a28-a7c0-5399d09a016c', '8c17588c-9b83-47ad-92c7-4da1c3d6a50e', '利未記', 8, NOW() - INTERVAL '5 days'),
  ('08e5fcec-a9c1-4a28-a7c0-5399d09a016c', '8c17588c-9b83-47ad-92c7-4da1c3d6a50e', '利未記', 9, NOW() - INTERVAL '5 days'),
  ('08e5fcec-a9c1-4a28-a7c0-5399d09a016c', '8c17588c-9b83-47ad-92c7-4da1c3d6a50e', '利未記', 10, NOW() - INTERVAL '5 days'),
  ('08e5fcec-a9c1-4a28-a7c0-5399d09a016c', '8c17588c-9b83-47ad-92c7-4da1c3d6a50e', '利未記', 11, NOW() - INTERVAL '4 days'),
  ('08e5fcec-a9c1-4a28-a7c0-5399d09a016c', '8c17588c-9b83-47ad-92c7-4da1c3d6a50e', '利未記', 12, NOW() - INTERVAL '4 days'),
  ('08e5fcec-a9c1-4a28-a7c0-5399d09a016c', '8c17588c-9b83-47ad-92c7-4da1c3d6a50e', '利未記', 13, NOW() - INTERVAL '4 days'),
  ('08e5fcec-a9c1-4a28-a7c0-5399d09a016c', '8c17588c-9b83-47ad-92c7-4da1c3d6a50e', '利未記', 14, NOW() - INTERVAL '4 days'),
  ('08e5fcec-a9c1-4a28-a7c0-5399d09a016c', '8c17588c-9b83-47ad-92c7-4da1c3d6a50e', '利未記', 15, NOW() - INTERVAL '4 days'),
  ('08e5fcec-a9c1-4a28-a7c0-5399d09a016c', '8c17588c-9b83-47ad-92c7-4da1c3d6a50e', '利未記', 16, NOW() - INTERVAL '3 days'),
  ('08e5fcec-a9c1-4a28-a7c0-5399d09a016c', '8c17588c-9b83-47ad-92c7-4da1c3d6a50e', '利未記', 17, NOW() - INTERVAL '3 days'),
  ('08e5fcec-a9c1-4a28-a7c0-5399d09a016c', '8c17588c-9b83-47ad-92c7-4da1c3d6a50e', '利未記', 18, NOW() - INTERVAL '3 days'),
  ('08e5fcec-a9c1-4a28-a7c0-5399d09a016c', '8c17588c-9b83-47ad-92c7-4da1c3d6a50e', '利未記', 19, NOW() - INTERVAL '3 days'),
  ('08e5fcec-a9c1-4a28-a7c0-5399d09a016c', '8c17588c-9b83-47ad-92c7-4da1c3d6a50e', '利未記', 20, NOW() - INTERVAL '3 days'),
  ('08e5fcec-a9c1-4a28-a7c0-5399d09a016c', '8c17588c-9b83-47ad-92c7-4da1c3d6a50e', '利未記', 21, NOW() - INTERVAL '2 days'),
  ('08e5fcec-a9c1-4a28-a7c0-5399d09a016c', '8c17588c-9b83-47ad-92c7-4da1c3d6a50e', '利未記', 22, NOW() - INTERVAL '2 days'),
  ('08e5fcec-a9c1-4a28-a7c0-5399d09a016c', '8c17588c-9b83-47ad-92c7-4da1c3d6a50e', '利未記', 23, NOW() - INTERVAL '2 days'),
  ('08e5fcec-a9c1-4a28-a7c0-5399d09a016c', '8c17588c-9b83-47ad-92c7-4da1c3d6a50e', '利未記', 24, NOW() - INTERVAL '2 days'),
  ('08e5fcec-a9c1-4a28-a7c0-5399d09a016c', '8c17588c-9b83-47ad-92c7-4da1c3d6a50e', '利未記', 25, NOW() - INTERVAL '2 days'),
  ('08e5fcec-a9c1-4a28-a7c0-5399d09a016c', '8c17588c-9b83-47ad-92c7-4da1c3d6a50e', '利未記', 26, NOW() - INTERVAL '1 days'),
  ('08e5fcec-a9c1-4a28-a7c0-5399d09a016c', '8c17588c-9b83-47ad-92c7-4da1c3d6a50e', '利未記', 27, NOW() - INTERVAL '1 days'),
  ('08e5fcec-a9c1-4a28-a7c0-5399d09a016c', '8c17588c-9b83-47ad-92c7-4da1c3d6a50e', '路加福音', 1, NOW() - INTERVAL '1 days'),
  ('08e5fcec-a9c1-4a28-a7c0-5399d09a016c', '8c17588c-9b83-47ad-92c7-4da1c3d6a50e', '路加福音', 2, NOW() - INTERVAL '1 days'),
  ('08e5fcec-a9c1-4a28-a7c0-5399d09a016c', '8c17588c-9b83-47ad-92c7-4da1c3d6a50e', '路加福音', 3, NOW() - INTERVAL '1 days'),
  ('08e5fcec-a9c1-4a28-a7c0-5399d09a016c', '8c17588c-9b83-47ad-92c7-4da1c3d6a50e', '路加福音', 4, NOW() - INTERVAL '0 days'),
  ('08e5fcec-a9c1-4a28-a7c0-5399d09a016c', '8c17588c-9b83-47ad-92c7-4da1c3d6a50e', '路加福音', 5, NOW() - INTERVAL '0 days'),
  ('08e5fcec-a9c1-4a28-a7c0-5399d09a016c', '8c17588c-9b83-47ad-92c7-4da1c3d6a50e', '路加福音', 6, NOW() - INTERVAL '0 days'),
  ('08e5fcec-a9c1-4a28-a7c0-5399d09a016c', '8c17588c-9b83-47ad-92c7-4da1c3d6a50e', '路加福音', 7, NOW() - INTERVAL '0 days');

--------------------------------------------------

-- 使用者: 示範區長丙
INSERT INTO auth.users (id, email, raw_user_meta_data, created_at, updated_at, instance_id, aud, role, encrypted_password)
VALUES (
  'ab5f7f6a-a74f-44b3-be20-1c3fd5211327',
  'ab5f7f6a@church-bible.com',
  '{"full_name": "示範區長丙"}',
  NOW() - INTERVAL '41 days',
  NOW(),
  '00000000-0000-0000-0000-000000000000',
  'authenticated',
  'authenticated',
  '$2a$10$abcdefghijklmnopqrstuv' -- Dummy bcrypt hash
) ON CONFLICT (id) DO NOTHING;

INSERT INTO public.profiles (id, name, great_region, pastoral_zone, small_group, role, is_demo, updated_at)
VALUES (
  'ab5f7f6a-a74f-44b3-be20-1c3fd5211327',
  '示範區長丙',
  '示範大區C',
  '示範牧區庚',
  '示範小組8',
  'zone_leader',
  TRUE,
  NOW()
) ON CONFLICT (id) DO NOTHING;

INSERT INTO public.reading_plans (id, user_id, name, start_date, end_date, target_books)
VALUES (
  '5f21eef8-b18b-483b-b0e0-c54a61a9ddc6',
  'ab5f7f6a-a74f-44b3-be20-1c3fd5211327',
  '第一季速讀：2026年7月~9月',
  '2026-07-01',
  '2026-09-30',
  ARRAY['創世記', '馬太福音', '列王紀下', '雅各書', '出埃及記', '馬可福音', '約伯記', '加拉太書', '哈巴谷書', '猶大書', '利未記', '路加福音', '歷代志下', '帖撒羅尼迦前書', '約拿書', '約翰二書', '彌迦書', '約翰三書']
) ON CONFLICT (id) DO NOTHING;

INSERT INTO public.reading_logs (user_id, plan_id, book, chapter, read_at)
VALUES
  ('ab5f7f6a-a74f-44b3-be20-1c3fd5211327', '5f21eef8-b18b-483b-b0e0-c54a61a9ddc6', '創世記', 1, NOW() - INTERVAL '128 days'),
  ('ab5f7f6a-a74f-44b3-be20-1c3fd5211327', '5f21eef8-b18b-483b-b0e0-c54a61a9ddc6', '創世記', 2, NOW() - INTERVAL '127 days'),
  ('ab5f7f6a-a74f-44b3-be20-1c3fd5211327', '5f21eef8-b18b-483b-b0e0-c54a61a9ddc6', '創世記', 3, NOW() - INTERVAL '127 days'),
  ('ab5f7f6a-a74f-44b3-be20-1c3fd5211327', '5f21eef8-b18b-483b-b0e0-c54a61a9ddc6', '創世記', 4, NOW() - INTERVAL '127 days'),
  ('ab5f7f6a-a74f-44b3-be20-1c3fd5211327', '5f21eef8-b18b-483b-b0e0-c54a61a9ddc6', '創世記', 5, NOW() - INTERVAL '127 days'),
  ('ab5f7f6a-a74f-44b3-be20-1c3fd5211327', '5f21eef8-b18b-483b-b0e0-c54a61a9ddc6', '創世記', 6, NOW() - INTERVAL '127 days'),
  ('ab5f7f6a-a74f-44b3-be20-1c3fd5211327', '5f21eef8-b18b-483b-b0e0-c54a61a9ddc6', '創世記', 7, NOW() - INTERVAL '126 days'),
  ('ab5f7f6a-a74f-44b3-be20-1c3fd5211327', '5f21eef8-b18b-483b-b0e0-c54a61a9ddc6', '創世記', 8, NOW() - INTERVAL '126 days'),
  ('ab5f7f6a-a74f-44b3-be20-1c3fd5211327', '5f21eef8-b18b-483b-b0e0-c54a61a9ddc6', '創世記', 9, NOW() - INTERVAL '126 days'),
  ('ab5f7f6a-a74f-44b3-be20-1c3fd5211327', '5f21eef8-b18b-483b-b0e0-c54a61a9ddc6', '創世記', 10, NOW() - INTERVAL '126 days'),
  ('ab5f7f6a-a74f-44b3-be20-1c3fd5211327', '5f21eef8-b18b-483b-b0e0-c54a61a9ddc6', '創世記', 11, NOW() - INTERVAL '126 days'),
  ('ab5f7f6a-a74f-44b3-be20-1c3fd5211327', '5f21eef8-b18b-483b-b0e0-c54a61a9ddc6', '創世記', 12, NOW() - INTERVAL '125 days'),
  ('ab5f7f6a-a74f-44b3-be20-1c3fd5211327', '5f21eef8-b18b-483b-b0e0-c54a61a9ddc6', '創世記', 13, NOW() - INTERVAL '125 days'),
  ('ab5f7f6a-a74f-44b3-be20-1c3fd5211327', '5f21eef8-b18b-483b-b0e0-c54a61a9ddc6', '創世記', 14, NOW() - INTERVAL '125 days'),
  ('ab5f7f6a-a74f-44b3-be20-1c3fd5211327', '5f21eef8-b18b-483b-b0e0-c54a61a9ddc6', '創世記', 15, NOW() - INTERVAL '125 days'),
  ('ab5f7f6a-a74f-44b3-be20-1c3fd5211327', '5f21eef8-b18b-483b-b0e0-c54a61a9ddc6', '創世記', 16, NOW() - INTERVAL '125 days'),
  ('ab5f7f6a-a74f-44b3-be20-1c3fd5211327', '5f21eef8-b18b-483b-b0e0-c54a61a9ddc6', '創世記', 17, NOW() - INTERVAL '124 days'),
  ('ab5f7f6a-a74f-44b3-be20-1c3fd5211327', '5f21eef8-b18b-483b-b0e0-c54a61a9ddc6', '創世記', 18, NOW() - INTERVAL '124 days'),
  ('ab5f7f6a-a74f-44b3-be20-1c3fd5211327', '5f21eef8-b18b-483b-b0e0-c54a61a9ddc6', '創世記', 19, NOW() - INTERVAL '124 days'),
  ('ab5f7f6a-a74f-44b3-be20-1c3fd5211327', '5f21eef8-b18b-483b-b0e0-c54a61a9ddc6', '創世記', 20, NOW() - INTERVAL '124 days'),
  ('ab5f7f6a-a74f-44b3-be20-1c3fd5211327', '5f21eef8-b18b-483b-b0e0-c54a61a9ddc6', '創世記', 21, NOW() - INTERVAL '124 days'),
  ('ab5f7f6a-a74f-44b3-be20-1c3fd5211327', '5f21eef8-b18b-483b-b0e0-c54a61a9ddc6', '創世記', 22, NOW() - INTERVAL '123 days'),
  ('ab5f7f6a-a74f-44b3-be20-1c3fd5211327', '5f21eef8-b18b-483b-b0e0-c54a61a9ddc6', '創世記', 23, NOW() - INTERVAL '123 days'),
  ('ab5f7f6a-a74f-44b3-be20-1c3fd5211327', '5f21eef8-b18b-483b-b0e0-c54a61a9ddc6', '創世記', 24, NOW() - INTERVAL '123 days'),
  ('ab5f7f6a-a74f-44b3-be20-1c3fd5211327', '5f21eef8-b18b-483b-b0e0-c54a61a9ddc6', '創世記', 25, NOW() - INTERVAL '123 days'),
  ('ab5f7f6a-a74f-44b3-be20-1c3fd5211327', '5f21eef8-b18b-483b-b0e0-c54a61a9ddc6', '創世記', 26, NOW() - INTERVAL '123 days'),
  ('ab5f7f6a-a74f-44b3-be20-1c3fd5211327', '5f21eef8-b18b-483b-b0e0-c54a61a9ddc6', '創世記', 27, NOW() - INTERVAL '122 days'),
  ('ab5f7f6a-a74f-44b3-be20-1c3fd5211327', '5f21eef8-b18b-483b-b0e0-c54a61a9ddc6', '創世記', 28, NOW() - INTERVAL '122 days'),
  ('ab5f7f6a-a74f-44b3-be20-1c3fd5211327', '5f21eef8-b18b-483b-b0e0-c54a61a9ddc6', '創世記', 29, NOW() - INTERVAL '122 days'),
  ('ab5f7f6a-a74f-44b3-be20-1c3fd5211327', '5f21eef8-b18b-483b-b0e0-c54a61a9ddc6', '創世記', 30, NOW() - INTERVAL '122 days'),
  ('ab5f7f6a-a74f-44b3-be20-1c3fd5211327', '5f21eef8-b18b-483b-b0e0-c54a61a9ddc6', '創世記', 31, NOW() - INTERVAL '122 days'),
  ('ab5f7f6a-a74f-44b3-be20-1c3fd5211327', '5f21eef8-b18b-483b-b0e0-c54a61a9ddc6', '創世記', 32, NOW() - INTERVAL '121 days'),
  ('ab5f7f6a-a74f-44b3-be20-1c3fd5211327', '5f21eef8-b18b-483b-b0e0-c54a61a9ddc6', '創世記', 33, NOW() - INTERVAL '121 days'),
  ('ab5f7f6a-a74f-44b3-be20-1c3fd5211327', '5f21eef8-b18b-483b-b0e0-c54a61a9ddc6', '創世記', 34, NOW() - INTERVAL '121 days'),
  ('ab5f7f6a-a74f-44b3-be20-1c3fd5211327', '5f21eef8-b18b-483b-b0e0-c54a61a9ddc6', '創世記', 35, NOW() - INTERVAL '121 days'),
  ('ab5f7f6a-a74f-44b3-be20-1c3fd5211327', '5f21eef8-b18b-483b-b0e0-c54a61a9ddc6', '創世記', 36, NOW() - INTERVAL '121 days'),
  ('ab5f7f6a-a74f-44b3-be20-1c3fd5211327', '5f21eef8-b18b-483b-b0e0-c54a61a9ddc6', '創世記', 37, NOW() - INTERVAL '120 days'),
  ('ab5f7f6a-a74f-44b3-be20-1c3fd5211327', '5f21eef8-b18b-483b-b0e0-c54a61a9ddc6', '創世記', 38, NOW() - INTERVAL '120 days'),
  ('ab5f7f6a-a74f-44b3-be20-1c3fd5211327', '5f21eef8-b18b-483b-b0e0-c54a61a9ddc6', '創世記', 39, NOW() - INTERVAL '120 days'),
  ('ab5f7f6a-a74f-44b3-be20-1c3fd5211327', '5f21eef8-b18b-483b-b0e0-c54a61a9ddc6', '創世記', 40, NOW() - INTERVAL '120 days'),
  ('ab5f7f6a-a74f-44b3-be20-1c3fd5211327', '5f21eef8-b18b-483b-b0e0-c54a61a9ddc6', '創世記', 41, NOW() - INTERVAL '120 days'),
  ('ab5f7f6a-a74f-44b3-be20-1c3fd5211327', '5f21eef8-b18b-483b-b0e0-c54a61a9ddc6', '創世記', 42, NOW() - INTERVAL '119 days'),
  ('ab5f7f6a-a74f-44b3-be20-1c3fd5211327', '5f21eef8-b18b-483b-b0e0-c54a61a9ddc6', '創世記', 43, NOW() - INTERVAL '119 days'),
  ('ab5f7f6a-a74f-44b3-be20-1c3fd5211327', '5f21eef8-b18b-483b-b0e0-c54a61a9ddc6', '創世記', 44, NOW() - INTERVAL '119 days'),
  ('ab5f7f6a-a74f-44b3-be20-1c3fd5211327', '5f21eef8-b18b-483b-b0e0-c54a61a9ddc6', '創世記', 45, NOW() - INTERVAL '119 days'),
  ('ab5f7f6a-a74f-44b3-be20-1c3fd5211327', '5f21eef8-b18b-483b-b0e0-c54a61a9ddc6', '創世記', 46, NOW() - INTERVAL '119 days'),
  ('ab5f7f6a-a74f-44b3-be20-1c3fd5211327', '5f21eef8-b18b-483b-b0e0-c54a61a9ddc6', '創世記', 47, NOW() - INTERVAL '118 days'),
  ('ab5f7f6a-a74f-44b3-be20-1c3fd5211327', '5f21eef8-b18b-483b-b0e0-c54a61a9ddc6', '創世記', 48, NOW() - INTERVAL '118 days'),
  ('ab5f7f6a-a74f-44b3-be20-1c3fd5211327', '5f21eef8-b18b-483b-b0e0-c54a61a9ddc6', '創世記', 49, NOW() - INTERVAL '118 days'),
  ('ab5f7f6a-a74f-44b3-be20-1c3fd5211327', '5f21eef8-b18b-483b-b0e0-c54a61a9ddc6', '創世記', 50, NOW() - INTERVAL '118 days'),
  ('ab5f7f6a-a74f-44b3-be20-1c3fd5211327', '5f21eef8-b18b-483b-b0e0-c54a61a9ddc6', '馬太福音', 1, NOW() - INTERVAL '118 days'),
  ('ab5f7f6a-a74f-44b3-be20-1c3fd5211327', '5f21eef8-b18b-483b-b0e0-c54a61a9ddc6', '馬太福音', 2, NOW() - INTERVAL '117 days'),
  ('ab5f7f6a-a74f-44b3-be20-1c3fd5211327', '5f21eef8-b18b-483b-b0e0-c54a61a9ddc6', '馬太福音', 3, NOW() - INTERVAL '117 days'),
  ('ab5f7f6a-a74f-44b3-be20-1c3fd5211327', '5f21eef8-b18b-483b-b0e0-c54a61a9ddc6', '馬太福音', 4, NOW() - INTERVAL '117 days'),
  ('ab5f7f6a-a74f-44b3-be20-1c3fd5211327', '5f21eef8-b18b-483b-b0e0-c54a61a9ddc6', '馬太福音', 5, NOW() - INTERVAL '117 days'),
  ('ab5f7f6a-a74f-44b3-be20-1c3fd5211327', '5f21eef8-b18b-483b-b0e0-c54a61a9ddc6', '馬太福音', 6, NOW() - INTERVAL '117 days'),
  ('ab5f7f6a-a74f-44b3-be20-1c3fd5211327', '5f21eef8-b18b-483b-b0e0-c54a61a9ddc6', '馬太福音', 7, NOW() - INTERVAL '116 days'),
  ('ab5f7f6a-a74f-44b3-be20-1c3fd5211327', '5f21eef8-b18b-483b-b0e0-c54a61a9ddc6', '馬太福音', 8, NOW() - INTERVAL '116 days'),
  ('ab5f7f6a-a74f-44b3-be20-1c3fd5211327', '5f21eef8-b18b-483b-b0e0-c54a61a9ddc6', '馬太福音', 9, NOW() - INTERVAL '116 days'),
  ('ab5f7f6a-a74f-44b3-be20-1c3fd5211327', '5f21eef8-b18b-483b-b0e0-c54a61a9ddc6', '馬太福音', 10, NOW() - INTERVAL '116 days'),
  ('ab5f7f6a-a74f-44b3-be20-1c3fd5211327', '5f21eef8-b18b-483b-b0e0-c54a61a9ddc6', '馬太福音', 11, NOW() - INTERVAL '116 days'),
  ('ab5f7f6a-a74f-44b3-be20-1c3fd5211327', '5f21eef8-b18b-483b-b0e0-c54a61a9ddc6', '馬太福音', 12, NOW() - INTERVAL '115 days'),
  ('ab5f7f6a-a74f-44b3-be20-1c3fd5211327', '5f21eef8-b18b-483b-b0e0-c54a61a9ddc6', '馬太福音', 13, NOW() - INTERVAL '115 days'),
  ('ab5f7f6a-a74f-44b3-be20-1c3fd5211327', '5f21eef8-b18b-483b-b0e0-c54a61a9ddc6', '馬太福音', 14, NOW() - INTERVAL '115 days'),
  ('ab5f7f6a-a74f-44b3-be20-1c3fd5211327', '5f21eef8-b18b-483b-b0e0-c54a61a9ddc6', '馬太福音', 15, NOW() - INTERVAL '115 days'),
  ('ab5f7f6a-a74f-44b3-be20-1c3fd5211327', '5f21eef8-b18b-483b-b0e0-c54a61a9ddc6', '馬太福音', 16, NOW() - INTERVAL '115 days'),
  ('ab5f7f6a-a74f-44b3-be20-1c3fd5211327', '5f21eef8-b18b-483b-b0e0-c54a61a9ddc6', '馬太福音', 17, NOW() - INTERVAL '114 days'),
  ('ab5f7f6a-a74f-44b3-be20-1c3fd5211327', '5f21eef8-b18b-483b-b0e0-c54a61a9ddc6', '馬太福音', 18, NOW() - INTERVAL '114 days'),
  ('ab5f7f6a-a74f-44b3-be20-1c3fd5211327', '5f21eef8-b18b-483b-b0e0-c54a61a9ddc6', '馬太福音', 19, NOW() - INTERVAL '114 days'),
  ('ab5f7f6a-a74f-44b3-be20-1c3fd5211327', '5f21eef8-b18b-483b-b0e0-c54a61a9ddc6', '馬太福音', 20, NOW() - INTERVAL '114 days'),
  ('ab5f7f6a-a74f-44b3-be20-1c3fd5211327', '5f21eef8-b18b-483b-b0e0-c54a61a9ddc6', '馬太福音', 21, NOW() - INTERVAL '114 days'),
  ('ab5f7f6a-a74f-44b3-be20-1c3fd5211327', '5f21eef8-b18b-483b-b0e0-c54a61a9ddc6', '馬太福音', 22, NOW() - INTERVAL '113 days'),
  ('ab5f7f6a-a74f-44b3-be20-1c3fd5211327', '5f21eef8-b18b-483b-b0e0-c54a61a9ddc6', '馬太福音', 23, NOW() - INTERVAL '113 days'),
  ('ab5f7f6a-a74f-44b3-be20-1c3fd5211327', '5f21eef8-b18b-483b-b0e0-c54a61a9ddc6', '馬太福音', 24, NOW() - INTERVAL '113 days'),
  ('ab5f7f6a-a74f-44b3-be20-1c3fd5211327', '5f21eef8-b18b-483b-b0e0-c54a61a9ddc6', '馬太福音', 25, NOW() - INTERVAL '113 days'),
  ('ab5f7f6a-a74f-44b3-be20-1c3fd5211327', '5f21eef8-b18b-483b-b0e0-c54a61a9ddc6', '馬太福音', 26, NOW() - INTERVAL '113 days'),
  ('ab5f7f6a-a74f-44b3-be20-1c3fd5211327', '5f21eef8-b18b-483b-b0e0-c54a61a9ddc6', '馬太福音', 27, NOW() - INTERVAL '112 days'),
  ('ab5f7f6a-a74f-44b3-be20-1c3fd5211327', '5f21eef8-b18b-483b-b0e0-c54a61a9ddc6', '馬太福音', 28, NOW() - INTERVAL '112 days'),
  ('ab5f7f6a-a74f-44b3-be20-1c3fd5211327', '5f21eef8-b18b-483b-b0e0-c54a61a9ddc6', '列王紀下', 1, NOW() - INTERVAL '112 days'),
  ('ab5f7f6a-a74f-44b3-be20-1c3fd5211327', '5f21eef8-b18b-483b-b0e0-c54a61a9ddc6', '列王紀下', 2, NOW() - INTERVAL '112 days'),
  ('ab5f7f6a-a74f-44b3-be20-1c3fd5211327', '5f21eef8-b18b-483b-b0e0-c54a61a9ddc6', '列王紀下', 3, NOW() - INTERVAL '112 days'),
  ('ab5f7f6a-a74f-44b3-be20-1c3fd5211327', '5f21eef8-b18b-483b-b0e0-c54a61a9ddc6', '列王紀下', 4, NOW() - INTERVAL '111 days'),
  ('ab5f7f6a-a74f-44b3-be20-1c3fd5211327', '5f21eef8-b18b-483b-b0e0-c54a61a9ddc6', '列王紀下', 5, NOW() - INTERVAL '111 days'),
  ('ab5f7f6a-a74f-44b3-be20-1c3fd5211327', '5f21eef8-b18b-483b-b0e0-c54a61a9ddc6', '列王紀下', 6, NOW() - INTERVAL '111 days'),
  ('ab5f7f6a-a74f-44b3-be20-1c3fd5211327', '5f21eef8-b18b-483b-b0e0-c54a61a9ddc6', '列王紀下', 7, NOW() - INTERVAL '111 days'),
  ('ab5f7f6a-a74f-44b3-be20-1c3fd5211327', '5f21eef8-b18b-483b-b0e0-c54a61a9ddc6', '列王紀下', 8, NOW() - INTERVAL '111 days'),
  ('ab5f7f6a-a74f-44b3-be20-1c3fd5211327', '5f21eef8-b18b-483b-b0e0-c54a61a9ddc6', '列王紀下', 9, NOW() - INTERVAL '110 days'),
  ('ab5f7f6a-a74f-44b3-be20-1c3fd5211327', '5f21eef8-b18b-483b-b0e0-c54a61a9ddc6', '列王紀下', 10, NOW() - INTERVAL '110 days'),
  ('ab5f7f6a-a74f-44b3-be20-1c3fd5211327', '5f21eef8-b18b-483b-b0e0-c54a61a9ddc6', '列王紀下', 11, NOW() - INTERVAL '110 days'),
  ('ab5f7f6a-a74f-44b3-be20-1c3fd5211327', '5f21eef8-b18b-483b-b0e0-c54a61a9ddc6', '列王紀下', 12, NOW() - INTERVAL '110 days'),
  ('ab5f7f6a-a74f-44b3-be20-1c3fd5211327', '5f21eef8-b18b-483b-b0e0-c54a61a9ddc6', '列王紀下', 13, NOW() - INTERVAL '110 days'),
  ('ab5f7f6a-a74f-44b3-be20-1c3fd5211327', '5f21eef8-b18b-483b-b0e0-c54a61a9ddc6', '列王紀下', 14, NOW() - INTERVAL '109 days'),
  ('ab5f7f6a-a74f-44b3-be20-1c3fd5211327', '5f21eef8-b18b-483b-b0e0-c54a61a9ddc6', '列王紀下', 15, NOW() - INTERVAL '109 days'),
  ('ab5f7f6a-a74f-44b3-be20-1c3fd5211327', '5f21eef8-b18b-483b-b0e0-c54a61a9ddc6', '列王紀下', 16, NOW() - INTERVAL '109 days'),
  ('ab5f7f6a-a74f-44b3-be20-1c3fd5211327', '5f21eef8-b18b-483b-b0e0-c54a61a9ddc6', '列王紀下', 17, NOW() - INTERVAL '109 days'),
  ('ab5f7f6a-a74f-44b3-be20-1c3fd5211327', '5f21eef8-b18b-483b-b0e0-c54a61a9ddc6', '列王紀下', 18, NOW() - INTERVAL '109 days'),
  ('ab5f7f6a-a74f-44b3-be20-1c3fd5211327', '5f21eef8-b18b-483b-b0e0-c54a61a9ddc6', '列王紀下', 19, NOW() - INTERVAL '108 days'),
  ('ab5f7f6a-a74f-44b3-be20-1c3fd5211327', '5f21eef8-b18b-483b-b0e0-c54a61a9ddc6', '列王紀下', 20, NOW() - INTERVAL '108 days'),
  ('ab5f7f6a-a74f-44b3-be20-1c3fd5211327', '5f21eef8-b18b-483b-b0e0-c54a61a9ddc6', '列王紀下', 21, NOW() - INTERVAL '108 days'),
  ('ab5f7f6a-a74f-44b3-be20-1c3fd5211327', '5f21eef8-b18b-483b-b0e0-c54a61a9ddc6', '列王紀下', 22, NOW() - INTERVAL '108 days'),
  ('ab5f7f6a-a74f-44b3-be20-1c3fd5211327', '5f21eef8-b18b-483b-b0e0-c54a61a9ddc6', '列王紀下', 23, NOW() - INTERVAL '108 days'),
  ('ab5f7f6a-a74f-44b3-be20-1c3fd5211327', '5f21eef8-b18b-483b-b0e0-c54a61a9ddc6', '列王紀下', 24, NOW() - INTERVAL '107 days'),
  ('ab5f7f6a-a74f-44b3-be20-1c3fd5211327', '5f21eef8-b18b-483b-b0e0-c54a61a9ddc6', '列王紀下', 25, NOW() - INTERVAL '107 days'),
  ('ab5f7f6a-a74f-44b3-be20-1c3fd5211327', '5f21eef8-b18b-483b-b0e0-c54a61a9ddc6', '雅各書', 1, NOW() - INTERVAL '107 days'),
  ('ab5f7f6a-a74f-44b3-be20-1c3fd5211327', '5f21eef8-b18b-483b-b0e0-c54a61a9ddc6', '雅各書', 2, NOW() - INTERVAL '107 days'),
  ('ab5f7f6a-a74f-44b3-be20-1c3fd5211327', '5f21eef8-b18b-483b-b0e0-c54a61a9ddc6', '雅各書', 3, NOW() - INTERVAL '107 days'),
  ('ab5f7f6a-a74f-44b3-be20-1c3fd5211327', '5f21eef8-b18b-483b-b0e0-c54a61a9ddc6', '雅各書', 4, NOW() - INTERVAL '106 days'),
  ('ab5f7f6a-a74f-44b3-be20-1c3fd5211327', '5f21eef8-b18b-483b-b0e0-c54a61a9ddc6', '雅各書', 5, NOW() - INTERVAL '106 days'),
  ('ab5f7f6a-a74f-44b3-be20-1c3fd5211327', '5f21eef8-b18b-483b-b0e0-c54a61a9ddc6', '出埃及記', 1, NOW() - INTERVAL '106 days'),
  ('ab5f7f6a-a74f-44b3-be20-1c3fd5211327', '5f21eef8-b18b-483b-b0e0-c54a61a9ddc6', '出埃及記', 2, NOW() - INTERVAL '106 days'),
  ('ab5f7f6a-a74f-44b3-be20-1c3fd5211327', '5f21eef8-b18b-483b-b0e0-c54a61a9ddc6', '出埃及記', 3, NOW() - INTERVAL '106 days'),
  ('ab5f7f6a-a74f-44b3-be20-1c3fd5211327', '5f21eef8-b18b-483b-b0e0-c54a61a9ddc6', '出埃及記', 4, NOW() - INTERVAL '105 days'),
  ('ab5f7f6a-a74f-44b3-be20-1c3fd5211327', '5f21eef8-b18b-483b-b0e0-c54a61a9ddc6', '出埃及記', 5, NOW() - INTERVAL '105 days'),
  ('ab5f7f6a-a74f-44b3-be20-1c3fd5211327', '5f21eef8-b18b-483b-b0e0-c54a61a9ddc6', '出埃及記', 6, NOW() - INTERVAL '105 days'),
  ('ab5f7f6a-a74f-44b3-be20-1c3fd5211327', '5f21eef8-b18b-483b-b0e0-c54a61a9ddc6', '出埃及記', 7, NOW() - INTERVAL '105 days'),
  ('ab5f7f6a-a74f-44b3-be20-1c3fd5211327', '5f21eef8-b18b-483b-b0e0-c54a61a9ddc6', '出埃及記', 8, NOW() - INTERVAL '105 days'),
  ('ab5f7f6a-a74f-44b3-be20-1c3fd5211327', '5f21eef8-b18b-483b-b0e0-c54a61a9ddc6', '出埃及記', 9, NOW() - INTERVAL '104 days'),
  ('ab5f7f6a-a74f-44b3-be20-1c3fd5211327', '5f21eef8-b18b-483b-b0e0-c54a61a9ddc6', '出埃及記', 10, NOW() - INTERVAL '104 days'),
  ('ab5f7f6a-a74f-44b3-be20-1c3fd5211327', '5f21eef8-b18b-483b-b0e0-c54a61a9ddc6', '出埃及記', 11, NOW() - INTERVAL '104 days'),
  ('ab5f7f6a-a74f-44b3-be20-1c3fd5211327', '5f21eef8-b18b-483b-b0e0-c54a61a9ddc6', '出埃及記', 12, NOW() - INTERVAL '104 days'),
  ('ab5f7f6a-a74f-44b3-be20-1c3fd5211327', '5f21eef8-b18b-483b-b0e0-c54a61a9ddc6', '出埃及記', 13, NOW() - INTERVAL '104 days'),
  ('ab5f7f6a-a74f-44b3-be20-1c3fd5211327', '5f21eef8-b18b-483b-b0e0-c54a61a9ddc6', '出埃及記', 14, NOW() - INTERVAL '103 days'),
  ('ab5f7f6a-a74f-44b3-be20-1c3fd5211327', '5f21eef8-b18b-483b-b0e0-c54a61a9ddc6', '出埃及記', 15, NOW() - INTERVAL '103 days'),
  ('ab5f7f6a-a74f-44b3-be20-1c3fd5211327', '5f21eef8-b18b-483b-b0e0-c54a61a9ddc6', '出埃及記', 16, NOW() - INTERVAL '103 days'),
  ('ab5f7f6a-a74f-44b3-be20-1c3fd5211327', '5f21eef8-b18b-483b-b0e0-c54a61a9ddc6', '出埃及記', 17, NOW() - INTERVAL '103 days'),
  ('ab5f7f6a-a74f-44b3-be20-1c3fd5211327', '5f21eef8-b18b-483b-b0e0-c54a61a9ddc6', '出埃及記', 18, NOW() - INTERVAL '103 days'),
  ('ab5f7f6a-a74f-44b3-be20-1c3fd5211327', '5f21eef8-b18b-483b-b0e0-c54a61a9ddc6', '出埃及記', 19, NOW() - INTERVAL '102 days'),
  ('ab5f7f6a-a74f-44b3-be20-1c3fd5211327', '5f21eef8-b18b-483b-b0e0-c54a61a9ddc6', '出埃及記', 20, NOW() - INTERVAL '102 days'),
  ('ab5f7f6a-a74f-44b3-be20-1c3fd5211327', '5f21eef8-b18b-483b-b0e0-c54a61a9ddc6', '出埃及記', 21, NOW() - INTERVAL '102 days'),
  ('ab5f7f6a-a74f-44b3-be20-1c3fd5211327', '5f21eef8-b18b-483b-b0e0-c54a61a9ddc6', '出埃及記', 22, NOW() - INTERVAL '102 days'),
  ('ab5f7f6a-a74f-44b3-be20-1c3fd5211327', '5f21eef8-b18b-483b-b0e0-c54a61a9ddc6', '出埃及記', 23, NOW() - INTERVAL '102 days'),
  ('ab5f7f6a-a74f-44b3-be20-1c3fd5211327', '5f21eef8-b18b-483b-b0e0-c54a61a9ddc6', '出埃及記', 24, NOW() - INTERVAL '101 days'),
  ('ab5f7f6a-a74f-44b3-be20-1c3fd5211327', '5f21eef8-b18b-483b-b0e0-c54a61a9ddc6', '出埃及記', 25, NOW() - INTERVAL '101 days'),
  ('ab5f7f6a-a74f-44b3-be20-1c3fd5211327', '5f21eef8-b18b-483b-b0e0-c54a61a9ddc6', '出埃及記', 26, NOW() - INTERVAL '101 days'),
  ('ab5f7f6a-a74f-44b3-be20-1c3fd5211327', '5f21eef8-b18b-483b-b0e0-c54a61a9ddc6', '出埃及記', 27, NOW() - INTERVAL '101 days'),
  ('ab5f7f6a-a74f-44b3-be20-1c3fd5211327', '5f21eef8-b18b-483b-b0e0-c54a61a9ddc6', '出埃及記', 28, NOW() - INTERVAL '101 days'),
  ('ab5f7f6a-a74f-44b3-be20-1c3fd5211327', '5f21eef8-b18b-483b-b0e0-c54a61a9ddc6', '出埃及記', 29, NOW() - INTERVAL '100 days'),
  ('ab5f7f6a-a74f-44b3-be20-1c3fd5211327', '5f21eef8-b18b-483b-b0e0-c54a61a9ddc6', '出埃及記', 30, NOW() - INTERVAL '100 days'),
  ('ab5f7f6a-a74f-44b3-be20-1c3fd5211327', '5f21eef8-b18b-483b-b0e0-c54a61a9ddc6', '出埃及記', 31, NOW() - INTERVAL '100 days'),
  ('ab5f7f6a-a74f-44b3-be20-1c3fd5211327', '5f21eef8-b18b-483b-b0e0-c54a61a9ddc6', '出埃及記', 32, NOW() - INTERVAL '100 days'),
  ('ab5f7f6a-a74f-44b3-be20-1c3fd5211327', '5f21eef8-b18b-483b-b0e0-c54a61a9ddc6', '出埃及記', 33, NOW() - INTERVAL '100 days'),
  ('ab5f7f6a-a74f-44b3-be20-1c3fd5211327', '5f21eef8-b18b-483b-b0e0-c54a61a9ddc6', '出埃及記', 34, NOW() - INTERVAL '99 days'),
  ('ab5f7f6a-a74f-44b3-be20-1c3fd5211327', '5f21eef8-b18b-483b-b0e0-c54a61a9ddc6', '出埃及記', 35, NOW() - INTERVAL '99 days'),
  ('ab5f7f6a-a74f-44b3-be20-1c3fd5211327', '5f21eef8-b18b-483b-b0e0-c54a61a9ddc6', '出埃及記', 36, NOW() - INTERVAL '99 days'),
  ('ab5f7f6a-a74f-44b3-be20-1c3fd5211327', '5f21eef8-b18b-483b-b0e0-c54a61a9ddc6', '出埃及記', 37, NOW() - INTERVAL '99 days'),
  ('ab5f7f6a-a74f-44b3-be20-1c3fd5211327', '5f21eef8-b18b-483b-b0e0-c54a61a9ddc6', '出埃及記', 38, NOW() - INTERVAL '99 days'),
  ('ab5f7f6a-a74f-44b3-be20-1c3fd5211327', '5f21eef8-b18b-483b-b0e0-c54a61a9ddc6', '出埃及記', 39, NOW() - INTERVAL '98 days'),
  ('ab5f7f6a-a74f-44b3-be20-1c3fd5211327', '5f21eef8-b18b-483b-b0e0-c54a61a9ddc6', '出埃及記', 40, NOW() - INTERVAL '98 days'),
  ('ab5f7f6a-a74f-44b3-be20-1c3fd5211327', '5f21eef8-b18b-483b-b0e0-c54a61a9ddc6', '馬可福音', 1, NOW() - INTERVAL '98 days'),
  ('ab5f7f6a-a74f-44b3-be20-1c3fd5211327', '5f21eef8-b18b-483b-b0e0-c54a61a9ddc6', '馬可福音', 2, NOW() - INTERVAL '98 days'),
  ('ab5f7f6a-a74f-44b3-be20-1c3fd5211327', '5f21eef8-b18b-483b-b0e0-c54a61a9ddc6', '馬可福音', 3, NOW() - INTERVAL '98 days'),
  ('ab5f7f6a-a74f-44b3-be20-1c3fd5211327', '5f21eef8-b18b-483b-b0e0-c54a61a9ddc6', '馬可福音', 4, NOW() - INTERVAL '97 days'),
  ('ab5f7f6a-a74f-44b3-be20-1c3fd5211327', '5f21eef8-b18b-483b-b0e0-c54a61a9ddc6', '馬可福音', 5, NOW() - INTERVAL '97 days'),
  ('ab5f7f6a-a74f-44b3-be20-1c3fd5211327', '5f21eef8-b18b-483b-b0e0-c54a61a9ddc6', '馬可福音', 6, NOW() - INTERVAL '97 days'),
  ('ab5f7f6a-a74f-44b3-be20-1c3fd5211327', '5f21eef8-b18b-483b-b0e0-c54a61a9ddc6', '馬可福音', 7, NOW() - INTERVAL '97 days'),
  ('ab5f7f6a-a74f-44b3-be20-1c3fd5211327', '5f21eef8-b18b-483b-b0e0-c54a61a9ddc6', '馬可福音', 8, NOW() - INTERVAL '97 days'),
  ('ab5f7f6a-a74f-44b3-be20-1c3fd5211327', '5f21eef8-b18b-483b-b0e0-c54a61a9ddc6', '馬可福音', 9, NOW() - INTERVAL '96 days'),
  ('ab5f7f6a-a74f-44b3-be20-1c3fd5211327', '5f21eef8-b18b-483b-b0e0-c54a61a9ddc6', '馬可福音', 10, NOW() - INTERVAL '96 days'),
  ('ab5f7f6a-a74f-44b3-be20-1c3fd5211327', '5f21eef8-b18b-483b-b0e0-c54a61a9ddc6', '馬可福音', 11, NOW() - INTERVAL '96 days'),
  ('ab5f7f6a-a74f-44b3-be20-1c3fd5211327', '5f21eef8-b18b-483b-b0e0-c54a61a9ddc6', '馬可福音', 12, NOW() - INTERVAL '96 days'),
  ('ab5f7f6a-a74f-44b3-be20-1c3fd5211327', '5f21eef8-b18b-483b-b0e0-c54a61a9ddc6', '馬可福音', 13, NOW() - INTERVAL '96 days'),
  ('ab5f7f6a-a74f-44b3-be20-1c3fd5211327', '5f21eef8-b18b-483b-b0e0-c54a61a9ddc6', '馬可福音', 14, NOW() - INTERVAL '95 days'),
  ('ab5f7f6a-a74f-44b3-be20-1c3fd5211327', '5f21eef8-b18b-483b-b0e0-c54a61a9ddc6', '馬可福音', 15, NOW() - INTERVAL '95 days'),
  ('ab5f7f6a-a74f-44b3-be20-1c3fd5211327', '5f21eef8-b18b-483b-b0e0-c54a61a9ddc6', '馬可福音', 16, NOW() - INTERVAL '95 days'),
  ('ab5f7f6a-a74f-44b3-be20-1c3fd5211327', '5f21eef8-b18b-483b-b0e0-c54a61a9ddc6', '約伯記', 1, NOW() - INTERVAL '95 days'),
  ('ab5f7f6a-a74f-44b3-be20-1c3fd5211327', '5f21eef8-b18b-483b-b0e0-c54a61a9ddc6', '約伯記', 2, NOW() - INTERVAL '95 days'),
  ('ab5f7f6a-a74f-44b3-be20-1c3fd5211327', '5f21eef8-b18b-483b-b0e0-c54a61a9ddc6', '約伯記', 3, NOW() - INTERVAL '94 days'),
  ('ab5f7f6a-a74f-44b3-be20-1c3fd5211327', '5f21eef8-b18b-483b-b0e0-c54a61a9ddc6', '約伯記', 4, NOW() - INTERVAL '94 days'),
  ('ab5f7f6a-a74f-44b3-be20-1c3fd5211327', '5f21eef8-b18b-483b-b0e0-c54a61a9ddc6', '約伯記', 5, NOW() - INTERVAL '94 days'),
  ('ab5f7f6a-a74f-44b3-be20-1c3fd5211327', '5f21eef8-b18b-483b-b0e0-c54a61a9ddc6', '約伯記', 6, NOW() - INTERVAL '94 days'),
  ('ab5f7f6a-a74f-44b3-be20-1c3fd5211327', '5f21eef8-b18b-483b-b0e0-c54a61a9ddc6', '約伯記', 7, NOW() - INTERVAL '94 days'),
  ('ab5f7f6a-a74f-44b3-be20-1c3fd5211327', '5f21eef8-b18b-483b-b0e0-c54a61a9ddc6', '約伯記', 8, NOW() - INTERVAL '93 days'),
  ('ab5f7f6a-a74f-44b3-be20-1c3fd5211327', '5f21eef8-b18b-483b-b0e0-c54a61a9ddc6', '約伯記', 9, NOW() - INTERVAL '93 days'),
  ('ab5f7f6a-a74f-44b3-be20-1c3fd5211327', '5f21eef8-b18b-483b-b0e0-c54a61a9ddc6', '約伯記', 10, NOW() - INTERVAL '93 days'),
  ('ab5f7f6a-a74f-44b3-be20-1c3fd5211327', '5f21eef8-b18b-483b-b0e0-c54a61a9ddc6', '約伯記', 11, NOW() - INTERVAL '93 days'),
  ('ab5f7f6a-a74f-44b3-be20-1c3fd5211327', '5f21eef8-b18b-483b-b0e0-c54a61a9ddc6', '約伯記', 12, NOW() - INTERVAL '93 days'),
  ('ab5f7f6a-a74f-44b3-be20-1c3fd5211327', '5f21eef8-b18b-483b-b0e0-c54a61a9ddc6', '約伯記', 13, NOW() - INTERVAL '92 days'),
  ('ab5f7f6a-a74f-44b3-be20-1c3fd5211327', '5f21eef8-b18b-483b-b0e0-c54a61a9ddc6', '約伯記', 14, NOW() - INTERVAL '92 days'),
  ('ab5f7f6a-a74f-44b3-be20-1c3fd5211327', '5f21eef8-b18b-483b-b0e0-c54a61a9ddc6', '約伯記', 15, NOW() - INTERVAL '92 days'),
  ('ab5f7f6a-a74f-44b3-be20-1c3fd5211327', '5f21eef8-b18b-483b-b0e0-c54a61a9ddc6', '約伯記', 16, NOW() - INTERVAL '92 days'),
  ('ab5f7f6a-a74f-44b3-be20-1c3fd5211327', '5f21eef8-b18b-483b-b0e0-c54a61a9ddc6', '約伯記', 17, NOW() - INTERVAL '92 days'),
  ('ab5f7f6a-a74f-44b3-be20-1c3fd5211327', '5f21eef8-b18b-483b-b0e0-c54a61a9ddc6', '約伯記', 18, NOW() - INTERVAL '91 days'),
  ('ab5f7f6a-a74f-44b3-be20-1c3fd5211327', '5f21eef8-b18b-483b-b0e0-c54a61a9ddc6', '約伯記', 19, NOW() - INTERVAL '91 days'),
  ('ab5f7f6a-a74f-44b3-be20-1c3fd5211327', '5f21eef8-b18b-483b-b0e0-c54a61a9ddc6', '約伯記', 20, NOW() - INTERVAL '91 days'),
  ('ab5f7f6a-a74f-44b3-be20-1c3fd5211327', '5f21eef8-b18b-483b-b0e0-c54a61a9ddc6', '約伯記', 21, NOW() - INTERVAL '91 days'),
  ('ab5f7f6a-a74f-44b3-be20-1c3fd5211327', '5f21eef8-b18b-483b-b0e0-c54a61a9ddc6', '約伯記', 22, NOW() - INTERVAL '91 days'),
  ('ab5f7f6a-a74f-44b3-be20-1c3fd5211327', '5f21eef8-b18b-483b-b0e0-c54a61a9ddc6', '約伯記', 23, NOW() - INTERVAL '90 days'),
  ('ab5f7f6a-a74f-44b3-be20-1c3fd5211327', '5f21eef8-b18b-483b-b0e0-c54a61a9ddc6', '約伯記', 24, NOW() - INTERVAL '90 days'),
  ('ab5f7f6a-a74f-44b3-be20-1c3fd5211327', '5f21eef8-b18b-483b-b0e0-c54a61a9ddc6', '約伯記', 25, NOW() - INTERVAL '90 days'),
  ('ab5f7f6a-a74f-44b3-be20-1c3fd5211327', '5f21eef8-b18b-483b-b0e0-c54a61a9ddc6', '約伯記', 26, NOW() - INTERVAL '90 days'),
  ('ab5f7f6a-a74f-44b3-be20-1c3fd5211327', '5f21eef8-b18b-483b-b0e0-c54a61a9ddc6', '約伯記', 27, NOW() - INTERVAL '90 days'),
  ('ab5f7f6a-a74f-44b3-be20-1c3fd5211327', '5f21eef8-b18b-483b-b0e0-c54a61a9ddc6', '約伯記', 28, NOW() - INTERVAL '89 days'),
  ('ab5f7f6a-a74f-44b3-be20-1c3fd5211327', '5f21eef8-b18b-483b-b0e0-c54a61a9ddc6', '約伯記', 29, NOW() - INTERVAL '89 days'),
  ('ab5f7f6a-a74f-44b3-be20-1c3fd5211327', '5f21eef8-b18b-483b-b0e0-c54a61a9ddc6', '約伯記', 30, NOW() - INTERVAL '89 days'),
  ('ab5f7f6a-a74f-44b3-be20-1c3fd5211327', '5f21eef8-b18b-483b-b0e0-c54a61a9ddc6', '約伯記', 31, NOW() - INTERVAL '89 days'),
  ('ab5f7f6a-a74f-44b3-be20-1c3fd5211327', '5f21eef8-b18b-483b-b0e0-c54a61a9ddc6', '約伯記', 32, NOW() - INTERVAL '89 days'),
  ('ab5f7f6a-a74f-44b3-be20-1c3fd5211327', '5f21eef8-b18b-483b-b0e0-c54a61a9ddc6', '約伯記', 33, NOW() - INTERVAL '88 days'),
  ('ab5f7f6a-a74f-44b3-be20-1c3fd5211327', '5f21eef8-b18b-483b-b0e0-c54a61a9ddc6', '約伯記', 34, NOW() - INTERVAL '88 days'),
  ('ab5f7f6a-a74f-44b3-be20-1c3fd5211327', '5f21eef8-b18b-483b-b0e0-c54a61a9ddc6', '約伯記', 35, NOW() - INTERVAL '88 days'),
  ('ab5f7f6a-a74f-44b3-be20-1c3fd5211327', '5f21eef8-b18b-483b-b0e0-c54a61a9ddc6', '約伯記', 36, NOW() - INTERVAL '88 days'),
  ('ab5f7f6a-a74f-44b3-be20-1c3fd5211327', '5f21eef8-b18b-483b-b0e0-c54a61a9ddc6', '約伯記', 37, NOW() - INTERVAL '88 days'),
  ('ab5f7f6a-a74f-44b3-be20-1c3fd5211327', '5f21eef8-b18b-483b-b0e0-c54a61a9ddc6', '約伯記', 38, NOW() - INTERVAL '87 days'),
  ('ab5f7f6a-a74f-44b3-be20-1c3fd5211327', '5f21eef8-b18b-483b-b0e0-c54a61a9ddc6', '約伯記', 39, NOW() - INTERVAL '87 days'),
  ('ab5f7f6a-a74f-44b3-be20-1c3fd5211327', '5f21eef8-b18b-483b-b0e0-c54a61a9ddc6', '約伯記', 40, NOW() - INTERVAL '87 days'),
  ('ab5f7f6a-a74f-44b3-be20-1c3fd5211327', '5f21eef8-b18b-483b-b0e0-c54a61a9ddc6', '約伯記', 41, NOW() - INTERVAL '87 days'),
  ('ab5f7f6a-a74f-44b3-be20-1c3fd5211327', '5f21eef8-b18b-483b-b0e0-c54a61a9ddc6', '約伯記', 42, NOW() - INTERVAL '87 days'),
  ('ab5f7f6a-a74f-44b3-be20-1c3fd5211327', '5f21eef8-b18b-483b-b0e0-c54a61a9ddc6', '加拉太書', 1, NOW() - INTERVAL '86 days'),
  ('ab5f7f6a-a74f-44b3-be20-1c3fd5211327', '5f21eef8-b18b-483b-b0e0-c54a61a9ddc6', '加拉太書', 2, NOW() - INTERVAL '86 days'),
  ('ab5f7f6a-a74f-44b3-be20-1c3fd5211327', '5f21eef8-b18b-483b-b0e0-c54a61a9ddc6', '加拉太書', 3, NOW() - INTERVAL '86 days'),
  ('ab5f7f6a-a74f-44b3-be20-1c3fd5211327', '5f21eef8-b18b-483b-b0e0-c54a61a9ddc6', '加拉太書', 4, NOW() - INTERVAL '86 days'),
  ('ab5f7f6a-a74f-44b3-be20-1c3fd5211327', '5f21eef8-b18b-483b-b0e0-c54a61a9ddc6', '加拉太書', 5, NOW() - INTERVAL '86 days'),
  ('ab5f7f6a-a74f-44b3-be20-1c3fd5211327', '5f21eef8-b18b-483b-b0e0-c54a61a9ddc6', '加拉太書', 6, NOW() - INTERVAL '85 days'),
  ('ab5f7f6a-a74f-44b3-be20-1c3fd5211327', '5f21eef8-b18b-483b-b0e0-c54a61a9ddc6', '哈巴谷書', 1, NOW() - INTERVAL '85 days'),
  ('ab5f7f6a-a74f-44b3-be20-1c3fd5211327', '5f21eef8-b18b-483b-b0e0-c54a61a9ddc6', '哈巴谷書', 2, NOW() - INTERVAL '85 days'),
  ('ab5f7f6a-a74f-44b3-be20-1c3fd5211327', '5f21eef8-b18b-483b-b0e0-c54a61a9ddc6', '哈巴谷書', 3, NOW() - INTERVAL '85 days'),
  ('ab5f7f6a-a74f-44b3-be20-1c3fd5211327', '5f21eef8-b18b-483b-b0e0-c54a61a9ddc6', '猶大書', 1, NOW() - INTERVAL '85 days'),
  ('ab5f7f6a-a74f-44b3-be20-1c3fd5211327', '5f21eef8-b18b-483b-b0e0-c54a61a9ddc6', '利未記', 1, NOW() - INTERVAL '84 days'),
  ('ab5f7f6a-a74f-44b3-be20-1c3fd5211327', '5f21eef8-b18b-483b-b0e0-c54a61a9ddc6', '利未記', 2, NOW() - INTERVAL '84 days'),
  ('ab5f7f6a-a74f-44b3-be20-1c3fd5211327', '5f21eef8-b18b-483b-b0e0-c54a61a9ddc6', '利未記', 3, NOW() - INTERVAL '84 days'),
  ('ab5f7f6a-a74f-44b3-be20-1c3fd5211327', '5f21eef8-b18b-483b-b0e0-c54a61a9ddc6', '利未記', 4, NOW() - INTERVAL '84 days'),
  ('ab5f7f6a-a74f-44b3-be20-1c3fd5211327', '5f21eef8-b18b-483b-b0e0-c54a61a9ddc6', '利未記', 5, NOW() - INTERVAL '84 days'),
  ('ab5f7f6a-a74f-44b3-be20-1c3fd5211327', '5f21eef8-b18b-483b-b0e0-c54a61a9ddc6', '利未記', 6, NOW() - INTERVAL '83 days'),
  ('ab5f7f6a-a74f-44b3-be20-1c3fd5211327', '5f21eef8-b18b-483b-b0e0-c54a61a9ddc6', '利未記', 7, NOW() - INTERVAL '83 days'),
  ('ab5f7f6a-a74f-44b3-be20-1c3fd5211327', '5f21eef8-b18b-483b-b0e0-c54a61a9ddc6', '利未記', 8, NOW() - INTERVAL '83 days'),
  ('ab5f7f6a-a74f-44b3-be20-1c3fd5211327', '5f21eef8-b18b-483b-b0e0-c54a61a9ddc6', '利未記', 9, NOW() - INTERVAL '83 days'),
  ('ab5f7f6a-a74f-44b3-be20-1c3fd5211327', '5f21eef8-b18b-483b-b0e0-c54a61a9ddc6', '利未記', 10, NOW() - INTERVAL '83 days'),
  ('ab5f7f6a-a74f-44b3-be20-1c3fd5211327', '5f21eef8-b18b-483b-b0e0-c54a61a9ddc6', '利未記', 11, NOW() - INTERVAL '82 days'),
  ('ab5f7f6a-a74f-44b3-be20-1c3fd5211327', '5f21eef8-b18b-483b-b0e0-c54a61a9ddc6', '利未記', 12, NOW() - INTERVAL '82 days'),
  ('ab5f7f6a-a74f-44b3-be20-1c3fd5211327', '5f21eef8-b18b-483b-b0e0-c54a61a9ddc6', '利未記', 13, NOW() - INTERVAL '82 days'),
  ('ab5f7f6a-a74f-44b3-be20-1c3fd5211327', '5f21eef8-b18b-483b-b0e0-c54a61a9ddc6', '利未記', 14, NOW() - INTERVAL '82 days'),
  ('ab5f7f6a-a74f-44b3-be20-1c3fd5211327', '5f21eef8-b18b-483b-b0e0-c54a61a9ddc6', '利未記', 15, NOW() - INTERVAL '82 days'),
  ('ab5f7f6a-a74f-44b3-be20-1c3fd5211327', '5f21eef8-b18b-483b-b0e0-c54a61a9ddc6', '利未記', 16, NOW() - INTERVAL '81 days'),
  ('ab5f7f6a-a74f-44b3-be20-1c3fd5211327', '5f21eef8-b18b-483b-b0e0-c54a61a9ddc6', '利未記', 17, NOW() - INTERVAL '81 days'),
  ('ab5f7f6a-a74f-44b3-be20-1c3fd5211327', '5f21eef8-b18b-483b-b0e0-c54a61a9ddc6', '利未記', 18, NOW() - INTERVAL '81 days'),
  ('ab5f7f6a-a74f-44b3-be20-1c3fd5211327', '5f21eef8-b18b-483b-b0e0-c54a61a9ddc6', '利未記', 19, NOW() - INTERVAL '81 days'),
  ('ab5f7f6a-a74f-44b3-be20-1c3fd5211327', '5f21eef8-b18b-483b-b0e0-c54a61a9ddc6', '利未記', 20, NOW() - INTERVAL '81 days'),
  ('ab5f7f6a-a74f-44b3-be20-1c3fd5211327', '5f21eef8-b18b-483b-b0e0-c54a61a9ddc6', '利未記', 21, NOW() - INTERVAL '80 days'),
  ('ab5f7f6a-a74f-44b3-be20-1c3fd5211327', '5f21eef8-b18b-483b-b0e0-c54a61a9ddc6', '利未記', 22, NOW() - INTERVAL '80 days'),
  ('ab5f7f6a-a74f-44b3-be20-1c3fd5211327', '5f21eef8-b18b-483b-b0e0-c54a61a9ddc6', '利未記', 23, NOW() - INTERVAL '80 days'),
  ('ab5f7f6a-a74f-44b3-be20-1c3fd5211327', '5f21eef8-b18b-483b-b0e0-c54a61a9ddc6', '利未記', 24, NOW() - INTERVAL '80 days'),
  ('ab5f7f6a-a74f-44b3-be20-1c3fd5211327', '5f21eef8-b18b-483b-b0e0-c54a61a9ddc6', '利未記', 25, NOW() - INTERVAL '80 days'),
  ('ab5f7f6a-a74f-44b3-be20-1c3fd5211327', '5f21eef8-b18b-483b-b0e0-c54a61a9ddc6', '利未記', 26, NOW() - INTERVAL '79 days'),
  ('ab5f7f6a-a74f-44b3-be20-1c3fd5211327', '5f21eef8-b18b-483b-b0e0-c54a61a9ddc6', '利未記', 27, NOW() - INTERVAL '79 days'),
  ('ab5f7f6a-a74f-44b3-be20-1c3fd5211327', '5f21eef8-b18b-483b-b0e0-c54a61a9ddc6', '路加福音', 1, NOW() - INTERVAL '79 days'),
  ('ab5f7f6a-a74f-44b3-be20-1c3fd5211327', '5f21eef8-b18b-483b-b0e0-c54a61a9ddc6', '路加福音', 2, NOW() - INTERVAL '79 days'),
  ('ab5f7f6a-a74f-44b3-be20-1c3fd5211327', '5f21eef8-b18b-483b-b0e0-c54a61a9ddc6', '路加福音', 3, NOW() - INTERVAL '79 days'),
  ('ab5f7f6a-a74f-44b3-be20-1c3fd5211327', '5f21eef8-b18b-483b-b0e0-c54a61a9ddc6', '路加福音', 4, NOW() - INTERVAL '78 days'),
  ('ab5f7f6a-a74f-44b3-be20-1c3fd5211327', '5f21eef8-b18b-483b-b0e0-c54a61a9ddc6', '路加福音', 5, NOW() - INTERVAL '78 days'),
  ('ab5f7f6a-a74f-44b3-be20-1c3fd5211327', '5f21eef8-b18b-483b-b0e0-c54a61a9ddc6', '路加福音', 6, NOW() - INTERVAL '78 days'),
  ('ab5f7f6a-a74f-44b3-be20-1c3fd5211327', '5f21eef8-b18b-483b-b0e0-c54a61a9ddc6', '路加福音', 7, NOW() - INTERVAL '78 days'),
  ('ab5f7f6a-a74f-44b3-be20-1c3fd5211327', '5f21eef8-b18b-483b-b0e0-c54a61a9ddc6', '路加福音', 8, NOW() - INTERVAL '78 days'),
  ('ab5f7f6a-a74f-44b3-be20-1c3fd5211327', '5f21eef8-b18b-483b-b0e0-c54a61a9ddc6', '路加福音', 9, NOW() - INTERVAL '77 days'),
  ('ab5f7f6a-a74f-44b3-be20-1c3fd5211327', '5f21eef8-b18b-483b-b0e0-c54a61a9ddc6', '路加福音', 10, NOW() - INTERVAL '77 days'),
  ('ab5f7f6a-a74f-44b3-be20-1c3fd5211327', '5f21eef8-b18b-483b-b0e0-c54a61a9ddc6', '路加福音', 11, NOW() - INTERVAL '77 days'),
  ('ab5f7f6a-a74f-44b3-be20-1c3fd5211327', '5f21eef8-b18b-483b-b0e0-c54a61a9ddc6', '路加福音', 12, NOW() - INTERVAL '77 days'),
  ('ab5f7f6a-a74f-44b3-be20-1c3fd5211327', '5f21eef8-b18b-483b-b0e0-c54a61a9ddc6', '路加福音', 13, NOW() - INTERVAL '77 days'),
  ('ab5f7f6a-a74f-44b3-be20-1c3fd5211327', '5f21eef8-b18b-483b-b0e0-c54a61a9ddc6', '路加福音', 14, NOW() - INTERVAL '76 days'),
  ('ab5f7f6a-a74f-44b3-be20-1c3fd5211327', '5f21eef8-b18b-483b-b0e0-c54a61a9ddc6', '路加福音', 15, NOW() - INTERVAL '76 days'),
  ('ab5f7f6a-a74f-44b3-be20-1c3fd5211327', '5f21eef8-b18b-483b-b0e0-c54a61a9ddc6', '路加福音', 16, NOW() - INTERVAL '76 days'),
  ('ab5f7f6a-a74f-44b3-be20-1c3fd5211327', '5f21eef8-b18b-483b-b0e0-c54a61a9ddc6', '路加福音', 17, NOW() - INTERVAL '76 days'),
  ('ab5f7f6a-a74f-44b3-be20-1c3fd5211327', '5f21eef8-b18b-483b-b0e0-c54a61a9ddc6', '路加福音', 18, NOW() - INTERVAL '76 days'),
  ('ab5f7f6a-a74f-44b3-be20-1c3fd5211327', '5f21eef8-b18b-483b-b0e0-c54a61a9ddc6', '路加福音', 19, NOW() - INTERVAL '75 days'),
  ('ab5f7f6a-a74f-44b3-be20-1c3fd5211327', '5f21eef8-b18b-483b-b0e0-c54a61a9ddc6', '路加福音', 20, NOW() - INTERVAL '75 days'),
  ('ab5f7f6a-a74f-44b3-be20-1c3fd5211327', '5f21eef8-b18b-483b-b0e0-c54a61a9ddc6', '路加福音', 21, NOW() - INTERVAL '75 days'),
  ('ab5f7f6a-a74f-44b3-be20-1c3fd5211327', '5f21eef8-b18b-483b-b0e0-c54a61a9ddc6', '路加福音', 22, NOW() - INTERVAL '75 days'),
  ('ab5f7f6a-a74f-44b3-be20-1c3fd5211327', '5f21eef8-b18b-483b-b0e0-c54a61a9ddc6', '路加福音', 23, NOW() - INTERVAL '75 days'),
  ('ab5f7f6a-a74f-44b3-be20-1c3fd5211327', '5f21eef8-b18b-483b-b0e0-c54a61a9ddc6', '路加福音', 24, NOW() - INTERVAL '74 days'),
  ('ab5f7f6a-a74f-44b3-be20-1c3fd5211327', '5f21eef8-b18b-483b-b0e0-c54a61a9ddc6', '歷代志下', 1, NOW() - INTERVAL '74 days'),
  ('ab5f7f6a-a74f-44b3-be20-1c3fd5211327', '5f21eef8-b18b-483b-b0e0-c54a61a9ddc6', '歷代志下', 2, NOW() - INTERVAL '74 days'),
  ('ab5f7f6a-a74f-44b3-be20-1c3fd5211327', '5f21eef8-b18b-483b-b0e0-c54a61a9ddc6', '歷代志下', 3, NOW() - INTERVAL '74 days'),
  ('ab5f7f6a-a74f-44b3-be20-1c3fd5211327', '5f21eef8-b18b-483b-b0e0-c54a61a9ddc6', '歷代志下', 4, NOW() - INTERVAL '74 days'),
  ('ab5f7f6a-a74f-44b3-be20-1c3fd5211327', '5f21eef8-b18b-483b-b0e0-c54a61a9ddc6', '歷代志下', 5, NOW() - INTERVAL '73 days'),
  ('ab5f7f6a-a74f-44b3-be20-1c3fd5211327', '5f21eef8-b18b-483b-b0e0-c54a61a9ddc6', '歷代志下', 6, NOW() - INTERVAL '73 days'),
  ('ab5f7f6a-a74f-44b3-be20-1c3fd5211327', '5f21eef8-b18b-483b-b0e0-c54a61a9ddc6', '歷代志下', 7, NOW() - INTERVAL '73 days'),
  ('ab5f7f6a-a74f-44b3-be20-1c3fd5211327', '5f21eef8-b18b-483b-b0e0-c54a61a9ddc6', '歷代志下', 8, NOW() - INTERVAL '73 days'),
  ('ab5f7f6a-a74f-44b3-be20-1c3fd5211327', '5f21eef8-b18b-483b-b0e0-c54a61a9ddc6', '歷代志下', 9, NOW() - INTERVAL '73 days'),
  ('ab5f7f6a-a74f-44b3-be20-1c3fd5211327', '5f21eef8-b18b-483b-b0e0-c54a61a9ddc6', '歷代志下', 10, NOW() - INTERVAL '72 days'),
  ('ab5f7f6a-a74f-44b3-be20-1c3fd5211327', '5f21eef8-b18b-483b-b0e0-c54a61a9ddc6', '歷代志下', 11, NOW() - INTERVAL '72 days'),
  ('ab5f7f6a-a74f-44b3-be20-1c3fd5211327', '5f21eef8-b18b-483b-b0e0-c54a61a9ddc6', '歷代志下', 12, NOW() - INTERVAL '72 days'),
  ('ab5f7f6a-a74f-44b3-be20-1c3fd5211327', '5f21eef8-b18b-483b-b0e0-c54a61a9ddc6', '歷代志下', 13, NOW() - INTERVAL '72 days'),
  ('ab5f7f6a-a74f-44b3-be20-1c3fd5211327', '5f21eef8-b18b-483b-b0e0-c54a61a9ddc6', '歷代志下', 14, NOW() - INTERVAL '72 days'),
  ('ab5f7f6a-a74f-44b3-be20-1c3fd5211327', '5f21eef8-b18b-483b-b0e0-c54a61a9ddc6', '歷代志下', 15, NOW() - INTERVAL '71 days'),
  ('ab5f7f6a-a74f-44b3-be20-1c3fd5211327', '5f21eef8-b18b-483b-b0e0-c54a61a9ddc6', '歷代志下', 16, NOW() - INTERVAL '71 days'),
  ('ab5f7f6a-a74f-44b3-be20-1c3fd5211327', '5f21eef8-b18b-483b-b0e0-c54a61a9ddc6', '歷代志下', 17, NOW() - INTERVAL '71 days'),
  ('ab5f7f6a-a74f-44b3-be20-1c3fd5211327', '5f21eef8-b18b-483b-b0e0-c54a61a9ddc6', '歷代志下', 18, NOW() - INTERVAL '71 days'),
  ('ab5f7f6a-a74f-44b3-be20-1c3fd5211327', '5f21eef8-b18b-483b-b0e0-c54a61a9ddc6', '歷代志下', 19, NOW() - INTERVAL '71 days'),
  ('ab5f7f6a-a74f-44b3-be20-1c3fd5211327', '5f21eef8-b18b-483b-b0e0-c54a61a9ddc6', '歷代志下', 20, NOW() - INTERVAL '70 days'),
  ('ab5f7f6a-a74f-44b3-be20-1c3fd5211327', '5f21eef8-b18b-483b-b0e0-c54a61a9ddc6', '歷代志下', 21, NOW() - INTERVAL '70 days'),
  ('ab5f7f6a-a74f-44b3-be20-1c3fd5211327', '5f21eef8-b18b-483b-b0e0-c54a61a9ddc6', '歷代志下', 22, NOW() - INTERVAL '70 days'),
  ('ab5f7f6a-a74f-44b3-be20-1c3fd5211327', '5f21eef8-b18b-483b-b0e0-c54a61a9ddc6', '歷代志下', 23, NOW() - INTERVAL '70 days'),
  ('ab5f7f6a-a74f-44b3-be20-1c3fd5211327', '5f21eef8-b18b-483b-b0e0-c54a61a9ddc6', '歷代志下', 24, NOW() - INTERVAL '70 days'),
  ('ab5f7f6a-a74f-44b3-be20-1c3fd5211327', '5f21eef8-b18b-483b-b0e0-c54a61a9ddc6', '歷代志下', 25, NOW() - INTERVAL '69 days'),
  ('ab5f7f6a-a74f-44b3-be20-1c3fd5211327', '5f21eef8-b18b-483b-b0e0-c54a61a9ddc6', '歷代志下', 26, NOW() - INTERVAL '69 days'),
  ('ab5f7f6a-a74f-44b3-be20-1c3fd5211327', '5f21eef8-b18b-483b-b0e0-c54a61a9ddc6', '歷代志下', 27, NOW() - INTERVAL '69 days'),
  ('ab5f7f6a-a74f-44b3-be20-1c3fd5211327', '5f21eef8-b18b-483b-b0e0-c54a61a9ddc6', '歷代志下', 28, NOW() - INTERVAL '69 days'),
  ('ab5f7f6a-a74f-44b3-be20-1c3fd5211327', '5f21eef8-b18b-483b-b0e0-c54a61a9ddc6', '歷代志下', 29, NOW() - INTERVAL '69 days'),
  ('ab5f7f6a-a74f-44b3-be20-1c3fd5211327', '5f21eef8-b18b-483b-b0e0-c54a61a9ddc6', '歷代志下', 30, NOW() - INTERVAL '68 days'),
  ('ab5f7f6a-a74f-44b3-be20-1c3fd5211327', '5f21eef8-b18b-483b-b0e0-c54a61a9ddc6', '歷代志下', 31, NOW() - INTERVAL '68 days'),
  ('ab5f7f6a-a74f-44b3-be20-1c3fd5211327', '5f21eef8-b18b-483b-b0e0-c54a61a9ddc6', '歷代志下', 32, NOW() - INTERVAL '68 days'),
  ('ab5f7f6a-a74f-44b3-be20-1c3fd5211327', '5f21eef8-b18b-483b-b0e0-c54a61a9ddc6', '歷代志下', 33, NOW() - INTERVAL '68 days'),
  ('ab5f7f6a-a74f-44b3-be20-1c3fd5211327', '5f21eef8-b18b-483b-b0e0-c54a61a9ddc6', '歷代志下', 34, NOW() - INTERVAL '68 days'),
  ('ab5f7f6a-a74f-44b3-be20-1c3fd5211327', '5f21eef8-b18b-483b-b0e0-c54a61a9ddc6', '歷代志下', 35, NOW() - INTERVAL '67 days'),
  ('ab5f7f6a-a74f-44b3-be20-1c3fd5211327', '5f21eef8-b18b-483b-b0e0-c54a61a9ddc6', '歷代志下', 36, NOW() - INTERVAL '67 days'),
  ('ab5f7f6a-a74f-44b3-be20-1c3fd5211327', '5f21eef8-b18b-483b-b0e0-c54a61a9ddc6', '帖撒羅尼迦前書', 1, NOW() - INTERVAL '67 days'),
  ('ab5f7f6a-a74f-44b3-be20-1c3fd5211327', '5f21eef8-b18b-483b-b0e0-c54a61a9ddc6', '帖撒羅尼迦前書', 2, NOW() - INTERVAL '67 days'),
  ('ab5f7f6a-a74f-44b3-be20-1c3fd5211327', '5f21eef8-b18b-483b-b0e0-c54a61a9ddc6', '帖撒羅尼迦前書', 3, NOW() - INTERVAL '67 days'),
  ('ab5f7f6a-a74f-44b3-be20-1c3fd5211327', '5f21eef8-b18b-483b-b0e0-c54a61a9ddc6', '帖撒羅尼迦前書', 4, NOW() - INTERVAL '66 days'),
  ('ab5f7f6a-a74f-44b3-be20-1c3fd5211327', '5f21eef8-b18b-483b-b0e0-c54a61a9ddc6', '帖撒羅尼迦前書', 5, NOW() - INTERVAL '66 days'),
  ('ab5f7f6a-a74f-44b3-be20-1c3fd5211327', '5f21eef8-b18b-483b-b0e0-c54a61a9ddc6', '約拿書', 1, NOW() - INTERVAL '66 days'),
  ('ab5f7f6a-a74f-44b3-be20-1c3fd5211327', '5f21eef8-b18b-483b-b0e0-c54a61a9ddc6', '約拿書', 2, NOW() - INTERVAL '66 days'),
  ('ab5f7f6a-a74f-44b3-be20-1c3fd5211327', '5f21eef8-b18b-483b-b0e0-c54a61a9ddc6', '約拿書', 3, NOW() - INTERVAL '66 days'),
  ('ab5f7f6a-a74f-44b3-be20-1c3fd5211327', '5f21eef8-b18b-483b-b0e0-c54a61a9ddc6', '約拿書', 4, NOW() - INTERVAL '65 days'),
  ('ab5f7f6a-a74f-44b3-be20-1c3fd5211327', '5f21eef8-b18b-483b-b0e0-c54a61a9ddc6', '約翰二書', 1, NOW() - INTERVAL '65 days'),
  ('ab5f7f6a-a74f-44b3-be20-1c3fd5211327', '5f21eef8-b18b-483b-b0e0-c54a61a9ddc6', '彌迦書', 1, NOW() - INTERVAL '65 days'),
  ('ab5f7f6a-a74f-44b3-be20-1c3fd5211327', '5f21eef8-b18b-483b-b0e0-c54a61a9ddc6', '彌迦書', 2, NOW() - INTERVAL '65 days'),
  ('ab5f7f6a-a74f-44b3-be20-1c3fd5211327', '5f21eef8-b18b-483b-b0e0-c54a61a9ddc6', '彌迦書', 3, NOW() - INTERVAL '65 days'),
  ('ab5f7f6a-a74f-44b3-be20-1c3fd5211327', '5f21eef8-b18b-483b-b0e0-c54a61a9ddc6', '彌迦書', 4, NOW() - INTERVAL '64 days'),
  ('ab5f7f6a-a74f-44b3-be20-1c3fd5211327', '5f21eef8-b18b-483b-b0e0-c54a61a9ddc6', '彌迦書', 5, NOW() - INTERVAL '64 days'),
  ('ab5f7f6a-a74f-44b3-be20-1c3fd5211327', '5f21eef8-b18b-483b-b0e0-c54a61a9ddc6', '彌迦書', 6, NOW() - INTERVAL '64 days'),
  ('ab5f7f6a-a74f-44b3-be20-1c3fd5211327', '5f21eef8-b18b-483b-b0e0-c54a61a9ddc6', '彌迦書', 7, NOW() - INTERVAL '64 days'),
  ('ab5f7f6a-a74f-44b3-be20-1c3fd5211327', '5f21eef8-b18b-483b-b0e0-c54a61a9ddc6', '約翰三書', 1, NOW() - INTERVAL '64 days'),
  ('ab5f7f6a-a74f-44b3-be20-1c3fd5211327', '5f21eef8-b18b-483b-b0e0-c54a61a9ddc6', '民數記', 1, NOW() - INTERVAL '63 days'),
  ('ab5f7f6a-a74f-44b3-be20-1c3fd5211327', '5f21eef8-b18b-483b-b0e0-c54a61a9ddc6', '民數記', 2, NOW() - INTERVAL '63 days'),
  ('ab5f7f6a-a74f-44b3-be20-1c3fd5211327', '5f21eef8-b18b-483b-b0e0-c54a61a9ddc6', '民數記', 3, NOW() - INTERVAL '63 days'),
  ('ab5f7f6a-a74f-44b3-be20-1c3fd5211327', '5f21eef8-b18b-483b-b0e0-c54a61a9ddc6', '民數記', 4, NOW() - INTERVAL '63 days'),
  ('ab5f7f6a-a74f-44b3-be20-1c3fd5211327', '5f21eef8-b18b-483b-b0e0-c54a61a9ddc6', '民數記', 5, NOW() - INTERVAL '63 days'),
  ('ab5f7f6a-a74f-44b3-be20-1c3fd5211327', '5f21eef8-b18b-483b-b0e0-c54a61a9ddc6', '民數記', 6, NOW() - INTERVAL '62 days'),
  ('ab5f7f6a-a74f-44b3-be20-1c3fd5211327', '5f21eef8-b18b-483b-b0e0-c54a61a9ddc6', '民數記', 7, NOW() - INTERVAL '62 days'),
  ('ab5f7f6a-a74f-44b3-be20-1c3fd5211327', '5f21eef8-b18b-483b-b0e0-c54a61a9ddc6', '民數記', 8, NOW() - INTERVAL '62 days'),
  ('ab5f7f6a-a74f-44b3-be20-1c3fd5211327', '5f21eef8-b18b-483b-b0e0-c54a61a9ddc6', '民數記', 9, NOW() - INTERVAL '62 days'),
  ('ab5f7f6a-a74f-44b3-be20-1c3fd5211327', '5f21eef8-b18b-483b-b0e0-c54a61a9ddc6', '民數記', 10, NOW() - INTERVAL '62 days'),
  ('ab5f7f6a-a74f-44b3-be20-1c3fd5211327', '5f21eef8-b18b-483b-b0e0-c54a61a9ddc6', '民數記', 11, NOW() - INTERVAL '61 days'),
  ('ab5f7f6a-a74f-44b3-be20-1c3fd5211327', '5f21eef8-b18b-483b-b0e0-c54a61a9ddc6', '民數記', 12, NOW() - INTERVAL '61 days'),
  ('ab5f7f6a-a74f-44b3-be20-1c3fd5211327', '5f21eef8-b18b-483b-b0e0-c54a61a9ddc6', '民數記', 13, NOW() - INTERVAL '61 days'),
  ('ab5f7f6a-a74f-44b3-be20-1c3fd5211327', '5f21eef8-b18b-483b-b0e0-c54a61a9ddc6', '民數記', 14, NOW() - INTERVAL '61 days'),
  ('ab5f7f6a-a74f-44b3-be20-1c3fd5211327', '5f21eef8-b18b-483b-b0e0-c54a61a9ddc6', '民數記', 15, NOW() - INTERVAL '61 days'),
  ('ab5f7f6a-a74f-44b3-be20-1c3fd5211327', '5f21eef8-b18b-483b-b0e0-c54a61a9ddc6', '民數記', 16, NOW() - INTERVAL '60 days'),
  ('ab5f7f6a-a74f-44b3-be20-1c3fd5211327', '5f21eef8-b18b-483b-b0e0-c54a61a9ddc6', '民數記', 17, NOW() - INTERVAL '60 days'),
  ('ab5f7f6a-a74f-44b3-be20-1c3fd5211327', '5f21eef8-b18b-483b-b0e0-c54a61a9ddc6', '民數記', 18, NOW() - INTERVAL '60 days'),
  ('ab5f7f6a-a74f-44b3-be20-1c3fd5211327', '5f21eef8-b18b-483b-b0e0-c54a61a9ddc6', '民數記', 19, NOW() - INTERVAL '60 days'),
  ('ab5f7f6a-a74f-44b3-be20-1c3fd5211327', '5f21eef8-b18b-483b-b0e0-c54a61a9ddc6', '民數記', 20, NOW() - INTERVAL '60 days'),
  ('ab5f7f6a-a74f-44b3-be20-1c3fd5211327', '5f21eef8-b18b-483b-b0e0-c54a61a9ddc6', '民數記', 21, NOW() - INTERVAL '59 days'),
  ('ab5f7f6a-a74f-44b3-be20-1c3fd5211327', '5f21eef8-b18b-483b-b0e0-c54a61a9ddc6', '民數記', 22, NOW() - INTERVAL '59 days'),
  ('ab5f7f6a-a74f-44b3-be20-1c3fd5211327', '5f21eef8-b18b-483b-b0e0-c54a61a9ddc6', '民數記', 23, NOW() - INTERVAL '59 days'),
  ('ab5f7f6a-a74f-44b3-be20-1c3fd5211327', '5f21eef8-b18b-483b-b0e0-c54a61a9ddc6', '民數記', 24, NOW() - INTERVAL '59 days'),
  ('ab5f7f6a-a74f-44b3-be20-1c3fd5211327', '5f21eef8-b18b-483b-b0e0-c54a61a9ddc6', '民數記', 25, NOW() - INTERVAL '59 days'),
  ('ab5f7f6a-a74f-44b3-be20-1c3fd5211327', '5f21eef8-b18b-483b-b0e0-c54a61a9ddc6', '民數記', 26, NOW() - INTERVAL '58 days'),
  ('ab5f7f6a-a74f-44b3-be20-1c3fd5211327', '5f21eef8-b18b-483b-b0e0-c54a61a9ddc6', '民數記', 27, NOW() - INTERVAL '58 days'),
  ('ab5f7f6a-a74f-44b3-be20-1c3fd5211327', '5f21eef8-b18b-483b-b0e0-c54a61a9ddc6', '民數記', 28, NOW() - INTERVAL '58 days'),
  ('ab5f7f6a-a74f-44b3-be20-1c3fd5211327', '5f21eef8-b18b-483b-b0e0-c54a61a9ddc6', '民數記', 29, NOW() - INTERVAL '58 days'),
  ('ab5f7f6a-a74f-44b3-be20-1c3fd5211327', '5f21eef8-b18b-483b-b0e0-c54a61a9ddc6', '民數記', 30, NOW() - INTERVAL '58 days'),
  ('ab5f7f6a-a74f-44b3-be20-1c3fd5211327', '5f21eef8-b18b-483b-b0e0-c54a61a9ddc6', '民數記', 31, NOW() - INTERVAL '57 days'),
  ('ab5f7f6a-a74f-44b3-be20-1c3fd5211327', '5f21eef8-b18b-483b-b0e0-c54a61a9ddc6', '民數記', 32, NOW() - INTERVAL '57 days'),
  ('ab5f7f6a-a74f-44b3-be20-1c3fd5211327', '5f21eef8-b18b-483b-b0e0-c54a61a9ddc6', '民數記', 33, NOW() - INTERVAL '57 days'),
  ('ab5f7f6a-a74f-44b3-be20-1c3fd5211327', '5f21eef8-b18b-483b-b0e0-c54a61a9ddc6', '民數記', 34, NOW() - INTERVAL '57 days'),
  ('ab5f7f6a-a74f-44b3-be20-1c3fd5211327', '5f21eef8-b18b-483b-b0e0-c54a61a9ddc6', '民數記', 35, NOW() - INTERVAL '57 days'),
  ('ab5f7f6a-a74f-44b3-be20-1c3fd5211327', '5f21eef8-b18b-483b-b0e0-c54a61a9ddc6', '民數記', 36, NOW() - INTERVAL '56 days'),
  ('ab5f7f6a-a74f-44b3-be20-1c3fd5211327', '5f21eef8-b18b-483b-b0e0-c54a61a9ddc6', '約翰福音', 1, NOW() - INTERVAL '56 days'),
  ('ab5f7f6a-a74f-44b3-be20-1c3fd5211327', '5f21eef8-b18b-483b-b0e0-c54a61a9ddc6', '約翰福音', 2, NOW() - INTERVAL '56 days'),
  ('ab5f7f6a-a74f-44b3-be20-1c3fd5211327', '5f21eef8-b18b-483b-b0e0-c54a61a9ddc6', '約翰福音', 3, NOW() - INTERVAL '56 days'),
  ('ab5f7f6a-a74f-44b3-be20-1c3fd5211327', '5f21eef8-b18b-483b-b0e0-c54a61a9ddc6', '約翰福音', 4, NOW() - INTERVAL '56 days'),
  ('ab5f7f6a-a74f-44b3-be20-1c3fd5211327', '5f21eef8-b18b-483b-b0e0-c54a61a9ddc6', '約翰福音', 5, NOW() - INTERVAL '55 days'),
  ('ab5f7f6a-a74f-44b3-be20-1c3fd5211327', '5f21eef8-b18b-483b-b0e0-c54a61a9ddc6', '約翰福音', 6, NOW() - INTERVAL '55 days'),
  ('ab5f7f6a-a74f-44b3-be20-1c3fd5211327', '5f21eef8-b18b-483b-b0e0-c54a61a9ddc6', '約翰福音', 7, NOW() - INTERVAL '55 days'),
  ('ab5f7f6a-a74f-44b3-be20-1c3fd5211327', '5f21eef8-b18b-483b-b0e0-c54a61a9ddc6', '約翰福音', 8, NOW() - INTERVAL '55 days'),
  ('ab5f7f6a-a74f-44b3-be20-1c3fd5211327', '5f21eef8-b18b-483b-b0e0-c54a61a9ddc6', '約翰福音', 9, NOW() - INTERVAL '55 days'),
  ('ab5f7f6a-a74f-44b3-be20-1c3fd5211327', '5f21eef8-b18b-483b-b0e0-c54a61a9ddc6', '約翰福音', 10, NOW() - INTERVAL '54 days'),
  ('ab5f7f6a-a74f-44b3-be20-1c3fd5211327', '5f21eef8-b18b-483b-b0e0-c54a61a9ddc6', '約翰福音', 11, NOW() - INTERVAL '54 days'),
  ('ab5f7f6a-a74f-44b3-be20-1c3fd5211327', '5f21eef8-b18b-483b-b0e0-c54a61a9ddc6', '約翰福音', 12, NOW() - INTERVAL '54 days'),
  ('ab5f7f6a-a74f-44b3-be20-1c3fd5211327', '5f21eef8-b18b-483b-b0e0-c54a61a9ddc6', '約翰福音', 13, NOW() - INTERVAL '54 days'),
  ('ab5f7f6a-a74f-44b3-be20-1c3fd5211327', '5f21eef8-b18b-483b-b0e0-c54a61a9ddc6', '約翰福音', 14, NOW() - INTERVAL '54 days'),
  ('ab5f7f6a-a74f-44b3-be20-1c3fd5211327', '5f21eef8-b18b-483b-b0e0-c54a61a9ddc6', '約翰福音', 15, NOW() - INTERVAL '53 days'),
  ('ab5f7f6a-a74f-44b3-be20-1c3fd5211327', '5f21eef8-b18b-483b-b0e0-c54a61a9ddc6', '約翰福音', 16, NOW() - INTERVAL '53 days'),
  ('ab5f7f6a-a74f-44b3-be20-1c3fd5211327', '5f21eef8-b18b-483b-b0e0-c54a61a9ddc6', '約翰福音', 17, NOW() - INTERVAL '53 days'),
  ('ab5f7f6a-a74f-44b3-be20-1c3fd5211327', '5f21eef8-b18b-483b-b0e0-c54a61a9ddc6', '約翰福音', 18, NOW() - INTERVAL '53 days'),
  ('ab5f7f6a-a74f-44b3-be20-1c3fd5211327', '5f21eef8-b18b-483b-b0e0-c54a61a9ddc6', '約翰福音', 19, NOW() - INTERVAL '53 days'),
  ('ab5f7f6a-a74f-44b3-be20-1c3fd5211327', '5f21eef8-b18b-483b-b0e0-c54a61a9ddc6', '約翰福音', 20, NOW() - INTERVAL '52 days'),
  ('ab5f7f6a-a74f-44b3-be20-1c3fd5211327', '5f21eef8-b18b-483b-b0e0-c54a61a9ddc6', '約翰福音', 21, NOW() - INTERVAL '52 days'),
  ('ab5f7f6a-a74f-44b3-be20-1c3fd5211327', '5f21eef8-b18b-483b-b0e0-c54a61a9ddc6', '以西結書', 1, NOW() - INTERVAL '52 days'),
  ('ab5f7f6a-a74f-44b3-be20-1c3fd5211327', '5f21eef8-b18b-483b-b0e0-c54a61a9ddc6', '以西結書', 2, NOW() - INTERVAL '52 days'),
  ('ab5f7f6a-a74f-44b3-be20-1c3fd5211327', '5f21eef8-b18b-483b-b0e0-c54a61a9ddc6', '以西結書', 3, NOW() - INTERVAL '52 days'),
  ('ab5f7f6a-a74f-44b3-be20-1c3fd5211327', '5f21eef8-b18b-483b-b0e0-c54a61a9ddc6', '以西結書', 4, NOW() - INTERVAL '51 days'),
  ('ab5f7f6a-a74f-44b3-be20-1c3fd5211327', '5f21eef8-b18b-483b-b0e0-c54a61a9ddc6', '以西結書', 5, NOW() - INTERVAL '51 days'),
  ('ab5f7f6a-a74f-44b3-be20-1c3fd5211327', '5f21eef8-b18b-483b-b0e0-c54a61a9ddc6', '以西結書', 6, NOW() - INTERVAL '51 days'),
  ('ab5f7f6a-a74f-44b3-be20-1c3fd5211327', '5f21eef8-b18b-483b-b0e0-c54a61a9ddc6', '以西結書', 7, NOW() - INTERVAL '51 days'),
  ('ab5f7f6a-a74f-44b3-be20-1c3fd5211327', '5f21eef8-b18b-483b-b0e0-c54a61a9ddc6', '以西結書', 8, NOW() - INTERVAL '51 days'),
  ('ab5f7f6a-a74f-44b3-be20-1c3fd5211327', '5f21eef8-b18b-483b-b0e0-c54a61a9ddc6', '以西結書', 9, NOW() - INTERVAL '50 days'),
  ('ab5f7f6a-a74f-44b3-be20-1c3fd5211327', '5f21eef8-b18b-483b-b0e0-c54a61a9ddc6', '以西結書', 10, NOW() - INTERVAL '50 days'),
  ('ab5f7f6a-a74f-44b3-be20-1c3fd5211327', '5f21eef8-b18b-483b-b0e0-c54a61a9ddc6', '以西結書', 11, NOW() - INTERVAL '50 days'),
  ('ab5f7f6a-a74f-44b3-be20-1c3fd5211327', '5f21eef8-b18b-483b-b0e0-c54a61a9ddc6', '以西結書', 12, NOW() - INTERVAL '50 days'),
  ('ab5f7f6a-a74f-44b3-be20-1c3fd5211327', '5f21eef8-b18b-483b-b0e0-c54a61a9ddc6', '以西結書', 13, NOW() - INTERVAL '50 days'),
  ('ab5f7f6a-a74f-44b3-be20-1c3fd5211327', '5f21eef8-b18b-483b-b0e0-c54a61a9ddc6', '以西結書', 14, NOW() - INTERVAL '49 days'),
  ('ab5f7f6a-a74f-44b3-be20-1c3fd5211327', '5f21eef8-b18b-483b-b0e0-c54a61a9ddc6', '以西結書', 15, NOW() - INTERVAL '49 days'),
  ('ab5f7f6a-a74f-44b3-be20-1c3fd5211327', '5f21eef8-b18b-483b-b0e0-c54a61a9ddc6', '以西結書', 16, NOW() - INTERVAL '49 days'),
  ('ab5f7f6a-a74f-44b3-be20-1c3fd5211327', '5f21eef8-b18b-483b-b0e0-c54a61a9ddc6', '以西結書', 17, NOW() - INTERVAL '49 days'),
  ('ab5f7f6a-a74f-44b3-be20-1c3fd5211327', '5f21eef8-b18b-483b-b0e0-c54a61a9ddc6', '以西結書', 18, NOW() - INTERVAL '49 days'),
  ('ab5f7f6a-a74f-44b3-be20-1c3fd5211327', '5f21eef8-b18b-483b-b0e0-c54a61a9ddc6', '以西結書', 19, NOW() - INTERVAL '48 days'),
  ('ab5f7f6a-a74f-44b3-be20-1c3fd5211327', '5f21eef8-b18b-483b-b0e0-c54a61a9ddc6', '以西結書', 20, NOW() - INTERVAL '48 days'),
  ('ab5f7f6a-a74f-44b3-be20-1c3fd5211327', '5f21eef8-b18b-483b-b0e0-c54a61a9ddc6', '以西結書', 21, NOW() - INTERVAL '48 days'),
  ('ab5f7f6a-a74f-44b3-be20-1c3fd5211327', '5f21eef8-b18b-483b-b0e0-c54a61a9ddc6', '以西結書', 22, NOW() - INTERVAL '48 days'),
  ('ab5f7f6a-a74f-44b3-be20-1c3fd5211327', '5f21eef8-b18b-483b-b0e0-c54a61a9ddc6', '以西結書', 23, NOW() - INTERVAL '48 days'),
  ('ab5f7f6a-a74f-44b3-be20-1c3fd5211327', '5f21eef8-b18b-483b-b0e0-c54a61a9ddc6', '以西結書', 24, NOW() - INTERVAL '47 days'),
  ('ab5f7f6a-a74f-44b3-be20-1c3fd5211327', '5f21eef8-b18b-483b-b0e0-c54a61a9ddc6', '以西結書', 25, NOW() - INTERVAL '47 days'),
  ('ab5f7f6a-a74f-44b3-be20-1c3fd5211327', '5f21eef8-b18b-483b-b0e0-c54a61a9ddc6', '以西結書', 26, NOW() - INTERVAL '47 days'),
  ('ab5f7f6a-a74f-44b3-be20-1c3fd5211327', '5f21eef8-b18b-483b-b0e0-c54a61a9ddc6', '以西結書', 27, NOW() - INTERVAL '47 days'),
  ('ab5f7f6a-a74f-44b3-be20-1c3fd5211327', '5f21eef8-b18b-483b-b0e0-c54a61a9ddc6', '以西結書', 28, NOW() - INTERVAL '47 days'),
  ('ab5f7f6a-a74f-44b3-be20-1c3fd5211327', '5f21eef8-b18b-483b-b0e0-c54a61a9ddc6', '以西結書', 29, NOW() - INTERVAL '46 days'),
  ('ab5f7f6a-a74f-44b3-be20-1c3fd5211327', '5f21eef8-b18b-483b-b0e0-c54a61a9ddc6', '以西結書', 30, NOW() - INTERVAL '46 days'),
  ('ab5f7f6a-a74f-44b3-be20-1c3fd5211327', '5f21eef8-b18b-483b-b0e0-c54a61a9ddc6', '以西結書', 31, NOW() - INTERVAL '46 days'),
  ('ab5f7f6a-a74f-44b3-be20-1c3fd5211327', '5f21eef8-b18b-483b-b0e0-c54a61a9ddc6', '以西結書', 32, NOW() - INTERVAL '46 days'),
  ('ab5f7f6a-a74f-44b3-be20-1c3fd5211327', '5f21eef8-b18b-483b-b0e0-c54a61a9ddc6', '以西結書', 33, NOW() - INTERVAL '46 days'),
  ('ab5f7f6a-a74f-44b3-be20-1c3fd5211327', '5f21eef8-b18b-483b-b0e0-c54a61a9ddc6', '以西結書', 34, NOW() - INTERVAL '45 days'),
  ('ab5f7f6a-a74f-44b3-be20-1c3fd5211327', '5f21eef8-b18b-483b-b0e0-c54a61a9ddc6', '以西結書', 35, NOW() - INTERVAL '45 days'),
  ('ab5f7f6a-a74f-44b3-be20-1c3fd5211327', '5f21eef8-b18b-483b-b0e0-c54a61a9ddc6', '以西結書', 36, NOW() - INTERVAL '45 days'),
  ('ab5f7f6a-a74f-44b3-be20-1c3fd5211327', '5f21eef8-b18b-483b-b0e0-c54a61a9ddc6', '以西結書', 37, NOW() - INTERVAL '45 days'),
  ('ab5f7f6a-a74f-44b3-be20-1c3fd5211327', '5f21eef8-b18b-483b-b0e0-c54a61a9ddc6', '以西結書', 38, NOW() - INTERVAL '45 days'),
  ('ab5f7f6a-a74f-44b3-be20-1c3fd5211327', '5f21eef8-b18b-483b-b0e0-c54a61a9ddc6', '以西結書', 39, NOW() - INTERVAL '44 days'),
  ('ab5f7f6a-a74f-44b3-be20-1c3fd5211327', '5f21eef8-b18b-483b-b0e0-c54a61a9ddc6', '以西結書', 40, NOW() - INTERVAL '44 days'),
  ('ab5f7f6a-a74f-44b3-be20-1c3fd5211327', '5f21eef8-b18b-483b-b0e0-c54a61a9ddc6', '以西結書', 41, NOW() - INTERVAL '44 days'),
  ('ab5f7f6a-a74f-44b3-be20-1c3fd5211327', '5f21eef8-b18b-483b-b0e0-c54a61a9ddc6', '以西結書', 42, NOW() - INTERVAL '44 days'),
  ('ab5f7f6a-a74f-44b3-be20-1c3fd5211327', '5f21eef8-b18b-483b-b0e0-c54a61a9ddc6', '以西結書', 43, NOW() - INTERVAL '44 days'),
  ('ab5f7f6a-a74f-44b3-be20-1c3fd5211327', '5f21eef8-b18b-483b-b0e0-c54a61a9ddc6', '以西結書', 44, NOW() - INTERVAL '43 days'),
  ('ab5f7f6a-a74f-44b3-be20-1c3fd5211327', '5f21eef8-b18b-483b-b0e0-c54a61a9ddc6', '以西結書', 45, NOW() - INTERVAL '43 days'),
  ('ab5f7f6a-a74f-44b3-be20-1c3fd5211327', '5f21eef8-b18b-483b-b0e0-c54a61a9ddc6', '以西結書', 46, NOW() - INTERVAL '43 days'),
  ('ab5f7f6a-a74f-44b3-be20-1c3fd5211327', '5f21eef8-b18b-483b-b0e0-c54a61a9ddc6', '以西結書', 47, NOW() - INTERVAL '43 days'),
  ('ab5f7f6a-a74f-44b3-be20-1c3fd5211327', '5f21eef8-b18b-483b-b0e0-c54a61a9ddc6', '以西結書', 48, NOW() - INTERVAL '43 days'),
  ('ab5f7f6a-a74f-44b3-be20-1c3fd5211327', '5f21eef8-b18b-483b-b0e0-c54a61a9ddc6', '約翰一書', 1, NOW() - INTERVAL '42 days'),
  ('ab5f7f6a-a74f-44b3-be20-1c3fd5211327', '5f21eef8-b18b-483b-b0e0-c54a61a9ddc6', '約翰一書', 2, NOW() - INTERVAL '42 days'),
  ('ab5f7f6a-a74f-44b3-be20-1c3fd5211327', '5f21eef8-b18b-483b-b0e0-c54a61a9ddc6', '約翰一書', 3, NOW() - INTERVAL '42 days'),
  ('ab5f7f6a-a74f-44b3-be20-1c3fd5211327', '5f21eef8-b18b-483b-b0e0-c54a61a9ddc6', '約翰一書', 4, NOW() - INTERVAL '42 days'),
  ('ab5f7f6a-a74f-44b3-be20-1c3fd5211327', '5f21eef8-b18b-483b-b0e0-c54a61a9ddc6', '約翰一書', 5, NOW() - INTERVAL '42 days'),
  ('ab5f7f6a-a74f-44b3-be20-1c3fd5211327', '5f21eef8-b18b-483b-b0e0-c54a61a9ddc6', '申命記', 1, NOW() - INTERVAL '41 days'),
  ('ab5f7f6a-a74f-44b3-be20-1c3fd5211327', '5f21eef8-b18b-483b-b0e0-c54a61a9ddc6', '申命記', 2, NOW() - INTERVAL '41 days'),
  ('ab5f7f6a-a74f-44b3-be20-1c3fd5211327', '5f21eef8-b18b-483b-b0e0-c54a61a9ddc6', '申命記', 3, NOW() - INTERVAL '41 days'),
  ('ab5f7f6a-a74f-44b3-be20-1c3fd5211327', '5f21eef8-b18b-483b-b0e0-c54a61a9ddc6', '申命記', 4, NOW() - INTERVAL '41 days'),
  ('ab5f7f6a-a74f-44b3-be20-1c3fd5211327', '5f21eef8-b18b-483b-b0e0-c54a61a9ddc6', '申命記', 5, NOW() - INTERVAL '41 days'),
  ('ab5f7f6a-a74f-44b3-be20-1c3fd5211327', '5f21eef8-b18b-483b-b0e0-c54a61a9ddc6', '申命記', 6, NOW() - INTERVAL '40 days'),
  ('ab5f7f6a-a74f-44b3-be20-1c3fd5211327', '5f21eef8-b18b-483b-b0e0-c54a61a9ddc6', '申命記', 7, NOW() - INTERVAL '40 days'),
  ('ab5f7f6a-a74f-44b3-be20-1c3fd5211327', '5f21eef8-b18b-483b-b0e0-c54a61a9ddc6', '申命記', 8, NOW() - INTERVAL '40 days'),
  ('ab5f7f6a-a74f-44b3-be20-1c3fd5211327', '5f21eef8-b18b-483b-b0e0-c54a61a9ddc6', '申命記', 9, NOW() - INTERVAL '40 days'),
  ('ab5f7f6a-a74f-44b3-be20-1c3fd5211327', '5f21eef8-b18b-483b-b0e0-c54a61a9ddc6', '申命記', 10, NOW() - INTERVAL '40 days'),
  ('ab5f7f6a-a74f-44b3-be20-1c3fd5211327', '5f21eef8-b18b-483b-b0e0-c54a61a9ddc6', '申命記', 11, NOW() - INTERVAL '39 days'),
  ('ab5f7f6a-a74f-44b3-be20-1c3fd5211327', '5f21eef8-b18b-483b-b0e0-c54a61a9ddc6', '申命記', 12, NOW() - INTERVAL '39 days'),
  ('ab5f7f6a-a74f-44b3-be20-1c3fd5211327', '5f21eef8-b18b-483b-b0e0-c54a61a9ddc6', '申命記', 13, NOW() - INTERVAL '39 days'),
  ('ab5f7f6a-a74f-44b3-be20-1c3fd5211327', '5f21eef8-b18b-483b-b0e0-c54a61a9ddc6', '申命記', 14, NOW() - INTERVAL '39 days'),
  ('ab5f7f6a-a74f-44b3-be20-1c3fd5211327', '5f21eef8-b18b-483b-b0e0-c54a61a9ddc6', '申命記', 15, NOW() - INTERVAL '39 days'),
  ('ab5f7f6a-a74f-44b3-be20-1c3fd5211327', '5f21eef8-b18b-483b-b0e0-c54a61a9ddc6', '申命記', 16, NOW() - INTERVAL '38 days'),
  ('ab5f7f6a-a74f-44b3-be20-1c3fd5211327', '5f21eef8-b18b-483b-b0e0-c54a61a9ddc6', '申命記', 17, NOW() - INTERVAL '38 days'),
  ('ab5f7f6a-a74f-44b3-be20-1c3fd5211327', '5f21eef8-b18b-483b-b0e0-c54a61a9ddc6', '申命記', 18, NOW() - INTERVAL '38 days'),
  ('ab5f7f6a-a74f-44b3-be20-1c3fd5211327', '5f21eef8-b18b-483b-b0e0-c54a61a9ddc6', '申命記', 19, NOW() - INTERVAL '38 days'),
  ('ab5f7f6a-a74f-44b3-be20-1c3fd5211327', '5f21eef8-b18b-483b-b0e0-c54a61a9ddc6', '申命記', 20, NOW() - INTERVAL '38 days'),
  ('ab5f7f6a-a74f-44b3-be20-1c3fd5211327', '5f21eef8-b18b-483b-b0e0-c54a61a9ddc6', '申命記', 21, NOW() - INTERVAL '37 days'),
  ('ab5f7f6a-a74f-44b3-be20-1c3fd5211327', '5f21eef8-b18b-483b-b0e0-c54a61a9ddc6', '申命記', 22, NOW() - INTERVAL '37 days'),
  ('ab5f7f6a-a74f-44b3-be20-1c3fd5211327', '5f21eef8-b18b-483b-b0e0-c54a61a9ddc6', '申命記', 23, NOW() - INTERVAL '37 days'),
  ('ab5f7f6a-a74f-44b3-be20-1c3fd5211327', '5f21eef8-b18b-483b-b0e0-c54a61a9ddc6', '申命記', 24, NOW() - INTERVAL '37 days'),
  ('ab5f7f6a-a74f-44b3-be20-1c3fd5211327', '5f21eef8-b18b-483b-b0e0-c54a61a9ddc6', '申命記', 25, NOW() - INTERVAL '37 days'),
  ('ab5f7f6a-a74f-44b3-be20-1c3fd5211327', '5f21eef8-b18b-483b-b0e0-c54a61a9ddc6', '申命記', 26, NOW() - INTERVAL '36 days'),
  ('ab5f7f6a-a74f-44b3-be20-1c3fd5211327', '5f21eef8-b18b-483b-b0e0-c54a61a9ddc6', '申命記', 27, NOW() - INTERVAL '36 days'),
  ('ab5f7f6a-a74f-44b3-be20-1c3fd5211327', '5f21eef8-b18b-483b-b0e0-c54a61a9ddc6', '申命記', 28, NOW() - INTERVAL '36 days'),
  ('ab5f7f6a-a74f-44b3-be20-1c3fd5211327', '5f21eef8-b18b-483b-b0e0-c54a61a9ddc6', '申命記', 29, NOW() - INTERVAL '36 days'),
  ('ab5f7f6a-a74f-44b3-be20-1c3fd5211327', '5f21eef8-b18b-483b-b0e0-c54a61a9ddc6', '申命記', 30, NOW() - INTERVAL '36 days'),
  ('ab5f7f6a-a74f-44b3-be20-1c3fd5211327', '5f21eef8-b18b-483b-b0e0-c54a61a9ddc6', '申命記', 31, NOW() - INTERVAL '35 days'),
  ('ab5f7f6a-a74f-44b3-be20-1c3fd5211327', '5f21eef8-b18b-483b-b0e0-c54a61a9ddc6', '申命記', 32, NOW() - INTERVAL '35 days'),
  ('ab5f7f6a-a74f-44b3-be20-1c3fd5211327', '5f21eef8-b18b-483b-b0e0-c54a61a9ddc6', '申命記', 33, NOW() - INTERVAL '35 days'),
  ('ab5f7f6a-a74f-44b3-be20-1c3fd5211327', '5f21eef8-b18b-483b-b0e0-c54a61a9ddc6', '申命記', 34, NOW() - INTERVAL '35 days'),
  ('ab5f7f6a-a74f-44b3-be20-1c3fd5211327', '5f21eef8-b18b-483b-b0e0-c54a61a9ddc6', '使徒行傳', 1, NOW() - INTERVAL '35 days'),
  ('ab5f7f6a-a74f-44b3-be20-1c3fd5211327', '5f21eef8-b18b-483b-b0e0-c54a61a9ddc6', '使徒行傳', 2, NOW() - INTERVAL '34 days'),
  ('ab5f7f6a-a74f-44b3-be20-1c3fd5211327', '5f21eef8-b18b-483b-b0e0-c54a61a9ddc6', '使徒行傳', 3, NOW() - INTERVAL '34 days'),
  ('ab5f7f6a-a74f-44b3-be20-1c3fd5211327', '5f21eef8-b18b-483b-b0e0-c54a61a9ddc6', '使徒行傳', 4, NOW() - INTERVAL '34 days'),
  ('ab5f7f6a-a74f-44b3-be20-1c3fd5211327', '5f21eef8-b18b-483b-b0e0-c54a61a9ddc6', '使徒行傳', 5, NOW() - INTERVAL '34 days'),
  ('ab5f7f6a-a74f-44b3-be20-1c3fd5211327', '5f21eef8-b18b-483b-b0e0-c54a61a9ddc6', '使徒行傳', 6, NOW() - INTERVAL '34 days'),
  ('ab5f7f6a-a74f-44b3-be20-1c3fd5211327', '5f21eef8-b18b-483b-b0e0-c54a61a9ddc6', '使徒行傳', 7, NOW() - INTERVAL '33 days'),
  ('ab5f7f6a-a74f-44b3-be20-1c3fd5211327', '5f21eef8-b18b-483b-b0e0-c54a61a9ddc6', '使徒行傳', 8, NOW() - INTERVAL '33 days'),
  ('ab5f7f6a-a74f-44b3-be20-1c3fd5211327', '5f21eef8-b18b-483b-b0e0-c54a61a9ddc6', '使徒行傳', 9, NOW() - INTERVAL '33 days'),
  ('ab5f7f6a-a74f-44b3-be20-1c3fd5211327', '5f21eef8-b18b-483b-b0e0-c54a61a9ddc6', '使徒行傳', 10, NOW() - INTERVAL '33 days'),
  ('ab5f7f6a-a74f-44b3-be20-1c3fd5211327', '5f21eef8-b18b-483b-b0e0-c54a61a9ddc6', '使徒行傳', 11, NOW() - INTERVAL '33 days'),
  ('ab5f7f6a-a74f-44b3-be20-1c3fd5211327', '5f21eef8-b18b-483b-b0e0-c54a61a9ddc6', '使徒行傳', 12, NOW() - INTERVAL '32 days'),
  ('ab5f7f6a-a74f-44b3-be20-1c3fd5211327', '5f21eef8-b18b-483b-b0e0-c54a61a9ddc6', '使徒行傳', 13, NOW() - INTERVAL '32 days'),
  ('ab5f7f6a-a74f-44b3-be20-1c3fd5211327', '5f21eef8-b18b-483b-b0e0-c54a61a9ddc6', '使徒行傳', 14, NOW() - INTERVAL '32 days'),
  ('ab5f7f6a-a74f-44b3-be20-1c3fd5211327', '5f21eef8-b18b-483b-b0e0-c54a61a9ddc6', '使徒行傳', 15, NOW() - INTERVAL '32 days'),
  ('ab5f7f6a-a74f-44b3-be20-1c3fd5211327', '5f21eef8-b18b-483b-b0e0-c54a61a9ddc6', '使徒行傳', 16, NOW() - INTERVAL '32 days'),
  ('ab5f7f6a-a74f-44b3-be20-1c3fd5211327', '5f21eef8-b18b-483b-b0e0-c54a61a9ddc6', '使徒行傳', 17, NOW() - INTERVAL '31 days'),
  ('ab5f7f6a-a74f-44b3-be20-1c3fd5211327', '5f21eef8-b18b-483b-b0e0-c54a61a9ddc6', '使徒行傳', 18, NOW() - INTERVAL '31 days'),
  ('ab5f7f6a-a74f-44b3-be20-1c3fd5211327', '5f21eef8-b18b-483b-b0e0-c54a61a9ddc6', '使徒行傳', 19, NOW() - INTERVAL '31 days'),
  ('ab5f7f6a-a74f-44b3-be20-1c3fd5211327', '5f21eef8-b18b-483b-b0e0-c54a61a9ddc6', '使徒行傳', 20, NOW() - INTERVAL '31 days'),
  ('ab5f7f6a-a74f-44b3-be20-1c3fd5211327', '5f21eef8-b18b-483b-b0e0-c54a61a9ddc6', '使徒行傳', 21, NOW() - INTERVAL '31 days'),
  ('ab5f7f6a-a74f-44b3-be20-1c3fd5211327', '5f21eef8-b18b-483b-b0e0-c54a61a9ddc6', '使徒行傳', 22, NOW() - INTERVAL '30 days'),
  ('ab5f7f6a-a74f-44b3-be20-1c3fd5211327', '5f21eef8-b18b-483b-b0e0-c54a61a9ddc6', '使徒行傳', 23, NOW() - INTERVAL '30 days'),
  ('ab5f7f6a-a74f-44b3-be20-1c3fd5211327', '5f21eef8-b18b-483b-b0e0-c54a61a9ddc6', '使徒行傳', 24, NOW() - INTERVAL '30 days'),
  ('ab5f7f6a-a74f-44b3-be20-1c3fd5211327', '5f21eef8-b18b-483b-b0e0-c54a61a9ddc6', '使徒行傳', 25, NOW() - INTERVAL '30 days'),
  ('ab5f7f6a-a74f-44b3-be20-1c3fd5211327', '5f21eef8-b18b-483b-b0e0-c54a61a9ddc6', '使徒行傳', 26, NOW() - INTERVAL '30 days'),
  ('ab5f7f6a-a74f-44b3-be20-1c3fd5211327', '5f21eef8-b18b-483b-b0e0-c54a61a9ddc6', '使徒行傳', 27, NOW() - INTERVAL '29 days'),
  ('ab5f7f6a-a74f-44b3-be20-1c3fd5211327', '5f21eef8-b18b-483b-b0e0-c54a61a9ddc6', '使徒行傳', 28, NOW() - INTERVAL '29 days'),
  ('ab5f7f6a-a74f-44b3-be20-1c3fd5211327', '5f21eef8-b18b-483b-b0e0-c54a61a9ddc6', '箴言', 1, NOW() - INTERVAL '29 days'),
  ('ab5f7f6a-a74f-44b3-be20-1c3fd5211327', '5f21eef8-b18b-483b-b0e0-c54a61a9ddc6', '箴言', 2, NOW() - INTERVAL '29 days'),
  ('ab5f7f6a-a74f-44b3-be20-1c3fd5211327', '5f21eef8-b18b-483b-b0e0-c54a61a9ddc6', '箴言', 3, NOW() - INTERVAL '29 days'),
  ('ab5f7f6a-a74f-44b3-be20-1c3fd5211327', '5f21eef8-b18b-483b-b0e0-c54a61a9ddc6', '箴言', 4, NOW() - INTERVAL '28 days'),
  ('ab5f7f6a-a74f-44b3-be20-1c3fd5211327', '5f21eef8-b18b-483b-b0e0-c54a61a9ddc6', '箴言', 5, NOW() - INTERVAL '28 days'),
  ('ab5f7f6a-a74f-44b3-be20-1c3fd5211327', '5f21eef8-b18b-483b-b0e0-c54a61a9ddc6', '箴言', 6, NOW() - INTERVAL '28 days'),
  ('ab5f7f6a-a74f-44b3-be20-1c3fd5211327', '5f21eef8-b18b-483b-b0e0-c54a61a9ddc6', '箴言', 7, NOW() - INTERVAL '28 days'),
  ('ab5f7f6a-a74f-44b3-be20-1c3fd5211327', '5f21eef8-b18b-483b-b0e0-c54a61a9ddc6', '箴言', 8, NOW() - INTERVAL '28 days'),
  ('ab5f7f6a-a74f-44b3-be20-1c3fd5211327', '5f21eef8-b18b-483b-b0e0-c54a61a9ddc6', '箴言', 9, NOW() - INTERVAL '27 days'),
  ('ab5f7f6a-a74f-44b3-be20-1c3fd5211327', '5f21eef8-b18b-483b-b0e0-c54a61a9ddc6', '箴言', 10, NOW() - INTERVAL '27 days'),
  ('ab5f7f6a-a74f-44b3-be20-1c3fd5211327', '5f21eef8-b18b-483b-b0e0-c54a61a9ddc6', '箴言', 11, NOW() - INTERVAL '27 days'),
  ('ab5f7f6a-a74f-44b3-be20-1c3fd5211327', '5f21eef8-b18b-483b-b0e0-c54a61a9ddc6', '箴言', 12, NOW() - INTERVAL '27 days'),
  ('ab5f7f6a-a74f-44b3-be20-1c3fd5211327', '5f21eef8-b18b-483b-b0e0-c54a61a9ddc6', '箴言', 13, NOW() - INTERVAL '27 days'),
  ('ab5f7f6a-a74f-44b3-be20-1c3fd5211327', '5f21eef8-b18b-483b-b0e0-c54a61a9ddc6', '箴言', 14, NOW() - INTERVAL '26 days'),
  ('ab5f7f6a-a74f-44b3-be20-1c3fd5211327', '5f21eef8-b18b-483b-b0e0-c54a61a9ddc6', '箴言', 15, NOW() - INTERVAL '26 days'),
  ('ab5f7f6a-a74f-44b3-be20-1c3fd5211327', '5f21eef8-b18b-483b-b0e0-c54a61a9ddc6', '箴言', 16, NOW() - INTERVAL '26 days'),
  ('ab5f7f6a-a74f-44b3-be20-1c3fd5211327', '5f21eef8-b18b-483b-b0e0-c54a61a9ddc6', '箴言', 17, NOW() - INTERVAL '26 days'),
  ('ab5f7f6a-a74f-44b3-be20-1c3fd5211327', '5f21eef8-b18b-483b-b0e0-c54a61a9ddc6', '箴言', 18, NOW() - INTERVAL '26 days'),
  ('ab5f7f6a-a74f-44b3-be20-1c3fd5211327', '5f21eef8-b18b-483b-b0e0-c54a61a9ddc6', '箴言', 19, NOW() - INTERVAL '25 days'),
  ('ab5f7f6a-a74f-44b3-be20-1c3fd5211327', '5f21eef8-b18b-483b-b0e0-c54a61a9ddc6', '箴言', 20, NOW() - INTERVAL '25 days'),
  ('ab5f7f6a-a74f-44b3-be20-1c3fd5211327', '5f21eef8-b18b-483b-b0e0-c54a61a9ddc6', '箴言', 21, NOW() - INTERVAL '25 days'),
  ('ab5f7f6a-a74f-44b3-be20-1c3fd5211327', '5f21eef8-b18b-483b-b0e0-c54a61a9ddc6', '箴言', 22, NOW() - INTERVAL '25 days'),
  ('ab5f7f6a-a74f-44b3-be20-1c3fd5211327', '5f21eef8-b18b-483b-b0e0-c54a61a9ddc6', '箴言', 23, NOW() - INTERVAL '25 days'),
  ('ab5f7f6a-a74f-44b3-be20-1c3fd5211327', '5f21eef8-b18b-483b-b0e0-c54a61a9ddc6', '箴言', 24, NOW() - INTERVAL '24 days'),
  ('ab5f7f6a-a74f-44b3-be20-1c3fd5211327', '5f21eef8-b18b-483b-b0e0-c54a61a9ddc6', '箴言', 25, NOW() - INTERVAL '24 days'),
  ('ab5f7f6a-a74f-44b3-be20-1c3fd5211327', '5f21eef8-b18b-483b-b0e0-c54a61a9ddc6', '箴言', 26, NOW() - INTERVAL '24 days'),
  ('ab5f7f6a-a74f-44b3-be20-1c3fd5211327', '5f21eef8-b18b-483b-b0e0-c54a61a9ddc6', '箴言', 27, NOW() - INTERVAL '24 days'),
  ('ab5f7f6a-a74f-44b3-be20-1c3fd5211327', '5f21eef8-b18b-483b-b0e0-c54a61a9ddc6', '箴言', 28, NOW() - INTERVAL '24 days'),
  ('ab5f7f6a-a74f-44b3-be20-1c3fd5211327', '5f21eef8-b18b-483b-b0e0-c54a61a9ddc6', '箴言', 29, NOW() - INTERVAL '23 days'),
  ('ab5f7f6a-a74f-44b3-be20-1c3fd5211327', '5f21eef8-b18b-483b-b0e0-c54a61a9ddc6', '箴言', 30, NOW() - INTERVAL '23 days'),
  ('ab5f7f6a-a74f-44b3-be20-1c3fd5211327', '5f21eef8-b18b-483b-b0e0-c54a61a9ddc6', '箴言', 31, NOW() - INTERVAL '23 days'),
  ('ab5f7f6a-a74f-44b3-be20-1c3fd5211327', '5f21eef8-b18b-483b-b0e0-c54a61a9ddc6', '提摩太後書', 1, NOW() - INTERVAL '23 days'),
  ('ab5f7f6a-a74f-44b3-be20-1c3fd5211327', '5f21eef8-b18b-483b-b0e0-c54a61a9ddc6', '提摩太後書', 2, NOW() - INTERVAL '23 days'),
  ('ab5f7f6a-a74f-44b3-be20-1c3fd5211327', '5f21eef8-b18b-483b-b0e0-c54a61a9ddc6', '提摩太後書', 3, NOW() - INTERVAL '22 days'),
  ('ab5f7f6a-a74f-44b3-be20-1c3fd5211327', '5f21eef8-b18b-483b-b0e0-c54a61a9ddc6', '提摩太後書', 4, NOW() - INTERVAL '22 days'),
  ('ab5f7f6a-a74f-44b3-be20-1c3fd5211327', '5f21eef8-b18b-483b-b0e0-c54a61a9ddc6', '傳道書', 1, NOW() - INTERVAL '22 days'),
  ('ab5f7f6a-a74f-44b3-be20-1c3fd5211327', '5f21eef8-b18b-483b-b0e0-c54a61a9ddc6', '傳道書', 2, NOW() - INTERVAL '22 days'),
  ('ab5f7f6a-a74f-44b3-be20-1c3fd5211327', '5f21eef8-b18b-483b-b0e0-c54a61a9ddc6', '傳道書', 3, NOW() - INTERVAL '22 days'),
  ('ab5f7f6a-a74f-44b3-be20-1c3fd5211327', '5f21eef8-b18b-483b-b0e0-c54a61a9ddc6', '傳道書', 4, NOW() - INTERVAL '21 days'),
  ('ab5f7f6a-a74f-44b3-be20-1c3fd5211327', '5f21eef8-b18b-483b-b0e0-c54a61a9ddc6', '傳道書', 5, NOW() - INTERVAL '21 days'),
  ('ab5f7f6a-a74f-44b3-be20-1c3fd5211327', '5f21eef8-b18b-483b-b0e0-c54a61a9ddc6', '傳道書', 6, NOW() - INTERVAL '21 days'),
  ('ab5f7f6a-a74f-44b3-be20-1c3fd5211327', '5f21eef8-b18b-483b-b0e0-c54a61a9ddc6', '傳道書', 7, NOW() - INTERVAL '21 days'),
  ('ab5f7f6a-a74f-44b3-be20-1c3fd5211327', '5f21eef8-b18b-483b-b0e0-c54a61a9ddc6', '傳道書', 8, NOW() - INTERVAL '21 days'),
  ('ab5f7f6a-a74f-44b3-be20-1c3fd5211327', '5f21eef8-b18b-483b-b0e0-c54a61a9ddc6', '傳道書', 9, NOW() - INTERVAL '20 days'),
  ('ab5f7f6a-a74f-44b3-be20-1c3fd5211327', '5f21eef8-b18b-483b-b0e0-c54a61a9ddc6', '傳道書', 10, NOW() - INTERVAL '20 days'),
  ('ab5f7f6a-a74f-44b3-be20-1c3fd5211327', '5f21eef8-b18b-483b-b0e0-c54a61a9ddc6', '傳道書', 11, NOW() - INTERVAL '20 days'),
  ('ab5f7f6a-a74f-44b3-be20-1c3fd5211327', '5f21eef8-b18b-483b-b0e0-c54a61a9ddc6', '傳道書', 12, NOW() - INTERVAL '20 days'),
  ('ab5f7f6a-a74f-44b3-be20-1c3fd5211327', '5f21eef8-b18b-483b-b0e0-c54a61a9ddc6', '腓利門書', 1, NOW() - INTERVAL '20 days'),
  ('ab5f7f6a-a74f-44b3-be20-1c3fd5211327', '5f21eef8-b18b-483b-b0e0-c54a61a9ddc6', '約書亞記', 1, NOW() - INTERVAL '19 days'),
  ('ab5f7f6a-a74f-44b3-be20-1c3fd5211327', '5f21eef8-b18b-483b-b0e0-c54a61a9ddc6', '約書亞記', 2, NOW() - INTERVAL '19 days'),
  ('ab5f7f6a-a74f-44b3-be20-1c3fd5211327', '5f21eef8-b18b-483b-b0e0-c54a61a9ddc6', '約書亞記', 3, NOW() - INTERVAL '19 days'),
  ('ab5f7f6a-a74f-44b3-be20-1c3fd5211327', '5f21eef8-b18b-483b-b0e0-c54a61a9ddc6', '約書亞記', 4, NOW() - INTERVAL '19 days'),
  ('ab5f7f6a-a74f-44b3-be20-1c3fd5211327', '5f21eef8-b18b-483b-b0e0-c54a61a9ddc6', '約書亞記', 5, NOW() - INTERVAL '19 days'),
  ('ab5f7f6a-a74f-44b3-be20-1c3fd5211327', '5f21eef8-b18b-483b-b0e0-c54a61a9ddc6', '約書亞記', 6, NOW() - INTERVAL '18 days'),
  ('ab5f7f6a-a74f-44b3-be20-1c3fd5211327', '5f21eef8-b18b-483b-b0e0-c54a61a9ddc6', '約書亞記', 7, NOW() - INTERVAL '18 days'),
  ('ab5f7f6a-a74f-44b3-be20-1c3fd5211327', '5f21eef8-b18b-483b-b0e0-c54a61a9ddc6', '約書亞記', 8, NOW() - INTERVAL '18 days'),
  ('ab5f7f6a-a74f-44b3-be20-1c3fd5211327', '5f21eef8-b18b-483b-b0e0-c54a61a9ddc6', '約書亞記', 9, NOW() - INTERVAL '18 days'),
  ('ab5f7f6a-a74f-44b3-be20-1c3fd5211327', '5f21eef8-b18b-483b-b0e0-c54a61a9ddc6', '約書亞記', 10, NOW() - INTERVAL '18 days'),
  ('ab5f7f6a-a74f-44b3-be20-1c3fd5211327', '5f21eef8-b18b-483b-b0e0-c54a61a9ddc6', '約書亞記', 11, NOW() - INTERVAL '17 days'),
  ('ab5f7f6a-a74f-44b3-be20-1c3fd5211327', '5f21eef8-b18b-483b-b0e0-c54a61a9ddc6', '約書亞記', 12, NOW() - INTERVAL '17 days'),
  ('ab5f7f6a-a74f-44b3-be20-1c3fd5211327', '5f21eef8-b18b-483b-b0e0-c54a61a9ddc6', '約書亞記', 13, NOW() - INTERVAL '17 days'),
  ('ab5f7f6a-a74f-44b3-be20-1c3fd5211327', '5f21eef8-b18b-483b-b0e0-c54a61a9ddc6', '約書亞記', 14, NOW() - INTERVAL '17 days'),
  ('ab5f7f6a-a74f-44b3-be20-1c3fd5211327', '5f21eef8-b18b-483b-b0e0-c54a61a9ddc6', '約書亞記', 15, NOW() - INTERVAL '17 days'),
  ('ab5f7f6a-a74f-44b3-be20-1c3fd5211327', '5f21eef8-b18b-483b-b0e0-c54a61a9ddc6', '約書亞記', 16, NOW() - INTERVAL '16 days'),
  ('ab5f7f6a-a74f-44b3-be20-1c3fd5211327', '5f21eef8-b18b-483b-b0e0-c54a61a9ddc6', '約書亞記', 17, NOW() - INTERVAL '16 days'),
  ('ab5f7f6a-a74f-44b3-be20-1c3fd5211327', '5f21eef8-b18b-483b-b0e0-c54a61a9ddc6', '約書亞記', 18, NOW() - INTERVAL '16 days'),
  ('ab5f7f6a-a74f-44b3-be20-1c3fd5211327', '5f21eef8-b18b-483b-b0e0-c54a61a9ddc6', '約書亞記', 19, NOW() - INTERVAL '16 days'),
  ('ab5f7f6a-a74f-44b3-be20-1c3fd5211327', '5f21eef8-b18b-483b-b0e0-c54a61a9ddc6', '約書亞記', 20, NOW() - INTERVAL '16 days'),
  ('ab5f7f6a-a74f-44b3-be20-1c3fd5211327', '5f21eef8-b18b-483b-b0e0-c54a61a9ddc6', '約書亞記', 21, NOW() - INTERVAL '15 days'),
  ('ab5f7f6a-a74f-44b3-be20-1c3fd5211327', '5f21eef8-b18b-483b-b0e0-c54a61a9ddc6', '約書亞記', 22, NOW() - INTERVAL '15 days'),
  ('ab5f7f6a-a74f-44b3-be20-1c3fd5211327', '5f21eef8-b18b-483b-b0e0-c54a61a9ddc6', '約書亞記', 23, NOW() - INTERVAL '15 days'),
  ('ab5f7f6a-a74f-44b3-be20-1c3fd5211327', '5f21eef8-b18b-483b-b0e0-c54a61a9ddc6', '約書亞記', 24, NOW() - INTERVAL '15 days'),
  ('ab5f7f6a-a74f-44b3-be20-1c3fd5211327', '5f21eef8-b18b-483b-b0e0-c54a61a9ddc6', '羅馬書', 1, NOW() - INTERVAL '15 days'),
  ('ab5f7f6a-a74f-44b3-be20-1c3fd5211327', '5f21eef8-b18b-483b-b0e0-c54a61a9ddc6', '羅馬書', 2, NOW() - INTERVAL '14 days'),
  ('ab5f7f6a-a74f-44b3-be20-1c3fd5211327', '5f21eef8-b18b-483b-b0e0-c54a61a9ddc6', '羅馬書', 3, NOW() - INTERVAL '14 days'),
  ('ab5f7f6a-a74f-44b3-be20-1c3fd5211327', '5f21eef8-b18b-483b-b0e0-c54a61a9ddc6', '羅馬書', 4, NOW() - INTERVAL '14 days'),
  ('ab5f7f6a-a74f-44b3-be20-1c3fd5211327', '5f21eef8-b18b-483b-b0e0-c54a61a9ddc6', '羅馬書', 5, NOW() - INTERVAL '14 days'),
  ('ab5f7f6a-a74f-44b3-be20-1c3fd5211327', '5f21eef8-b18b-483b-b0e0-c54a61a9ddc6', '羅馬書', 6, NOW() - INTERVAL '14 days'),
  ('ab5f7f6a-a74f-44b3-be20-1c3fd5211327', '5f21eef8-b18b-483b-b0e0-c54a61a9ddc6', '羅馬書', 7, NOW() - INTERVAL '13 days'),
  ('ab5f7f6a-a74f-44b3-be20-1c3fd5211327', '5f21eef8-b18b-483b-b0e0-c54a61a9ddc6', '羅馬書', 8, NOW() - INTERVAL '13 days'),
  ('ab5f7f6a-a74f-44b3-be20-1c3fd5211327', '5f21eef8-b18b-483b-b0e0-c54a61a9ddc6', '羅馬書', 9, NOW() - INTERVAL '13 days'),
  ('ab5f7f6a-a74f-44b3-be20-1c3fd5211327', '5f21eef8-b18b-483b-b0e0-c54a61a9ddc6', '羅馬書', 10, NOW() - INTERVAL '13 days'),
  ('ab5f7f6a-a74f-44b3-be20-1c3fd5211327', '5f21eef8-b18b-483b-b0e0-c54a61a9ddc6', '羅馬書', 11, NOW() - INTERVAL '13 days'),
  ('ab5f7f6a-a74f-44b3-be20-1c3fd5211327', '5f21eef8-b18b-483b-b0e0-c54a61a9ddc6', '羅馬書', 12, NOW() - INTERVAL '12 days'),
  ('ab5f7f6a-a74f-44b3-be20-1c3fd5211327', '5f21eef8-b18b-483b-b0e0-c54a61a9ddc6', '羅馬書', 13, NOW() - INTERVAL '12 days'),
  ('ab5f7f6a-a74f-44b3-be20-1c3fd5211327', '5f21eef8-b18b-483b-b0e0-c54a61a9ddc6', '羅馬書', 14, NOW() - INTERVAL '12 days'),
  ('ab5f7f6a-a74f-44b3-be20-1c3fd5211327', '5f21eef8-b18b-483b-b0e0-c54a61a9ddc6', '羅馬書', 15, NOW() - INTERVAL '12 days'),
  ('ab5f7f6a-a74f-44b3-be20-1c3fd5211327', '5f21eef8-b18b-483b-b0e0-c54a61a9ddc6', '羅馬書', 16, NOW() - INTERVAL '12 days'),
  ('ab5f7f6a-a74f-44b3-be20-1c3fd5211327', '5f21eef8-b18b-483b-b0e0-c54a61a9ddc6', '耶利米書', 1, NOW() - INTERVAL '11 days'),
  ('ab5f7f6a-a74f-44b3-be20-1c3fd5211327', '5f21eef8-b18b-483b-b0e0-c54a61a9ddc6', '耶利米書', 2, NOW() - INTERVAL '11 days'),
  ('ab5f7f6a-a74f-44b3-be20-1c3fd5211327', '5f21eef8-b18b-483b-b0e0-c54a61a9ddc6', '耶利米書', 3, NOW() - INTERVAL '11 days'),
  ('ab5f7f6a-a74f-44b3-be20-1c3fd5211327', '5f21eef8-b18b-483b-b0e0-c54a61a9ddc6', '耶利米書', 4, NOW() - INTERVAL '11 days'),
  ('ab5f7f6a-a74f-44b3-be20-1c3fd5211327', '5f21eef8-b18b-483b-b0e0-c54a61a9ddc6', '耶利米書', 5, NOW() - INTERVAL '11 days'),
  ('ab5f7f6a-a74f-44b3-be20-1c3fd5211327', '5f21eef8-b18b-483b-b0e0-c54a61a9ddc6', '耶利米書', 6, NOW() - INTERVAL '10 days'),
  ('ab5f7f6a-a74f-44b3-be20-1c3fd5211327', '5f21eef8-b18b-483b-b0e0-c54a61a9ddc6', '耶利米書', 7, NOW() - INTERVAL '10 days'),
  ('ab5f7f6a-a74f-44b3-be20-1c3fd5211327', '5f21eef8-b18b-483b-b0e0-c54a61a9ddc6', '耶利米書', 8, NOW() - INTERVAL '10 days'),
  ('ab5f7f6a-a74f-44b3-be20-1c3fd5211327', '5f21eef8-b18b-483b-b0e0-c54a61a9ddc6', '耶利米書', 9, NOW() - INTERVAL '10 days'),
  ('ab5f7f6a-a74f-44b3-be20-1c3fd5211327', '5f21eef8-b18b-483b-b0e0-c54a61a9ddc6', '耶利米書', 10, NOW() - INTERVAL '10 days'),
  ('ab5f7f6a-a74f-44b3-be20-1c3fd5211327', '5f21eef8-b18b-483b-b0e0-c54a61a9ddc6', '耶利米書', 11, NOW() - INTERVAL '9 days'),
  ('ab5f7f6a-a74f-44b3-be20-1c3fd5211327', '5f21eef8-b18b-483b-b0e0-c54a61a9ddc6', '耶利米書', 12, NOW() - INTERVAL '9 days'),
  ('ab5f7f6a-a74f-44b3-be20-1c3fd5211327', '5f21eef8-b18b-483b-b0e0-c54a61a9ddc6', '耶利米書', 13, NOW() - INTERVAL '9 days'),
  ('ab5f7f6a-a74f-44b3-be20-1c3fd5211327', '5f21eef8-b18b-483b-b0e0-c54a61a9ddc6', '耶利米書', 14, NOW() - INTERVAL '9 days'),
  ('ab5f7f6a-a74f-44b3-be20-1c3fd5211327', '5f21eef8-b18b-483b-b0e0-c54a61a9ddc6', '耶利米書', 15, NOW() - INTERVAL '9 days'),
  ('ab5f7f6a-a74f-44b3-be20-1c3fd5211327', '5f21eef8-b18b-483b-b0e0-c54a61a9ddc6', '耶利米書', 16, NOW() - INTERVAL '8 days'),
  ('ab5f7f6a-a74f-44b3-be20-1c3fd5211327', '5f21eef8-b18b-483b-b0e0-c54a61a9ddc6', '耶利米書', 17, NOW() - INTERVAL '8 days'),
  ('ab5f7f6a-a74f-44b3-be20-1c3fd5211327', '5f21eef8-b18b-483b-b0e0-c54a61a9ddc6', '耶利米書', 18, NOW() - INTERVAL '8 days'),
  ('ab5f7f6a-a74f-44b3-be20-1c3fd5211327', '5f21eef8-b18b-483b-b0e0-c54a61a9ddc6', '耶利米書', 19, NOW() - INTERVAL '8 days'),
  ('ab5f7f6a-a74f-44b3-be20-1c3fd5211327', '5f21eef8-b18b-483b-b0e0-c54a61a9ddc6', '耶利米書', 20, NOW() - INTERVAL '8 days'),
  ('ab5f7f6a-a74f-44b3-be20-1c3fd5211327', '5f21eef8-b18b-483b-b0e0-c54a61a9ddc6', '耶利米書', 21, NOW() - INTERVAL '7 days'),
  ('ab5f7f6a-a74f-44b3-be20-1c3fd5211327', '5f21eef8-b18b-483b-b0e0-c54a61a9ddc6', '耶利米書', 22, NOW() - INTERVAL '7 days'),
  ('ab5f7f6a-a74f-44b3-be20-1c3fd5211327', '5f21eef8-b18b-483b-b0e0-c54a61a9ddc6', '耶利米書', 23, NOW() - INTERVAL '7 days'),
  ('ab5f7f6a-a74f-44b3-be20-1c3fd5211327', '5f21eef8-b18b-483b-b0e0-c54a61a9ddc6', '耶利米書', 24, NOW() - INTERVAL '7 days'),
  ('ab5f7f6a-a74f-44b3-be20-1c3fd5211327', '5f21eef8-b18b-483b-b0e0-c54a61a9ddc6', '耶利米書', 25, NOW() - INTERVAL '7 days'),
  ('ab5f7f6a-a74f-44b3-be20-1c3fd5211327', '5f21eef8-b18b-483b-b0e0-c54a61a9ddc6', '耶利米書', 26, NOW() - INTERVAL '6 days'),
  ('ab5f7f6a-a74f-44b3-be20-1c3fd5211327', '5f21eef8-b18b-483b-b0e0-c54a61a9ddc6', '耶利米書', 27, NOW() - INTERVAL '6 days'),
  ('ab5f7f6a-a74f-44b3-be20-1c3fd5211327', '5f21eef8-b18b-483b-b0e0-c54a61a9ddc6', '耶利米書', 28, NOW() - INTERVAL '6 days'),
  ('ab5f7f6a-a74f-44b3-be20-1c3fd5211327', '5f21eef8-b18b-483b-b0e0-c54a61a9ddc6', '耶利米書', 29, NOW() - INTERVAL '6 days'),
  ('ab5f7f6a-a74f-44b3-be20-1c3fd5211327', '5f21eef8-b18b-483b-b0e0-c54a61a9ddc6', '耶利米書', 30, NOW() - INTERVAL '6 days'),
  ('ab5f7f6a-a74f-44b3-be20-1c3fd5211327', '5f21eef8-b18b-483b-b0e0-c54a61a9ddc6', '耶利米書', 31, NOW() - INTERVAL '5 days'),
  ('ab5f7f6a-a74f-44b3-be20-1c3fd5211327', '5f21eef8-b18b-483b-b0e0-c54a61a9ddc6', '耶利米書', 32, NOW() - INTERVAL '5 days'),
  ('ab5f7f6a-a74f-44b3-be20-1c3fd5211327', '5f21eef8-b18b-483b-b0e0-c54a61a9ddc6', '耶利米書', 33, NOW() - INTERVAL '5 days'),
  ('ab5f7f6a-a74f-44b3-be20-1c3fd5211327', '5f21eef8-b18b-483b-b0e0-c54a61a9ddc6', '耶利米書', 34, NOW() - INTERVAL '5 days'),
  ('ab5f7f6a-a74f-44b3-be20-1c3fd5211327', '5f21eef8-b18b-483b-b0e0-c54a61a9ddc6', '耶利米書', 35, NOW() - INTERVAL '5 days'),
  ('ab5f7f6a-a74f-44b3-be20-1c3fd5211327', '5f21eef8-b18b-483b-b0e0-c54a61a9ddc6', '耶利米書', 36, NOW() - INTERVAL '4 days'),
  ('ab5f7f6a-a74f-44b3-be20-1c3fd5211327', '5f21eef8-b18b-483b-b0e0-c54a61a9ddc6', '耶利米書', 37, NOW() - INTERVAL '4 days'),
  ('ab5f7f6a-a74f-44b3-be20-1c3fd5211327', '5f21eef8-b18b-483b-b0e0-c54a61a9ddc6', '耶利米書', 38, NOW() - INTERVAL '4 days'),
  ('ab5f7f6a-a74f-44b3-be20-1c3fd5211327', '5f21eef8-b18b-483b-b0e0-c54a61a9ddc6', '耶利米書', 39, NOW() - INTERVAL '4 days'),
  ('ab5f7f6a-a74f-44b3-be20-1c3fd5211327', '5f21eef8-b18b-483b-b0e0-c54a61a9ddc6', '耶利米書', 40, NOW() - INTERVAL '4 days'),
  ('ab5f7f6a-a74f-44b3-be20-1c3fd5211327', '5f21eef8-b18b-483b-b0e0-c54a61a9ddc6', '耶利米書', 41, NOW() - INTERVAL '3 days'),
  ('ab5f7f6a-a74f-44b3-be20-1c3fd5211327', '5f21eef8-b18b-483b-b0e0-c54a61a9ddc6', '耶利米書', 42, NOW() - INTERVAL '3 days'),
  ('ab5f7f6a-a74f-44b3-be20-1c3fd5211327', '5f21eef8-b18b-483b-b0e0-c54a61a9ddc6', '耶利米書', 43, NOW() - INTERVAL '3 days'),
  ('ab5f7f6a-a74f-44b3-be20-1c3fd5211327', '5f21eef8-b18b-483b-b0e0-c54a61a9ddc6', '耶利米書', 44, NOW() - INTERVAL '3 days'),
  ('ab5f7f6a-a74f-44b3-be20-1c3fd5211327', '5f21eef8-b18b-483b-b0e0-c54a61a9ddc6', '耶利米書', 45, NOW() - INTERVAL '3 days'),
  ('ab5f7f6a-a74f-44b3-be20-1c3fd5211327', '5f21eef8-b18b-483b-b0e0-c54a61a9ddc6', '耶利米書', 46, NOW() - INTERVAL '2 days'),
  ('ab5f7f6a-a74f-44b3-be20-1c3fd5211327', '5f21eef8-b18b-483b-b0e0-c54a61a9ddc6', '耶利米書', 47, NOW() - INTERVAL '2 days'),
  ('ab5f7f6a-a74f-44b3-be20-1c3fd5211327', '5f21eef8-b18b-483b-b0e0-c54a61a9ddc6', '耶利米書', 48, NOW() - INTERVAL '2 days'),
  ('ab5f7f6a-a74f-44b3-be20-1c3fd5211327', '5f21eef8-b18b-483b-b0e0-c54a61a9ddc6', '耶利米書', 49, NOW() - INTERVAL '2 days'),
  ('ab5f7f6a-a74f-44b3-be20-1c3fd5211327', '5f21eef8-b18b-483b-b0e0-c54a61a9ddc6', '耶利米書', 50, NOW() - INTERVAL '2 days'),
  ('ab5f7f6a-a74f-44b3-be20-1c3fd5211327', '5f21eef8-b18b-483b-b0e0-c54a61a9ddc6', '耶利米書', 51, NOW() - INTERVAL '1 days'),
  ('ab5f7f6a-a74f-44b3-be20-1c3fd5211327', '5f21eef8-b18b-483b-b0e0-c54a61a9ddc6', '耶利米書', 52, NOW() - INTERVAL '1 days'),
  ('ab5f7f6a-a74f-44b3-be20-1c3fd5211327', '5f21eef8-b18b-483b-b0e0-c54a61a9ddc6', '彼得後書', 1, NOW() - INTERVAL '1 days'),
  ('ab5f7f6a-a74f-44b3-be20-1c3fd5211327', '5f21eef8-b18b-483b-b0e0-c54a61a9ddc6', '彼得後書', 2, NOW() - INTERVAL '1 days'),
  ('ab5f7f6a-a74f-44b3-be20-1c3fd5211327', '5f21eef8-b18b-483b-b0e0-c54a61a9ddc6', '彼得後書', 3, NOW() - INTERVAL '1 days'),
  ('ab5f7f6a-a74f-44b3-be20-1c3fd5211327', '5f21eef8-b18b-483b-b0e0-c54a61a9ddc6', '西番雅書', 1, NOW() - INTERVAL '0 days'),
  ('ab5f7f6a-a74f-44b3-be20-1c3fd5211327', '5f21eef8-b18b-483b-b0e0-c54a61a9ddc6', '西番雅書', 2, NOW() - INTERVAL '0 days'),
  ('ab5f7f6a-a74f-44b3-be20-1c3fd5211327', '5f21eef8-b18b-483b-b0e0-c54a61a9ddc6', '西番雅書', 3, NOW() - INTERVAL '0 days'),
  ('ab5f7f6a-a74f-44b3-be20-1c3fd5211327', '5f21eef8-b18b-483b-b0e0-c54a61a9ddc6', '哈該書', 1, NOW() - INTERVAL '0 days');

--------------------------------------------------

-- 使用者: 示範組長己
INSERT INTO auth.users (id, email, raw_user_meta_data, created_at, updated_at, instance_id, aud, role, encrypted_password)
VALUES (
  'b524c748-3416-44ca-9c4d-7148a3f12190',
  'b524c748@church-bible.com',
  '{"full_name": "示範組長己"}',
  NOW() - INTERVAL '71 days',
  NOW(),
  '00000000-0000-0000-0000-000000000000',
  'authenticated',
  'authenticated',
  '$2a$10$abcdefghijklmnopqrstuv' -- Dummy bcrypt hash
) ON CONFLICT (id) DO NOTHING;

INSERT INTO public.profiles (id, name, great_region, pastoral_zone, small_group, role, is_demo, updated_at)
VALUES (
  'b524c748-3416-44ca-9c4d-7148a3f12190',
  '示範組長己',
  '示範大區D',
  '示範牧區壬',
  '示範小組10',
  'group_leader',
  TRUE,
  NOW()
) ON CONFLICT (id) DO NOTHING;

INSERT INTO public.reading_plans (id, user_id, name, start_date, end_date, target_books)
VALUES (
  '3a710fc6-9efa-424d-921b-7324f1d163dd',
  'b524c748-3416-44ca-9c4d-7148a3f12190',
  '第一季速讀：2026年7月~9月',
  '2026-07-01',
  '2026-09-30',
  ARRAY['創世記', '馬太福音', '列王紀下', '雅各書', '出埃及記', '馬可福音', '約伯記', '加拉太書', '哈巴谷書', '猶大書', '利未記', '路加福音', '歷代志下', '帖撒羅尼迦前書', '約拿書', '約翰二書', '彌迦書', '約翰三書']
) ON CONFLICT (id) DO NOTHING;

INSERT INTO public.reading_logs (user_id, plan_id, book, chapter, read_at)
VALUES
  ('b524c748-3416-44ca-9c4d-7148a3f12190', '3a710fc6-9efa-424d-921b-7324f1d163dd', '創世記', 1, NOW() - INTERVAL '134 days'),
  ('b524c748-3416-44ca-9c4d-7148a3f12190', '3a710fc6-9efa-424d-921b-7324f1d163dd', '創世記', 2, NOW() - INTERVAL '133 days'),
  ('b524c748-3416-44ca-9c4d-7148a3f12190', '3a710fc6-9efa-424d-921b-7324f1d163dd', '創世記', 3, NOW() - INTERVAL '133 days'),
  ('b524c748-3416-44ca-9c4d-7148a3f12190', '3a710fc6-9efa-424d-921b-7324f1d163dd', '創世記', 4, NOW() - INTERVAL '133 days'),
  ('b524c748-3416-44ca-9c4d-7148a3f12190', '3a710fc6-9efa-424d-921b-7324f1d163dd', '創世記', 5, NOW() - INTERVAL '133 days'),
  ('b524c748-3416-44ca-9c4d-7148a3f12190', '3a710fc6-9efa-424d-921b-7324f1d163dd', '創世記', 6, NOW() - INTERVAL '133 days'),
  ('b524c748-3416-44ca-9c4d-7148a3f12190', '3a710fc6-9efa-424d-921b-7324f1d163dd', '創世記', 7, NOW() - INTERVAL '132 days'),
  ('b524c748-3416-44ca-9c4d-7148a3f12190', '3a710fc6-9efa-424d-921b-7324f1d163dd', '創世記', 8, NOW() - INTERVAL '132 days'),
  ('b524c748-3416-44ca-9c4d-7148a3f12190', '3a710fc6-9efa-424d-921b-7324f1d163dd', '創世記', 9, NOW() - INTERVAL '132 days'),
  ('b524c748-3416-44ca-9c4d-7148a3f12190', '3a710fc6-9efa-424d-921b-7324f1d163dd', '創世記', 10, NOW() - INTERVAL '132 days'),
  ('b524c748-3416-44ca-9c4d-7148a3f12190', '3a710fc6-9efa-424d-921b-7324f1d163dd', '創世記', 11, NOW() - INTERVAL '132 days'),
  ('b524c748-3416-44ca-9c4d-7148a3f12190', '3a710fc6-9efa-424d-921b-7324f1d163dd', '創世記', 12, NOW() - INTERVAL '131 days'),
  ('b524c748-3416-44ca-9c4d-7148a3f12190', '3a710fc6-9efa-424d-921b-7324f1d163dd', '創世記', 13, NOW() - INTERVAL '131 days'),
  ('b524c748-3416-44ca-9c4d-7148a3f12190', '3a710fc6-9efa-424d-921b-7324f1d163dd', '創世記', 14, NOW() - INTERVAL '131 days'),
  ('b524c748-3416-44ca-9c4d-7148a3f12190', '3a710fc6-9efa-424d-921b-7324f1d163dd', '創世記', 15, NOW() - INTERVAL '131 days'),
  ('b524c748-3416-44ca-9c4d-7148a3f12190', '3a710fc6-9efa-424d-921b-7324f1d163dd', '創世記', 16, NOW() - INTERVAL '131 days'),
  ('b524c748-3416-44ca-9c4d-7148a3f12190', '3a710fc6-9efa-424d-921b-7324f1d163dd', '創世記', 17, NOW() - INTERVAL '130 days'),
  ('b524c748-3416-44ca-9c4d-7148a3f12190', '3a710fc6-9efa-424d-921b-7324f1d163dd', '創世記', 18, NOW() - INTERVAL '130 days'),
  ('b524c748-3416-44ca-9c4d-7148a3f12190', '3a710fc6-9efa-424d-921b-7324f1d163dd', '創世記', 19, NOW() - INTERVAL '130 days'),
  ('b524c748-3416-44ca-9c4d-7148a3f12190', '3a710fc6-9efa-424d-921b-7324f1d163dd', '創世記', 20, NOW() - INTERVAL '130 days'),
  ('b524c748-3416-44ca-9c4d-7148a3f12190', '3a710fc6-9efa-424d-921b-7324f1d163dd', '創世記', 21, NOW() - INTERVAL '130 days'),
  ('b524c748-3416-44ca-9c4d-7148a3f12190', '3a710fc6-9efa-424d-921b-7324f1d163dd', '創世記', 22, NOW() - INTERVAL '129 days'),
  ('b524c748-3416-44ca-9c4d-7148a3f12190', '3a710fc6-9efa-424d-921b-7324f1d163dd', '創世記', 23, NOW() - INTERVAL '129 days'),
  ('b524c748-3416-44ca-9c4d-7148a3f12190', '3a710fc6-9efa-424d-921b-7324f1d163dd', '創世記', 24, NOW() - INTERVAL '129 days'),
  ('b524c748-3416-44ca-9c4d-7148a3f12190', '3a710fc6-9efa-424d-921b-7324f1d163dd', '創世記', 25, NOW() - INTERVAL '129 days'),
  ('b524c748-3416-44ca-9c4d-7148a3f12190', '3a710fc6-9efa-424d-921b-7324f1d163dd', '創世記', 26, NOW() - INTERVAL '129 days'),
  ('b524c748-3416-44ca-9c4d-7148a3f12190', '3a710fc6-9efa-424d-921b-7324f1d163dd', '創世記', 27, NOW() - INTERVAL '128 days'),
  ('b524c748-3416-44ca-9c4d-7148a3f12190', '3a710fc6-9efa-424d-921b-7324f1d163dd', '創世記', 28, NOW() - INTERVAL '128 days'),
  ('b524c748-3416-44ca-9c4d-7148a3f12190', '3a710fc6-9efa-424d-921b-7324f1d163dd', '創世記', 29, NOW() - INTERVAL '128 days'),
  ('b524c748-3416-44ca-9c4d-7148a3f12190', '3a710fc6-9efa-424d-921b-7324f1d163dd', '創世記', 30, NOW() - INTERVAL '128 days'),
  ('b524c748-3416-44ca-9c4d-7148a3f12190', '3a710fc6-9efa-424d-921b-7324f1d163dd', '創世記', 31, NOW() - INTERVAL '128 days'),
  ('b524c748-3416-44ca-9c4d-7148a3f12190', '3a710fc6-9efa-424d-921b-7324f1d163dd', '創世記', 32, NOW() - INTERVAL '127 days'),
  ('b524c748-3416-44ca-9c4d-7148a3f12190', '3a710fc6-9efa-424d-921b-7324f1d163dd', '創世記', 33, NOW() - INTERVAL '127 days'),
  ('b524c748-3416-44ca-9c4d-7148a3f12190', '3a710fc6-9efa-424d-921b-7324f1d163dd', '創世記', 34, NOW() - INTERVAL '127 days'),
  ('b524c748-3416-44ca-9c4d-7148a3f12190', '3a710fc6-9efa-424d-921b-7324f1d163dd', '創世記', 35, NOW() - INTERVAL '127 days'),
  ('b524c748-3416-44ca-9c4d-7148a3f12190', '3a710fc6-9efa-424d-921b-7324f1d163dd', '創世記', 36, NOW() - INTERVAL '127 days'),
  ('b524c748-3416-44ca-9c4d-7148a3f12190', '3a710fc6-9efa-424d-921b-7324f1d163dd', '創世記', 37, NOW() - INTERVAL '126 days'),
  ('b524c748-3416-44ca-9c4d-7148a3f12190', '3a710fc6-9efa-424d-921b-7324f1d163dd', '創世記', 38, NOW() - INTERVAL '126 days'),
  ('b524c748-3416-44ca-9c4d-7148a3f12190', '3a710fc6-9efa-424d-921b-7324f1d163dd', '創世記', 39, NOW() - INTERVAL '126 days'),
  ('b524c748-3416-44ca-9c4d-7148a3f12190', '3a710fc6-9efa-424d-921b-7324f1d163dd', '創世記', 40, NOW() - INTERVAL '126 days'),
  ('b524c748-3416-44ca-9c4d-7148a3f12190', '3a710fc6-9efa-424d-921b-7324f1d163dd', '創世記', 41, NOW() - INTERVAL '126 days'),
  ('b524c748-3416-44ca-9c4d-7148a3f12190', '3a710fc6-9efa-424d-921b-7324f1d163dd', '創世記', 42, NOW() - INTERVAL '125 days'),
  ('b524c748-3416-44ca-9c4d-7148a3f12190', '3a710fc6-9efa-424d-921b-7324f1d163dd', '創世記', 43, NOW() - INTERVAL '125 days'),
  ('b524c748-3416-44ca-9c4d-7148a3f12190', '3a710fc6-9efa-424d-921b-7324f1d163dd', '創世記', 44, NOW() - INTERVAL '125 days'),
  ('b524c748-3416-44ca-9c4d-7148a3f12190', '3a710fc6-9efa-424d-921b-7324f1d163dd', '創世記', 45, NOW() - INTERVAL '125 days'),
  ('b524c748-3416-44ca-9c4d-7148a3f12190', '3a710fc6-9efa-424d-921b-7324f1d163dd', '創世記', 46, NOW() - INTERVAL '125 days'),
  ('b524c748-3416-44ca-9c4d-7148a3f12190', '3a710fc6-9efa-424d-921b-7324f1d163dd', '創世記', 47, NOW() - INTERVAL '124 days'),
  ('b524c748-3416-44ca-9c4d-7148a3f12190', '3a710fc6-9efa-424d-921b-7324f1d163dd', '創世記', 48, NOW() - INTERVAL '124 days'),
  ('b524c748-3416-44ca-9c4d-7148a3f12190', '3a710fc6-9efa-424d-921b-7324f1d163dd', '創世記', 49, NOW() - INTERVAL '124 days'),
  ('b524c748-3416-44ca-9c4d-7148a3f12190', '3a710fc6-9efa-424d-921b-7324f1d163dd', '創世記', 50, NOW() - INTERVAL '124 days'),
  ('b524c748-3416-44ca-9c4d-7148a3f12190', '3a710fc6-9efa-424d-921b-7324f1d163dd', '馬太福音', 1, NOW() - INTERVAL '124 days'),
  ('b524c748-3416-44ca-9c4d-7148a3f12190', '3a710fc6-9efa-424d-921b-7324f1d163dd', '馬太福音', 2, NOW() - INTERVAL '123 days'),
  ('b524c748-3416-44ca-9c4d-7148a3f12190', '3a710fc6-9efa-424d-921b-7324f1d163dd', '馬太福音', 3, NOW() - INTERVAL '123 days'),
  ('b524c748-3416-44ca-9c4d-7148a3f12190', '3a710fc6-9efa-424d-921b-7324f1d163dd', '馬太福音', 4, NOW() - INTERVAL '123 days'),
  ('b524c748-3416-44ca-9c4d-7148a3f12190', '3a710fc6-9efa-424d-921b-7324f1d163dd', '馬太福音', 5, NOW() - INTERVAL '123 days'),
  ('b524c748-3416-44ca-9c4d-7148a3f12190', '3a710fc6-9efa-424d-921b-7324f1d163dd', '馬太福音', 6, NOW() - INTERVAL '123 days'),
  ('b524c748-3416-44ca-9c4d-7148a3f12190', '3a710fc6-9efa-424d-921b-7324f1d163dd', '馬太福音', 7, NOW() - INTERVAL '122 days'),
  ('b524c748-3416-44ca-9c4d-7148a3f12190', '3a710fc6-9efa-424d-921b-7324f1d163dd', '馬太福音', 8, NOW() - INTERVAL '122 days'),
  ('b524c748-3416-44ca-9c4d-7148a3f12190', '3a710fc6-9efa-424d-921b-7324f1d163dd', '馬太福音', 9, NOW() - INTERVAL '122 days'),
  ('b524c748-3416-44ca-9c4d-7148a3f12190', '3a710fc6-9efa-424d-921b-7324f1d163dd', '馬太福音', 10, NOW() - INTERVAL '122 days'),
  ('b524c748-3416-44ca-9c4d-7148a3f12190', '3a710fc6-9efa-424d-921b-7324f1d163dd', '馬太福音', 11, NOW() - INTERVAL '122 days'),
  ('b524c748-3416-44ca-9c4d-7148a3f12190', '3a710fc6-9efa-424d-921b-7324f1d163dd', '馬太福音', 12, NOW() - INTERVAL '121 days'),
  ('b524c748-3416-44ca-9c4d-7148a3f12190', '3a710fc6-9efa-424d-921b-7324f1d163dd', '馬太福音', 13, NOW() - INTERVAL '121 days'),
  ('b524c748-3416-44ca-9c4d-7148a3f12190', '3a710fc6-9efa-424d-921b-7324f1d163dd', '馬太福音', 14, NOW() - INTERVAL '121 days'),
  ('b524c748-3416-44ca-9c4d-7148a3f12190', '3a710fc6-9efa-424d-921b-7324f1d163dd', '馬太福音', 15, NOW() - INTERVAL '121 days'),
  ('b524c748-3416-44ca-9c4d-7148a3f12190', '3a710fc6-9efa-424d-921b-7324f1d163dd', '馬太福音', 16, NOW() - INTERVAL '121 days'),
  ('b524c748-3416-44ca-9c4d-7148a3f12190', '3a710fc6-9efa-424d-921b-7324f1d163dd', '馬太福音', 17, NOW() - INTERVAL '120 days'),
  ('b524c748-3416-44ca-9c4d-7148a3f12190', '3a710fc6-9efa-424d-921b-7324f1d163dd', '馬太福音', 18, NOW() - INTERVAL '120 days'),
  ('b524c748-3416-44ca-9c4d-7148a3f12190', '3a710fc6-9efa-424d-921b-7324f1d163dd', '馬太福音', 19, NOW() - INTERVAL '120 days'),
  ('b524c748-3416-44ca-9c4d-7148a3f12190', '3a710fc6-9efa-424d-921b-7324f1d163dd', '馬太福音', 20, NOW() - INTERVAL '120 days'),
  ('b524c748-3416-44ca-9c4d-7148a3f12190', '3a710fc6-9efa-424d-921b-7324f1d163dd', '馬太福音', 21, NOW() - INTERVAL '120 days'),
  ('b524c748-3416-44ca-9c4d-7148a3f12190', '3a710fc6-9efa-424d-921b-7324f1d163dd', '馬太福音', 22, NOW() - INTERVAL '119 days'),
  ('b524c748-3416-44ca-9c4d-7148a3f12190', '3a710fc6-9efa-424d-921b-7324f1d163dd', '馬太福音', 23, NOW() - INTERVAL '119 days'),
  ('b524c748-3416-44ca-9c4d-7148a3f12190', '3a710fc6-9efa-424d-921b-7324f1d163dd', '馬太福音', 24, NOW() - INTERVAL '119 days'),
  ('b524c748-3416-44ca-9c4d-7148a3f12190', '3a710fc6-9efa-424d-921b-7324f1d163dd', '馬太福音', 25, NOW() - INTERVAL '119 days'),
  ('b524c748-3416-44ca-9c4d-7148a3f12190', '3a710fc6-9efa-424d-921b-7324f1d163dd', '馬太福音', 26, NOW() - INTERVAL '119 days'),
  ('b524c748-3416-44ca-9c4d-7148a3f12190', '3a710fc6-9efa-424d-921b-7324f1d163dd', '馬太福音', 27, NOW() - INTERVAL '118 days'),
  ('b524c748-3416-44ca-9c4d-7148a3f12190', '3a710fc6-9efa-424d-921b-7324f1d163dd', '馬太福音', 28, NOW() - INTERVAL '118 days'),
  ('b524c748-3416-44ca-9c4d-7148a3f12190', '3a710fc6-9efa-424d-921b-7324f1d163dd', '列王紀下', 1, NOW() - INTERVAL '118 days'),
  ('b524c748-3416-44ca-9c4d-7148a3f12190', '3a710fc6-9efa-424d-921b-7324f1d163dd', '列王紀下', 2, NOW() - INTERVAL '118 days'),
  ('b524c748-3416-44ca-9c4d-7148a3f12190', '3a710fc6-9efa-424d-921b-7324f1d163dd', '列王紀下', 3, NOW() - INTERVAL '118 days'),
  ('b524c748-3416-44ca-9c4d-7148a3f12190', '3a710fc6-9efa-424d-921b-7324f1d163dd', '列王紀下', 4, NOW() - INTERVAL '117 days'),
  ('b524c748-3416-44ca-9c4d-7148a3f12190', '3a710fc6-9efa-424d-921b-7324f1d163dd', '列王紀下', 5, NOW() - INTERVAL '117 days'),
  ('b524c748-3416-44ca-9c4d-7148a3f12190', '3a710fc6-9efa-424d-921b-7324f1d163dd', '列王紀下', 6, NOW() - INTERVAL '117 days'),
  ('b524c748-3416-44ca-9c4d-7148a3f12190', '3a710fc6-9efa-424d-921b-7324f1d163dd', '列王紀下', 7, NOW() - INTERVAL '117 days'),
  ('b524c748-3416-44ca-9c4d-7148a3f12190', '3a710fc6-9efa-424d-921b-7324f1d163dd', '列王紀下', 8, NOW() - INTERVAL '117 days'),
  ('b524c748-3416-44ca-9c4d-7148a3f12190', '3a710fc6-9efa-424d-921b-7324f1d163dd', '列王紀下', 9, NOW() - INTERVAL '116 days'),
  ('b524c748-3416-44ca-9c4d-7148a3f12190', '3a710fc6-9efa-424d-921b-7324f1d163dd', '列王紀下', 10, NOW() - INTERVAL '116 days'),
  ('b524c748-3416-44ca-9c4d-7148a3f12190', '3a710fc6-9efa-424d-921b-7324f1d163dd', '列王紀下', 11, NOW() - INTERVAL '116 days'),
  ('b524c748-3416-44ca-9c4d-7148a3f12190', '3a710fc6-9efa-424d-921b-7324f1d163dd', '列王紀下', 12, NOW() - INTERVAL '116 days'),
  ('b524c748-3416-44ca-9c4d-7148a3f12190', '3a710fc6-9efa-424d-921b-7324f1d163dd', '列王紀下', 13, NOW() - INTERVAL '116 days'),
  ('b524c748-3416-44ca-9c4d-7148a3f12190', '3a710fc6-9efa-424d-921b-7324f1d163dd', '列王紀下', 14, NOW() - INTERVAL '115 days'),
  ('b524c748-3416-44ca-9c4d-7148a3f12190', '3a710fc6-9efa-424d-921b-7324f1d163dd', '列王紀下', 15, NOW() - INTERVAL '115 days'),
  ('b524c748-3416-44ca-9c4d-7148a3f12190', '3a710fc6-9efa-424d-921b-7324f1d163dd', '列王紀下', 16, NOW() - INTERVAL '115 days'),
  ('b524c748-3416-44ca-9c4d-7148a3f12190', '3a710fc6-9efa-424d-921b-7324f1d163dd', '列王紀下', 17, NOW() - INTERVAL '115 days'),
  ('b524c748-3416-44ca-9c4d-7148a3f12190', '3a710fc6-9efa-424d-921b-7324f1d163dd', '列王紀下', 18, NOW() - INTERVAL '115 days'),
  ('b524c748-3416-44ca-9c4d-7148a3f12190', '3a710fc6-9efa-424d-921b-7324f1d163dd', '列王紀下', 19, NOW() - INTERVAL '114 days'),
  ('b524c748-3416-44ca-9c4d-7148a3f12190', '3a710fc6-9efa-424d-921b-7324f1d163dd', '列王紀下', 20, NOW() - INTERVAL '114 days'),
  ('b524c748-3416-44ca-9c4d-7148a3f12190', '3a710fc6-9efa-424d-921b-7324f1d163dd', '列王紀下', 21, NOW() - INTERVAL '114 days'),
  ('b524c748-3416-44ca-9c4d-7148a3f12190', '3a710fc6-9efa-424d-921b-7324f1d163dd', '列王紀下', 22, NOW() - INTERVAL '114 days'),
  ('b524c748-3416-44ca-9c4d-7148a3f12190', '3a710fc6-9efa-424d-921b-7324f1d163dd', '列王紀下', 23, NOW() - INTERVAL '114 days'),
  ('b524c748-3416-44ca-9c4d-7148a3f12190', '3a710fc6-9efa-424d-921b-7324f1d163dd', '列王紀下', 24, NOW() - INTERVAL '113 days'),
  ('b524c748-3416-44ca-9c4d-7148a3f12190', '3a710fc6-9efa-424d-921b-7324f1d163dd', '列王紀下', 25, NOW() - INTERVAL '113 days'),
  ('b524c748-3416-44ca-9c4d-7148a3f12190', '3a710fc6-9efa-424d-921b-7324f1d163dd', '雅各書', 1, NOW() - INTERVAL '113 days'),
  ('b524c748-3416-44ca-9c4d-7148a3f12190', '3a710fc6-9efa-424d-921b-7324f1d163dd', '雅各書', 2, NOW() - INTERVAL '113 days'),
  ('b524c748-3416-44ca-9c4d-7148a3f12190', '3a710fc6-9efa-424d-921b-7324f1d163dd', '雅各書', 3, NOW() - INTERVAL '113 days'),
  ('b524c748-3416-44ca-9c4d-7148a3f12190', '3a710fc6-9efa-424d-921b-7324f1d163dd', '雅各書', 4, NOW() - INTERVAL '112 days'),
  ('b524c748-3416-44ca-9c4d-7148a3f12190', '3a710fc6-9efa-424d-921b-7324f1d163dd', '雅各書', 5, NOW() - INTERVAL '112 days'),
  ('b524c748-3416-44ca-9c4d-7148a3f12190', '3a710fc6-9efa-424d-921b-7324f1d163dd', '出埃及記', 1, NOW() - INTERVAL '112 days'),
  ('b524c748-3416-44ca-9c4d-7148a3f12190', '3a710fc6-9efa-424d-921b-7324f1d163dd', '出埃及記', 2, NOW() - INTERVAL '112 days'),
  ('b524c748-3416-44ca-9c4d-7148a3f12190', '3a710fc6-9efa-424d-921b-7324f1d163dd', '出埃及記', 3, NOW() - INTERVAL '112 days'),
  ('b524c748-3416-44ca-9c4d-7148a3f12190', '3a710fc6-9efa-424d-921b-7324f1d163dd', '出埃及記', 4, NOW() - INTERVAL '111 days'),
  ('b524c748-3416-44ca-9c4d-7148a3f12190', '3a710fc6-9efa-424d-921b-7324f1d163dd', '出埃及記', 5, NOW() - INTERVAL '111 days'),
  ('b524c748-3416-44ca-9c4d-7148a3f12190', '3a710fc6-9efa-424d-921b-7324f1d163dd', '出埃及記', 6, NOW() - INTERVAL '111 days'),
  ('b524c748-3416-44ca-9c4d-7148a3f12190', '3a710fc6-9efa-424d-921b-7324f1d163dd', '出埃及記', 7, NOW() - INTERVAL '111 days'),
  ('b524c748-3416-44ca-9c4d-7148a3f12190', '3a710fc6-9efa-424d-921b-7324f1d163dd', '出埃及記', 8, NOW() - INTERVAL '111 days'),
  ('b524c748-3416-44ca-9c4d-7148a3f12190', '3a710fc6-9efa-424d-921b-7324f1d163dd', '出埃及記', 9, NOW() - INTERVAL '110 days'),
  ('b524c748-3416-44ca-9c4d-7148a3f12190', '3a710fc6-9efa-424d-921b-7324f1d163dd', '出埃及記', 10, NOW() - INTERVAL '110 days'),
  ('b524c748-3416-44ca-9c4d-7148a3f12190', '3a710fc6-9efa-424d-921b-7324f1d163dd', '出埃及記', 11, NOW() - INTERVAL '110 days'),
  ('b524c748-3416-44ca-9c4d-7148a3f12190', '3a710fc6-9efa-424d-921b-7324f1d163dd', '出埃及記', 12, NOW() - INTERVAL '110 days'),
  ('b524c748-3416-44ca-9c4d-7148a3f12190', '3a710fc6-9efa-424d-921b-7324f1d163dd', '出埃及記', 13, NOW() - INTERVAL '110 days'),
  ('b524c748-3416-44ca-9c4d-7148a3f12190', '3a710fc6-9efa-424d-921b-7324f1d163dd', '出埃及記', 14, NOW() - INTERVAL '109 days'),
  ('b524c748-3416-44ca-9c4d-7148a3f12190', '3a710fc6-9efa-424d-921b-7324f1d163dd', '出埃及記', 15, NOW() - INTERVAL '109 days'),
  ('b524c748-3416-44ca-9c4d-7148a3f12190', '3a710fc6-9efa-424d-921b-7324f1d163dd', '出埃及記', 16, NOW() - INTERVAL '109 days'),
  ('b524c748-3416-44ca-9c4d-7148a3f12190', '3a710fc6-9efa-424d-921b-7324f1d163dd', '出埃及記', 17, NOW() - INTERVAL '109 days'),
  ('b524c748-3416-44ca-9c4d-7148a3f12190', '3a710fc6-9efa-424d-921b-7324f1d163dd', '出埃及記', 18, NOW() - INTERVAL '109 days'),
  ('b524c748-3416-44ca-9c4d-7148a3f12190', '3a710fc6-9efa-424d-921b-7324f1d163dd', '出埃及記', 19, NOW() - INTERVAL '108 days'),
  ('b524c748-3416-44ca-9c4d-7148a3f12190', '3a710fc6-9efa-424d-921b-7324f1d163dd', '出埃及記', 20, NOW() - INTERVAL '108 days'),
  ('b524c748-3416-44ca-9c4d-7148a3f12190', '3a710fc6-9efa-424d-921b-7324f1d163dd', '出埃及記', 21, NOW() - INTERVAL '108 days'),
  ('b524c748-3416-44ca-9c4d-7148a3f12190', '3a710fc6-9efa-424d-921b-7324f1d163dd', '出埃及記', 22, NOW() - INTERVAL '108 days'),
  ('b524c748-3416-44ca-9c4d-7148a3f12190', '3a710fc6-9efa-424d-921b-7324f1d163dd', '出埃及記', 23, NOW() - INTERVAL '108 days'),
  ('b524c748-3416-44ca-9c4d-7148a3f12190', '3a710fc6-9efa-424d-921b-7324f1d163dd', '出埃及記', 24, NOW() - INTERVAL '107 days'),
  ('b524c748-3416-44ca-9c4d-7148a3f12190', '3a710fc6-9efa-424d-921b-7324f1d163dd', '出埃及記', 25, NOW() - INTERVAL '107 days'),
  ('b524c748-3416-44ca-9c4d-7148a3f12190', '3a710fc6-9efa-424d-921b-7324f1d163dd', '出埃及記', 26, NOW() - INTERVAL '107 days'),
  ('b524c748-3416-44ca-9c4d-7148a3f12190', '3a710fc6-9efa-424d-921b-7324f1d163dd', '出埃及記', 27, NOW() - INTERVAL '107 days'),
  ('b524c748-3416-44ca-9c4d-7148a3f12190', '3a710fc6-9efa-424d-921b-7324f1d163dd', '出埃及記', 28, NOW() - INTERVAL '107 days'),
  ('b524c748-3416-44ca-9c4d-7148a3f12190', '3a710fc6-9efa-424d-921b-7324f1d163dd', '出埃及記', 29, NOW() - INTERVAL '106 days'),
  ('b524c748-3416-44ca-9c4d-7148a3f12190', '3a710fc6-9efa-424d-921b-7324f1d163dd', '出埃及記', 30, NOW() - INTERVAL '106 days'),
  ('b524c748-3416-44ca-9c4d-7148a3f12190', '3a710fc6-9efa-424d-921b-7324f1d163dd', '出埃及記', 31, NOW() - INTERVAL '106 days'),
  ('b524c748-3416-44ca-9c4d-7148a3f12190', '3a710fc6-9efa-424d-921b-7324f1d163dd', '出埃及記', 32, NOW() - INTERVAL '106 days'),
  ('b524c748-3416-44ca-9c4d-7148a3f12190', '3a710fc6-9efa-424d-921b-7324f1d163dd', '出埃及記', 33, NOW() - INTERVAL '106 days'),
  ('b524c748-3416-44ca-9c4d-7148a3f12190', '3a710fc6-9efa-424d-921b-7324f1d163dd', '出埃及記', 34, NOW() - INTERVAL '105 days'),
  ('b524c748-3416-44ca-9c4d-7148a3f12190', '3a710fc6-9efa-424d-921b-7324f1d163dd', '出埃及記', 35, NOW() - INTERVAL '105 days'),
  ('b524c748-3416-44ca-9c4d-7148a3f12190', '3a710fc6-9efa-424d-921b-7324f1d163dd', '出埃及記', 36, NOW() - INTERVAL '105 days'),
  ('b524c748-3416-44ca-9c4d-7148a3f12190', '3a710fc6-9efa-424d-921b-7324f1d163dd', '出埃及記', 37, NOW() - INTERVAL '105 days'),
  ('b524c748-3416-44ca-9c4d-7148a3f12190', '3a710fc6-9efa-424d-921b-7324f1d163dd', '出埃及記', 38, NOW() - INTERVAL '105 days'),
  ('b524c748-3416-44ca-9c4d-7148a3f12190', '3a710fc6-9efa-424d-921b-7324f1d163dd', '出埃及記', 39, NOW() - INTERVAL '104 days'),
  ('b524c748-3416-44ca-9c4d-7148a3f12190', '3a710fc6-9efa-424d-921b-7324f1d163dd', '出埃及記', 40, NOW() - INTERVAL '104 days'),
  ('b524c748-3416-44ca-9c4d-7148a3f12190', '3a710fc6-9efa-424d-921b-7324f1d163dd', '馬可福音', 1, NOW() - INTERVAL '104 days'),
  ('b524c748-3416-44ca-9c4d-7148a3f12190', '3a710fc6-9efa-424d-921b-7324f1d163dd', '馬可福音', 2, NOW() - INTERVAL '104 days'),
  ('b524c748-3416-44ca-9c4d-7148a3f12190', '3a710fc6-9efa-424d-921b-7324f1d163dd', '馬可福音', 3, NOW() - INTERVAL '104 days'),
  ('b524c748-3416-44ca-9c4d-7148a3f12190', '3a710fc6-9efa-424d-921b-7324f1d163dd', '馬可福音', 4, NOW() - INTERVAL '103 days'),
  ('b524c748-3416-44ca-9c4d-7148a3f12190', '3a710fc6-9efa-424d-921b-7324f1d163dd', '馬可福音', 5, NOW() - INTERVAL '103 days'),
  ('b524c748-3416-44ca-9c4d-7148a3f12190', '3a710fc6-9efa-424d-921b-7324f1d163dd', '馬可福音', 6, NOW() - INTERVAL '103 days'),
  ('b524c748-3416-44ca-9c4d-7148a3f12190', '3a710fc6-9efa-424d-921b-7324f1d163dd', '馬可福音', 7, NOW() - INTERVAL '103 days'),
  ('b524c748-3416-44ca-9c4d-7148a3f12190', '3a710fc6-9efa-424d-921b-7324f1d163dd', '馬可福音', 8, NOW() - INTERVAL '103 days'),
  ('b524c748-3416-44ca-9c4d-7148a3f12190', '3a710fc6-9efa-424d-921b-7324f1d163dd', '馬可福音', 9, NOW() - INTERVAL '102 days'),
  ('b524c748-3416-44ca-9c4d-7148a3f12190', '3a710fc6-9efa-424d-921b-7324f1d163dd', '馬可福音', 10, NOW() - INTERVAL '102 days'),
  ('b524c748-3416-44ca-9c4d-7148a3f12190', '3a710fc6-9efa-424d-921b-7324f1d163dd', '馬可福音', 11, NOW() - INTERVAL '102 days'),
  ('b524c748-3416-44ca-9c4d-7148a3f12190', '3a710fc6-9efa-424d-921b-7324f1d163dd', '馬可福音', 12, NOW() - INTERVAL '102 days'),
  ('b524c748-3416-44ca-9c4d-7148a3f12190', '3a710fc6-9efa-424d-921b-7324f1d163dd', '馬可福音', 13, NOW() - INTERVAL '102 days'),
  ('b524c748-3416-44ca-9c4d-7148a3f12190', '3a710fc6-9efa-424d-921b-7324f1d163dd', '馬可福音', 14, NOW() - INTERVAL '101 days'),
  ('b524c748-3416-44ca-9c4d-7148a3f12190', '3a710fc6-9efa-424d-921b-7324f1d163dd', '馬可福音', 15, NOW() - INTERVAL '101 days'),
  ('b524c748-3416-44ca-9c4d-7148a3f12190', '3a710fc6-9efa-424d-921b-7324f1d163dd', '馬可福音', 16, NOW() - INTERVAL '101 days'),
  ('b524c748-3416-44ca-9c4d-7148a3f12190', '3a710fc6-9efa-424d-921b-7324f1d163dd', '約伯記', 1, NOW() - INTERVAL '101 days'),
  ('b524c748-3416-44ca-9c4d-7148a3f12190', '3a710fc6-9efa-424d-921b-7324f1d163dd', '約伯記', 2, NOW() - INTERVAL '101 days'),
  ('b524c748-3416-44ca-9c4d-7148a3f12190', '3a710fc6-9efa-424d-921b-7324f1d163dd', '約伯記', 3, NOW() - INTERVAL '100 days'),
  ('b524c748-3416-44ca-9c4d-7148a3f12190', '3a710fc6-9efa-424d-921b-7324f1d163dd', '約伯記', 4, NOW() - INTERVAL '100 days'),
  ('b524c748-3416-44ca-9c4d-7148a3f12190', '3a710fc6-9efa-424d-921b-7324f1d163dd', '約伯記', 5, NOW() - INTERVAL '100 days'),
  ('b524c748-3416-44ca-9c4d-7148a3f12190', '3a710fc6-9efa-424d-921b-7324f1d163dd', '約伯記', 6, NOW() - INTERVAL '100 days'),
  ('b524c748-3416-44ca-9c4d-7148a3f12190', '3a710fc6-9efa-424d-921b-7324f1d163dd', '約伯記', 7, NOW() - INTERVAL '100 days'),
  ('b524c748-3416-44ca-9c4d-7148a3f12190', '3a710fc6-9efa-424d-921b-7324f1d163dd', '約伯記', 8, NOW() - INTERVAL '99 days'),
  ('b524c748-3416-44ca-9c4d-7148a3f12190', '3a710fc6-9efa-424d-921b-7324f1d163dd', '約伯記', 9, NOW() - INTERVAL '99 days'),
  ('b524c748-3416-44ca-9c4d-7148a3f12190', '3a710fc6-9efa-424d-921b-7324f1d163dd', '約伯記', 10, NOW() - INTERVAL '99 days'),
  ('b524c748-3416-44ca-9c4d-7148a3f12190', '3a710fc6-9efa-424d-921b-7324f1d163dd', '約伯記', 11, NOW() - INTERVAL '99 days'),
  ('b524c748-3416-44ca-9c4d-7148a3f12190', '3a710fc6-9efa-424d-921b-7324f1d163dd', '約伯記', 12, NOW() - INTERVAL '99 days'),
  ('b524c748-3416-44ca-9c4d-7148a3f12190', '3a710fc6-9efa-424d-921b-7324f1d163dd', '約伯記', 13, NOW() - INTERVAL '98 days'),
  ('b524c748-3416-44ca-9c4d-7148a3f12190', '3a710fc6-9efa-424d-921b-7324f1d163dd', '約伯記', 14, NOW() - INTERVAL '98 days'),
  ('b524c748-3416-44ca-9c4d-7148a3f12190', '3a710fc6-9efa-424d-921b-7324f1d163dd', '約伯記', 15, NOW() - INTERVAL '98 days'),
  ('b524c748-3416-44ca-9c4d-7148a3f12190', '3a710fc6-9efa-424d-921b-7324f1d163dd', '約伯記', 16, NOW() - INTERVAL '98 days'),
  ('b524c748-3416-44ca-9c4d-7148a3f12190', '3a710fc6-9efa-424d-921b-7324f1d163dd', '約伯記', 17, NOW() - INTERVAL '98 days'),
  ('b524c748-3416-44ca-9c4d-7148a3f12190', '3a710fc6-9efa-424d-921b-7324f1d163dd', '約伯記', 18, NOW() - INTERVAL '97 days'),
  ('b524c748-3416-44ca-9c4d-7148a3f12190', '3a710fc6-9efa-424d-921b-7324f1d163dd', '約伯記', 19, NOW() - INTERVAL '97 days'),
  ('b524c748-3416-44ca-9c4d-7148a3f12190', '3a710fc6-9efa-424d-921b-7324f1d163dd', '約伯記', 20, NOW() - INTERVAL '97 days'),
  ('b524c748-3416-44ca-9c4d-7148a3f12190', '3a710fc6-9efa-424d-921b-7324f1d163dd', '約伯記', 21, NOW() - INTERVAL '97 days'),
  ('b524c748-3416-44ca-9c4d-7148a3f12190', '3a710fc6-9efa-424d-921b-7324f1d163dd', '約伯記', 22, NOW() - INTERVAL '97 days'),
  ('b524c748-3416-44ca-9c4d-7148a3f12190', '3a710fc6-9efa-424d-921b-7324f1d163dd', '約伯記', 23, NOW() - INTERVAL '96 days'),
  ('b524c748-3416-44ca-9c4d-7148a3f12190', '3a710fc6-9efa-424d-921b-7324f1d163dd', '約伯記', 24, NOW() - INTERVAL '96 days'),
  ('b524c748-3416-44ca-9c4d-7148a3f12190', '3a710fc6-9efa-424d-921b-7324f1d163dd', '約伯記', 25, NOW() - INTERVAL '96 days'),
  ('b524c748-3416-44ca-9c4d-7148a3f12190', '3a710fc6-9efa-424d-921b-7324f1d163dd', '約伯記', 26, NOW() - INTERVAL '96 days'),
  ('b524c748-3416-44ca-9c4d-7148a3f12190', '3a710fc6-9efa-424d-921b-7324f1d163dd', '約伯記', 27, NOW() - INTERVAL '96 days'),
  ('b524c748-3416-44ca-9c4d-7148a3f12190', '3a710fc6-9efa-424d-921b-7324f1d163dd', '約伯記', 28, NOW() - INTERVAL '95 days'),
  ('b524c748-3416-44ca-9c4d-7148a3f12190', '3a710fc6-9efa-424d-921b-7324f1d163dd', '約伯記', 29, NOW() - INTERVAL '95 days'),
  ('b524c748-3416-44ca-9c4d-7148a3f12190', '3a710fc6-9efa-424d-921b-7324f1d163dd', '約伯記', 30, NOW() - INTERVAL '95 days'),
  ('b524c748-3416-44ca-9c4d-7148a3f12190', '3a710fc6-9efa-424d-921b-7324f1d163dd', '約伯記', 31, NOW() - INTERVAL '95 days'),
  ('b524c748-3416-44ca-9c4d-7148a3f12190', '3a710fc6-9efa-424d-921b-7324f1d163dd', '約伯記', 32, NOW() - INTERVAL '95 days'),
  ('b524c748-3416-44ca-9c4d-7148a3f12190', '3a710fc6-9efa-424d-921b-7324f1d163dd', '約伯記', 33, NOW() - INTERVAL '94 days'),
  ('b524c748-3416-44ca-9c4d-7148a3f12190', '3a710fc6-9efa-424d-921b-7324f1d163dd', '約伯記', 34, NOW() - INTERVAL '94 days'),
  ('b524c748-3416-44ca-9c4d-7148a3f12190', '3a710fc6-9efa-424d-921b-7324f1d163dd', '約伯記', 35, NOW() - INTERVAL '94 days'),
  ('b524c748-3416-44ca-9c4d-7148a3f12190', '3a710fc6-9efa-424d-921b-7324f1d163dd', '約伯記', 36, NOW() - INTERVAL '94 days'),
  ('b524c748-3416-44ca-9c4d-7148a3f12190', '3a710fc6-9efa-424d-921b-7324f1d163dd', '約伯記', 37, NOW() - INTERVAL '94 days'),
  ('b524c748-3416-44ca-9c4d-7148a3f12190', '3a710fc6-9efa-424d-921b-7324f1d163dd', '約伯記', 38, NOW() - INTERVAL '93 days'),
  ('b524c748-3416-44ca-9c4d-7148a3f12190', '3a710fc6-9efa-424d-921b-7324f1d163dd', '約伯記', 39, NOW() - INTERVAL '93 days'),
  ('b524c748-3416-44ca-9c4d-7148a3f12190', '3a710fc6-9efa-424d-921b-7324f1d163dd', '約伯記', 40, NOW() - INTERVAL '93 days'),
  ('b524c748-3416-44ca-9c4d-7148a3f12190', '3a710fc6-9efa-424d-921b-7324f1d163dd', '約伯記', 41, NOW() - INTERVAL '93 days'),
  ('b524c748-3416-44ca-9c4d-7148a3f12190', '3a710fc6-9efa-424d-921b-7324f1d163dd', '約伯記', 42, NOW() - INTERVAL '93 days'),
  ('b524c748-3416-44ca-9c4d-7148a3f12190', '3a710fc6-9efa-424d-921b-7324f1d163dd', '加拉太書', 1, NOW() - INTERVAL '92 days'),
  ('b524c748-3416-44ca-9c4d-7148a3f12190', '3a710fc6-9efa-424d-921b-7324f1d163dd', '加拉太書', 2, NOW() - INTERVAL '92 days'),
  ('b524c748-3416-44ca-9c4d-7148a3f12190', '3a710fc6-9efa-424d-921b-7324f1d163dd', '加拉太書', 3, NOW() - INTERVAL '92 days'),
  ('b524c748-3416-44ca-9c4d-7148a3f12190', '3a710fc6-9efa-424d-921b-7324f1d163dd', '加拉太書', 4, NOW() - INTERVAL '92 days'),
  ('b524c748-3416-44ca-9c4d-7148a3f12190', '3a710fc6-9efa-424d-921b-7324f1d163dd', '加拉太書', 5, NOW() - INTERVAL '92 days'),
  ('b524c748-3416-44ca-9c4d-7148a3f12190', '3a710fc6-9efa-424d-921b-7324f1d163dd', '加拉太書', 6, NOW() - INTERVAL '91 days'),
  ('b524c748-3416-44ca-9c4d-7148a3f12190', '3a710fc6-9efa-424d-921b-7324f1d163dd', '哈巴谷書', 1, NOW() - INTERVAL '91 days'),
  ('b524c748-3416-44ca-9c4d-7148a3f12190', '3a710fc6-9efa-424d-921b-7324f1d163dd', '哈巴谷書', 2, NOW() - INTERVAL '91 days'),
  ('b524c748-3416-44ca-9c4d-7148a3f12190', '3a710fc6-9efa-424d-921b-7324f1d163dd', '哈巴谷書', 3, NOW() - INTERVAL '91 days'),
  ('b524c748-3416-44ca-9c4d-7148a3f12190', '3a710fc6-9efa-424d-921b-7324f1d163dd', '猶大書', 1, NOW() - INTERVAL '91 days'),
  ('b524c748-3416-44ca-9c4d-7148a3f12190', '3a710fc6-9efa-424d-921b-7324f1d163dd', '利未記', 1, NOW() - INTERVAL '90 days'),
  ('b524c748-3416-44ca-9c4d-7148a3f12190', '3a710fc6-9efa-424d-921b-7324f1d163dd', '利未記', 2, NOW() - INTERVAL '90 days'),
  ('b524c748-3416-44ca-9c4d-7148a3f12190', '3a710fc6-9efa-424d-921b-7324f1d163dd', '利未記', 3, NOW() - INTERVAL '90 days'),
  ('b524c748-3416-44ca-9c4d-7148a3f12190', '3a710fc6-9efa-424d-921b-7324f1d163dd', '利未記', 4, NOW() - INTERVAL '90 days'),
  ('b524c748-3416-44ca-9c4d-7148a3f12190', '3a710fc6-9efa-424d-921b-7324f1d163dd', '利未記', 5, NOW() - INTERVAL '90 days'),
  ('b524c748-3416-44ca-9c4d-7148a3f12190', '3a710fc6-9efa-424d-921b-7324f1d163dd', '利未記', 6, NOW() - INTERVAL '89 days'),
  ('b524c748-3416-44ca-9c4d-7148a3f12190', '3a710fc6-9efa-424d-921b-7324f1d163dd', '利未記', 7, NOW() - INTERVAL '89 days'),
  ('b524c748-3416-44ca-9c4d-7148a3f12190', '3a710fc6-9efa-424d-921b-7324f1d163dd', '利未記', 8, NOW() - INTERVAL '89 days'),
  ('b524c748-3416-44ca-9c4d-7148a3f12190', '3a710fc6-9efa-424d-921b-7324f1d163dd', '利未記', 9, NOW() - INTERVAL '89 days'),
  ('b524c748-3416-44ca-9c4d-7148a3f12190', '3a710fc6-9efa-424d-921b-7324f1d163dd', '利未記', 10, NOW() - INTERVAL '89 days'),
  ('b524c748-3416-44ca-9c4d-7148a3f12190', '3a710fc6-9efa-424d-921b-7324f1d163dd', '利未記', 11, NOW() - INTERVAL '88 days'),
  ('b524c748-3416-44ca-9c4d-7148a3f12190', '3a710fc6-9efa-424d-921b-7324f1d163dd', '利未記', 12, NOW() - INTERVAL '88 days'),
  ('b524c748-3416-44ca-9c4d-7148a3f12190', '3a710fc6-9efa-424d-921b-7324f1d163dd', '利未記', 13, NOW() - INTERVAL '88 days'),
  ('b524c748-3416-44ca-9c4d-7148a3f12190', '3a710fc6-9efa-424d-921b-7324f1d163dd', '利未記', 14, NOW() - INTERVAL '88 days'),
  ('b524c748-3416-44ca-9c4d-7148a3f12190', '3a710fc6-9efa-424d-921b-7324f1d163dd', '利未記', 15, NOW() - INTERVAL '88 days'),
  ('b524c748-3416-44ca-9c4d-7148a3f12190', '3a710fc6-9efa-424d-921b-7324f1d163dd', '利未記', 16, NOW() - INTERVAL '87 days'),
  ('b524c748-3416-44ca-9c4d-7148a3f12190', '3a710fc6-9efa-424d-921b-7324f1d163dd', '利未記', 17, NOW() - INTERVAL '87 days'),
  ('b524c748-3416-44ca-9c4d-7148a3f12190', '3a710fc6-9efa-424d-921b-7324f1d163dd', '利未記', 18, NOW() - INTERVAL '87 days'),
  ('b524c748-3416-44ca-9c4d-7148a3f12190', '3a710fc6-9efa-424d-921b-7324f1d163dd', '利未記', 19, NOW() - INTERVAL '87 days'),
  ('b524c748-3416-44ca-9c4d-7148a3f12190', '3a710fc6-9efa-424d-921b-7324f1d163dd', '利未記', 20, NOW() - INTERVAL '87 days'),
  ('b524c748-3416-44ca-9c4d-7148a3f12190', '3a710fc6-9efa-424d-921b-7324f1d163dd', '利未記', 21, NOW() - INTERVAL '86 days'),
  ('b524c748-3416-44ca-9c4d-7148a3f12190', '3a710fc6-9efa-424d-921b-7324f1d163dd', '利未記', 22, NOW() - INTERVAL '86 days'),
  ('b524c748-3416-44ca-9c4d-7148a3f12190', '3a710fc6-9efa-424d-921b-7324f1d163dd', '利未記', 23, NOW() - INTERVAL '86 days'),
  ('b524c748-3416-44ca-9c4d-7148a3f12190', '3a710fc6-9efa-424d-921b-7324f1d163dd', '利未記', 24, NOW() - INTERVAL '86 days'),
  ('b524c748-3416-44ca-9c4d-7148a3f12190', '3a710fc6-9efa-424d-921b-7324f1d163dd', '利未記', 25, NOW() - INTERVAL '86 days'),
  ('b524c748-3416-44ca-9c4d-7148a3f12190', '3a710fc6-9efa-424d-921b-7324f1d163dd', '利未記', 26, NOW() - INTERVAL '85 days'),
  ('b524c748-3416-44ca-9c4d-7148a3f12190', '3a710fc6-9efa-424d-921b-7324f1d163dd', '利未記', 27, NOW() - INTERVAL '85 days'),
  ('b524c748-3416-44ca-9c4d-7148a3f12190', '3a710fc6-9efa-424d-921b-7324f1d163dd', '路加福音', 1, NOW() - INTERVAL '85 days'),
  ('b524c748-3416-44ca-9c4d-7148a3f12190', '3a710fc6-9efa-424d-921b-7324f1d163dd', '路加福音', 2, NOW() - INTERVAL '85 days'),
  ('b524c748-3416-44ca-9c4d-7148a3f12190', '3a710fc6-9efa-424d-921b-7324f1d163dd', '路加福音', 3, NOW() - INTERVAL '85 days'),
  ('b524c748-3416-44ca-9c4d-7148a3f12190', '3a710fc6-9efa-424d-921b-7324f1d163dd', '路加福音', 4, NOW() - INTERVAL '84 days'),
  ('b524c748-3416-44ca-9c4d-7148a3f12190', '3a710fc6-9efa-424d-921b-7324f1d163dd', '路加福音', 5, NOW() - INTERVAL '84 days'),
  ('b524c748-3416-44ca-9c4d-7148a3f12190', '3a710fc6-9efa-424d-921b-7324f1d163dd', '路加福音', 6, NOW() - INTERVAL '84 days'),
  ('b524c748-3416-44ca-9c4d-7148a3f12190', '3a710fc6-9efa-424d-921b-7324f1d163dd', '路加福音', 7, NOW() - INTERVAL '84 days'),
  ('b524c748-3416-44ca-9c4d-7148a3f12190', '3a710fc6-9efa-424d-921b-7324f1d163dd', '路加福音', 8, NOW() - INTERVAL '84 days'),
  ('b524c748-3416-44ca-9c4d-7148a3f12190', '3a710fc6-9efa-424d-921b-7324f1d163dd', '路加福音', 9, NOW() - INTERVAL '83 days'),
  ('b524c748-3416-44ca-9c4d-7148a3f12190', '3a710fc6-9efa-424d-921b-7324f1d163dd', '路加福音', 10, NOW() - INTERVAL '83 days'),
  ('b524c748-3416-44ca-9c4d-7148a3f12190', '3a710fc6-9efa-424d-921b-7324f1d163dd', '路加福音', 11, NOW() - INTERVAL '83 days'),
  ('b524c748-3416-44ca-9c4d-7148a3f12190', '3a710fc6-9efa-424d-921b-7324f1d163dd', '路加福音', 12, NOW() - INTERVAL '83 days'),
  ('b524c748-3416-44ca-9c4d-7148a3f12190', '3a710fc6-9efa-424d-921b-7324f1d163dd', '路加福音', 13, NOW() - INTERVAL '83 days'),
  ('b524c748-3416-44ca-9c4d-7148a3f12190', '3a710fc6-9efa-424d-921b-7324f1d163dd', '路加福音', 14, NOW() - INTERVAL '82 days'),
  ('b524c748-3416-44ca-9c4d-7148a3f12190', '3a710fc6-9efa-424d-921b-7324f1d163dd', '路加福音', 15, NOW() - INTERVAL '82 days'),
  ('b524c748-3416-44ca-9c4d-7148a3f12190', '3a710fc6-9efa-424d-921b-7324f1d163dd', '路加福音', 16, NOW() - INTERVAL '82 days'),
  ('b524c748-3416-44ca-9c4d-7148a3f12190', '3a710fc6-9efa-424d-921b-7324f1d163dd', '路加福音', 17, NOW() - INTERVAL '82 days'),
  ('b524c748-3416-44ca-9c4d-7148a3f12190', '3a710fc6-9efa-424d-921b-7324f1d163dd', '路加福音', 18, NOW() - INTERVAL '82 days'),
  ('b524c748-3416-44ca-9c4d-7148a3f12190', '3a710fc6-9efa-424d-921b-7324f1d163dd', '路加福音', 19, NOW() - INTERVAL '81 days'),
  ('b524c748-3416-44ca-9c4d-7148a3f12190', '3a710fc6-9efa-424d-921b-7324f1d163dd', '路加福音', 20, NOW() - INTERVAL '81 days'),
  ('b524c748-3416-44ca-9c4d-7148a3f12190', '3a710fc6-9efa-424d-921b-7324f1d163dd', '路加福音', 21, NOW() - INTERVAL '81 days'),
  ('b524c748-3416-44ca-9c4d-7148a3f12190', '3a710fc6-9efa-424d-921b-7324f1d163dd', '路加福音', 22, NOW() - INTERVAL '81 days'),
  ('b524c748-3416-44ca-9c4d-7148a3f12190', '3a710fc6-9efa-424d-921b-7324f1d163dd', '路加福音', 23, NOW() - INTERVAL '81 days'),
  ('b524c748-3416-44ca-9c4d-7148a3f12190', '3a710fc6-9efa-424d-921b-7324f1d163dd', '路加福音', 24, NOW() - INTERVAL '80 days'),
  ('b524c748-3416-44ca-9c4d-7148a3f12190', '3a710fc6-9efa-424d-921b-7324f1d163dd', '歷代志下', 1, NOW() - INTERVAL '80 days'),
  ('b524c748-3416-44ca-9c4d-7148a3f12190', '3a710fc6-9efa-424d-921b-7324f1d163dd', '歷代志下', 2, NOW() - INTERVAL '80 days'),
  ('b524c748-3416-44ca-9c4d-7148a3f12190', '3a710fc6-9efa-424d-921b-7324f1d163dd', '歷代志下', 3, NOW() - INTERVAL '80 days'),
  ('b524c748-3416-44ca-9c4d-7148a3f12190', '3a710fc6-9efa-424d-921b-7324f1d163dd', '歷代志下', 4, NOW() - INTERVAL '80 days'),
  ('b524c748-3416-44ca-9c4d-7148a3f12190', '3a710fc6-9efa-424d-921b-7324f1d163dd', '歷代志下', 5, NOW() - INTERVAL '79 days'),
  ('b524c748-3416-44ca-9c4d-7148a3f12190', '3a710fc6-9efa-424d-921b-7324f1d163dd', '歷代志下', 6, NOW() - INTERVAL '79 days'),
  ('b524c748-3416-44ca-9c4d-7148a3f12190', '3a710fc6-9efa-424d-921b-7324f1d163dd', '歷代志下', 7, NOW() - INTERVAL '79 days'),
  ('b524c748-3416-44ca-9c4d-7148a3f12190', '3a710fc6-9efa-424d-921b-7324f1d163dd', '歷代志下', 8, NOW() - INTERVAL '79 days'),
  ('b524c748-3416-44ca-9c4d-7148a3f12190', '3a710fc6-9efa-424d-921b-7324f1d163dd', '歷代志下', 9, NOW() - INTERVAL '79 days'),
  ('b524c748-3416-44ca-9c4d-7148a3f12190', '3a710fc6-9efa-424d-921b-7324f1d163dd', '歷代志下', 10, NOW() - INTERVAL '78 days'),
  ('b524c748-3416-44ca-9c4d-7148a3f12190', '3a710fc6-9efa-424d-921b-7324f1d163dd', '歷代志下', 11, NOW() - INTERVAL '78 days'),
  ('b524c748-3416-44ca-9c4d-7148a3f12190', '3a710fc6-9efa-424d-921b-7324f1d163dd', '歷代志下', 12, NOW() - INTERVAL '78 days'),
  ('b524c748-3416-44ca-9c4d-7148a3f12190', '3a710fc6-9efa-424d-921b-7324f1d163dd', '歷代志下', 13, NOW() - INTERVAL '78 days'),
  ('b524c748-3416-44ca-9c4d-7148a3f12190', '3a710fc6-9efa-424d-921b-7324f1d163dd', '歷代志下', 14, NOW() - INTERVAL '78 days'),
  ('b524c748-3416-44ca-9c4d-7148a3f12190', '3a710fc6-9efa-424d-921b-7324f1d163dd', '歷代志下', 15, NOW() - INTERVAL '77 days'),
  ('b524c748-3416-44ca-9c4d-7148a3f12190', '3a710fc6-9efa-424d-921b-7324f1d163dd', '歷代志下', 16, NOW() - INTERVAL '77 days'),
  ('b524c748-3416-44ca-9c4d-7148a3f12190', '3a710fc6-9efa-424d-921b-7324f1d163dd', '歷代志下', 17, NOW() - INTERVAL '77 days'),
  ('b524c748-3416-44ca-9c4d-7148a3f12190', '3a710fc6-9efa-424d-921b-7324f1d163dd', '歷代志下', 18, NOW() - INTERVAL '77 days'),
  ('b524c748-3416-44ca-9c4d-7148a3f12190', '3a710fc6-9efa-424d-921b-7324f1d163dd', '歷代志下', 19, NOW() - INTERVAL '77 days'),
  ('b524c748-3416-44ca-9c4d-7148a3f12190', '3a710fc6-9efa-424d-921b-7324f1d163dd', '歷代志下', 20, NOW() - INTERVAL '76 days'),
  ('b524c748-3416-44ca-9c4d-7148a3f12190', '3a710fc6-9efa-424d-921b-7324f1d163dd', '歷代志下', 21, NOW() - INTERVAL '76 days'),
  ('b524c748-3416-44ca-9c4d-7148a3f12190', '3a710fc6-9efa-424d-921b-7324f1d163dd', '歷代志下', 22, NOW() - INTERVAL '76 days'),
  ('b524c748-3416-44ca-9c4d-7148a3f12190', '3a710fc6-9efa-424d-921b-7324f1d163dd', '歷代志下', 23, NOW() - INTERVAL '76 days'),
  ('b524c748-3416-44ca-9c4d-7148a3f12190', '3a710fc6-9efa-424d-921b-7324f1d163dd', '歷代志下', 24, NOW() - INTERVAL '76 days'),
  ('b524c748-3416-44ca-9c4d-7148a3f12190', '3a710fc6-9efa-424d-921b-7324f1d163dd', '歷代志下', 25, NOW() - INTERVAL '75 days'),
  ('b524c748-3416-44ca-9c4d-7148a3f12190', '3a710fc6-9efa-424d-921b-7324f1d163dd', '歷代志下', 26, NOW() - INTERVAL '75 days'),
  ('b524c748-3416-44ca-9c4d-7148a3f12190', '3a710fc6-9efa-424d-921b-7324f1d163dd', '歷代志下', 27, NOW() - INTERVAL '75 days'),
  ('b524c748-3416-44ca-9c4d-7148a3f12190', '3a710fc6-9efa-424d-921b-7324f1d163dd', '歷代志下', 28, NOW() - INTERVAL '75 days'),
  ('b524c748-3416-44ca-9c4d-7148a3f12190', '3a710fc6-9efa-424d-921b-7324f1d163dd', '歷代志下', 29, NOW() - INTERVAL '75 days'),
  ('b524c748-3416-44ca-9c4d-7148a3f12190', '3a710fc6-9efa-424d-921b-7324f1d163dd', '歷代志下', 30, NOW() - INTERVAL '74 days'),
  ('b524c748-3416-44ca-9c4d-7148a3f12190', '3a710fc6-9efa-424d-921b-7324f1d163dd', '歷代志下', 31, NOW() - INTERVAL '74 days'),
  ('b524c748-3416-44ca-9c4d-7148a3f12190', '3a710fc6-9efa-424d-921b-7324f1d163dd', '歷代志下', 32, NOW() - INTERVAL '74 days'),
  ('b524c748-3416-44ca-9c4d-7148a3f12190', '3a710fc6-9efa-424d-921b-7324f1d163dd', '歷代志下', 33, NOW() - INTERVAL '74 days'),
  ('b524c748-3416-44ca-9c4d-7148a3f12190', '3a710fc6-9efa-424d-921b-7324f1d163dd', '歷代志下', 34, NOW() - INTERVAL '74 days'),
  ('b524c748-3416-44ca-9c4d-7148a3f12190', '3a710fc6-9efa-424d-921b-7324f1d163dd', '歷代志下', 35, NOW() - INTERVAL '73 days'),
  ('b524c748-3416-44ca-9c4d-7148a3f12190', '3a710fc6-9efa-424d-921b-7324f1d163dd', '歷代志下', 36, NOW() - INTERVAL '73 days'),
  ('b524c748-3416-44ca-9c4d-7148a3f12190', '3a710fc6-9efa-424d-921b-7324f1d163dd', '帖撒羅尼迦前書', 1, NOW() - INTERVAL '73 days'),
  ('b524c748-3416-44ca-9c4d-7148a3f12190', '3a710fc6-9efa-424d-921b-7324f1d163dd', '帖撒羅尼迦前書', 2, NOW() - INTERVAL '73 days'),
  ('b524c748-3416-44ca-9c4d-7148a3f12190', '3a710fc6-9efa-424d-921b-7324f1d163dd', '帖撒羅尼迦前書', 3, NOW() - INTERVAL '73 days'),
  ('b524c748-3416-44ca-9c4d-7148a3f12190', '3a710fc6-9efa-424d-921b-7324f1d163dd', '帖撒羅尼迦前書', 4, NOW() - INTERVAL '72 days'),
  ('b524c748-3416-44ca-9c4d-7148a3f12190', '3a710fc6-9efa-424d-921b-7324f1d163dd', '帖撒羅尼迦前書', 5, NOW() - INTERVAL '72 days'),
  ('b524c748-3416-44ca-9c4d-7148a3f12190', '3a710fc6-9efa-424d-921b-7324f1d163dd', '約拿書', 1, NOW() - INTERVAL '72 days'),
  ('b524c748-3416-44ca-9c4d-7148a3f12190', '3a710fc6-9efa-424d-921b-7324f1d163dd', '約拿書', 2, NOW() - INTERVAL '72 days'),
  ('b524c748-3416-44ca-9c4d-7148a3f12190', '3a710fc6-9efa-424d-921b-7324f1d163dd', '約拿書', 3, NOW() - INTERVAL '72 days'),
  ('b524c748-3416-44ca-9c4d-7148a3f12190', '3a710fc6-9efa-424d-921b-7324f1d163dd', '約拿書', 4, NOW() - INTERVAL '71 days'),
  ('b524c748-3416-44ca-9c4d-7148a3f12190', '3a710fc6-9efa-424d-921b-7324f1d163dd', '約翰二書', 1, NOW() - INTERVAL '71 days'),
  ('b524c748-3416-44ca-9c4d-7148a3f12190', '3a710fc6-9efa-424d-921b-7324f1d163dd', '彌迦書', 1, NOW() - INTERVAL '71 days'),
  ('b524c748-3416-44ca-9c4d-7148a3f12190', '3a710fc6-9efa-424d-921b-7324f1d163dd', '彌迦書', 2, NOW() - INTERVAL '71 days'),
  ('b524c748-3416-44ca-9c4d-7148a3f12190', '3a710fc6-9efa-424d-921b-7324f1d163dd', '彌迦書', 3, NOW() - INTERVAL '71 days'),
  ('b524c748-3416-44ca-9c4d-7148a3f12190', '3a710fc6-9efa-424d-921b-7324f1d163dd', '彌迦書', 4, NOW() - INTERVAL '70 days'),
  ('b524c748-3416-44ca-9c4d-7148a3f12190', '3a710fc6-9efa-424d-921b-7324f1d163dd', '彌迦書', 5, NOW() - INTERVAL '70 days'),
  ('b524c748-3416-44ca-9c4d-7148a3f12190', '3a710fc6-9efa-424d-921b-7324f1d163dd', '彌迦書', 6, NOW() - INTERVAL '70 days'),
  ('b524c748-3416-44ca-9c4d-7148a3f12190', '3a710fc6-9efa-424d-921b-7324f1d163dd', '彌迦書', 7, NOW() - INTERVAL '70 days'),
  ('b524c748-3416-44ca-9c4d-7148a3f12190', '3a710fc6-9efa-424d-921b-7324f1d163dd', '約翰三書', 1, NOW() - INTERVAL '70 days'),
  ('b524c748-3416-44ca-9c4d-7148a3f12190', '3a710fc6-9efa-424d-921b-7324f1d163dd', '民數記', 1, NOW() - INTERVAL '69 days'),
  ('b524c748-3416-44ca-9c4d-7148a3f12190', '3a710fc6-9efa-424d-921b-7324f1d163dd', '民數記', 2, NOW() - INTERVAL '69 days'),
  ('b524c748-3416-44ca-9c4d-7148a3f12190', '3a710fc6-9efa-424d-921b-7324f1d163dd', '民數記', 3, NOW() - INTERVAL '69 days'),
  ('b524c748-3416-44ca-9c4d-7148a3f12190', '3a710fc6-9efa-424d-921b-7324f1d163dd', '民數記', 4, NOW() - INTERVAL '69 days'),
  ('b524c748-3416-44ca-9c4d-7148a3f12190', '3a710fc6-9efa-424d-921b-7324f1d163dd', '民數記', 5, NOW() - INTERVAL '69 days'),
  ('b524c748-3416-44ca-9c4d-7148a3f12190', '3a710fc6-9efa-424d-921b-7324f1d163dd', '民數記', 6, NOW() - INTERVAL '68 days'),
  ('b524c748-3416-44ca-9c4d-7148a3f12190', '3a710fc6-9efa-424d-921b-7324f1d163dd', '民數記', 7, NOW() - INTERVAL '68 days'),
  ('b524c748-3416-44ca-9c4d-7148a3f12190', '3a710fc6-9efa-424d-921b-7324f1d163dd', '民數記', 8, NOW() - INTERVAL '68 days'),
  ('b524c748-3416-44ca-9c4d-7148a3f12190', '3a710fc6-9efa-424d-921b-7324f1d163dd', '民數記', 9, NOW() - INTERVAL '68 days'),
  ('b524c748-3416-44ca-9c4d-7148a3f12190', '3a710fc6-9efa-424d-921b-7324f1d163dd', '民數記', 10, NOW() - INTERVAL '68 days'),
  ('b524c748-3416-44ca-9c4d-7148a3f12190', '3a710fc6-9efa-424d-921b-7324f1d163dd', '民數記', 11, NOW() - INTERVAL '67 days'),
  ('b524c748-3416-44ca-9c4d-7148a3f12190', '3a710fc6-9efa-424d-921b-7324f1d163dd', '民數記', 12, NOW() - INTERVAL '67 days'),
  ('b524c748-3416-44ca-9c4d-7148a3f12190', '3a710fc6-9efa-424d-921b-7324f1d163dd', '民數記', 13, NOW() - INTERVAL '67 days'),
  ('b524c748-3416-44ca-9c4d-7148a3f12190', '3a710fc6-9efa-424d-921b-7324f1d163dd', '民數記', 14, NOW() - INTERVAL '67 days'),
  ('b524c748-3416-44ca-9c4d-7148a3f12190', '3a710fc6-9efa-424d-921b-7324f1d163dd', '民數記', 15, NOW() - INTERVAL '67 days'),
  ('b524c748-3416-44ca-9c4d-7148a3f12190', '3a710fc6-9efa-424d-921b-7324f1d163dd', '民數記', 16, NOW() - INTERVAL '66 days'),
  ('b524c748-3416-44ca-9c4d-7148a3f12190', '3a710fc6-9efa-424d-921b-7324f1d163dd', '民數記', 17, NOW() - INTERVAL '66 days'),
  ('b524c748-3416-44ca-9c4d-7148a3f12190', '3a710fc6-9efa-424d-921b-7324f1d163dd', '民數記', 18, NOW() - INTERVAL '66 days'),
  ('b524c748-3416-44ca-9c4d-7148a3f12190', '3a710fc6-9efa-424d-921b-7324f1d163dd', '民數記', 19, NOW() - INTERVAL '66 days'),
  ('b524c748-3416-44ca-9c4d-7148a3f12190', '3a710fc6-9efa-424d-921b-7324f1d163dd', '民數記', 20, NOW() - INTERVAL '66 days'),
  ('b524c748-3416-44ca-9c4d-7148a3f12190', '3a710fc6-9efa-424d-921b-7324f1d163dd', '民數記', 21, NOW() - INTERVAL '65 days'),
  ('b524c748-3416-44ca-9c4d-7148a3f12190', '3a710fc6-9efa-424d-921b-7324f1d163dd', '民數記', 22, NOW() - INTERVAL '65 days'),
  ('b524c748-3416-44ca-9c4d-7148a3f12190', '3a710fc6-9efa-424d-921b-7324f1d163dd', '民數記', 23, NOW() - INTERVAL '65 days'),
  ('b524c748-3416-44ca-9c4d-7148a3f12190', '3a710fc6-9efa-424d-921b-7324f1d163dd', '民數記', 24, NOW() - INTERVAL '65 days'),
  ('b524c748-3416-44ca-9c4d-7148a3f12190', '3a710fc6-9efa-424d-921b-7324f1d163dd', '民數記', 25, NOW() - INTERVAL '65 days'),
  ('b524c748-3416-44ca-9c4d-7148a3f12190', '3a710fc6-9efa-424d-921b-7324f1d163dd', '民數記', 26, NOW() - INTERVAL '64 days'),
  ('b524c748-3416-44ca-9c4d-7148a3f12190', '3a710fc6-9efa-424d-921b-7324f1d163dd', '民數記', 27, NOW() - INTERVAL '64 days'),
  ('b524c748-3416-44ca-9c4d-7148a3f12190', '3a710fc6-9efa-424d-921b-7324f1d163dd', '民數記', 28, NOW() - INTERVAL '64 days'),
  ('b524c748-3416-44ca-9c4d-7148a3f12190', '3a710fc6-9efa-424d-921b-7324f1d163dd', '民數記', 29, NOW() - INTERVAL '64 days'),
  ('b524c748-3416-44ca-9c4d-7148a3f12190', '3a710fc6-9efa-424d-921b-7324f1d163dd', '民數記', 30, NOW() - INTERVAL '64 days'),
  ('b524c748-3416-44ca-9c4d-7148a3f12190', '3a710fc6-9efa-424d-921b-7324f1d163dd', '民數記', 31, NOW() - INTERVAL '63 days'),
  ('b524c748-3416-44ca-9c4d-7148a3f12190', '3a710fc6-9efa-424d-921b-7324f1d163dd', '民數記', 32, NOW() - INTERVAL '63 days'),
  ('b524c748-3416-44ca-9c4d-7148a3f12190', '3a710fc6-9efa-424d-921b-7324f1d163dd', '民數記', 33, NOW() - INTERVAL '63 days'),
  ('b524c748-3416-44ca-9c4d-7148a3f12190', '3a710fc6-9efa-424d-921b-7324f1d163dd', '民數記', 34, NOW() - INTERVAL '63 days'),
  ('b524c748-3416-44ca-9c4d-7148a3f12190', '3a710fc6-9efa-424d-921b-7324f1d163dd', '民數記', 35, NOW() - INTERVAL '63 days'),
  ('b524c748-3416-44ca-9c4d-7148a3f12190', '3a710fc6-9efa-424d-921b-7324f1d163dd', '民數記', 36, NOW() - INTERVAL '62 days'),
  ('b524c748-3416-44ca-9c4d-7148a3f12190', '3a710fc6-9efa-424d-921b-7324f1d163dd', '約翰福音', 1, NOW() - INTERVAL '62 days'),
  ('b524c748-3416-44ca-9c4d-7148a3f12190', '3a710fc6-9efa-424d-921b-7324f1d163dd', '約翰福音', 2, NOW() - INTERVAL '62 days'),
  ('b524c748-3416-44ca-9c4d-7148a3f12190', '3a710fc6-9efa-424d-921b-7324f1d163dd', '約翰福音', 3, NOW() - INTERVAL '62 days'),
  ('b524c748-3416-44ca-9c4d-7148a3f12190', '3a710fc6-9efa-424d-921b-7324f1d163dd', '約翰福音', 4, NOW() - INTERVAL '62 days'),
  ('b524c748-3416-44ca-9c4d-7148a3f12190', '3a710fc6-9efa-424d-921b-7324f1d163dd', '約翰福音', 5, NOW() - INTERVAL '61 days'),
  ('b524c748-3416-44ca-9c4d-7148a3f12190', '3a710fc6-9efa-424d-921b-7324f1d163dd', '約翰福音', 6, NOW() - INTERVAL '61 days'),
  ('b524c748-3416-44ca-9c4d-7148a3f12190', '3a710fc6-9efa-424d-921b-7324f1d163dd', '約翰福音', 7, NOW() - INTERVAL '61 days'),
  ('b524c748-3416-44ca-9c4d-7148a3f12190', '3a710fc6-9efa-424d-921b-7324f1d163dd', '約翰福音', 8, NOW() - INTERVAL '61 days'),
  ('b524c748-3416-44ca-9c4d-7148a3f12190', '3a710fc6-9efa-424d-921b-7324f1d163dd', '約翰福音', 9, NOW() - INTERVAL '61 days'),
  ('b524c748-3416-44ca-9c4d-7148a3f12190', '3a710fc6-9efa-424d-921b-7324f1d163dd', '約翰福音', 10, NOW() - INTERVAL '60 days'),
  ('b524c748-3416-44ca-9c4d-7148a3f12190', '3a710fc6-9efa-424d-921b-7324f1d163dd', '約翰福音', 11, NOW() - INTERVAL '60 days'),
  ('b524c748-3416-44ca-9c4d-7148a3f12190', '3a710fc6-9efa-424d-921b-7324f1d163dd', '約翰福音', 12, NOW() - INTERVAL '60 days'),
  ('b524c748-3416-44ca-9c4d-7148a3f12190', '3a710fc6-9efa-424d-921b-7324f1d163dd', '約翰福音', 13, NOW() - INTERVAL '60 days'),
  ('b524c748-3416-44ca-9c4d-7148a3f12190', '3a710fc6-9efa-424d-921b-7324f1d163dd', '約翰福音', 14, NOW() - INTERVAL '60 days'),
  ('b524c748-3416-44ca-9c4d-7148a3f12190', '3a710fc6-9efa-424d-921b-7324f1d163dd', '約翰福音', 15, NOW() - INTERVAL '59 days'),
  ('b524c748-3416-44ca-9c4d-7148a3f12190', '3a710fc6-9efa-424d-921b-7324f1d163dd', '約翰福音', 16, NOW() - INTERVAL '59 days'),
  ('b524c748-3416-44ca-9c4d-7148a3f12190', '3a710fc6-9efa-424d-921b-7324f1d163dd', '約翰福音', 17, NOW() - INTERVAL '59 days'),
  ('b524c748-3416-44ca-9c4d-7148a3f12190', '3a710fc6-9efa-424d-921b-7324f1d163dd', '約翰福音', 18, NOW() - INTERVAL '59 days'),
  ('b524c748-3416-44ca-9c4d-7148a3f12190', '3a710fc6-9efa-424d-921b-7324f1d163dd', '約翰福音', 19, NOW() - INTERVAL '59 days'),
  ('b524c748-3416-44ca-9c4d-7148a3f12190', '3a710fc6-9efa-424d-921b-7324f1d163dd', '約翰福音', 20, NOW() - INTERVAL '58 days'),
  ('b524c748-3416-44ca-9c4d-7148a3f12190', '3a710fc6-9efa-424d-921b-7324f1d163dd', '約翰福音', 21, NOW() - INTERVAL '58 days'),
  ('b524c748-3416-44ca-9c4d-7148a3f12190', '3a710fc6-9efa-424d-921b-7324f1d163dd', '以西結書', 1, NOW() - INTERVAL '58 days'),
  ('b524c748-3416-44ca-9c4d-7148a3f12190', '3a710fc6-9efa-424d-921b-7324f1d163dd', '以西結書', 2, NOW() - INTERVAL '58 days'),
  ('b524c748-3416-44ca-9c4d-7148a3f12190', '3a710fc6-9efa-424d-921b-7324f1d163dd', '以西結書', 3, NOW() - INTERVAL '58 days'),
  ('b524c748-3416-44ca-9c4d-7148a3f12190', '3a710fc6-9efa-424d-921b-7324f1d163dd', '以西結書', 4, NOW() - INTERVAL '57 days'),
  ('b524c748-3416-44ca-9c4d-7148a3f12190', '3a710fc6-9efa-424d-921b-7324f1d163dd', '以西結書', 5, NOW() - INTERVAL '57 days'),
  ('b524c748-3416-44ca-9c4d-7148a3f12190', '3a710fc6-9efa-424d-921b-7324f1d163dd', '以西結書', 6, NOW() - INTERVAL '57 days'),
  ('b524c748-3416-44ca-9c4d-7148a3f12190', '3a710fc6-9efa-424d-921b-7324f1d163dd', '以西結書', 7, NOW() - INTERVAL '57 days'),
  ('b524c748-3416-44ca-9c4d-7148a3f12190', '3a710fc6-9efa-424d-921b-7324f1d163dd', '以西結書', 8, NOW() - INTERVAL '57 days'),
  ('b524c748-3416-44ca-9c4d-7148a3f12190', '3a710fc6-9efa-424d-921b-7324f1d163dd', '以西結書', 9, NOW() - INTERVAL '56 days'),
  ('b524c748-3416-44ca-9c4d-7148a3f12190', '3a710fc6-9efa-424d-921b-7324f1d163dd', '以西結書', 10, NOW() - INTERVAL '56 days'),
  ('b524c748-3416-44ca-9c4d-7148a3f12190', '3a710fc6-9efa-424d-921b-7324f1d163dd', '以西結書', 11, NOW() - INTERVAL '56 days'),
  ('b524c748-3416-44ca-9c4d-7148a3f12190', '3a710fc6-9efa-424d-921b-7324f1d163dd', '以西結書', 12, NOW() - INTERVAL '56 days'),
  ('b524c748-3416-44ca-9c4d-7148a3f12190', '3a710fc6-9efa-424d-921b-7324f1d163dd', '以西結書', 13, NOW() - INTERVAL '56 days'),
  ('b524c748-3416-44ca-9c4d-7148a3f12190', '3a710fc6-9efa-424d-921b-7324f1d163dd', '以西結書', 14, NOW() - INTERVAL '55 days'),
  ('b524c748-3416-44ca-9c4d-7148a3f12190', '3a710fc6-9efa-424d-921b-7324f1d163dd', '以西結書', 15, NOW() - INTERVAL '55 days'),
  ('b524c748-3416-44ca-9c4d-7148a3f12190', '3a710fc6-9efa-424d-921b-7324f1d163dd', '以西結書', 16, NOW() - INTERVAL '55 days'),
  ('b524c748-3416-44ca-9c4d-7148a3f12190', '3a710fc6-9efa-424d-921b-7324f1d163dd', '以西結書', 17, NOW() - INTERVAL '55 days'),
  ('b524c748-3416-44ca-9c4d-7148a3f12190', '3a710fc6-9efa-424d-921b-7324f1d163dd', '以西結書', 18, NOW() - INTERVAL '55 days'),
  ('b524c748-3416-44ca-9c4d-7148a3f12190', '3a710fc6-9efa-424d-921b-7324f1d163dd', '以西結書', 19, NOW() - INTERVAL '54 days'),
  ('b524c748-3416-44ca-9c4d-7148a3f12190', '3a710fc6-9efa-424d-921b-7324f1d163dd', '以西結書', 20, NOW() - INTERVAL '54 days'),
  ('b524c748-3416-44ca-9c4d-7148a3f12190', '3a710fc6-9efa-424d-921b-7324f1d163dd', '以西結書', 21, NOW() - INTERVAL '54 days'),
  ('b524c748-3416-44ca-9c4d-7148a3f12190', '3a710fc6-9efa-424d-921b-7324f1d163dd', '以西結書', 22, NOW() - INTERVAL '54 days'),
  ('b524c748-3416-44ca-9c4d-7148a3f12190', '3a710fc6-9efa-424d-921b-7324f1d163dd', '以西結書', 23, NOW() - INTERVAL '54 days'),
  ('b524c748-3416-44ca-9c4d-7148a3f12190', '3a710fc6-9efa-424d-921b-7324f1d163dd', '以西結書', 24, NOW() - INTERVAL '53 days'),
  ('b524c748-3416-44ca-9c4d-7148a3f12190', '3a710fc6-9efa-424d-921b-7324f1d163dd', '以西結書', 25, NOW() - INTERVAL '53 days'),
  ('b524c748-3416-44ca-9c4d-7148a3f12190', '3a710fc6-9efa-424d-921b-7324f1d163dd', '以西結書', 26, NOW() - INTERVAL '53 days'),
  ('b524c748-3416-44ca-9c4d-7148a3f12190', '3a710fc6-9efa-424d-921b-7324f1d163dd', '以西結書', 27, NOW() - INTERVAL '53 days'),
  ('b524c748-3416-44ca-9c4d-7148a3f12190', '3a710fc6-9efa-424d-921b-7324f1d163dd', '以西結書', 28, NOW() - INTERVAL '53 days'),
  ('b524c748-3416-44ca-9c4d-7148a3f12190', '3a710fc6-9efa-424d-921b-7324f1d163dd', '以西結書', 29, NOW() - INTERVAL '52 days'),
  ('b524c748-3416-44ca-9c4d-7148a3f12190', '3a710fc6-9efa-424d-921b-7324f1d163dd', '以西結書', 30, NOW() - INTERVAL '52 days'),
  ('b524c748-3416-44ca-9c4d-7148a3f12190', '3a710fc6-9efa-424d-921b-7324f1d163dd', '以西結書', 31, NOW() - INTERVAL '52 days'),
  ('b524c748-3416-44ca-9c4d-7148a3f12190', '3a710fc6-9efa-424d-921b-7324f1d163dd', '以西結書', 32, NOW() - INTERVAL '52 days'),
  ('b524c748-3416-44ca-9c4d-7148a3f12190', '3a710fc6-9efa-424d-921b-7324f1d163dd', '以西結書', 33, NOW() - INTERVAL '52 days'),
  ('b524c748-3416-44ca-9c4d-7148a3f12190', '3a710fc6-9efa-424d-921b-7324f1d163dd', '以西結書', 34, NOW() - INTERVAL '51 days'),
  ('b524c748-3416-44ca-9c4d-7148a3f12190', '3a710fc6-9efa-424d-921b-7324f1d163dd', '以西結書', 35, NOW() - INTERVAL '51 days'),
  ('b524c748-3416-44ca-9c4d-7148a3f12190', '3a710fc6-9efa-424d-921b-7324f1d163dd', '以西結書', 36, NOW() - INTERVAL '51 days'),
  ('b524c748-3416-44ca-9c4d-7148a3f12190', '3a710fc6-9efa-424d-921b-7324f1d163dd', '以西結書', 37, NOW() - INTERVAL '51 days'),
  ('b524c748-3416-44ca-9c4d-7148a3f12190', '3a710fc6-9efa-424d-921b-7324f1d163dd', '以西結書', 38, NOW() - INTERVAL '51 days'),
  ('b524c748-3416-44ca-9c4d-7148a3f12190', '3a710fc6-9efa-424d-921b-7324f1d163dd', '以西結書', 39, NOW() - INTERVAL '50 days'),
  ('b524c748-3416-44ca-9c4d-7148a3f12190', '3a710fc6-9efa-424d-921b-7324f1d163dd', '以西結書', 40, NOW() - INTERVAL '50 days'),
  ('b524c748-3416-44ca-9c4d-7148a3f12190', '3a710fc6-9efa-424d-921b-7324f1d163dd', '以西結書', 41, NOW() - INTERVAL '50 days'),
  ('b524c748-3416-44ca-9c4d-7148a3f12190', '3a710fc6-9efa-424d-921b-7324f1d163dd', '以西結書', 42, NOW() - INTERVAL '50 days'),
  ('b524c748-3416-44ca-9c4d-7148a3f12190', '3a710fc6-9efa-424d-921b-7324f1d163dd', '以西結書', 43, NOW() - INTERVAL '50 days'),
  ('b524c748-3416-44ca-9c4d-7148a3f12190', '3a710fc6-9efa-424d-921b-7324f1d163dd', '以西結書', 44, NOW() - INTERVAL '49 days'),
  ('b524c748-3416-44ca-9c4d-7148a3f12190', '3a710fc6-9efa-424d-921b-7324f1d163dd', '以西結書', 45, NOW() - INTERVAL '49 days'),
  ('b524c748-3416-44ca-9c4d-7148a3f12190', '3a710fc6-9efa-424d-921b-7324f1d163dd', '以西結書', 46, NOW() - INTERVAL '49 days'),
  ('b524c748-3416-44ca-9c4d-7148a3f12190', '3a710fc6-9efa-424d-921b-7324f1d163dd', '以西結書', 47, NOW() - INTERVAL '49 days'),
  ('b524c748-3416-44ca-9c4d-7148a3f12190', '3a710fc6-9efa-424d-921b-7324f1d163dd', '以西結書', 48, NOW() - INTERVAL '49 days'),
  ('b524c748-3416-44ca-9c4d-7148a3f12190', '3a710fc6-9efa-424d-921b-7324f1d163dd', '約翰一書', 1, NOW() - INTERVAL '48 days'),
  ('b524c748-3416-44ca-9c4d-7148a3f12190', '3a710fc6-9efa-424d-921b-7324f1d163dd', '約翰一書', 2, NOW() - INTERVAL '48 days'),
  ('b524c748-3416-44ca-9c4d-7148a3f12190', '3a710fc6-9efa-424d-921b-7324f1d163dd', '約翰一書', 3, NOW() - INTERVAL '48 days'),
  ('b524c748-3416-44ca-9c4d-7148a3f12190', '3a710fc6-9efa-424d-921b-7324f1d163dd', '約翰一書', 4, NOW() - INTERVAL '48 days'),
  ('b524c748-3416-44ca-9c4d-7148a3f12190', '3a710fc6-9efa-424d-921b-7324f1d163dd', '約翰一書', 5, NOW() - INTERVAL '48 days'),
  ('b524c748-3416-44ca-9c4d-7148a3f12190', '3a710fc6-9efa-424d-921b-7324f1d163dd', '申命記', 1, NOW() - INTERVAL '47 days'),
  ('b524c748-3416-44ca-9c4d-7148a3f12190', '3a710fc6-9efa-424d-921b-7324f1d163dd', '申命記', 2, NOW() - INTERVAL '47 days'),
  ('b524c748-3416-44ca-9c4d-7148a3f12190', '3a710fc6-9efa-424d-921b-7324f1d163dd', '申命記', 3, NOW() - INTERVAL '47 days'),
  ('b524c748-3416-44ca-9c4d-7148a3f12190', '3a710fc6-9efa-424d-921b-7324f1d163dd', '申命記', 4, NOW() - INTERVAL '47 days'),
  ('b524c748-3416-44ca-9c4d-7148a3f12190', '3a710fc6-9efa-424d-921b-7324f1d163dd', '申命記', 5, NOW() - INTERVAL '47 days'),
  ('b524c748-3416-44ca-9c4d-7148a3f12190', '3a710fc6-9efa-424d-921b-7324f1d163dd', '申命記', 6, NOW() - INTERVAL '46 days'),
  ('b524c748-3416-44ca-9c4d-7148a3f12190', '3a710fc6-9efa-424d-921b-7324f1d163dd', '申命記', 7, NOW() - INTERVAL '46 days'),
  ('b524c748-3416-44ca-9c4d-7148a3f12190', '3a710fc6-9efa-424d-921b-7324f1d163dd', '申命記', 8, NOW() - INTERVAL '46 days'),
  ('b524c748-3416-44ca-9c4d-7148a3f12190', '3a710fc6-9efa-424d-921b-7324f1d163dd', '申命記', 9, NOW() - INTERVAL '46 days'),
  ('b524c748-3416-44ca-9c4d-7148a3f12190', '3a710fc6-9efa-424d-921b-7324f1d163dd', '申命記', 10, NOW() - INTERVAL '46 days'),
  ('b524c748-3416-44ca-9c4d-7148a3f12190', '3a710fc6-9efa-424d-921b-7324f1d163dd', '申命記', 11, NOW() - INTERVAL '45 days'),
  ('b524c748-3416-44ca-9c4d-7148a3f12190', '3a710fc6-9efa-424d-921b-7324f1d163dd', '申命記', 12, NOW() - INTERVAL '45 days'),
  ('b524c748-3416-44ca-9c4d-7148a3f12190', '3a710fc6-9efa-424d-921b-7324f1d163dd', '申命記', 13, NOW() - INTERVAL '45 days'),
  ('b524c748-3416-44ca-9c4d-7148a3f12190', '3a710fc6-9efa-424d-921b-7324f1d163dd', '申命記', 14, NOW() - INTERVAL '45 days'),
  ('b524c748-3416-44ca-9c4d-7148a3f12190', '3a710fc6-9efa-424d-921b-7324f1d163dd', '申命記', 15, NOW() - INTERVAL '45 days'),
  ('b524c748-3416-44ca-9c4d-7148a3f12190', '3a710fc6-9efa-424d-921b-7324f1d163dd', '申命記', 16, NOW() - INTERVAL '44 days'),
  ('b524c748-3416-44ca-9c4d-7148a3f12190', '3a710fc6-9efa-424d-921b-7324f1d163dd', '申命記', 17, NOW() - INTERVAL '44 days'),
  ('b524c748-3416-44ca-9c4d-7148a3f12190', '3a710fc6-9efa-424d-921b-7324f1d163dd', '申命記', 18, NOW() - INTERVAL '44 days'),
  ('b524c748-3416-44ca-9c4d-7148a3f12190', '3a710fc6-9efa-424d-921b-7324f1d163dd', '申命記', 19, NOW() - INTERVAL '44 days'),
  ('b524c748-3416-44ca-9c4d-7148a3f12190', '3a710fc6-9efa-424d-921b-7324f1d163dd', '申命記', 20, NOW() - INTERVAL '44 days'),
  ('b524c748-3416-44ca-9c4d-7148a3f12190', '3a710fc6-9efa-424d-921b-7324f1d163dd', '申命記', 21, NOW() - INTERVAL '43 days'),
  ('b524c748-3416-44ca-9c4d-7148a3f12190', '3a710fc6-9efa-424d-921b-7324f1d163dd', '申命記', 22, NOW() - INTERVAL '43 days'),
  ('b524c748-3416-44ca-9c4d-7148a3f12190', '3a710fc6-9efa-424d-921b-7324f1d163dd', '申命記', 23, NOW() - INTERVAL '43 days'),
  ('b524c748-3416-44ca-9c4d-7148a3f12190', '3a710fc6-9efa-424d-921b-7324f1d163dd', '申命記', 24, NOW() - INTERVAL '43 days'),
  ('b524c748-3416-44ca-9c4d-7148a3f12190', '3a710fc6-9efa-424d-921b-7324f1d163dd', '申命記', 25, NOW() - INTERVAL '43 days'),
  ('b524c748-3416-44ca-9c4d-7148a3f12190', '3a710fc6-9efa-424d-921b-7324f1d163dd', '申命記', 26, NOW() - INTERVAL '42 days'),
  ('b524c748-3416-44ca-9c4d-7148a3f12190', '3a710fc6-9efa-424d-921b-7324f1d163dd', '申命記', 27, NOW() - INTERVAL '42 days'),
  ('b524c748-3416-44ca-9c4d-7148a3f12190', '3a710fc6-9efa-424d-921b-7324f1d163dd', '申命記', 28, NOW() - INTERVAL '42 days'),
  ('b524c748-3416-44ca-9c4d-7148a3f12190', '3a710fc6-9efa-424d-921b-7324f1d163dd', '申命記', 29, NOW() - INTERVAL '42 days'),
  ('b524c748-3416-44ca-9c4d-7148a3f12190', '3a710fc6-9efa-424d-921b-7324f1d163dd', '申命記', 30, NOW() - INTERVAL '42 days'),
  ('b524c748-3416-44ca-9c4d-7148a3f12190', '3a710fc6-9efa-424d-921b-7324f1d163dd', '申命記', 31, NOW() - INTERVAL '41 days'),
  ('b524c748-3416-44ca-9c4d-7148a3f12190', '3a710fc6-9efa-424d-921b-7324f1d163dd', '申命記', 32, NOW() - INTERVAL '41 days'),
  ('b524c748-3416-44ca-9c4d-7148a3f12190', '3a710fc6-9efa-424d-921b-7324f1d163dd', '申命記', 33, NOW() - INTERVAL '41 days'),
  ('b524c748-3416-44ca-9c4d-7148a3f12190', '3a710fc6-9efa-424d-921b-7324f1d163dd', '申命記', 34, NOW() - INTERVAL '41 days'),
  ('b524c748-3416-44ca-9c4d-7148a3f12190', '3a710fc6-9efa-424d-921b-7324f1d163dd', '使徒行傳', 1, NOW() - INTERVAL '41 days'),
  ('b524c748-3416-44ca-9c4d-7148a3f12190', '3a710fc6-9efa-424d-921b-7324f1d163dd', '使徒行傳', 2, NOW() - INTERVAL '40 days'),
  ('b524c748-3416-44ca-9c4d-7148a3f12190', '3a710fc6-9efa-424d-921b-7324f1d163dd', '使徒行傳', 3, NOW() - INTERVAL '40 days'),
  ('b524c748-3416-44ca-9c4d-7148a3f12190', '3a710fc6-9efa-424d-921b-7324f1d163dd', '使徒行傳', 4, NOW() - INTERVAL '40 days'),
  ('b524c748-3416-44ca-9c4d-7148a3f12190', '3a710fc6-9efa-424d-921b-7324f1d163dd', '使徒行傳', 5, NOW() - INTERVAL '40 days'),
  ('b524c748-3416-44ca-9c4d-7148a3f12190', '3a710fc6-9efa-424d-921b-7324f1d163dd', '使徒行傳', 6, NOW() - INTERVAL '40 days'),
  ('b524c748-3416-44ca-9c4d-7148a3f12190', '3a710fc6-9efa-424d-921b-7324f1d163dd', '使徒行傳', 7, NOW() - INTERVAL '39 days'),
  ('b524c748-3416-44ca-9c4d-7148a3f12190', '3a710fc6-9efa-424d-921b-7324f1d163dd', '使徒行傳', 8, NOW() - INTERVAL '39 days'),
  ('b524c748-3416-44ca-9c4d-7148a3f12190', '3a710fc6-9efa-424d-921b-7324f1d163dd', '使徒行傳', 9, NOW() - INTERVAL '39 days'),
  ('b524c748-3416-44ca-9c4d-7148a3f12190', '3a710fc6-9efa-424d-921b-7324f1d163dd', '使徒行傳', 10, NOW() - INTERVAL '39 days'),
  ('b524c748-3416-44ca-9c4d-7148a3f12190', '3a710fc6-9efa-424d-921b-7324f1d163dd', '使徒行傳', 11, NOW() - INTERVAL '39 days'),
  ('b524c748-3416-44ca-9c4d-7148a3f12190', '3a710fc6-9efa-424d-921b-7324f1d163dd', '使徒行傳', 12, NOW() - INTERVAL '38 days'),
  ('b524c748-3416-44ca-9c4d-7148a3f12190', '3a710fc6-9efa-424d-921b-7324f1d163dd', '使徒行傳', 13, NOW() - INTERVAL '38 days'),
  ('b524c748-3416-44ca-9c4d-7148a3f12190', '3a710fc6-9efa-424d-921b-7324f1d163dd', '使徒行傳', 14, NOW() - INTERVAL '38 days'),
  ('b524c748-3416-44ca-9c4d-7148a3f12190', '3a710fc6-9efa-424d-921b-7324f1d163dd', '使徒行傳', 15, NOW() - INTERVAL '38 days'),
  ('b524c748-3416-44ca-9c4d-7148a3f12190', '3a710fc6-9efa-424d-921b-7324f1d163dd', '使徒行傳', 16, NOW() - INTERVAL '38 days'),
  ('b524c748-3416-44ca-9c4d-7148a3f12190', '3a710fc6-9efa-424d-921b-7324f1d163dd', '使徒行傳', 17, NOW() - INTERVAL '37 days'),
  ('b524c748-3416-44ca-9c4d-7148a3f12190', '3a710fc6-9efa-424d-921b-7324f1d163dd', '使徒行傳', 18, NOW() - INTERVAL '37 days'),
  ('b524c748-3416-44ca-9c4d-7148a3f12190', '3a710fc6-9efa-424d-921b-7324f1d163dd', '使徒行傳', 19, NOW() - INTERVAL '37 days'),
  ('b524c748-3416-44ca-9c4d-7148a3f12190', '3a710fc6-9efa-424d-921b-7324f1d163dd', '使徒行傳', 20, NOW() - INTERVAL '37 days'),
  ('b524c748-3416-44ca-9c4d-7148a3f12190', '3a710fc6-9efa-424d-921b-7324f1d163dd', '使徒行傳', 21, NOW() - INTERVAL '37 days'),
  ('b524c748-3416-44ca-9c4d-7148a3f12190', '3a710fc6-9efa-424d-921b-7324f1d163dd', '使徒行傳', 22, NOW() - INTERVAL '36 days'),
  ('b524c748-3416-44ca-9c4d-7148a3f12190', '3a710fc6-9efa-424d-921b-7324f1d163dd', '使徒行傳', 23, NOW() - INTERVAL '36 days'),
  ('b524c748-3416-44ca-9c4d-7148a3f12190', '3a710fc6-9efa-424d-921b-7324f1d163dd', '使徒行傳', 24, NOW() - INTERVAL '36 days'),
  ('b524c748-3416-44ca-9c4d-7148a3f12190', '3a710fc6-9efa-424d-921b-7324f1d163dd', '使徒行傳', 25, NOW() - INTERVAL '36 days'),
  ('b524c748-3416-44ca-9c4d-7148a3f12190', '3a710fc6-9efa-424d-921b-7324f1d163dd', '使徒行傳', 26, NOW() - INTERVAL '36 days'),
  ('b524c748-3416-44ca-9c4d-7148a3f12190', '3a710fc6-9efa-424d-921b-7324f1d163dd', '使徒行傳', 27, NOW() - INTERVAL '35 days'),
  ('b524c748-3416-44ca-9c4d-7148a3f12190', '3a710fc6-9efa-424d-921b-7324f1d163dd', '使徒行傳', 28, NOW() - INTERVAL '35 days'),
  ('b524c748-3416-44ca-9c4d-7148a3f12190', '3a710fc6-9efa-424d-921b-7324f1d163dd', '箴言', 1, NOW() - INTERVAL '35 days'),
  ('b524c748-3416-44ca-9c4d-7148a3f12190', '3a710fc6-9efa-424d-921b-7324f1d163dd', '箴言', 2, NOW() - INTERVAL '35 days'),
  ('b524c748-3416-44ca-9c4d-7148a3f12190', '3a710fc6-9efa-424d-921b-7324f1d163dd', '箴言', 3, NOW() - INTERVAL '35 days'),
  ('b524c748-3416-44ca-9c4d-7148a3f12190', '3a710fc6-9efa-424d-921b-7324f1d163dd', '箴言', 4, NOW() - INTERVAL '34 days'),
  ('b524c748-3416-44ca-9c4d-7148a3f12190', '3a710fc6-9efa-424d-921b-7324f1d163dd', '箴言', 5, NOW() - INTERVAL '34 days'),
  ('b524c748-3416-44ca-9c4d-7148a3f12190', '3a710fc6-9efa-424d-921b-7324f1d163dd', '箴言', 6, NOW() - INTERVAL '34 days'),
  ('b524c748-3416-44ca-9c4d-7148a3f12190', '3a710fc6-9efa-424d-921b-7324f1d163dd', '箴言', 7, NOW() - INTERVAL '34 days'),
  ('b524c748-3416-44ca-9c4d-7148a3f12190', '3a710fc6-9efa-424d-921b-7324f1d163dd', '箴言', 8, NOW() - INTERVAL '34 days'),
  ('b524c748-3416-44ca-9c4d-7148a3f12190', '3a710fc6-9efa-424d-921b-7324f1d163dd', '箴言', 9, NOW() - INTERVAL '33 days'),
  ('b524c748-3416-44ca-9c4d-7148a3f12190', '3a710fc6-9efa-424d-921b-7324f1d163dd', '箴言', 10, NOW() - INTERVAL '33 days'),
  ('b524c748-3416-44ca-9c4d-7148a3f12190', '3a710fc6-9efa-424d-921b-7324f1d163dd', '箴言', 11, NOW() - INTERVAL '33 days'),
  ('b524c748-3416-44ca-9c4d-7148a3f12190', '3a710fc6-9efa-424d-921b-7324f1d163dd', '箴言', 12, NOW() - INTERVAL '33 days'),
  ('b524c748-3416-44ca-9c4d-7148a3f12190', '3a710fc6-9efa-424d-921b-7324f1d163dd', '箴言', 13, NOW() - INTERVAL '33 days'),
  ('b524c748-3416-44ca-9c4d-7148a3f12190', '3a710fc6-9efa-424d-921b-7324f1d163dd', '箴言', 14, NOW() - INTERVAL '32 days'),
  ('b524c748-3416-44ca-9c4d-7148a3f12190', '3a710fc6-9efa-424d-921b-7324f1d163dd', '箴言', 15, NOW() - INTERVAL '32 days'),
  ('b524c748-3416-44ca-9c4d-7148a3f12190', '3a710fc6-9efa-424d-921b-7324f1d163dd', '箴言', 16, NOW() - INTERVAL '32 days'),
  ('b524c748-3416-44ca-9c4d-7148a3f12190', '3a710fc6-9efa-424d-921b-7324f1d163dd', '箴言', 17, NOW() - INTERVAL '32 days'),
  ('b524c748-3416-44ca-9c4d-7148a3f12190', '3a710fc6-9efa-424d-921b-7324f1d163dd', '箴言', 18, NOW() - INTERVAL '32 days'),
  ('b524c748-3416-44ca-9c4d-7148a3f12190', '3a710fc6-9efa-424d-921b-7324f1d163dd', '箴言', 19, NOW() - INTERVAL '31 days'),
  ('b524c748-3416-44ca-9c4d-7148a3f12190', '3a710fc6-9efa-424d-921b-7324f1d163dd', '箴言', 20, NOW() - INTERVAL '31 days'),
  ('b524c748-3416-44ca-9c4d-7148a3f12190', '3a710fc6-9efa-424d-921b-7324f1d163dd', '箴言', 21, NOW() - INTERVAL '31 days'),
  ('b524c748-3416-44ca-9c4d-7148a3f12190', '3a710fc6-9efa-424d-921b-7324f1d163dd', '箴言', 22, NOW() - INTERVAL '31 days'),
  ('b524c748-3416-44ca-9c4d-7148a3f12190', '3a710fc6-9efa-424d-921b-7324f1d163dd', '箴言', 23, NOW() - INTERVAL '31 days'),
  ('b524c748-3416-44ca-9c4d-7148a3f12190', '3a710fc6-9efa-424d-921b-7324f1d163dd', '箴言', 24, NOW() - INTERVAL '30 days'),
  ('b524c748-3416-44ca-9c4d-7148a3f12190', '3a710fc6-9efa-424d-921b-7324f1d163dd', '箴言', 25, NOW() - INTERVAL '30 days'),
  ('b524c748-3416-44ca-9c4d-7148a3f12190', '3a710fc6-9efa-424d-921b-7324f1d163dd', '箴言', 26, NOW() - INTERVAL '30 days'),
  ('b524c748-3416-44ca-9c4d-7148a3f12190', '3a710fc6-9efa-424d-921b-7324f1d163dd', '箴言', 27, NOW() - INTERVAL '30 days'),
  ('b524c748-3416-44ca-9c4d-7148a3f12190', '3a710fc6-9efa-424d-921b-7324f1d163dd', '箴言', 28, NOW() - INTERVAL '30 days'),
  ('b524c748-3416-44ca-9c4d-7148a3f12190', '3a710fc6-9efa-424d-921b-7324f1d163dd', '箴言', 29, NOW() - INTERVAL '29 days'),
  ('b524c748-3416-44ca-9c4d-7148a3f12190', '3a710fc6-9efa-424d-921b-7324f1d163dd', '箴言', 30, NOW() - INTERVAL '29 days'),
  ('b524c748-3416-44ca-9c4d-7148a3f12190', '3a710fc6-9efa-424d-921b-7324f1d163dd', '箴言', 31, NOW() - INTERVAL '29 days'),
  ('b524c748-3416-44ca-9c4d-7148a3f12190', '3a710fc6-9efa-424d-921b-7324f1d163dd', '提摩太後書', 1, NOW() - INTERVAL '29 days'),
  ('b524c748-3416-44ca-9c4d-7148a3f12190', '3a710fc6-9efa-424d-921b-7324f1d163dd', '提摩太後書', 2, NOW() - INTERVAL '29 days'),
  ('b524c748-3416-44ca-9c4d-7148a3f12190', '3a710fc6-9efa-424d-921b-7324f1d163dd', '提摩太後書', 3, NOW() - INTERVAL '28 days'),
  ('b524c748-3416-44ca-9c4d-7148a3f12190', '3a710fc6-9efa-424d-921b-7324f1d163dd', '提摩太後書', 4, NOW() - INTERVAL '28 days'),
  ('b524c748-3416-44ca-9c4d-7148a3f12190', '3a710fc6-9efa-424d-921b-7324f1d163dd', '傳道書', 1, NOW() - INTERVAL '28 days'),
  ('b524c748-3416-44ca-9c4d-7148a3f12190', '3a710fc6-9efa-424d-921b-7324f1d163dd', '傳道書', 2, NOW() - INTERVAL '28 days'),
  ('b524c748-3416-44ca-9c4d-7148a3f12190', '3a710fc6-9efa-424d-921b-7324f1d163dd', '傳道書', 3, NOW() - INTERVAL '28 days'),
  ('b524c748-3416-44ca-9c4d-7148a3f12190', '3a710fc6-9efa-424d-921b-7324f1d163dd', '傳道書', 4, NOW() - INTERVAL '27 days'),
  ('b524c748-3416-44ca-9c4d-7148a3f12190', '3a710fc6-9efa-424d-921b-7324f1d163dd', '傳道書', 5, NOW() - INTERVAL '27 days'),
  ('b524c748-3416-44ca-9c4d-7148a3f12190', '3a710fc6-9efa-424d-921b-7324f1d163dd', '傳道書', 6, NOW() - INTERVAL '27 days'),
  ('b524c748-3416-44ca-9c4d-7148a3f12190', '3a710fc6-9efa-424d-921b-7324f1d163dd', '傳道書', 7, NOW() - INTERVAL '27 days'),
  ('b524c748-3416-44ca-9c4d-7148a3f12190', '3a710fc6-9efa-424d-921b-7324f1d163dd', '傳道書', 8, NOW() - INTERVAL '27 days'),
  ('b524c748-3416-44ca-9c4d-7148a3f12190', '3a710fc6-9efa-424d-921b-7324f1d163dd', '傳道書', 9, NOW() - INTERVAL '26 days'),
  ('b524c748-3416-44ca-9c4d-7148a3f12190', '3a710fc6-9efa-424d-921b-7324f1d163dd', '傳道書', 10, NOW() - INTERVAL '26 days'),
  ('b524c748-3416-44ca-9c4d-7148a3f12190', '3a710fc6-9efa-424d-921b-7324f1d163dd', '傳道書', 11, NOW() - INTERVAL '26 days'),
  ('b524c748-3416-44ca-9c4d-7148a3f12190', '3a710fc6-9efa-424d-921b-7324f1d163dd', '傳道書', 12, NOW() - INTERVAL '26 days'),
  ('b524c748-3416-44ca-9c4d-7148a3f12190', '3a710fc6-9efa-424d-921b-7324f1d163dd', '腓利門書', 1, NOW() - INTERVAL '26 days'),
  ('b524c748-3416-44ca-9c4d-7148a3f12190', '3a710fc6-9efa-424d-921b-7324f1d163dd', '約書亞記', 1, NOW() - INTERVAL '25 days'),
  ('b524c748-3416-44ca-9c4d-7148a3f12190', '3a710fc6-9efa-424d-921b-7324f1d163dd', '約書亞記', 2, NOW() - INTERVAL '25 days'),
  ('b524c748-3416-44ca-9c4d-7148a3f12190', '3a710fc6-9efa-424d-921b-7324f1d163dd', '約書亞記', 3, NOW() - INTERVAL '25 days'),
  ('b524c748-3416-44ca-9c4d-7148a3f12190', '3a710fc6-9efa-424d-921b-7324f1d163dd', '約書亞記', 4, NOW() - INTERVAL '25 days'),
  ('b524c748-3416-44ca-9c4d-7148a3f12190', '3a710fc6-9efa-424d-921b-7324f1d163dd', '約書亞記', 5, NOW() - INTERVAL '25 days'),
  ('b524c748-3416-44ca-9c4d-7148a3f12190', '3a710fc6-9efa-424d-921b-7324f1d163dd', '約書亞記', 6, NOW() - INTERVAL '24 days'),
  ('b524c748-3416-44ca-9c4d-7148a3f12190', '3a710fc6-9efa-424d-921b-7324f1d163dd', '約書亞記', 7, NOW() - INTERVAL '24 days'),
  ('b524c748-3416-44ca-9c4d-7148a3f12190', '3a710fc6-9efa-424d-921b-7324f1d163dd', '約書亞記', 8, NOW() - INTERVAL '24 days'),
  ('b524c748-3416-44ca-9c4d-7148a3f12190', '3a710fc6-9efa-424d-921b-7324f1d163dd', '約書亞記', 9, NOW() - INTERVAL '24 days'),
  ('b524c748-3416-44ca-9c4d-7148a3f12190', '3a710fc6-9efa-424d-921b-7324f1d163dd', '約書亞記', 10, NOW() - INTERVAL '24 days'),
  ('b524c748-3416-44ca-9c4d-7148a3f12190', '3a710fc6-9efa-424d-921b-7324f1d163dd', '約書亞記', 11, NOW() - INTERVAL '23 days'),
  ('b524c748-3416-44ca-9c4d-7148a3f12190', '3a710fc6-9efa-424d-921b-7324f1d163dd', '約書亞記', 12, NOW() - INTERVAL '23 days'),
  ('b524c748-3416-44ca-9c4d-7148a3f12190', '3a710fc6-9efa-424d-921b-7324f1d163dd', '約書亞記', 13, NOW() - INTERVAL '23 days'),
  ('b524c748-3416-44ca-9c4d-7148a3f12190', '3a710fc6-9efa-424d-921b-7324f1d163dd', '約書亞記', 14, NOW() - INTERVAL '23 days'),
  ('b524c748-3416-44ca-9c4d-7148a3f12190', '3a710fc6-9efa-424d-921b-7324f1d163dd', '約書亞記', 15, NOW() - INTERVAL '23 days'),
  ('b524c748-3416-44ca-9c4d-7148a3f12190', '3a710fc6-9efa-424d-921b-7324f1d163dd', '約書亞記', 16, NOW() - INTERVAL '22 days'),
  ('b524c748-3416-44ca-9c4d-7148a3f12190', '3a710fc6-9efa-424d-921b-7324f1d163dd', '約書亞記', 17, NOW() - INTERVAL '22 days'),
  ('b524c748-3416-44ca-9c4d-7148a3f12190', '3a710fc6-9efa-424d-921b-7324f1d163dd', '約書亞記', 18, NOW() - INTERVAL '22 days'),
  ('b524c748-3416-44ca-9c4d-7148a3f12190', '3a710fc6-9efa-424d-921b-7324f1d163dd', '約書亞記', 19, NOW() - INTERVAL '22 days'),
  ('b524c748-3416-44ca-9c4d-7148a3f12190', '3a710fc6-9efa-424d-921b-7324f1d163dd', '約書亞記', 20, NOW() - INTERVAL '22 days'),
  ('b524c748-3416-44ca-9c4d-7148a3f12190', '3a710fc6-9efa-424d-921b-7324f1d163dd', '約書亞記', 21, NOW() - INTERVAL '21 days'),
  ('b524c748-3416-44ca-9c4d-7148a3f12190', '3a710fc6-9efa-424d-921b-7324f1d163dd', '約書亞記', 22, NOW() - INTERVAL '21 days'),
  ('b524c748-3416-44ca-9c4d-7148a3f12190', '3a710fc6-9efa-424d-921b-7324f1d163dd', '約書亞記', 23, NOW() - INTERVAL '21 days'),
  ('b524c748-3416-44ca-9c4d-7148a3f12190', '3a710fc6-9efa-424d-921b-7324f1d163dd', '約書亞記', 24, NOW() - INTERVAL '21 days'),
  ('b524c748-3416-44ca-9c4d-7148a3f12190', '3a710fc6-9efa-424d-921b-7324f1d163dd', '羅馬書', 1, NOW() - INTERVAL '21 days'),
  ('b524c748-3416-44ca-9c4d-7148a3f12190', '3a710fc6-9efa-424d-921b-7324f1d163dd', '羅馬書', 2, NOW() - INTERVAL '20 days'),
  ('b524c748-3416-44ca-9c4d-7148a3f12190', '3a710fc6-9efa-424d-921b-7324f1d163dd', '羅馬書', 3, NOW() - INTERVAL '20 days'),
  ('b524c748-3416-44ca-9c4d-7148a3f12190', '3a710fc6-9efa-424d-921b-7324f1d163dd', '羅馬書', 4, NOW() - INTERVAL '20 days'),
  ('b524c748-3416-44ca-9c4d-7148a3f12190', '3a710fc6-9efa-424d-921b-7324f1d163dd', '羅馬書', 5, NOW() - INTERVAL '20 days'),
  ('b524c748-3416-44ca-9c4d-7148a3f12190', '3a710fc6-9efa-424d-921b-7324f1d163dd', '羅馬書', 6, NOW() - INTERVAL '20 days'),
  ('b524c748-3416-44ca-9c4d-7148a3f12190', '3a710fc6-9efa-424d-921b-7324f1d163dd', '羅馬書', 7, NOW() - INTERVAL '19 days'),
  ('b524c748-3416-44ca-9c4d-7148a3f12190', '3a710fc6-9efa-424d-921b-7324f1d163dd', '羅馬書', 8, NOW() - INTERVAL '19 days'),
  ('b524c748-3416-44ca-9c4d-7148a3f12190', '3a710fc6-9efa-424d-921b-7324f1d163dd', '羅馬書', 9, NOW() - INTERVAL '19 days'),
  ('b524c748-3416-44ca-9c4d-7148a3f12190', '3a710fc6-9efa-424d-921b-7324f1d163dd', '羅馬書', 10, NOW() - INTERVAL '19 days'),
  ('b524c748-3416-44ca-9c4d-7148a3f12190', '3a710fc6-9efa-424d-921b-7324f1d163dd', '羅馬書', 11, NOW() - INTERVAL '19 days'),
  ('b524c748-3416-44ca-9c4d-7148a3f12190', '3a710fc6-9efa-424d-921b-7324f1d163dd', '羅馬書', 12, NOW() - INTERVAL '18 days'),
  ('b524c748-3416-44ca-9c4d-7148a3f12190', '3a710fc6-9efa-424d-921b-7324f1d163dd', '羅馬書', 13, NOW() - INTERVAL '18 days'),
  ('b524c748-3416-44ca-9c4d-7148a3f12190', '3a710fc6-9efa-424d-921b-7324f1d163dd', '羅馬書', 14, NOW() - INTERVAL '18 days'),
  ('b524c748-3416-44ca-9c4d-7148a3f12190', '3a710fc6-9efa-424d-921b-7324f1d163dd', '羅馬書', 15, NOW() - INTERVAL '18 days'),
  ('b524c748-3416-44ca-9c4d-7148a3f12190', '3a710fc6-9efa-424d-921b-7324f1d163dd', '羅馬書', 16, NOW() - INTERVAL '18 days'),
  ('b524c748-3416-44ca-9c4d-7148a3f12190', '3a710fc6-9efa-424d-921b-7324f1d163dd', '耶利米書', 1, NOW() - INTERVAL '17 days'),
  ('b524c748-3416-44ca-9c4d-7148a3f12190', '3a710fc6-9efa-424d-921b-7324f1d163dd', '耶利米書', 2, NOW() - INTERVAL '17 days'),
  ('b524c748-3416-44ca-9c4d-7148a3f12190', '3a710fc6-9efa-424d-921b-7324f1d163dd', '耶利米書', 3, NOW() - INTERVAL '17 days'),
  ('b524c748-3416-44ca-9c4d-7148a3f12190', '3a710fc6-9efa-424d-921b-7324f1d163dd', '耶利米書', 4, NOW() - INTERVAL '17 days'),
  ('b524c748-3416-44ca-9c4d-7148a3f12190', '3a710fc6-9efa-424d-921b-7324f1d163dd', '耶利米書', 5, NOW() - INTERVAL '17 days'),
  ('b524c748-3416-44ca-9c4d-7148a3f12190', '3a710fc6-9efa-424d-921b-7324f1d163dd', '耶利米書', 6, NOW() - INTERVAL '16 days'),
  ('b524c748-3416-44ca-9c4d-7148a3f12190', '3a710fc6-9efa-424d-921b-7324f1d163dd', '耶利米書', 7, NOW() - INTERVAL '16 days'),
  ('b524c748-3416-44ca-9c4d-7148a3f12190', '3a710fc6-9efa-424d-921b-7324f1d163dd', '耶利米書', 8, NOW() - INTERVAL '16 days'),
  ('b524c748-3416-44ca-9c4d-7148a3f12190', '3a710fc6-9efa-424d-921b-7324f1d163dd', '耶利米書', 9, NOW() - INTERVAL '16 days'),
  ('b524c748-3416-44ca-9c4d-7148a3f12190', '3a710fc6-9efa-424d-921b-7324f1d163dd', '耶利米書', 10, NOW() - INTERVAL '16 days'),
  ('b524c748-3416-44ca-9c4d-7148a3f12190', '3a710fc6-9efa-424d-921b-7324f1d163dd', '耶利米書', 11, NOW() - INTERVAL '15 days'),
  ('b524c748-3416-44ca-9c4d-7148a3f12190', '3a710fc6-9efa-424d-921b-7324f1d163dd', '耶利米書', 12, NOW() - INTERVAL '15 days'),
  ('b524c748-3416-44ca-9c4d-7148a3f12190', '3a710fc6-9efa-424d-921b-7324f1d163dd', '耶利米書', 13, NOW() - INTERVAL '15 days'),
  ('b524c748-3416-44ca-9c4d-7148a3f12190', '3a710fc6-9efa-424d-921b-7324f1d163dd', '耶利米書', 14, NOW() - INTERVAL '15 days'),
  ('b524c748-3416-44ca-9c4d-7148a3f12190', '3a710fc6-9efa-424d-921b-7324f1d163dd', '耶利米書', 15, NOW() - INTERVAL '15 days'),
  ('b524c748-3416-44ca-9c4d-7148a3f12190', '3a710fc6-9efa-424d-921b-7324f1d163dd', '耶利米書', 16, NOW() - INTERVAL '14 days'),
  ('b524c748-3416-44ca-9c4d-7148a3f12190', '3a710fc6-9efa-424d-921b-7324f1d163dd', '耶利米書', 17, NOW() - INTERVAL '14 days'),
  ('b524c748-3416-44ca-9c4d-7148a3f12190', '3a710fc6-9efa-424d-921b-7324f1d163dd', '耶利米書', 18, NOW() - INTERVAL '14 days'),
  ('b524c748-3416-44ca-9c4d-7148a3f12190', '3a710fc6-9efa-424d-921b-7324f1d163dd', '耶利米書', 19, NOW() - INTERVAL '14 days'),
  ('b524c748-3416-44ca-9c4d-7148a3f12190', '3a710fc6-9efa-424d-921b-7324f1d163dd', '耶利米書', 20, NOW() - INTERVAL '14 days'),
  ('b524c748-3416-44ca-9c4d-7148a3f12190', '3a710fc6-9efa-424d-921b-7324f1d163dd', '耶利米書', 21, NOW() - INTERVAL '13 days'),
  ('b524c748-3416-44ca-9c4d-7148a3f12190', '3a710fc6-9efa-424d-921b-7324f1d163dd', '耶利米書', 22, NOW() - INTERVAL '13 days'),
  ('b524c748-3416-44ca-9c4d-7148a3f12190', '3a710fc6-9efa-424d-921b-7324f1d163dd', '耶利米書', 23, NOW() - INTERVAL '13 days'),
  ('b524c748-3416-44ca-9c4d-7148a3f12190', '3a710fc6-9efa-424d-921b-7324f1d163dd', '耶利米書', 24, NOW() - INTERVAL '13 days'),
  ('b524c748-3416-44ca-9c4d-7148a3f12190', '3a710fc6-9efa-424d-921b-7324f1d163dd', '耶利米書', 25, NOW() - INTERVAL '13 days'),
  ('b524c748-3416-44ca-9c4d-7148a3f12190', '3a710fc6-9efa-424d-921b-7324f1d163dd', '耶利米書', 26, NOW() - INTERVAL '12 days'),
  ('b524c748-3416-44ca-9c4d-7148a3f12190', '3a710fc6-9efa-424d-921b-7324f1d163dd', '耶利米書', 27, NOW() - INTERVAL '12 days'),
  ('b524c748-3416-44ca-9c4d-7148a3f12190', '3a710fc6-9efa-424d-921b-7324f1d163dd', '耶利米書', 28, NOW() - INTERVAL '12 days'),
  ('b524c748-3416-44ca-9c4d-7148a3f12190', '3a710fc6-9efa-424d-921b-7324f1d163dd', '耶利米書', 29, NOW() - INTERVAL '12 days'),
  ('b524c748-3416-44ca-9c4d-7148a3f12190', '3a710fc6-9efa-424d-921b-7324f1d163dd', '耶利米書', 30, NOW() - INTERVAL '12 days'),
  ('b524c748-3416-44ca-9c4d-7148a3f12190', '3a710fc6-9efa-424d-921b-7324f1d163dd', '耶利米書', 31, NOW() - INTERVAL '11 days'),
  ('b524c748-3416-44ca-9c4d-7148a3f12190', '3a710fc6-9efa-424d-921b-7324f1d163dd', '耶利米書', 32, NOW() - INTERVAL '11 days'),
  ('b524c748-3416-44ca-9c4d-7148a3f12190', '3a710fc6-9efa-424d-921b-7324f1d163dd', '耶利米書', 33, NOW() - INTERVAL '11 days'),
  ('b524c748-3416-44ca-9c4d-7148a3f12190', '3a710fc6-9efa-424d-921b-7324f1d163dd', '耶利米書', 34, NOW() - INTERVAL '11 days'),
  ('b524c748-3416-44ca-9c4d-7148a3f12190', '3a710fc6-9efa-424d-921b-7324f1d163dd', '耶利米書', 35, NOW() - INTERVAL '11 days'),
  ('b524c748-3416-44ca-9c4d-7148a3f12190', '3a710fc6-9efa-424d-921b-7324f1d163dd', '耶利米書', 36, NOW() - INTERVAL '10 days'),
  ('b524c748-3416-44ca-9c4d-7148a3f12190', '3a710fc6-9efa-424d-921b-7324f1d163dd', '耶利米書', 37, NOW() - INTERVAL '10 days'),
  ('b524c748-3416-44ca-9c4d-7148a3f12190', '3a710fc6-9efa-424d-921b-7324f1d163dd', '耶利米書', 38, NOW() - INTERVAL '10 days'),
  ('b524c748-3416-44ca-9c4d-7148a3f12190', '3a710fc6-9efa-424d-921b-7324f1d163dd', '耶利米書', 39, NOW() - INTERVAL '10 days'),
  ('b524c748-3416-44ca-9c4d-7148a3f12190', '3a710fc6-9efa-424d-921b-7324f1d163dd', '耶利米書', 40, NOW() - INTERVAL '10 days'),
  ('b524c748-3416-44ca-9c4d-7148a3f12190', '3a710fc6-9efa-424d-921b-7324f1d163dd', '耶利米書', 41, NOW() - INTERVAL '9 days'),
  ('b524c748-3416-44ca-9c4d-7148a3f12190', '3a710fc6-9efa-424d-921b-7324f1d163dd', '耶利米書', 42, NOW() - INTERVAL '9 days'),
  ('b524c748-3416-44ca-9c4d-7148a3f12190', '3a710fc6-9efa-424d-921b-7324f1d163dd', '耶利米書', 43, NOW() - INTERVAL '9 days'),
  ('b524c748-3416-44ca-9c4d-7148a3f12190', '3a710fc6-9efa-424d-921b-7324f1d163dd', '耶利米書', 44, NOW() - INTERVAL '9 days'),
  ('b524c748-3416-44ca-9c4d-7148a3f12190', '3a710fc6-9efa-424d-921b-7324f1d163dd', '耶利米書', 45, NOW() - INTERVAL '9 days'),
  ('b524c748-3416-44ca-9c4d-7148a3f12190', '3a710fc6-9efa-424d-921b-7324f1d163dd', '耶利米書', 46, NOW() - INTERVAL '8 days'),
  ('b524c748-3416-44ca-9c4d-7148a3f12190', '3a710fc6-9efa-424d-921b-7324f1d163dd', '耶利米書', 47, NOW() - INTERVAL '8 days'),
  ('b524c748-3416-44ca-9c4d-7148a3f12190', '3a710fc6-9efa-424d-921b-7324f1d163dd', '耶利米書', 48, NOW() - INTERVAL '8 days'),
  ('b524c748-3416-44ca-9c4d-7148a3f12190', '3a710fc6-9efa-424d-921b-7324f1d163dd', '耶利米書', 49, NOW() - INTERVAL '8 days'),
  ('b524c748-3416-44ca-9c4d-7148a3f12190', '3a710fc6-9efa-424d-921b-7324f1d163dd', '耶利米書', 50, NOW() - INTERVAL '8 days'),
  ('b524c748-3416-44ca-9c4d-7148a3f12190', '3a710fc6-9efa-424d-921b-7324f1d163dd', '耶利米書', 51, NOW() - INTERVAL '7 days'),
  ('b524c748-3416-44ca-9c4d-7148a3f12190', '3a710fc6-9efa-424d-921b-7324f1d163dd', '耶利米書', 52, NOW() - INTERVAL '7 days'),
  ('b524c748-3416-44ca-9c4d-7148a3f12190', '3a710fc6-9efa-424d-921b-7324f1d163dd', '彼得後書', 1, NOW() - INTERVAL '7 days'),
  ('b524c748-3416-44ca-9c4d-7148a3f12190', '3a710fc6-9efa-424d-921b-7324f1d163dd', '彼得後書', 2, NOW() - INTERVAL '7 days'),
  ('b524c748-3416-44ca-9c4d-7148a3f12190', '3a710fc6-9efa-424d-921b-7324f1d163dd', '彼得後書', 3, NOW() - INTERVAL '7 days'),
  ('b524c748-3416-44ca-9c4d-7148a3f12190', '3a710fc6-9efa-424d-921b-7324f1d163dd', '西番雅書', 1, NOW() - INTERVAL '6 days'),
  ('b524c748-3416-44ca-9c4d-7148a3f12190', '3a710fc6-9efa-424d-921b-7324f1d163dd', '西番雅書', 2, NOW() - INTERVAL '6 days'),
  ('b524c748-3416-44ca-9c4d-7148a3f12190', '3a710fc6-9efa-424d-921b-7324f1d163dd', '西番雅書', 3, NOW() - INTERVAL '6 days'),
  ('b524c748-3416-44ca-9c4d-7148a3f12190', '3a710fc6-9efa-424d-921b-7324f1d163dd', '哈該書', 1, NOW() - INTERVAL '6 days'),
  ('b524c748-3416-44ca-9c4d-7148a3f12190', '3a710fc6-9efa-424d-921b-7324f1d163dd', '哈該書', 2, NOW() - INTERVAL '6 days'),
  ('b524c748-3416-44ca-9c4d-7148a3f12190', '3a710fc6-9efa-424d-921b-7324f1d163dd', '士師記', 1, NOW() - INTERVAL '5 days'),
  ('b524c748-3416-44ca-9c4d-7148a3f12190', '3a710fc6-9efa-424d-921b-7324f1d163dd', '士師記', 2, NOW() - INTERVAL '5 days'),
  ('b524c748-3416-44ca-9c4d-7148a3f12190', '3a710fc6-9efa-424d-921b-7324f1d163dd', '士師記', 3, NOW() - INTERVAL '5 days'),
  ('b524c748-3416-44ca-9c4d-7148a3f12190', '3a710fc6-9efa-424d-921b-7324f1d163dd', '士師記', 4, NOW() - INTERVAL '5 days'),
  ('b524c748-3416-44ca-9c4d-7148a3f12190', '3a710fc6-9efa-424d-921b-7324f1d163dd', '士師記', 5, NOW() - INTERVAL '5 days'),
  ('b524c748-3416-44ca-9c4d-7148a3f12190', '3a710fc6-9efa-424d-921b-7324f1d163dd', '士師記', 6, NOW() - INTERVAL '4 days'),
  ('b524c748-3416-44ca-9c4d-7148a3f12190', '3a710fc6-9efa-424d-921b-7324f1d163dd', '士師記', 7, NOW() - INTERVAL '4 days'),
  ('b524c748-3416-44ca-9c4d-7148a3f12190', '3a710fc6-9efa-424d-921b-7324f1d163dd', '士師記', 8, NOW() - INTERVAL '4 days'),
  ('b524c748-3416-44ca-9c4d-7148a3f12190', '3a710fc6-9efa-424d-921b-7324f1d163dd', '士師記', 9, NOW() - INTERVAL '4 days'),
  ('b524c748-3416-44ca-9c4d-7148a3f12190', '3a710fc6-9efa-424d-921b-7324f1d163dd', '士師記', 10, NOW() - INTERVAL '4 days'),
  ('b524c748-3416-44ca-9c4d-7148a3f12190', '3a710fc6-9efa-424d-921b-7324f1d163dd', '士師記', 11, NOW() - INTERVAL '3 days'),
  ('b524c748-3416-44ca-9c4d-7148a3f12190', '3a710fc6-9efa-424d-921b-7324f1d163dd', '士師記', 12, NOW() - INTERVAL '3 days'),
  ('b524c748-3416-44ca-9c4d-7148a3f12190', '3a710fc6-9efa-424d-921b-7324f1d163dd', '士師記', 13, NOW() - INTERVAL '3 days'),
  ('b524c748-3416-44ca-9c4d-7148a3f12190', '3a710fc6-9efa-424d-921b-7324f1d163dd', '士師記', 14, NOW() - INTERVAL '3 days'),
  ('b524c748-3416-44ca-9c4d-7148a3f12190', '3a710fc6-9efa-424d-921b-7324f1d163dd', '士師記', 15, NOW() - INTERVAL '3 days'),
  ('b524c748-3416-44ca-9c4d-7148a3f12190', '3a710fc6-9efa-424d-921b-7324f1d163dd', '士師記', 16, NOW() - INTERVAL '2 days'),
  ('b524c748-3416-44ca-9c4d-7148a3f12190', '3a710fc6-9efa-424d-921b-7324f1d163dd', '士師記', 17, NOW() - INTERVAL '2 days'),
  ('b524c748-3416-44ca-9c4d-7148a3f12190', '3a710fc6-9efa-424d-921b-7324f1d163dd', '士師記', 18, NOW() - INTERVAL '2 days'),
  ('b524c748-3416-44ca-9c4d-7148a3f12190', '3a710fc6-9efa-424d-921b-7324f1d163dd', '士師記', 19, NOW() - INTERVAL '2 days'),
  ('b524c748-3416-44ca-9c4d-7148a3f12190', '3a710fc6-9efa-424d-921b-7324f1d163dd', '士師記', 20, NOW() - INTERVAL '2 days'),
  ('b524c748-3416-44ca-9c4d-7148a3f12190', '3a710fc6-9efa-424d-921b-7324f1d163dd', '士師記', 21, NOW() - INTERVAL '1 days'),
  ('b524c748-3416-44ca-9c4d-7148a3f12190', '3a710fc6-9efa-424d-921b-7324f1d163dd', '哥林多前書', 1, NOW() - INTERVAL '1 days'),
  ('b524c748-3416-44ca-9c4d-7148a3f12190', '3a710fc6-9efa-424d-921b-7324f1d163dd', '哥林多前書', 2, NOW() - INTERVAL '1 days'),
  ('b524c748-3416-44ca-9c4d-7148a3f12190', '3a710fc6-9efa-424d-921b-7324f1d163dd', '哥林多前書', 3, NOW() - INTERVAL '1 days'),
  ('b524c748-3416-44ca-9c4d-7148a3f12190', '3a710fc6-9efa-424d-921b-7324f1d163dd', '哥林多前書', 4, NOW() - INTERVAL '1 days'),
  ('b524c748-3416-44ca-9c4d-7148a3f12190', '3a710fc6-9efa-424d-921b-7324f1d163dd', '哥林多前書', 5, NOW() - INTERVAL '0 days'),
  ('b524c748-3416-44ca-9c4d-7148a3f12190', '3a710fc6-9efa-424d-921b-7324f1d163dd', '哥林多前書', 6, NOW() - INTERVAL '0 days'),
  ('b524c748-3416-44ca-9c4d-7148a3f12190', '3a710fc6-9efa-424d-921b-7324f1d163dd', '哥林多前書', 7, NOW() - INTERVAL '0 days'),
  ('b524c748-3416-44ca-9c4d-7148a3f12190', '3a710fc6-9efa-424d-921b-7324f1d163dd', '哥林多前書', 8, NOW() - INTERVAL '0 days');

--------------------------------------------------

-- 使用者: 示範組員十二
INSERT INTO auth.users (id, email, raw_user_meta_data, created_at, updated_at, instance_id, aud, role, encrypted_password)
VALUES (
  '63c4c569-5eee-4784-a639-178ba7cc4dbf',
  '63c4c569@church-bible.com',
  '{"full_name": "示範組員十二"}',
  NOW() - INTERVAL '91 days',
  NOW(),
  '00000000-0000-0000-0000-000000000000',
  'authenticated',
  'authenticated',
  '$2a$10$abcdefghijklmnopqrstuv' -- Dummy bcrypt hash
) ON CONFLICT (id) DO NOTHING;

INSERT INTO public.profiles (id, name, great_region, pastoral_zone, small_group, role, is_demo, updated_at)
VALUES (
  '63c4c569-5eee-4784-a639-178ba7cc4dbf',
  '示範組員十二',
  '示範大區D',
  '示範牧區壬',
  '示範小組10',
  'member',
  TRUE,
  NOW()
) ON CONFLICT (id) DO NOTHING;

INSERT INTO public.reading_plans (id, user_id, name, start_date, end_date, target_books)
VALUES (
  '9ffd6ea5-e48e-46f9-8bb7-7f54f7420dde',
  '63c4c569-5eee-4784-a639-178ba7cc4dbf',
  '第一季速讀：2026年7月~9月',
  '2026-07-01',
  '2026-09-30',
  ARRAY['創世記', '馬太福音', '列王紀下', '雅各書', '出埃及記', '馬可福音', '約伯記', '加拉太書', '哈巴谷書', '猶大書', '利未記', '路加福音', '歷代志下', '帖撒羅尼迦前書', '約拿書', '約翰二書', '彌迦書', '約翰三書']
) ON CONFLICT (id) DO NOTHING;

INSERT INTO public.reading_logs (user_id, plan_id, book, chapter, read_at)
VALUES
  ('63c4c569-5eee-4784-a639-178ba7cc4dbf', '9ffd6ea5-e48e-46f9-8bb7-7f54f7420dde', '創世記', 1, NOW() - INTERVAL '58 days'),
  ('63c4c569-5eee-4784-a639-178ba7cc4dbf', '9ffd6ea5-e48e-46f9-8bb7-7f54f7420dde', '創世記', 2, NOW() - INTERVAL '57 days'),
  ('63c4c569-5eee-4784-a639-178ba7cc4dbf', '9ffd6ea5-e48e-46f9-8bb7-7f54f7420dde', '創世記', 3, NOW() - INTERVAL '57 days'),
  ('63c4c569-5eee-4784-a639-178ba7cc4dbf', '9ffd6ea5-e48e-46f9-8bb7-7f54f7420dde', '創世記', 4, NOW() - INTERVAL '57 days'),
  ('63c4c569-5eee-4784-a639-178ba7cc4dbf', '9ffd6ea5-e48e-46f9-8bb7-7f54f7420dde', '創世記', 5, NOW() - INTERVAL '57 days'),
  ('63c4c569-5eee-4784-a639-178ba7cc4dbf', '9ffd6ea5-e48e-46f9-8bb7-7f54f7420dde', '創世記', 6, NOW() - INTERVAL '57 days'),
  ('63c4c569-5eee-4784-a639-178ba7cc4dbf', '9ffd6ea5-e48e-46f9-8bb7-7f54f7420dde', '創世記', 7, NOW() - INTERVAL '56 days'),
  ('63c4c569-5eee-4784-a639-178ba7cc4dbf', '9ffd6ea5-e48e-46f9-8bb7-7f54f7420dde', '創世記', 8, NOW() - INTERVAL '56 days'),
  ('63c4c569-5eee-4784-a639-178ba7cc4dbf', '9ffd6ea5-e48e-46f9-8bb7-7f54f7420dde', '創世記', 9, NOW() - INTERVAL '56 days'),
  ('63c4c569-5eee-4784-a639-178ba7cc4dbf', '9ffd6ea5-e48e-46f9-8bb7-7f54f7420dde', '創世記', 10, NOW() - INTERVAL '56 days'),
  ('63c4c569-5eee-4784-a639-178ba7cc4dbf', '9ffd6ea5-e48e-46f9-8bb7-7f54f7420dde', '創世記', 11, NOW() - INTERVAL '56 days'),
  ('63c4c569-5eee-4784-a639-178ba7cc4dbf', '9ffd6ea5-e48e-46f9-8bb7-7f54f7420dde', '創世記', 12, NOW() - INTERVAL '55 days'),
  ('63c4c569-5eee-4784-a639-178ba7cc4dbf', '9ffd6ea5-e48e-46f9-8bb7-7f54f7420dde', '創世記', 13, NOW() - INTERVAL '55 days'),
  ('63c4c569-5eee-4784-a639-178ba7cc4dbf', '9ffd6ea5-e48e-46f9-8bb7-7f54f7420dde', '創世記', 14, NOW() - INTERVAL '55 days'),
  ('63c4c569-5eee-4784-a639-178ba7cc4dbf', '9ffd6ea5-e48e-46f9-8bb7-7f54f7420dde', '創世記', 15, NOW() - INTERVAL '55 days'),
  ('63c4c569-5eee-4784-a639-178ba7cc4dbf', '9ffd6ea5-e48e-46f9-8bb7-7f54f7420dde', '創世記', 16, NOW() - INTERVAL '55 days'),
  ('63c4c569-5eee-4784-a639-178ba7cc4dbf', '9ffd6ea5-e48e-46f9-8bb7-7f54f7420dde', '創世記', 17, NOW() - INTERVAL '54 days'),
  ('63c4c569-5eee-4784-a639-178ba7cc4dbf', '9ffd6ea5-e48e-46f9-8bb7-7f54f7420dde', '創世記', 18, NOW() - INTERVAL '54 days'),
  ('63c4c569-5eee-4784-a639-178ba7cc4dbf', '9ffd6ea5-e48e-46f9-8bb7-7f54f7420dde', '創世記', 19, NOW() - INTERVAL '54 days'),
  ('63c4c569-5eee-4784-a639-178ba7cc4dbf', '9ffd6ea5-e48e-46f9-8bb7-7f54f7420dde', '創世記', 20, NOW() - INTERVAL '54 days'),
  ('63c4c569-5eee-4784-a639-178ba7cc4dbf', '9ffd6ea5-e48e-46f9-8bb7-7f54f7420dde', '創世記', 21, NOW() - INTERVAL '54 days'),
  ('63c4c569-5eee-4784-a639-178ba7cc4dbf', '9ffd6ea5-e48e-46f9-8bb7-7f54f7420dde', '創世記', 22, NOW() - INTERVAL '53 days'),
  ('63c4c569-5eee-4784-a639-178ba7cc4dbf', '9ffd6ea5-e48e-46f9-8bb7-7f54f7420dde', '創世記', 23, NOW() - INTERVAL '53 days'),
  ('63c4c569-5eee-4784-a639-178ba7cc4dbf', '9ffd6ea5-e48e-46f9-8bb7-7f54f7420dde', '創世記', 24, NOW() - INTERVAL '53 days'),
  ('63c4c569-5eee-4784-a639-178ba7cc4dbf', '9ffd6ea5-e48e-46f9-8bb7-7f54f7420dde', '創世記', 25, NOW() - INTERVAL '53 days'),
  ('63c4c569-5eee-4784-a639-178ba7cc4dbf', '9ffd6ea5-e48e-46f9-8bb7-7f54f7420dde', '創世記', 26, NOW() - INTERVAL '53 days'),
  ('63c4c569-5eee-4784-a639-178ba7cc4dbf', '9ffd6ea5-e48e-46f9-8bb7-7f54f7420dde', '創世記', 27, NOW() - INTERVAL '52 days'),
  ('63c4c569-5eee-4784-a639-178ba7cc4dbf', '9ffd6ea5-e48e-46f9-8bb7-7f54f7420dde', '創世記', 28, NOW() - INTERVAL '52 days'),
  ('63c4c569-5eee-4784-a639-178ba7cc4dbf', '9ffd6ea5-e48e-46f9-8bb7-7f54f7420dde', '創世記', 29, NOW() - INTERVAL '52 days'),
  ('63c4c569-5eee-4784-a639-178ba7cc4dbf', '9ffd6ea5-e48e-46f9-8bb7-7f54f7420dde', '創世記', 30, NOW() - INTERVAL '52 days'),
  ('63c4c569-5eee-4784-a639-178ba7cc4dbf', '9ffd6ea5-e48e-46f9-8bb7-7f54f7420dde', '創世記', 31, NOW() - INTERVAL '52 days'),
  ('63c4c569-5eee-4784-a639-178ba7cc4dbf', '9ffd6ea5-e48e-46f9-8bb7-7f54f7420dde', '創世記', 32, NOW() - INTERVAL '51 days'),
  ('63c4c569-5eee-4784-a639-178ba7cc4dbf', '9ffd6ea5-e48e-46f9-8bb7-7f54f7420dde', '創世記', 33, NOW() - INTERVAL '51 days'),
  ('63c4c569-5eee-4784-a639-178ba7cc4dbf', '9ffd6ea5-e48e-46f9-8bb7-7f54f7420dde', '創世記', 34, NOW() - INTERVAL '51 days'),
  ('63c4c569-5eee-4784-a639-178ba7cc4dbf', '9ffd6ea5-e48e-46f9-8bb7-7f54f7420dde', '創世記', 35, NOW() - INTERVAL '51 days'),
  ('63c4c569-5eee-4784-a639-178ba7cc4dbf', '9ffd6ea5-e48e-46f9-8bb7-7f54f7420dde', '創世記', 36, NOW() - INTERVAL '51 days'),
  ('63c4c569-5eee-4784-a639-178ba7cc4dbf', '9ffd6ea5-e48e-46f9-8bb7-7f54f7420dde', '創世記', 37, NOW() - INTERVAL '50 days'),
  ('63c4c569-5eee-4784-a639-178ba7cc4dbf', '9ffd6ea5-e48e-46f9-8bb7-7f54f7420dde', '創世記', 38, NOW() - INTERVAL '50 days'),
  ('63c4c569-5eee-4784-a639-178ba7cc4dbf', '9ffd6ea5-e48e-46f9-8bb7-7f54f7420dde', '創世記', 39, NOW() - INTERVAL '50 days'),
  ('63c4c569-5eee-4784-a639-178ba7cc4dbf', '9ffd6ea5-e48e-46f9-8bb7-7f54f7420dde', '創世記', 40, NOW() - INTERVAL '50 days'),
  ('63c4c569-5eee-4784-a639-178ba7cc4dbf', '9ffd6ea5-e48e-46f9-8bb7-7f54f7420dde', '創世記', 41, NOW() - INTERVAL '50 days'),
  ('63c4c569-5eee-4784-a639-178ba7cc4dbf', '9ffd6ea5-e48e-46f9-8bb7-7f54f7420dde', '創世記', 42, NOW() - INTERVAL '49 days'),
  ('63c4c569-5eee-4784-a639-178ba7cc4dbf', '9ffd6ea5-e48e-46f9-8bb7-7f54f7420dde', '創世記', 43, NOW() - INTERVAL '49 days'),
  ('63c4c569-5eee-4784-a639-178ba7cc4dbf', '9ffd6ea5-e48e-46f9-8bb7-7f54f7420dde', '創世記', 44, NOW() - INTERVAL '49 days'),
  ('63c4c569-5eee-4784-a639-178ba7cc4dbf', '9ffd6ea5-e48e-46f9-8bb7-7f54f7420dde', '創世記', 45, NOW() - INTERVAL '49 days'),
  ('63c4c569-5eee-4784-a639-178ba7cc4dbf', '9ffd6ea5-e48e-46f9-8bb7-7f54f7420dde', '創世記', 46, NOW() - INTERVAL '49 days'),
  ('63c4c569-5eee-4784-a639-178ba7cc4dbf', '9ffd6ea5-e48e-46f9-8bb7-7f54f7420dde', '創世記', 47, NOW() - INTERVAL '48 days'),
  ('63c4c569-5eee-4784-a639-178ba7cc4dbf', '9ffd6ea5-e48e-46f9-8bb7-7f54f7420dde', '創世記', 48, NOW() - INTERVAL '48 days'),
  ('63c4c569-5eee-4784-a639-178ba7cc4dbf', '9ffd6ea5-e48e-46f9-8bb7-7f54f7420dde', '創世記', 49, NOW() - INTERVAL '48 days'),
  ('63c4c569-5eee-4784-a639-178ba7cc4dbf', '9ffd6ea5-e48e-46f9-8bb7-7f54f7420dde', '創世記', 50, NOW() - INTERVAL '48 days'),
  ('63c4c569-5eee-4784-a639-178ba7cc4dbf', '9ffd6ea5-e48e-46f9-8bb7-7f54f7420dde', '馬太福音', 1, NOW() - INTERVAL '48 days'),
  ('63c4c569-5eee-4784-a639-178ba7cc4dbf', '9ffd6ea5-e48e-46f9-8bb7-7f54f7420dde', '馬太福音', 2, NOW() - INTERVAL '47 days'),
  ('63c4c569-5eee-4784-a639-178ba7cc4dbf', '9ffd6ea5-e48e-46f9-8bb7-7f54f7420dde', '馬太福音', 3, NOW() - INTERVAL '47 days'),
  ('63c4c569-5eee-4784-a639-178ba7cc4dbf', '9ffd6ea5-e48e-46f9-8bb7-7f54f7420dde', '馬太福音', 4, NOW() - INTERVAL '47 days'),
  ('63c4c569-5eee-4784-a639-178ba7cc4dbf', '9ffd6ea5-e48e-46f9-8bb7-7f54f7420dde', '馬太福音', 5, NOW() - INTERVAL '47 days'),
  ('63c4c569-5eee-4784-a639-178ba7cc4dbf', '9ffd6ea5-e48e-46f9-8bb7-7f54f7420dde', '馬太福音', 6, NOW() - INTERVAL '47 days'),
  ('63c4c569-5eee-4784-a639-178ba7cc4dbf', '9ffd6ea5-e48e-46f9-8bb7-7f54f7420dde', '馬太福音', 7, NOW() - INTERVAL '46 days'),
  ('63c4c569-5eee-4784-a639-178ba7cc4dbf', '9ffd6ea5-e48e-46f9-8bb7-7f54f7420dde', '馬太福音', 8, NOW() - INTERVAL '46 days'),
  ('63c4c569-5eee-4784-a639-178ba7cc4dbf', '9ffd6ea5-e48e-46f9-8bb7-7f54f7420dde', '馬太福音', 9, NOW() - INTERVAL '46 days'),
  ('63c4c569-5eee-4784-a639-178ba7cc4dbf', '9ffd6ea5-e48e-46f9-8bb7-7f54f7420dde', '馬太福音', 10, NOW() - INTERVAL '46 days'),
  ('63c4c569-5eee-4784-a639-178ba7cc4dbf', '9ffd6ea5-e48e-46f9-8bb7-7f54f7420dde', '馬太福音', 11, NOW() - INTERVAL '46 days'),
  ('63c4c569-5eee-4784-a639-178ba7cc4dbf', '9ffd6ea5-e48e-46f9-8bb7-7f54f7420dde', '馬太福音', 12, NOW() - INTERVAL '45 days'),
  ('63c4c569-5eee-4784-a639-178ba7cc4dbf', '9ffd6ea5-e48e-46f9-8bb7-7f54f7420dde', '馬太福音', 13, NOW() - INTERVAL '45 days'),
  ('63c4c569-5eee-4784-a639-178ba7cc4dbf', '9ffd6ea5-e48e-46f9-8bb7-7f54f7420dde', '馬太福音', 14, NOW() - INTERVAL '45 days'),
  ('63c4c569-5eee-4784-a639-178ba7cc4dbf', '9ffd6ea5-e48e-46f9-8bb7-7f54f7420dde', '馬太福音', 15, NOW() - INTERVAL '45 days'),
  ('63c4c569-5eee-4784-a639-178ba7cc4dbf', '9ffd6ea5-e48e-46f9-8bb7-7f54f7420dde', '馬太福音', 16, NOW() - INTERVAL '45 days'),
  ('63c4c569-5eee-4784-a639-178ba7cc4dbf', '9ffd6ea5-e48e-46f9-8bb7-7f54f7420dde', '馬太福音', 17, NOW() - INTERVAL '44 days'),
  ('63c4c569-5eee-4784-a639-178ba7cc4dbf', '9ffd6ea5-e48e-46f9-8bb7-7f54f7420dde', '馬太福音', 18, NOW() - INTERVAL '44 days'),
  ('63c4c569-5eee-4784-a639-178ba7cc4dbf', '9ffd6ea5-e48e-46f9-8bb7-7f54f7420dde', '馬太福音', 19, NOW() - INTERVAL '44 days'),
  ('63c4c569-5eee-4784-a639-178ba7cc4dbf', '9ffd6ea5-e48e-46f9-8bb7-7f54f7420dde', '馬太福音', 20, NOW() - INTERVAL '44 days'),
  ('63c4c569-5eee-4784-a639-178ba7cc4dbf', '9ffd6ea5-e48e-46f9-8bb7-7f54f7420dde', '馬太福音', 21, NOW() - INTERVAL '44 days'),
  ('63c4c569-5eee-4784-a639-178ba7cc4dbf', '9ffd6ea5-e48e-46f9-8bb7-7f54f7420dde', '馬太福音', 22, NOW() - INTERVAL '43 days'),
  ('63c4c569-5eee-4784-a639-178ba7cc4dbf', '9ffd6ea5-e48e-46f9-8bb7-7f54f7420dde', '馬太福音', 23, NOW() - INTERVAL '43 days'),
  ('63c4c569-5eee-4784-a639-178ba7cc4dbf', '9ffd6ea5-e48e-46f9-8bb7-7f54f7420dde', '馬太福音', 24, NOW() - INTERVAL '43 days'),
  ('63c4c569-5eee-4784-a639-178ba7cc4dbf', '9ffd6ea5-e48e-46f9-8bb7-7f54f7420dde', '馬太福音', 25, NOW() - INTERVAL '43 days'),
  ('63c4c569-5eee-4784-a639-178ba7cc4dbf', '9ffd6ea5-e48e-46f9-8bb7-7f54f7420dde', '馬太福音', 26, NOW() - INTERVAL '43 days'),
  ('63c4c569-5eee-4784-a639-178ba7cc4dbf', '9ffd6ea5-e48e-46f9-8bb7-7f54f7420dde', '馬太福音', 27, NOW() - INTERVAL '42 days'),
  ('63c4c569-5eee-4784-a639-178ba7cc4dbf', '9ffd6ea5-e48e-46f9-8bb7-7f54f7420dde', '馬太福音', 28, NOW() - INTERVAL '42 days'),
  ('63c4c569-5eee-4784-a639-178ba7cc4dbf', '9ffd6ea5-e48e-46f9-8bb7-7f54f7420dde', '列王紀下', 1, NOW() - INTERVAL '42 days'),
  ('63c4c569-5eee-4784-a639-178ba7cc4dbf', '9ffd6ea5-e48e-46f9-8bb7-7f54f7420dde', '列王紀下', 2, NOW() - INTERVAL '42 days'),
  ('63c4c569-5eee-4784-a639-178ba7cc4dbf', '9ffd6ea5-e48e-46f9-8bb7-7f54f7420dde', '列王紀下', 3, NOW() - INTERVAL '42 days'),
  ('63c4c569-5eee-4784-a639-178ba7cc4dbf', '9ffd6ea5-e48e-46f9-8bb7-7f54f7420dde', '列王紀下', 4, NOW() - INTERVAL '41 days'),
  ('63c4c569-5eee-4784-a639-178ba7cc4dbf', '9ffd6ea5-e48e-46f9-8bb7-7f54f7420dde', '列王紀下', 5, NOW() - INTERVAL '41 days'),
  ('63c4c569-5eee-4784-a639-178ba7cc4dbf', '9ffd6ea5-e48e-46f9-8bb7-7f54f7420dde', '列王紀下', 6, NOW() - INTERVAL '41 days'),
  ('63c4c569-5eee-4784-a639-178ba7cc4dbf', '9ffd6ea5-e48e-46f9-8bb7-7f54f7420dde', '列王紀下', 7, NOW() - INTERVAL '41 days'),
  ('63c4c569-5eee-4784-a639-178ba7cc4dbf', '9ffd6ea5-e48e-46f9-8bb7-7f54f7420dde', '列王紀下', 8, NOW() - INTERVAL '41 days'),
  ('63c4c569-5eee-4784-a639-178ba7cc4dbf', '9ffd6ea5-e48e-46f9-8bb7-7f54f7420dde', '列王紀下', 9, NOW() - INTERVAL '40 days'),
  ('63c4c569-5eee-4784-a639-178ba7cc4dbf', '9ffd6ea5-e48e-46f9-8bb7-7f54f7420dde', '列王紀下', 10, NOW() - INTERVAL '40 days'),
  ('63c4c569-5eee-4784-a639-178ba7cc4dbf', '9ffd6ea5-e48e-46f9-8bb7-7f54f7420dde', '列王紀下', 11, NOW() - INTERVAL '40 days'),
  ('63c4c569-5eee-4784-a639-178ba7cc4dbf', '9ffd6ea5-e48e-46f9-8bb7-7f54f7420dde', '列王紀下', 12, NOW() - INTERVAL '40 days'),
  ('63c4c569-5eee-4784-a639-178ba7cc4dbf', '9ffd6ea5-e48e-46f9-8bb7-7f54f7420dde', '列王紀下', 13, NOW() - INTERVAL '40 days'),
  ('63c4c569-5eee-4784-a639-178ba7cc4dbf', '9ffd6ea5-e48e-46f9-8bb7-7f54f7420dde', '列王紀下', 14, NOW() - INTERVAL '39 days'),
  ('63c4c569-5eee-4784-a639-178ba7cc4dbf', '9ffd6ea5-e48e-46f9-8bb7-7f54f7420dde', '列王紀下', 15, NOW() - INTERVAL '39 days'),
  ('63c4c569-5eee-4784-a639-178ba7cc4dbf', '9ffd6ea5-e48e-46f9-8bb7-7f54f7420dde', '列王紀下', 16, NOW() - INTERVAL '39 days'),
  ('63c4c569-5eee-4784-a639-178ba7cc4dbf', '9ffd6ea5-e48e-46f9-8bb7-7f54f7420dde', '列王紀下', 17, NOW() - INTERVAL '39 days'),
  ('63c4c569-5eee-4784-a639-178ba7cc4dbf', '9ffd6ea5-e48e-46f9-8bb7-7f54f7420dde', '列王紀下', 18, NOW() - INTERVAL '39 days'),
  ('63c4c569-5eee-4784-a639-178ba7cc4dbf', '9ffd6ea5-e48e-46f9-8bb7-7f54f7420dde', '列王紀下', 19, NOW() - INTERVAL '38 days'),
  ('63c4c569-5eee-4784-a639-178ba7cc4dbf', '9ffd6ea5-e48e-46f9-8bb7-7f54f7420dde', '列王紀下', 20, NOW() - INTERVAL '38 days'),
  ('63c4c569-5eee-4784-a639-178ba7cc4dbf', '9ffd6ea5-e48e-46f9-8bb7-7f54f7420dde', '列王紀下', 21, NOW() - INTERVAL '38 days'),
  ('63c4c569-5eee-4784-a639-178ba7cc4dbf', '9ffd6ea5-e48e-46f9-8bb7-7f54f7420dde', '列王紀下', 22, NOW() - INTERVAL '38 days'),
  ('63c4c569-5eee-4784-a639-178ba7cc4dbf', '9ffd6ea5-e48e-46f9-8bb7-7f54f7420dde', '列王紀下', 23, NOW() - INTERVAL '38 days'),
  ('63c4c569-5eee-4784-a639-178ba7cc4dbf', '9ffd6ea5-e48e-46f9-8bb7-7f54f7420dde', '列王紀下', 24, NOW() - INTERVAL '37 days'),
  ('63c4c569-5eee-4784-a639-178ba7cc4dbf', '9ffd6ea5-e48e-46f9-8bb7-7f54f7420dde', '列王紀下', 25, NOW() - INTERVAL '37 days'),
  ('63c4c569-5eee-4784-a639-178ba7cc4dbf', '9ffd6ea5-e48e-46f9-8bb7-7f54f7420dde', '雅各書', 1, NOW() - INTERVAL '37 days'),
  ('63c4c569-5eee-4784-a639-178ba7cc4dbf', '9ffd6ea5-e48e-46f9-8bb7-7f54f7420dde', '雅各書', 2, NOW() - INTERVAL '37 days'),
  ('63c4c569-5eee-4784-a639-178ba7cc4dbf', '9ffd6ea5-e48e-46f9-8bb7-7f54f7420dde', '雅各書', 3, NOW() - INTERVAL '37 days'),
  ('63c4c569-5eee-4784-a639-178ba7cc4dbf', '9ffd6ea5-e48e-46f9-8bb7-7f54f7420dde', '雅各書', 4, NOW() - INTERVAL '36 days'),
  ('63c4c569-5eee-4784-a639-178ba7cc4dbf', '9ffd6ea5-e48e-46f9-8bb7-7f54f7420dde', '雅各書', 5, NOW() - INTERVAL '36 days'),
  ('63c4c569-5eee-4784-a639-178ba7cc4dbf', '9ffd6ea5-e48e-46f9-8bb7-7f54f7420dde', '出埃及記', 1, NOW() - INTERVAL '36 days'),
  ('63c4c569-5eee-4784-a639-178ba7cc4dbf', '9ffd6ea5-e48e-46f9-8bb7-7f54f7420dde', '出埃及記', 2, NOW() - INTERVAL '36 days'),
  ('63c4c569-5eee-4784-a639-178ba7cc4dbf', '9ffd6ea5-e48e-46f9-8bb7-7f54f7420dde', '出埃及記', 3, NOW() - INTERVAL '36 days'),
  ('63c4c569-5eee-4784-a639-178ba7cc4dbf', '9ffd6ea5-e48e-46f9-8bb7-7f54f7420dde', '出埃及記', 4, NOW() - INTERVAL '35 days'),
  ('63c4c569-5eee-4784-a639-178ba7cc4dbf', '9ffd6ea5-e48e-46f9-8bb7-7f54f7420dde', '出埃及記', 5, NOW() - INTERVAL '35 days'),
  ('63c4c569-5eee-4784-a639-178ba7cc4dbf', '9ffd6ea5-e48e-46f9-8bb7-7f54f7420dde', '出埃及記', 6, NOW() - INTERVAL '35 days'),
  ('63c4c569-5eee-4784-a639-178ba7cc4dbf', '9ffd6ea5-e48e-46f9-8bb7-7f54f7420dde', '出埃及記', 7, NOW() - INTERVAL '35 days'),
  ('63c4c569-5eee-4784-a639-178ba7cc4dbf', '9ffd6ea5-e48e-46f9-8bb7-7f54f7420dde', '出埃及記', 8, NOW() - INTERVAL '35 days'),
  ('63c4c569-5eee-4784-a639-178ba7cc4dbf', '9ffd6ea5-e48e-46f9-8bb7-7f54f7420dde', '出埃及記', 9, NOW() - INTERVAL '34 days'),
  ('63c4c569-5eee-4784-a639-178ba7cc4dbf', '9ffd6ea5-e48e-46f9-8bb7-7f54f7420dde', '出埃及記', 10, NOW() - INTERVAL '34 days'),
  ('63c4c569-5eee-4784-a639-178ba7cc4dbf', '9ffd6ea5-e48e-46f9-8bb7-7f54f7420dde', '出埃及記', 11, NOW() - INTERVAL '34 days'),
  ('63c4c569-5eee-4784-a639-178ba7cc4dbf', '9ffd6ea5-e48e-46f9-8bb7-7f54f7420dde', '出埃及記', 12, NOW() - INTERVAL '34 days'),
  ('63c4c569-5eee-4784-a639-178ba7cc4dbf', '9ffd6ea5-e48e-46f9-8bb7-7f54f7420dde', '出埃及記', 13, NOW() - INTERVAL '34 days'),
  ('63c4c569-5eee-4784-a639-178ba7cc4dbf', '9ffd6ea5-e48e-46f9-8bb7-7f54f7420dde', '出埃及記', 14, NOW() - INTERVAL '33 days'),
  ('63c4c569-5eee-4784-a639-178ba7cc4dbf', '9ffd6ea5-e48e-46f9-8bb7-7f54f7420dde', '出埃及記', 15, NOW() - INTERVAL '33 days'),
  ('63c4c569-5eee-4784-a639-178ba7cc4dbf', '9ffd6ea5-e48e-46f9-8bb7-7f54f7420dde', '出埃及記', 16, NOW() - INTERVAL '33 days'),
  ('63c4c569-5eee-4784-a639-178ba7cc4dbf', '9ffd6ea5-e48e-46f9-8bb7-7f54f7420dde', '出埃及記', 17, NOW() - INTERVAL '33 days'),
  ('63c4c569-5eee-4784-a639-178ba7cc4dbf', '9ffd6ea5-e48e-46f9-8bb7-7f54f7420dde', '出埃及記', 18, NOW() - INTERVAL '33 days'),
  ('63c4c569-5eee-4784-a639-178ba7cc4dbf', '9ffd6ea5-e48e-46f9-8bb7-7f54f7420dde', '出埃及記', 19, NOW() - INTERVAL '32 days'),
  ('63c4c569-5eee-4784-a639-178ba7cc4dbf', '9ffd6ea5-e48e-46f9-8bb7-7f54f7420dde', '出埃及記', 20, NOW() - INTERVAL '32 days'),
  ('63c4c569-5eee-4784-a639-178ba7cc4dbf', '9ffd6ea5-e48e-46f9-8bb7-7f54f7420dde', '出埃及記', 21, NOW() - INTERVAL '32 days'),
  ('63c4c569-5eee-4784-a639-178ba7cc4dbf', '9ffd6ea5-e48e-46f9-8bb7-7f54f7420dde', '出埃及記', 22, NOW() - INTERVAL '32 days'),
  ('63c4c569-5eee-4784-a639-178ba7cc4dbf', '9ffd6ea5-e48e-46f9-8bb7-7f54f7420dde', '出埃及記', 23, NOW() - INTERVAL '32 days'),
  ('63c4c569-5eee-4784-a639-178ba7cc4dbf', '9ffd6ea5-e48e-46f9-8bb7-7f54f7420dde', '出埃及記', 24, NOW() - INTERVAL '31 days'),
  ('63c4c569-5eee-4784-a639-178ba7cc4dbf', '9ffd6ea5-e48e-46f9-8bb7-7f54f7420dde', '出埃及記', 25, NOW() - INTERVAL '31 days'),
  ('63c4c569-5eee-4784-a639-178ba7cc4dbf', '9ffd6ea5-e48e-46f9-8bb7-7f54f7420dde', '出埃及記', 26, NOW() - INTERVAL '31 days'),
  ('63c4c569-5eee-4784-a639-178ba7cc4dbf', '9ffd6ea5-e48e-46f9-8bb7-7f54f7420dde', '出埃及記', 27, NOW() - INTERVAL '31 days'),
  ('63c4c569-5eee-4784-a639-178ba7cc4dbf', '9ffd6ea5-e48e-46f9-8bb7-7f54f7420dde', '出埃及記', 28, NOW() - INTERVAL '31 days'),
  ('63c4c569-5eee-4784-a639-178ba7cc4dbf', '9ffd6ea5-e48e-46f9-8bb7-7f54f7420dde', '出埃及記', 29, NOW() - INTERVAL '30 days'),
  ('63c4c569-5eee-4784-a639-178ba7cc4dbf', '9ffd6ea5-e48e-46f9-8bb7-7f54f7420dde', '出埃及記', 30, NOW() - INTERVAL '30 days'),
  ('63c4c569-5eee-4784-a639-178ba7cc4dbf', '9ffd6ea5-e48e-46f9-8bb7-7f54f7420dde', '出埃及記', 31, NOW() - INTERVAL '30 days'),
  ('63c4c569-5eee-4784-a639-178ba7cc4dbf', '9ffd6ea5-e48e-46f9-8bb7-7f54f7420dde', '出埃及記', 32, NOW() - INTERVAL '30 days'),
  ('63c4c569-5eee-4784-a639-178ba7cc4dbf', '9ffd6ea5-e48e-46f9-8bb7-7f54f7420dde', '出埃及記', 33, NOW() - INTERVAL '30 days'),
  ('63c4c569-5eee-4784-a639-178ba7cc4dbf', '9ffd6ea5-e48e-46f9-8bb7-7f54f7420dde', '出埃及記', 34, NOW() - INTERVAL '29 days'),
  ('63c4c569-5eee-4784-a639-178ba7cc4dbf', '9ffd6ea5-e48e-46f9-8bb7-7f54f7420dde', '出埃及記', 35, NOW() - INTERVAL '29 days'),
  ('63c4c569-5eee-4784-a639-178ba7cc4dbf', '9ffd6ea5-e48e-46f9-8bb7-7f54f7420dde', '出埃及記', 36, NOW() - INTERVAL '29 days'),
  ('63c4c569-5eee-4784-a639-178ba7cc4dbf', '9ffd6ea5-e48e-46f9-8bb7-7f54f7420dde', '出埃及記', 37, NOW() - INTERVAL '29 days'),
  ('63c4c569-5eee-4784-a639-178ba7cc4dbf', '9ffd6ea5-e48e-46f9-8bb7-7f54f7420dde', '出埃及記', 38, NOW() - INTERVAL '29 days'),
  ('63c4c569-5eee-4784-a639-178ba7cc4dbf', '9ffd6ea5-e48e-46f9-8bb7-7f54f7420dde', '出埃及記', 39, NOW() - INTERVAL '28 days'),
  ('63c4c569-5eee-4784-a639-178ba7cc4dbf', '9ffd6ea5-e48e-46f9-8bb7-7f54f7420dde', '出埃及記', 40, NOW() - INTERVAL '28 days'),
  ('63c4c569-5eee-4784-a639-178ba7cc4dbf', '9ffd6ea5-e48e-46f9-8bb7-7f54f7420dde', '馬可福音', 1, NOW() - INTERVAL '28 days'),
  ('63c4c569-5eee-4784-a639-178ba7cc4dbf', '9ffd6ea5-e48e-46f9-8bb7-7f54f7420dde', '馬可福音', 2, NOW() - INTERVAL '28 days'),
  ('63c4c569-5eee-4784-a639-178ba7cc4dbf', '9ffd6ea5-e48e-46f9-8bb7-7f54f7420dde', '馬可福音', 3, NOW() - INTERVAL '28 days'),
  ('63c4c569-5eee-4784-a639-178ba7cc4dbf', '9ffd6ea5-e48e-46f9-8bb7-7f54f7420dde', '馬可福音', 4, NOW() - INTERVAL '27 days'),
  ('63c4c569-5eee-4784-a639-178ba7cc4dbf', '9ffd6ea5-e48e-46f9-8bb7-7f54f7420dde', '馬可福音', 5, NOW() - INTERVAL '27 days'),
  ('63c4c569-5eee-4784-a639-178ba7cc4dbf', '9ffd6ea5-e48e-46f9-8bb7-7f54f7420dde', '馬可福音', 6, NOW() - INTERVAL '27 days'),
  ('63c4c569-5eee-4784-a639-178ba7cc4dbf', '9ffd6ea5-e48e-46f9-8bb7-7f54f7420dde', '馬可福音', 7, NOW() - INTERVAL '27 days'),
  ('63c4c569-5eee-4784-a639-178ba7cc4dbf', '9ffd6ea5-e48e-46f9-8bb7-7f54f7420dde', '馬可福音', 8, NOW() - INTERVAL '27 days'),
  ('63c4c569-5eee-4784-a639-178ba7cc4dbf', '9ffd6ea5-e48e-46f9-8bb7-7f54f7420dde', '馬可福音', 9, NOW() - INTERVAL '26 days'),
  ('63c4c569-5eee-4784-a639-178ba7cc4dbf', '9ffd6ea5-e48e-46f9-8bb7-7f54f7420dde', '馬可福音', 10, NOW() - INTERVAL '26 days'),
  ('63c4c569-5eee-4784-a639-178ba7cc4dbf', '9ffd6ea5-e48e-46f9-8bb7-7f54f7420dde', '馬可福音', 11, NOW() - INTERVAL '26 days'),
  ('63c4c569-5eee-4784-a639-178ba7cc4dbf', '9ffd6ea5-e48e-46f9-8bb7-7f54f7420dde', '馬可福音', 12, NOW() - INTERVAL '26 days'),
  ('63c4c569-5eee-4784-a639-178ba7cc4dbf', '9ffd6ea5-e48e-46f9-8bb7-7f54f7420dde', '馬可福音', 13, NOW() - INTERVAL '26 days'),
  ('63c4c569-5eee-4784-a639-178ba7cc4dbf', '9ffd6ea5-e48e-46f9-8bb7-7f54f7420dde', '馬可福音', 14, NOW() - INTERVAL '25 days'),
  ('63c4c569-5eee-4784-a639-178ba7cc4dbf', '9ffd6ea5-e48e-46f9-8bb7-7f54f7420dde', '馬可福音', 15, NOW() - INTERVAL '25 days'),
  ('63c4c569-5eee-4784-a639-178ba7cc4dbf', '9ffd6ea5-e48e-46f9-8bb7-7f54f7420dde', '馬可福音', 16, NOW() - INTERVAL '25 days'),
  ('63c4c569-5eee-4784-a639-178ba7cc4dbf', '9ffd6ea5-e48e-46f9-8bb7-7f54f7420dde', '約伯記', 1, NOW() - INTERVAL '25 days'),
  ('63c4c569-5eee-4784-a639-178ba7cc4dbf', '9ffd6ea5-e48e-46f9-8bb7-7f54f7420dde', '約伯記', 2, NOW() - INTERVAL '25 days'),
  ('63c4c569-5eee-4784-a639-178ba7cc4dbf', '9ffd6ea5-e48e-46f9-8bb7-7f54f7420dde', '約伯記', 3, NOW() - INTERVAL '24 days'),
  ('63c4c569-5eee-4784-a639-178ba7cc4dbf', '9ffd6ea5-e48e-46f9-8bb7-7f54f7420dde', '約伯記', 4, NOW() - INTERVAL '24 days'),
  ('63c4c569-5eee-4784-a639-178ba7cc4dbf', '9ffd6ea5-e48e-46f9-8bb7-7f54f7420dde', '約伯記', 5, NOW() - INTERVAL '24 days'),
  ('63c4c569-5eee-4784-a639-178ba7cc4dbf', '9ffd6ea5-e48e-46f9-8bb7-7f54f7420dde', '約伯記', 6, NOW() - INTERVAL '24 days'),
  ('63c4c569-5eee-4784-a639-178ba7cc4dbf', '9ffd6ea5-e48e-46f9-8bb7-7f54f7420dde', '約伯記', 7, NOW() - INTERVAL '24 days'),
  ('63c4c569-5eee-4784-a639-178ba7cc4dbf', '9ffd6ea5-e48e-46f9-8bb7-7f54f7420dde', '約伯記', 8, NOW() - INTERVAL '23 days'),
  ('63c4c569-5eee-4784-a639-178ba7cc4dbf', '9ffd6ea5-e48e-46f9-8bb7-7f54f7420dde', '約伯記', 9, NOW() - INTERVAL '23 days'),
  ('63c4c569-5eee-4784-a639-178ba7cc4dbf', '9ffd6ea5-e48e-46f9-8bb7-7f54f7420dde', '約伯記', 10, NOW() - INTERVAL '23 days'),
  ('63c4c569-5eee-4784-a639-178ba7cc4dbf', '9ffd6ea5-e48e-46f9-8bb7-7f54f7420dde', '約伯記', 11, NOW() - INTERVAL '23 days'),
  ('63c4c569-5eee-4784-a639-178ba7cc4dbf', '9ffd6ea5-e48e-46f9-8bb7-7f54f7420dde', '約伯記', 12, NOW() - INTERVAL '23 days'),
  ('63c4c569-5eee-4784-a639-178ba7cc4dbf', '9ffd6ea5-e48e-46f9-8bb7-7f54f7420dde', '約伯記', 13, NOW() - INTERVAL '22 days'),
  ('63c4c569-5eee-4784-a639-178ba7cc4dbf', '9ffd6ea5-e48e-46f9-8bb7-7f54f7420dde', '約伯記', 14, NOW() - INTERVAL '22 days'),
  ('63c4c569-5eee-4784-a639-178ba7cc4dbf', '9ffd6ea5-e48e-46f9-8bb7-7f54f7420dde', '約伯記', 15, NOW() - INTERVAL '22 days'),
  ('63c4c569-5eee-4784-a639-178ba7cc4dbf', '9ffd6ea5-e48e-46f9-8bb7-7f54f7420dde', '約伯記', 16, NOW() - INTERVAL '22 days'),
  ('63c4c569-5eee-4784-a639-178ba7cc4dbf', '9ffd6ea5-e48e-46f9-8bb7-7f54f7420dde', '約伯記', 17, NOW() - INTERVAL '22 days'),
  ('63c4c569-5eee-4784-a639-178ba7cc4dbf', '9ffd6ea5-e48e-46f9-8bb7-7f54f7420dde', '約伯記', 18, NOW() - INTERVAL '21 days'),
  ('63c4c569-5eee-4784-a639-178ba7cc4dbf', '9ffd6ea5-e48e-46f9-8bb7-7f54f7420dde', '約伯記', 19, NOW() - INTERVAL '21 days'),
  ('63c4c569-5eee-4784-a639-178ba7cc4dbf', '9ffd6ea5-e48e-46f9-8bb7-7f54f7420dde', '約伯記', 20, NOW() - INTERVAL '21 days'),
  ('63c4c569-5eee-4784-a639-178ba7cc4dbf', '9ffd6ea5-e48e-46f9-8bb7-7f54f7420dde', '約伯記', 21, NOW() - INTERVAL '21 days'),
  ('63c4c569-5eee-4784-a639-178ba7cc4dbf', '9ffd6ea5-e48e-46f9-8bb7-7f54f7420dde', '約伯記', 22, NOW() - INTERVAL '21 days'),
  ('63c4c569-5eee-4784-a639-178ba7cc4dbf', '9ffd6ea5-e48e-46f9-8bb7-7f54f7420dde', '約伯記', 23, NOW() - INTERVAL '20 days'),
  ('63c4c569-5eee-4784-a639-178ba7cc4dbf', '9ffd6ea5-e48e-46f9-8bb7-7f54f7420dde', '約伯記', 24, NOW() - INTERVAL '20 days'),
  ('63c4c569-5eee-4784-a639-178ba7cc4dbf', '9ffd6ea5-e48e-46f9-8bb7-7f54f7420dde', '約伯記', 25, NOW() - INTERVAL '20 days'),
  ('63c4c569-5eee-4784-a639-178ba7cc4dbf', '9ffd6ea5-e48e-46f9-8bb7-7f54f7420dde', '約伯記', 26, NOW() - INTERVAL '20 days'),
  ('63c4c569-5eee-4784-a639-178ba7cc4dbf', '9ffd6ea5-e48e-46f9-8bb7-7f54f7420dde', '約伯記', 27, NOW() - INTERVAL '20 days'),
  ('63c4c569-5eee-4784-a639-178ba7cc4dbf', '9ffd6ea5-e48e-46f9-8bb7-7f54f7420dde', '約伯記', 28, NOW() - INTERVAL '19 days'),
  ('63c4c569-5eee-4784-a639-178ba7cc4dbf', '9ffd6ea5-e48e-46f9-8bb7-7f54f7420dde', '約伯記', 29, NOW() - INTERVAL '19 days'),
  ('63c4c569-5eee-4784-a639-178ba7cc4dbf', '9ffd6ea5-e48e-46f9-8bb7-7f54f7420dde', '約伯記', 30, NOW() - INTERVAL '19 days'),
  ('63c4c569-5eee-4784-a639-178ba7cc4dbf', '9ffd6ea5-e48e-46f9-8bb7-7f54f7420dde', '約伯記', 31, NOW() - INTERVAL '19 days'),
  ('63c4c569-5eee-4784-a639-178ba7cc4dbf', '9ffd6ea5-e48e-46f9-8bb7-7f54f7420dde', '約伯記', 32, NOW() - INTERVAL '19 days'),
  ('63c4c569-5eee-4784-a639-178ba7cc4dbf', '9ffd6ea5-e48e-46f9-8bb7-7f54f7420dde', '約伯記', 33, NOW() - INTERVAL '18 days'),
  ('63c4c569-5eee-4784-a639-178ba7cc4dbf', '9ffd6ea5-e48e-46f9-8bb7-7f54f7420dde', '約伯記', 34, NOW() - INTERVAL '18 days'),
  ('63c4c569-5eee-4784-a639-178ba7cc4dbf', '9ffd6ea5-e48e-46f9-8bb7-7f54f7420dde', '約伯記', 35, NOW() - INTERVAL '18 days'),
  ('63c4c569-5eee-4784-a639-178ba7cc4dbf', '9ffd6ea5-e48e-46f9-8bb7-7f54f7420dde', '約伯記', 36, NOW() - INTERVAL '18 days'),
  ('63c4c569-5eee-4784-a639-178ba7cc4dbf', '9ffd6ea5-e48e-46f9-8bb7-7f54f7420dde', '約伯記', 37, NOW() - INTERVAL '18 days'),
  ('63c4c569-5eee-4784-a639-178ba7cc4dbf', '9ffd6ea5-e48e-46f9-8bb7-7f54f7420dde', '約伯記', 38, NOW() - INTERVAL '17 days'),
  ('63c4c569-5eee-4784-a639-178ba7cc4dbf', '9ffd6ea5-e48e-46f9-8bb7-7f54f7420dde', '約伯記', 39, NOW() - INTERVAL '17 days'),
  ('63c4c569-5eee-4784-a639-178ba7cc4dbf', '9ffd6ea5-e48e-46f9-8bb7-7f54f7420dde', '約伯記', 40, NOW() - INTERVAL '17 days'),
  ('63c4c569-5eee-4784-a639-178ba7cc4dbf', '9ffd6ea5-e48e-46f9-8bb7-7f54f7420dde', '約伯記', 41, NOW() - INTERVAL '17 days'),
  ('63c4c569-5eee-4784-a639-178ba7cc4dbf', '9ffd6ea5-e48e-46f9-8bb7-7f54f7420dde', '約伯記', 42, NOW() - INTERVAL '17 days'),
  ('63c4c569-5eee-4784-a639-178ba7cc4dbf', '9ffd6ea5-e48e-46f9-8bb7-7f54f7420dde', '加拉太書', 1, NOW() - INTERVAL '16 days'),
  ('63c4c569-5eee-4784-a639-178ba7cc4dbf', '9ffd6ea5-e48e-46f9-8bb7-7f54f7420dde', '加拉太書', 2, NOW() - INTERVAL '16 days'),
  ('63c4c569-5eee-4784-a639-178ba7cc4dbf', '9ffd6ea5-e48e-46f9-8bb7-7f54f7420dde', '加拉太書', 3, NOW() - INTERVAL '16 days'),
  ('63c4c569-5eee-4784-a639-178ba7cc4dbf', '9ffd6ea5-e48e-46f9-8bb7-7f54f7420dde', '加拉太書', 4, NOW() - INTERVAL '16 days'),
  ('63c4c569-5eee-4784-a639-178ba7cc4dbf', '9ffd6ea5-e48e-46f9-8bb7-7f54f7420dde', '加拉太書', 5, NOW() - INTERVAL '16 days'),
  ('63c4c569-5eee-4784-a639-178ba7cc4dbf', '9ffd6ea5-e48e-46f9-8bb7-7f54f7420dde', '加拉太書', 6, NOW() - INTERVAL '15 days'),
  ('63c4c569-5eee-4784-a639-178ba7cc4dbf', '9ffd6ea5-e48e-46f9-8bb7-7f54f7420dde', '哈巴谷書', 1, NOW() - INTERVAL '15 days'),
  ('63c4c569-5eee-4784-a639-178ba7cc4dbf', '9ffd6ea5-e48e-46f9-8bb7-7f54f7420dde', '哈巴谷書', 2, NOW() - INTERVAL '15 days'),
  ('63c4c569-5eee-4784-a639-178ba7cc4dbf', '9ffd6ea5-e48e-46f9-8bb7-7f54f7420dde', '哈巴谷書', 3, NOW() - INTERVAL '15 days'),
  ('63c4c569-5eee-4784-a639-178ba7cc4dbf', '9ffd6ea5-e48e-46f9-8bb7-7f54f7420dde', '猶大書', 1, NOW() - INTERVAL '15 days'),
  ('63c4c569-5eee-4784-a639-178ba7cc4dbf', '9ffd6ea5-e48e-46f9-8bb7-7f54f7420dde', '利未記', 1, NOW() - INTERVAL '14 days'),
  ('63c4c569-5eee-4784-a639-178ba7cc4dbf', '9ffd6ea5-e48e-46f9-8bb7-7f54f7420dde', '利未記', 2, NOW() - INTERVAL '14 days'),
  ('63c4c569-5eee-4784-a639-178ba7cc4dbf', '9ffd6ea5-e48e-46f9-8bb7-7f54f7420dde', '利未記', 3, NOW() - INTERVAL '14 days'),
  ('63c4c569-5eee-4784-a639-178ba7cc4dbf', '9ffd6ea5-e48e-46f9-8bb7-7f54f7420dde', '利未記', 4, NOW() - INTERVAL '14 days'),
  ('63c4c569-5eee-4784-a639-178ba7cc4dbf', '9ffd6ea5-e48e-46f9-8bb7-7f54f7420dde', '利未記', 5, NOW() - INTERVAL '14 days'),
  ('63c4c569-5eee-4784-a639-178ba7cc4dbf', '9ffd6ea5-e48e-46f9-8bb7-7f54f7420dde', '利未記', 6, NOW() - INTERVAL '13 days'),
  ('63c4c569-5eee-4784-a639-178ba7cc4dbf', '9ffd6ea5-e48e-46f9-8bb7-7f54f7420dde', '利未記', 7, NOW() - INTERVAL '13 days'),
  ('63c4c569-5eee-4784-a639-178ba7cc4dbf', '9ffd6ea5-e48e-46f9-8bb7-7f54f7420dde', '利未記', 8, NOW() - INTERVAL '13 days'),
  ('63c4c569-5eee-4784-a639-178ba7cc4dbf', '9ffd6ea5-e48e-46f9-8bb7-7f54f7420dde', '利未記', 9, NOW() - INTERVAL '13 days'),
  ('63c4c569-5eee-4784-a639-178ba7cc4dbf', '9ffd6ea5-e48e-46f9-8bb7-7f54f7420dde', '利未記', 10, NOW() - INTERVAL '13 days'),
  ('63c4c569-5eee-4784-a639-178ba7cc4dbf', '9ffd6ea5-e48e-46f9-8bb7-7f54f7420dde', '利未記', 11, NOW() - INTERVAL '12 days'),
  ('63c4c569-5eee-4784-a639-178ba7cc4dbf', '9ffd6ea5-e48e-46f9-8bb7-7f54f7420dde', '利未記', 12, NOW() - INTERVAL '12 days'),
  ('63c4c569-5eee-4784-a639-178ba7cc4dbf', '9ffd6ea5-e48e-46f9-8bb7-7f54f7420dde', '利未記', 13, NOW() - INTERVAL '12 days'),
  ('63c4c569-5eee-4784-a639-178ba7cc4dbf', '9ffd6ea5-e48e-46f9-8bb7-7f54f7420dde', '利未記', 14, NOW() - INTERVAL '12 days'),
  ('63c4c569-5eee-4784-a639-178ba7cc4dbf', '9ffd6ea5-e48e-46f9-8bb7-7f54f7420dde', '利未記', 15, NOW() - INTERVAL '12 days'),
  ('63c4c569-5eee-4784-a639-178ba7cc4dbf', '9ffd6ea5-e48e-46f9-8bb7-7f54f7420dde', '利未記', 16, NOW() - INTERVAL '11 days'),
  ('63c4c569-5eee-4784-a639-178ba7cc4dbf', '9ffd6ea5-e48e-46f9-8bb7-7f54f7420dde', '利未記', 17, NOW() - INTERVAL '11 days'),
  ('63c4c569-5eee-4784-a639-178ba7cc4dbf', '9ffd6ea5-e48e-46f9-8bb7-7f54f7420dde', '利未記', 18, NOW() - INTERVAL '11 days'),
  ('63c4c569-5eee-4784-a639-178ba7cc4dbf', '9ffd6ea5-e48e-46f9-8bb7-7f54f7420dde', '利未記', 19, NOW() - INTERVAL '11 days'),
  ('63c4c569-5eee-4784-a639-178ba7cc4dbf', '9ffd6ea5-e48e-46f9-8bb7-7f54f7420dde', '利未記', 20, NOW() - INTERVAL '11 days'),
  ('63c4c569-5eee-4784-a639-178ba7cc4dbf', '9ffd6ea5-e48e-46f9-8bb7-7f54f7420dde', '利未記', 21, NOW() - INTERVAL '10 days'),
  ('63c4c569-5eee-4784-a639-178ba7cc4dbf', '9ffd6ea5-e48e-46f9-8bb7-7f54f7420dde', '利未記', 22, NOW() - INTERVAL '10 days'),
  ('63c4c569-5eee-4784-a639-178ba7cc4dbf', '9ffd6ea5-e48e-46f9-8bb7-7f54f7420dde', '利未記', 23, NOW() - INTERVAL '10 days'),
  ('63c4c569-5eee-4784-a639-178ba7cc4dbf', '9ffd6ea5-e48e-46f9-8bb7-7f54f7420dde', '利未記', 24, NOW() - INTERVAL '10 days'),
  ('63c4c569-5eee-4784-a639-178ba7cc4dbf', '9ffd6ea5-e48e-46f9-8bb7-7f54f7420dde', '利未記', 25, NOW() - INTERVAL '10 days'),
  ('63c4c569-5eee-4784-a639-178ba7cc4dbf', '9ffd6ea5-e48e-46f9-8bb7-7f54f7420dde', '利未記', 26, NOW() - INTERVAL '9 days'),
  ('63c4c569-5eee-4784-a639-178ba7cc4dbf', '9ffd6ea5-e48e-46f9-8bb7-7f54f7420dde', '利未記', 27, NOW() - INTERVAL '9 days'),
  ('63c4c569-5eee-4784-a639-178ba7cc4dbf', '9ffd6ea5-e48e-46f9-8bb7-7f54f7420dde', '路加福音', 1, NOW() - INTERVAL '9 days'),
  ('63c4c569-5eee-4784-a639-178ba7cc4dbf', '9ffd6ea5-e48e-46f9-8bb7-7f54f7420dde', '路加福音', 2, NOW() - INTERVAL '9 days'),
  ('63c4c569-5eee-4784-a639-178ba7cc4dbf', '9ffd6ea5-e48e-46f9-8bb7-7f54f7420dde', '路加福音', 3, NOW() - INTERVAL '9 days'),
  ('63c4c569-5eee-4784-a639-178ba7cc4dbf', '9ffd6ea5-e48e-46f9-8bb7-7f54f7420dde', '路加福音', 4, NOW() - INTERVAL '8 days'),
  ('63c4c569-5eee-4784-a639-178ba7cc4dbf', '9ffd6ea5-e48e-46f9-8bb7-7f54f7420dde', '路加福音', 5, NOW() - INTERVAL '8 days'),
  ('63c4c569-5eee-4784-a639-178ba7cc4dbf', '9ffd6ea5-e48e-46f9-8bb7-7f54f7420dde', '路加福音', 6, NOW() - INTERVAL '8 days'),
  ('63c4c569-5eee-4784-a639-178ba7cc4dbf', '9ffd6ea5-e48e-46f9-8bb7-7f54f7420dde', '路加福音', 7, NOW() - INTERVAL '8 days'),
  ('63c4c569-5eee-4784-a639-178ba7cc4dbf', '9ffd6ea5-e48e-46f9-8bb7-7f54f7420dde', '路加福音', 8, NOW() - INTERVAL '8 days'),
  ('63c4c569-5eee-4784-a639-178ba7cc4dbf', '9ffd6ea5-e48e-46f9-8bb7-7f54f7420dde', '路加福音', 9, NOW() - INTERVAL '7 days'),
  ('63c4c569-5eee-4784-a639-178ba7cc4dbf', '9ffd6ea5-e48e-46f9-8bb7-7f54f7420dde', '路加福音', 10, NOW() - INTERVAL '7 days'),
  ('63c4c569-5eee-4784-a639-178ba7cc4dbf', '9ffd6ea5-e48e-46f9-8bb7-7f54f7420dde', '路加福音', 11, NOW() - INTERVAL '7 days'),
  ('63c4c569-5eee-4784-a639-178ba7cc4dbf', '9ffd6ea5-e48e-46f9-8bb7-7f54f7420dde', '路加福音', 12, NOW() - INTERVAL '7 days'),
  ('63c4c569-5eee-4784-a639-178ba7cc4dbf', '9ffd6ea5-e48e-46f9-8bb7-7f54f7420dde', '路加福音', 13, NOW() - INTERVAL '7 days'),
  ('63c4c569-5eee-4784-a639-178ba7cc4dbf', '9ffd6ea5-e48e-46f9-8bb7-7f54f7420dde', '路加福音', 14, NOW() - INTERVAL '6 days'),
  ('63c4c569-5eee-4784-a639-178ba7cc4dbf', '9ffd6ea5-e48e-46f9-8bb7-7f54f7420dde', '路加福音', 15, NOW() - INTERVAL '6 days'),
  ('63c4c569-5eee-4784-a639-178ba7cc4dbf', '9ffd6ea5-e48e-46f9-8bb7-7f54f7420dde', '路加福音', 16, NOW() - INTERVAL '6 days'),
  ('63c4c569-5eee-4784-a639-178ba7cc4dbf', '9ffd6ea5-e48e-46f9-8bb7-7f54f7420dde', '路加福音', 17, NOW() - INTERVAL '6 days'),
  ('63c4c569-5eee-4784-a639-178ba7cc4dbf', '9ffd6ea5-e48e-46f9-8bb7-7f54f7420dde', '路加福音', 18, NOW() - INTERVAL '6 days'),
  ('63c4c569-5eee-4784-a639-178ba7cc4dbf', '9ffd6ea5-e48e-46f9-8bb7-7f54f7420dde', '路加福音', 19, NOW() - INTERVAL '5 days'),
  ('63c4c569-5eee-4784-a639-178ba7cc4dbf', '9ffd6ea5-e48e-46f9-8bb7-7f54f7420dde', '路加福音', 20, NOW() - INTERVAL '5 days'),
  ('63c4c569-5eee-4784-a639-178ba7cc4dbf', '9ffd6ea5-e48e-46f9-8bb7-7f54f7420dde', '路加福音', 21, NOW() - INTERVAL '5 days'),
  ('63c4c569-5eee-4784-a639-178ba7cc4dbf', '9ffd6ea5-e48e-46f9-8bb7-7f54f7420dde', '路加福音', 22, NOW() - INTERVAL '5 days'),
  ('63c4c569-5eee-4784-a639-178ba7cc4dbf', '9ffd6ea5-e48e-46f9-8bb7-7f54f7420dde', '路加福音', 23, NOW() - INTERVAL '5 days'),
  ('63c4c569-5eee-4784-a639-178ba7cc4dbf', '9ffd6ea5-e48e-46f9-8bb7-7f54f7420dde', '路加福音', 24, NOW() - INTERVAL '4 days'),
  ('63c4c569-5eee-4784-a639-178ba7cc4dbf', '9ffd6ea5-e48e-46f9-8bb7-7f54f7420dde', '歷代志下', 1, NOW() - INTERVAL '4 days'),
  ('63c4c569-5eee-4784-a639-178ba7cc4dbf', '9ffd6ea5-e48e-46f9-8bb7-7f54f7420dde', '歷代志下', 2, NOW() - INTERVAL '4 days'),
  ('63c4c569-5eee-4784-a639-178ba7cc4dbf', '9ffd6ea5-e48e-46f9-8bb7-7f54f7420dde', '歷代志下', 3, NOW() - INTERVAL '4 days'),
  ('63c4c569-5eee-4784-a639-178ba7cc4dbf', '9ffd6ea5-e48e-46f9-8bb7-7f54f7420dde', '歷代志下', 4, NOW() - INTERVAL '4 days'),
  ('63c4c569-5eee-4784-a639-178ba7cc4dbf', '9ffd6ea5-e48e-46f9-8bb7-7f54f7420dde', '歷代志下', 5, NOW() - INTERVAL '3 days'),
  ('63c4c569-5eee-4784-a639-178ba7cc4dbf', '9ffd6ea5-e48e-46f9-8bb7-7f54f7420dde', '歷代志下', 6, NOW() - INTERVAL '3 days'),
  ('63c4c569-5eee-4784-a639-178ba7cc4dbf', '9ffd6ea5-e48e-46f9-8bb7-7f54f7420dde', '歷代志下', 7, NOW() - INTERVAL '3 days'),
  ('63c4c569-5eee-4784-a639-178ba7cc4dbf', '9ffd6ea5-e48e-46f9-8bb7-7f54f7420dde', '歷代志下', 8, NOW() - INTERVAL '3 days'),
  ('63c4c569-5eee-4784-a639-178ba7cc4dbf', '9ffd6ea5-e48e-46f9-8bb7-7f54f7420dde', '歷代志下', 9, NOW() - INTERVAL '3 days'),
  ('63c4c569-5eee-4784-a639-178ba7cc4dbf', '9ffd6ea5-e48e-46f9-8bb7-7f54f7420dde', '歷代志下', 10, NOW() - INTERVAL '2 days'),
  ('63c4c569-5eee-4784-a639-178ba7cc4dbf', '9ffd6ea5-e48e-46f9-8bb7-7f54f7420dde', '歷代志下', 11, NOW() - INTERVAL '2 days'),
  ('63c4c569-5eee-4784-a639-178ba7cc4dbf', '9ffd6ea5-e48e-46f9-8bb7-7f54f7420dde', '歷代志下', 12, NOW() - INTERVAL '2 days'),
  ('63c4c569-5eee-4784-a639-178ba7cc4dbf', '9ffd6ea5-e48e-46f9-8bb7-7f54f7420dde', '歷代志下', 13, NOW() - INTERVAL '2 days'),
  ('63c4c569-5eee-4784-a639-178ba7cc4dbf', '9ffd6ea5-e48e-46f9-8bb7-7f54f7420dde', '歷代志下', 14, NOW() - INTERVAL '2 days'),
  ('63c4c569-5eee-4784-a639-178ba7cc4dbf', '9ffd6ea5-e48e-46f9-8bb7-7f54f7420dde', '歷代志下', 15, NOW() - INTERVAL '1 days'),
  ('63c4c569-5eee-4784-a639-178ba7cc4dbf', '9ffd6ea5-e48e-46f9-8bb7-7f54f7420dde', '歷代志下', 16, NOW() - INTERVAL '1 days'),
  ('63c4c569-5eee-4784-a639-178ba7cc4dbf', '9ffd6ea5-e48e-46f9-8bb7-7f54f7420dde', '歷代志下', 17, NOW() - INTERVAL '1 days'),
  ('63c4c569-5eee-4784-a639-178ba7cc4dbf', '9ffd6ea5-e48e-46f9-8bb7-7f54f7420dde', '歷代志下', 18, NOW() - INTERVAL '1 days'),
  ('63c4c569-5eee-4784-a639-178ba7cc4dbf', '9ffd6ea5-e48e-46f9-8bb7-7f54f7420dde', '歷代志下', 19, NOW() - INTERVAL '1 days'),
  ('63c4c569-5eee-4784-a639-178ba7cc4dbf', '9ffd6ea5-e48e-46f9-8bb7-7f54f7420dde', '歷代志下', 20, NOW() - INTERVAL '0 days'),
  ('63c4c569-5eee-4784-a639-178ba7cc4dbf', '9ffd6ea5-e48e-46f9-8bb7-7f54f7420dde', '歷代志下', 21, NOW() - INTERVAL '0 days'),
  ('63c4c569-5eee-4784-a639-178ba7cc4dbf', '9ffd6ea5-e48e-46f9-8bb7-7f54f7420dde', '歷代志下', 22, NOW() - INTERVAL '0 days'),
  ('63c4c569-5eee-4784-a639-178ba7cc4dbf', '9ffd6ea5-e48e-46f9-8bb7-7f54f7420dde', '歷代志下', 23, NOW() - INTERVAL '0 days');

--------------------------------------------------

-- 使用者: 示範組員十三
INSERT INTO auth.users (id, email, raw_user_meta_data, created_at, updated_at, instance_id, aud, role, encrypted_password)
VALUES (
  'e5ed5aea-a74c-4025-9824-16bd5073f132',
  'e5ed5aea@church-bible.com',
  '{"full_name": "示範組員十三"}',
  NOW() - INTERVAL '31 days',
  NOW(),
  '00000000-0000-0000-0000-000000000000',
  'authenticated',
  'authenticated',
  '$2a$10$abcdefghijklmnopqrstuv' -- Dummy bcrypt hash
) ON CONFLICT (id) DO NOTHING;

INSERT INTO public.profiles (id, name, great_region, pastoral_zone, small_group, role, is_demo, updated_at)
VALUES (
  'e5ed5aea-a74c-4025-9824-16bd5073f132',
  '示範組員十三',
  '示範大區D',
  '示範牧區癸',
  '示範小組11',
  'member',
  TRUE,
  NOW()
) ON CONFLICT (id) DO NOTHING;

INSERT INTO public.reading_plans (id, user_id, name, start_date, end_date, target_books)
VALUES (
  '5932ae28-9d03-4548-9542-5c1137dec111',
  'e5ed5aea-a74c-4025-9824-16bd5073f132',
  '第一季速讀：2026年7月~9月',
  '2026-07-01',
  '2026-09-30',
  ARRAY['創世記', '馬太福音', '列王紀下', '雅各書', '出埃及記', '馬可福音', '約伯記', '加拉太書', '哈巴谷書', '猶大書', '利未記', '路加福音', '歷代志下', '帖撒羅尼迦前書', '約拿書', '約翰二書', '彌迦書', '約翰三書']
) ON CONFLICT (id) DO NOTHING;

INSERT INTO public.reading_logs (user_id, plan_id, book, chapter, read_at)
VALUES
  ('e5ed5aea-a74c-4025-9824-16bd5073f132', '5932ae28-9d03-4548-9542-5c1137dec111', '創世記', 1, NOW() - INTERVAL '86 days'),
  ('e5ed5aea-a74c-4025-9824-16bd5073f132', '5932ae28-9d03-4548-9542-5c1137dec111', '創世記', 2, NOW() - INTERVAL '85 days'),
  ('e5ed5aea-a74c-4025-9824-16bd5073f132', '5932ae28-9d03-4548-9542-5c1137dec111', '創世記', 3, NOW() - INTERVAL '85 days'),
  ('e5ed5aea-a74c-4025-9824-16bd5073f132', '5932ae28-9d03-4548-9542-5c1137dec111', '創世記', 4, NOW() - INTERVAL '85 days'),
  ('e5ed5aea-a74c-4025-9824-16bd5073f132', '5932ae28-9d03-4548-9542-5c1137dec111', '創世記', 5, NOW() - INTERVAL '85 days'),
  ('e5ed5aea-a74c-4025-9824-16bd5073f132', '5932ae28-9d03-4548-9542-5c1137dec111', '創世記', 6, NOW() - INTERVAL '85 days'),
  ('e5ed5aea-a74c-4025-9824-16bd5073f132', '5932ae28-9d03-4548-9542-5c1137dec111', '創世記', 7, NOW() - INTERVAL '84 days'),
  ('e5ed5aea-a74c-4025-9824-16bd5073f132', '5932ae28-9d03-4548-9542-5c1137dec111', '創世記', 8, NOW() - INTERVAL '84 days'),
  ('e5ed5aea-a74c-4025-9824-16bd5073f132', '5932ae28-9d03-4548-9542-5c1137dec111', '創世記', 9, NOW() - INTERVAL '84 days'),
  ('e5ed5aea-a74c-4025-9824-16bd5073f132', '5932ae28-9d03-4548-9542-5c1137dec111', '創世記', 10, NOW() - INTERVAL '84 days'),
  ('e5ed5aea-a74c-4025-9824-16bd5073f132', '5932ae28-9d03-4548-9542-5c1137dec111', '創世記', 11, NOW() - INTERVAL '84 days'),
  ('e5ed5aea-a74c-4025-9824-16bd5073f132', '5932ae28-9d03-4548-9542-5c1137dec111', '創世記', 12, NOW() - INTERVAL '83 days'),
  ('e5ed5aea-a74c-4025-9824-16bd5073f132', '5932ae28-9d03-4548-9542-5c1137dec111', '創世記', 13, NOW() - INTERVAL '83 days'),
  ('e5ed5aea-a74c-4025-9824-16bd5073f132', '5932ae28-9d03-4548-9542-5c1137dec111', '創世記', 14, NOW() - INTERVAL '83 days'),
  ('e5ed5aea-a74c-4025-9824-16bd5073f132', '5932ae28-9d03-4548-9542-5c1137dec111', '創世記', 15, NOW() - INTERVAL '83 days'),
  ('e5ed5aea-a74c-4025-9824-16bd5073f132', '5932ae28-9d03-4548-9542-5c1137dec111', '創世記', 16, NOW() - INTERVAL '83 days'),
  ('e5ed5aea-a74c-4025-9824-16bd5073f132', '5932ae28-9d03-4548-9542-5c1137dec111', '創世記', 17, NOW() - INTERVAL '82 days'),
  ('e5ed5aea-a74c-4025-9824-16bd5073f132', '5932ae28-9d03-4548-9542-5c1137dec111', '創世記', 18, NOW() - INTERVAL '82 days'),
  ('e5ed5aea-a74c-4025-9824-16bd5073f132', '5932ae28-9d03-4548-9542-5c1137dec111', '創世記', 19, NOW() - INTERVAL '82 days'),
  ('e5ed5aea-a74c-4025-9824-16bd5073f132', '5932ae28-9d03-4548-9542-5c1137dec111', '創世記', 20, NOW() - INTERVAL '82 days'),
  ('e5ed5aea-a74c-4025-9824-16bd5073f132', '5932ae28-9d03-4548-9542-5c1137dec111', '創世記', 21, NOW() - INTERVAL '82 days'),
  ('e5ed5aea-a74c-4025-9824-16bd5073f132', '5932ae28-9d03-4548-9542-5c1137dec111', '創世記', 22, NOW() - INTERVAL '81 days'),
  ('e5ed5aea-a74c-4025-9824-16bd5073f132', '5932ae28-9d03-4548-9542-5c1137dec111', '創世記', 23, NOW() - INTERVAL '81 days'),
  ('e5ed5aea-a74c-4025-9824-16bd5073f132', '5932ae28-9d03-4548-9542-5c1137dec111', '創世記', 24, NOW() - INTERVAL '81 days'),
  ('e5ed5aea-a74c-4025-9824-16bd5073f132', '5932ae28-9d03-4548-9542-5c1137dec111', '創世記', 25, NOW() - INTERVAL '81 days'),
  ('e5ed5aea-a74c-4025-9824-16bd5073f132', '5932ae28-9d03-4548-9542-5c1137dec111', '創世記', 26, NOW() - INTERVAL '81 days'),
  ('e5ed5aea-a74c-4025-9824-16bd5073f132', '5932ae28-9d03-4548-9542-5c1137dec111', '創世記', 27, NOW() - INTERVAL '80 days'),
  ('e5ed5aea-a74c-4025-9824-16bd5073f132', '5932ae28-9d03-4548-9542-5c1137dec111', '創世記', 28, NOW() - INTERVAL '80 days'),
  ('e5ed5aea-a74c-4025-9824-16bd5073f132', '5932ae28-9d03-4548-9542-5c1137dec111', '創世記', 29, NOW() - INTERVAL '80 days'),
  ('e5ed5aea-a74c-4025-9824-16bd5073f132', '5932ae28-9d03-4548-9542-5c1137dec111', '創世記', 30, NOW() - INTERVAL '80 days'),
  ('e5ed5aea-a74c-4025-9824-16bd5073f132', '5932ae28-9d03-4548-9542-5c1137dec111', '創世記', 31, NOW() - INTERVAL '80 days'),
  ('e5ed5aea-a74c-4025-9824-16bd5073f132', '5932ae28-9d03-4548-9542-5c1137dec111', '創世記', 32, NOW() - INTERVAL '79 days'),
  ('e5ed5aea-a74c-4025-9824-16bd5073f132', '5932ae28-9d03-4548-9542-5c1137dec111', '創世記', 33, NOW() - INTERVAL '79 days'),
  ('e5ed5aea-a74c-4025-9824-16bd5073f132', '5932ae28-9d03-4548-9542-5c1137dec111', '創世記', 34, NOW() - INTERVAL '79 days'),
  ('e5ed5aea-a74c-4025-9824-16bd5073f132', '5932ae28-9d03-4548-9542-5c1137dec111', '創世記', 35, NOW() - INTERVAL '79 days'),
  ('e5ed5aea-a74c-4025-9824-16bd5073f132', '5932ae28-9d03-4548-9542-5c1137dec111', '創世記', 36, NOW() - INTERVAL '79 days'),
  ('e5ed5aea-a74c-4025-9824-16bd5073f132', '5932ae28-9d03-4548-9542-5c1137dec111', '創世記', 37, NOW() - INTERVAL '78 days'),
  ('e5ed5aea-a74c-4025-9824-16bd5073f132', '5932ae28-9d03-4548-9542-5c1137dec111', '創世記', 38, NOW() - INTERVAL '78 days'),
  ('e5ed5aea-a74c-4025-9824-16bd5073f132', '5932ae28-9d03-4548-9542-5c1137dec111', '創世記', 39, NOW() - INTERVAL '78 days'),
  ('e5ed5aea-a74c-4025-9824-16bd5073f132', '5932ae28-9d03-4548-9542-5c1137dec111', '創世記', 40, NOW() - INTERVAL '78 days'),
  ('e5ed5aea-a74c-4025-9824-16bd5073f132', '5932ae28-9d03-4548-9542-5c1137dec111', '創世記', 41, NOW() - INTERVAL '78 days'),
  ('e5ed5aea-a74c-4025-9824-16bd5073f132', '5932ae28-9d03-4548-9542-5c1137dec111', '創世記', 42, NOW() - INTERVAL '77 days'),
  ('e5ed5aea-a74c-4025-9824-16bd5073f132', '5932ae28-9d03-4548-9542-5c1137dec111', '創世記', 43, NOW() - INTERVAL '77 days'),
  ('e5ed5aea-a74c-4025-9824-16bd5073f132', '5932ae28-9d03-4548-9542-5c1137dec111', '創世記', 44, NOW() - INTERVAL '77 days'),
  ('e5ed5aea-a74c-4025-9824-16bd5073f132', '5932ae28-9d03-4548-9542-5c1137dec111', '創世記', 45, NOW() - INTERVAL '77 days'),
  ('e5ed5aea-a74c-4025-9824-16bd5073f132', '5932ae28-9d03-4548-9542-5c1137dec111', '創世記', 46, NOW() - INTERVAL '77 days'),
  ('e5ed5aea-a74c-4025-9824-16bd5073f132', '5932ae28-9d03-4548-9542-5c1137dec111', '創世記', 47, NOW() - INTERVAL '76 days'),
  ('e5ed5aea-a74c-4025-9824-16bd5073f132', '5932ae28-9d03-4548-9542-5c1137dec111', '創世記', 48, NOW() - INTERVAL '76 days'),
  ('e5ed5aea-a74c-4025-9824-16bd5073f132', '5932ae28-9d03-4548-9542-5c1137dec111', '創世記', 49, NOW() - INTERVAL '76 days'),
  ('e5ed5aea-a74c-4025-9824-16bd5073f132', '5932ae28-9d03-4548-9542-5c1137dec111', '創世記', 50, NOW() - INTERVAL '76 days'),
  ('e5ed5aea-a74c-4025-9824-16bd5073f132', '5932ae28-9d03-4548-9542-5c1137dec111', '馬太福音', 1, NOW() - INTERVAL '76 days'),
  ('e5ed5aea-a74c-4025-9824-16bd5073f132', '5932ae28-9d03-4548-9542-5c1137dec111', '馬太福音', 2, NOW() - INTERVAL '75 days'),
  ('e5ed5aea-a74c-4025-9824-16bd5073f132', '5932ae28-9d03-4548-9542-5c1137dec111', '馬太福音', 3, NOW() - INTERVAL '75 days'),
  ('e5ed5aea-a74c-4025-9824-16bd5073f132', '5932ae28-9d03-4548-9542-5c1137dec111', '馬太福音', 4, NOW() - INTERVAL '75 days'),
  ('e5ed5aea-a74c-4025-9824-16bd5073f132', '5932ae28-9d03-4548-9542-5c1137dec111', '馬太福音', 5, NOW() - INTERVAL '75 days'),
  ('e5ed5aea-a74c-4025-9824-16bd5073f132', '5932ae28-9d03-4548-9542-5c1137dec111', '馬太福音', 6, NOW() - INTERVAL '75 days'),
  ('e5ed5aea-a74c-4025-9824-16bd5073f132', '5932ae28-9d03-4548-9542-5c1137dec111', '馬太福音', 7, NOW() - INTERVAL '74 days'),
  ('e5ed5aea-a74c-4025-9824-16bd5073f132', '5932ae28-9d03-4548-9542-5c1137dec111', '馬太福音', 8, NOW() - INTERVAL '74 days'),
  ('e5ed5aea-a74c-4025-9824-16bd5073f132', '5932ae28-9d03-4548-9542-5c1137dec111', '馬太福音', 9, NOW() - INTERVAL '74 days'),
  ('e5ed5aea-a74c-4025-9824-16bd5073f132', '5932ae28-9d03-4548-9542-5c1137dec111', '馬太福音', 10, NOW() - INTERVAL '74 days'),
  ('e5ed5aea-a74c-4025-9824-16bd5073f132', '5932ae28-9d03-4548-9542-5c1137dec111', '馬太福音', 11, NOW() - INTERVAL '74 days'),
  ('e5ed5aea-a74c-4025-9824-16bd5073f132', '5932ae28-9d03-4548-9542-5c1137dec111', '馬太福音', 12, NOW() - INTERVAL '73 days'),
  ('e5ed5aea-a74c-4025-9824-16bd5073f132', '5932ae28-9d03-4548-9542-5c1137dec111', '馬太福音', 13, NOW() - INTERVAL '73 days'),
  ('e5ed5aea-a74c-4025-9824-16bd5073f132', '5932ae28-9d03-4548-9542-5c1137dec111', '馬太福音', 14, NOW() - INTERVAL '73 days'),
  ('e5ed5aea-a74c-4025-9824-16bd5073f132', '5932ae28-9d03-4548-9542-5c1137dec111', '馬太福音', 15, NOW() - INTERVAL '73 days'),
  ('e5ed5aea-a74c-4025-9824-16bd5073f132', '5932ae28-9d03-4548-9542-5c1137dec111', '馬太福音', 16, NOW() - INTERVAL '73 days'),
  ('e5ed5aea-a74c-4025-9824-16bd5073f132', '5932ae28-9d03-4548-9542-5c1137dec111', '馬太福音', 17, NOW() - INTERVAL '72 days'),
  ('e5ed5aea-a74c-4025-9824-16bd5073f132', '5932ae28-9d03-4548-9542-5c1137dec111', '馬太福音', 18, NOW() - INTERVAL '72 days'),
  ('e5ed5aea-a74c-4025-9824-16bd5073f132', '5932ae28-9d03-4548-9542-5c1137dec111', '馬太福音', 19, NOW() - INTERVAL '72 days'),
  ('e5ed5aea-a74c-4025-9824-16bd5073f132', '5932ae28-9d03-4548-9542-5c1137dec111', '馬太福音', 20, NOW() - INTERVAL '72 days'),
  ('e5ed5aea-a74c-4025-9824-16bd5073f132', '5932ae28-9d03-4548-9542-5c1137dec111', '馬太福音', 21, NOW() - INTERVAL '72 days'),
  ('e5ed5aea-a74c-4025-9824-16bd5073f132', '5932ae28-9d03-4548-9542-5c1137dec111', '馬太福音', 22, NOW() - INTERVAL '71 days'),
  ('e5ed5aea-a74c-4025-9824-16bd5073f132', '5932ae28-9d03-4548-9542-5c1137dec111', '馬太福音', 23, NOW() - INTERVAL '71 days'),
  ('e5ed5aea-a74c-4025-9824-16bd5073f132', '5932ae28-9d03-4548-9542-5c1137dec111', '馬太福音', 24, NOW() - INTERVAL '71 days'),
  ('e5ed5aea-a74c-4025-9824-16bd5073f132', '5932ae28-9d03-4548-9542-5c1137dec111', '馬太福音', 25, NOW() - INTERVAL '71 days'),
  ('e5ed5aea-a74c-4025-9824-16bd5073f132', '5932ae28-9d03-4548-9542-5c1137dec111', '馬太福音', 26, NOW() - INTERVAL '71 days'),
  ('e5ed5aea-a74c-4025-9824-16bd5073f132', '5932ae28-9d03-4548-9542-5c1137dec111', '馬太福音', 27, NOW() - INTERVAL '70 days'),
  ('e5ed5aea-a74c-4025-9824-16bd5073f132', '5932ae28-9d03-4548-9542-5c1137dec111', '馬太福音', 28, NOW() - INTERVAL '70 days'),
  ('e5ed5aea-a74c-4025-9824-16bd5073f132', '5932ae28-9d03-4548-9542-5c1137dec111', '列王紀下', 1, NOW() - INTERVAL '70 days'),
  ('e5ed5aea-a74c-4025-9824-16bd5073f132', '5932ae28-9d03-4548-9542-5c1137dec111', '列王紀下', 2, NOW() - INTERVAL '70 days'),
  ('e5ed5aea-a74c-4025-9824-16bd5073f132', '5932ae28-9d03-4548-9542-5c1137dec111', '列王紀下', 3, NOW() - INTERVAL '70 days'),
  ('e5ed5aea-a74c-4025-9824-16bd5073f132', '5932ae28-9d03-4548-9542-5c1137dec111', '列王紀下', 4, NOW() - INTERVAL '69 days'),
  ('e5ed5aea-a74c-4025-9824-16bd5073f132', '5932ae28-9d03-4548-9542-5c1137dec111', '列王紀下', 5, NOW() - INTERVAL '69 days'),
  ('e5ed5aea-a74c-4025-9824-16bd5073f132', '5932ae28-9d03-4548-9542-5c1137dec111', '列王紀下', 6, NOW() - INTERVAL '69 days'),
  ('e5ed5aea-a74c-4025-9824-16bd5073f132', '5932ae28-9d03-4548-9542-5c1137dec111', '列王紀下', 7, NOW() - INTERVAL '69 days'),
  ('e5ed5aea-a74c-4025-9824-16bd5073f132', '5932ae28-9d03-4548-9542-5c1137dec111', '列王紀下', 8, NOW() - INTERVAL '69 days'),
  ('e5ed5aea-a74c-4025-9824-16bd5073f132', '5932ae28-9d03-4548-9542-5c1137dec111', '列王紀下', 9, NOW() - INTERVAL '68 days'),
  ('e5ed5aea-a74c-4025-9824-16bd5073f132', '5932ae28-9d03-4548-9542-5c1137dec111', '列王紀下', 10, NOW() - INTERVAL '68 days'),
  ('e5ed5aea-a74c-4025-9824-16bd5073f132', '5932ae28-9d03-4548-9542-5c1137dec111', '列王紀下', 11, NOW() - INTERVAL '68 days'),
  ('e5ed5aea-a74c-4025-9824-16bd5073f132', '5932ae28-9d03-4548-9542-5c1137dec111', '列王紀下', 12, NOW() - INTERVAL '68 days'),
  ('e5ed5aea-a74c-4025-9824-16bd5073f132', '5932ae28-9d03-4548-9542-5c1137dec111', '列王紀下', 13, NOW() - INTERVAL '68 days'),
  ('e5ed5aea-a74c-4025-9824-16bd5073f132', '5932ae28-9d03-4548-9542-5c1137dec111', '列王紀下', 14, NOW() - INTERVAL '67 days'),
  ('e5ed5aea-a74c-4025-9824-16bd5073f132', '5932ae28-9d03-4548-9542-5c1137dec111', '列王紀下', 15, NOW() - INTERVAL '67 days'),
  ('e5ed5aea-a74c-4025-9824-16bd5073f132', '5932ae28-9d03-4548-9542-5c1137dec111', '列王紀下', 16, NOW() - INTERVAL '67 days'),
  ('e5ed5aea-a74c-4025-9824-16bd5073f132', '5932ae28-9d03-4548-9542-5c1137dec111', '列王紀下', 17, NOW() - INTERVAL '67 days'),
  ('e5ed5aea-a74c-4025-9824-16bd5073f132', '5932ae28-9d03-4548-9542-5c1137dec111', '列王紀下', 18, NOW() - INTERVAL '67 days'),
  ('e5ed5aea-a74c-4025-9824-16bd5073f132', '5932ae28-9d03-4548-9542-5c1137dec111', '列王紀下', 19, NOW() - INTERVAL '66 days'),
  ('e5ed5aea-a74c-4025-9824-16bd5073f132', '5932ae28-9d03-4548-9542-5c1137dec111', '列王紀下', 20, NOW() - INTERVAL '66 days'),
  ('e5ed5aea-a74c-4025-9824-16bd5073f132', '5932ae28-9d03-4548-9542-5c1137dec111', '列王紀下', 21, NOW() - INTERVAL '66 days'),
  ('e5ed5aea-a74c-4025-9824-16bd5073f132', '5932ae28-9d03-4548-9542-5c1137dec111', '列王紀下', 22, NOW() - INTERVAL '66 days'),
  ('e5ed5aea-a74c-4025-9824-16bd5073f132', '5932ae28-9d03-4548-9542-5c1137dec111', '列王紀下', 23, NOW() - INTERVAL '66 days'),
  ('e5ed5aea-a74c-4025-9824-16bd5073f132', '5932ae28-9d03-4548-9542-5c1137dec111', '列王紀下', 24, NOW() - INTERVAL '65 days'),
  ('e5ed5aea-a74c-4025-9824-16bd5073f132', '5932ae28-9d03-4548-9542-5c1137dec111', '列王紀下', 25, NOW() - INTERVAL '65 days'),
  ('e5ed5aea-a74c-4025-9824-16bd5073f132', '5932ae28-9d03-4548-9542-5c1137dec111', '雅各書', 1, NOW() - INTERVAL '65 days'),
  ('e5ed5aea-a74c-4025-9824-16bd5073f132', '5932ae28-9d03-4548-9542-5c1137dec111', '雅各書', 2, NOW() - INTERVAL '65 days'),
  ('e5ed5aea-a74c-4025-9824-16bd5073f132', '5932ae28-9d03-4548-9542-5c1137dec111', '雅各書', 3, NOW() - INTERVAL '65 days'),
  ('e5ed5aea-a74c-4025-9824-16bd5073f132', '5932ae28-9d03-4548-9542-5c1137dec111', '雅各書', 4, NOW() - INTERVAL '64 days'),
  ('e5ed5aea-a74c-4025-9824-16bd5073f132', '5932ae28-9d03-4548-9542-5c1137dec111', '雅各書', 5, NOW() - INTERVAL '64 days'),
  ('e5ed5aea-a74c-4025-9824-16bd5073f132', '5932ae28-9d03-4548-9542-5c1137dec111', '出埃及記', 1, NOW() - INTERVAL '64 days'),
  ('e5ed5aea-a74c-4025-9824-16bd5073f132', '5932ae28-9d03-4548-9542-5c1137dec111', '出埃及記', 2, NOW() - INTERVAL '64 days'),
  ('e5ed5aea-a74c-4025-9824-16bd5073f132', '5932ae28-9d03-4548-9542-5c1137dec111', '出埃及記', 3, NOW() - INTERVAL '64 days'),
  ('e5ed5aea-a74c-4025-9824-16bd5073f132', '5932ae28-9d03-4548-9542-5c1137dec111', '出埃及記', 4, NOW() - INTERVAL '63 days'),
  ('e5ed5aea-a74c-4025-9824-16bd5073f132', '5932ae28-9d03-4548-9542-5c1137dec111', '出埃及記', 5, NOW() - INTERVAL '63 days'),
  ('e5ed5aea-a74c-4025-9824-16bd5073f132', '5932ae28-9d03-4548-9542-5c1137dec111', '出埃及記', 6, NOW() - INTERVAL '63 days'),
  ('e5ed5aea-a74c-4025-9824-16bd5073f132', '5932ae28-9d03-4548-9542-5c1137dec111', '出埃及記', 7, NOW() - INTERVAL '63 days'),
  ('e5ed5aea-a74c-4025-9824-16bd5073f132', '5932ae28-9d03-4548-9542-5c1137dec111', '出埃及記', 8, NOW() - INTERVAL '63 days'),
  ('e5ed5aea-a74c-4025-9824-16bd5073f132', '5932ae28-9d03-4548-9542-5c1137dec111', '出埃及記', 9, NOW() - INTERVAL '62 days'),
  ('e5ed5aea-a74c-4025-9824-16bd5073f132', '5932ae28-9d03-4548-9542-5c1137dec111', '出埃及記', 10, NOW() - INTERVAL '62 days'),
  ('e5ed5aea-a74c-4025-9824-16bd5073f132', '5932ae28-9d03-4548-9542-5c1137dec111', '出埃及記', 11, NOW() - INTERVAL '62 days'),
  ('e5ed5aea-a74c-4025-9824-16bd5073f132', '5932ae28-9d03-4548-9542-5c1137dec111', '出埃及記', 12, NOW() - INTERVAL '62 days'),
  ('e5ed5aea-a74c-4025-9824-16bd5073f132', '5932ae28-9d03-4548-9542-5c1137dec111', '出埃及記', 13, NOW() - INTERVAL '62 days'),
  ('e5ed5aea-a74c-4025-9824-16bd5073f132', '5932ae28-9d03-4548-9542-5c1137dec111', '出埃及記', 14, NOW() - INTERVAL '61 days'),
  ('e5ed5aea-a74c-4025-9824-16bd5073f132', '5932ae28-9d03-4548-9542-5c1137dec111', '出埃及記', 15, NOW() - INTERVAL '61 days'),
  ('e5ed5aea-a74c-4025-9824-16bd5073f132', '5932ae28-9d03-4548-9542-5c1137dec111', '出埃及記', 16, NOW() - INTERVAL '61 days'),
  ('e5ed5aea-a74c-4025-9824-16bd5073f132', '5932ae28-9d03-4548-9542-5c1137dec111', '出埃及記', 17, NOW() - INTERVAL '61 days'),
  ('e5ed5aea-a74c-4025-9824-16bd5073f132', '5932ae28-9d03-4548-9542-5c1137dec111', '出埃及記', 18, NOW() - INTERVAL '61 days'),
  ('e5ed5aea-a74c-4025-9824-16bd5073f132', '5932ae28-9d03-4548-9542-5c1137dec111', '出埃及記', 19, NOW() - INTERVAL '60 days'),
  ('e5ed5aea-a74c-4025-9824-16bd5073f132', '5932ae28-9d03-4548-9542-5c1137dec111', '出埃及記', 20, NOW() - INTERVAL '60 days'),
  ('e5ed5aea-a74c-4025-9824-16bd5073f132', '5932ae28-9d03-4548-9542-5c1137dec111', '出埃及記', 21, NOW() - INTERVAL '60 days'),
  ('e5ed5aea-a74c-4025-9824-16bd5073f132', '5932ae28-9d03-4548-9542-5c1137dec111', '出埃及記', 22, NOW() - INTERVAL '60 days'),
  ('e5ed5aea-a74c-4025-9824-16bd5073f132', '5932ae28-9d03-4548-9542-5c1137dec111', '出埃及記', 23, NOW() - INTERVAL '60 days'),
  ('e5ed5aea-a74c-4025-9824-16bd5073f132', '5932ae28-9d03-4548-9542-5c1137dec111', '出埃及記', 24, NOW() - INTERVAL '59 days'),
  ('e5ed5aea-a74c-4025-9824-16bd5073f132', '5932ae28-9d03-4548-9542-5c1137dec111', '出埃及記', 25, NOW() - INTERVAL '59 days'),
  ('e5ed5aea-a74c-4025-9824-16bd5073f132', '5932ae28-9d03-4548-9542-5c1137dec111', '出埃及記', 26, NOW() - INTERVAL '59 days'),
  ('e5ed5aea-a74c-4025-9824-16bd5073f132', '5932ae28-9d03-4548-9542-5c1137dec111', '出埃及記', 27, NOW() - INTERVAL '59 days'),
  ('e5ed5aea-a74c-4025-9824-16bd5073f132', '5932ae28-9d03-4548-9542-5c1137dec111', '出埃及記', 28, NOW() - INTERVAL '59 days'),
  ('e5ed5aea-a74c-4025-9824-16bd5073f132', '5932ae28-9d03-4548-9542-5c1137dec111', '出埃及記', 29, NOW() - INTERVAL '58 days'),
  ('e5ed5aea-a74c-4025-9824-16bd5073f132', '5932ae28-9d03-4548-9542-5c1137dec111', '出埃及記', 30, NOW() - INTERVAL '58 days'),
  ('e5ed5aea-a74c-4025-9824-16bd5073f132', '5932ae28-9d03-4548-9542-5c1137dec111', '出埃及記', 31, NOW() - INTERVAL '58 days'),
  ('e5ed5aea-a74c-4025-9824-16bd5073f132', '5932ae28-9d03-4548-9542-5c1137dec111', '出埃及記', 32, NOW() - INTERVAL '58 days'),
  ('e5ed5aea-a74c-4025-9824-16bd5073f132', '5932ae28-9d03-4548-9542-5c1137dec111', '出埃及記', 33, NOW() - INTERVAL '58 days'),
  ('e5ed5aea-a74c-4025-9824-16bd5073f132', '5932ae28-9d03-4548-9542-5c1137dec111', '出埃及記', 34, NOW() - INTERVAL '57 days'),
  ('e5ed5aea-a74c-4025-9824-16bd5073f132', '5932ae28-9d03-4548-9542-5c1137dec111', '出埃及記', 35, NOW() - INTERVAL '57 days'),
  ('e5ed5aea-a74c-4025-9824-16bd5073f132', '5932ae28-9d03-4548-9542-5c1137dec111', '出埃及記', 36, NOW() - INTERVAL '57 days'),
  ('e5ed5aea-a74c-4025-9824-16bd5073f132', '5932ae28-9d03-4548-9542-5c1137dec111', '出埃及記', 37, NOW() - INTERVAL '57 days'),
  ('e5ed5aea-a74c-4025-9824-16bd5073f132', '5932ae28-9d03-4548-9542-5c1137dec111', '出埃及記', 38, NOW() - INTERVAL '57 days'),
  ('e5ed5aea-a74c-4025-9824-16bd5073f132', '5932ae28-9d03-4548-9542-5c1137dec111', '出埃及記', 39, NOW() - INTERVAL '56 days'),
  ('e5ed5aea-a74c-4025-9824-16bd5073f132', '5932ae28-9d03-4548-9542-5c1137dec111', '出埃及記', 40, NOW() - INTERVAL '56 days'),
  ('e5ed5aea-a74c-4025-9824-16bd5073f132', '5932ae28-9d03-4548-9542-5c1137dec111', '馬可福音', 1, NOW() - INTERVAL '56 days'),
  ('e5ed5aea-a74c-4025-9824-16bd5073f132', '5932ae28-9d03-4548-9542-5c1137dec111', '馬可福音', 2, NOW() - INTERVAL '56 days'),
  ('e5ed5aea-a74c-4025-9824-16bd5073f132', '5932ae28-9d03-4548-9542-5c1137dec111', '馬可福音', 3, NOW() - INTERVAL '56 days'),
  ('e5ed5aea-a74c-4025-9824-16bd5073f132', '5932ae28-9d03-4548-9542-5c1137dec111', '馬可福音', 4, NOW() - INTERVAL '55 days'),
  ('e5ed5aea-a74c-4025-9824-16bd5073f132', '5932ae28-9d03-4548-9542-5c1137dec111', '馬可福音', 5, NOW() - INTERVAL '55 days'),
  ('e5ed5aea-a74c-4025-9824-16bd5073f132', '5932ae28-9d03-4548-9542-5c1137dec111', '馬可福音', 6, NOW() - INTERVAL '55 days'),
  ('e5ed5aea-a74c-4025-9824-16bd5073f132', '5932ae28-9d03-4548-9542-5c1137dec111', '馬可福音', 7, NOW() - INTERVAL '55 days'),
  ('e5ed5aea-a74c-4025-9824-16bd5073f132', '5932ae28-9d03-4548-9542-5c1137dec111', '馬可福音', 8, NOW() - INTERVAL '55 days'),
  ('e5ed5aea-a74c-4025-9824-16bd5073f132', '5932ae28-9d03-4548-9542-5c1137dec111', '馬可福音', 9, NOW() - INTERVAL '54 days'),
  ('e5ed5aea-a74c-4025-9824-16bd5073f132', '5932ae28-9d03-4548-9542-5c1137dec111', '馬可福音', 10, NOW() - INTERVAL '54 days'),
  ('e5ed5aea-a74c-4025-9824-16bd5073f132', '5932ae28-9d03-4548-9542-5c1137dec111', '馬可福音', 11, NOW() - INTERVAL '54 days'),
  ('e5ed5aea-a74c-4025-9824-16bd5073f132', '5932ae28-9d03-4548-9542-5c1137dec111', '馬可福音', 12, NOW() - INTERVAL '54 days'),
  ('e5ed5aea-a74c-4025-9824-16bd5073f132', '5932ae28-9d03-4548-9542-5c1137dec111', '馬可福音', 13, NOW() - INTERVAL '54 days'),
  ('e5ed5aea-a74c-4025-9824-16bd5073f132', '5932ae28-9d03-4548-9542-5c1137dec111', '馬可福音', 14, NOW() - INTERVAL '53 days'),
  ('e5ed5aea-a74c-4025-9824-16bd5073f132', '5932ae28-9d03-4548-9542-5c1137dec111', '馬可福音', 15, NOW() - INTERVAL '53 days'),
  ('e5ed5aea-a74c-4025-9824-16bd5073f132', '5932ae28-9d03-4548-9542-5c1137dec111', '馬可福音', 16, NOW() - INTERVAL '53 days'),
  ('e5ed5aea-a74c-4025-9824-16bd5073f132', '5932ae28-9d03-4548-9542-5c1137dec111', '約伯記', 1, NOW() - INTERVAL '53 days'),
  ('e5ed5aea-a74c-4025-9824-16bd5073f132', '5932ae28-9d03-4548-9542-5c1137dec111', '約伯記', 2, NOW() - INTERVAL '53 days'),
  ('e5ed5aea-a74c-4025-9824-16bd5073f132', '5932ae28-9d03-4548-9542-5c1137dec111', '約伯記', 3, NOW() - INTERVAL '52 days'),
  ('e5ed5aea-a74c-4025-9824-16bd5073f132', '5932ae28-9d03-4548-9542-5c1137dec111', '約伯記', 4, NOW() - INTERVAL '52 days'),
  ('e5ed5aea-a74c-4025-9824-16bd5073f132', '5932ae28-9d03-4548-9542-5c1137dec111', '約伯記', 5, NOW() - INTERVAL '52 days'),
  ('e5ed5aea-a74c-4025-9824-16bd5073f132', '5932ae28-9d03-4548-9542-5c1137dec111', '約伯記', 6, NOW() - INTERVAL '52 days'),
  ('e5ed5aea-a74c-4025-9824-16bd5073f132', '5932ae28-9d03-4548-9542-5c1137dec111', '約伯記', 7, NOW() - INTERVAL '52 days'),
  ('e5ed5aea-a74c-4025-9824-16bd5073f132', '5932ae28-9d03-4548-9542-5c1137dec111', '約伯記', 8, NOW() - INTERVAL '51 days'),
  ('e5ed5aea-a74c-4025-9824-16bd5073f132', '5932ae28-9d03-4548-9542-5c1137dec111', '約伯記', 9, NOW() - INTERVAL '51 days'),
  ('e5ed5aea-a74c-4025-9824-16bd5073f132', '5932ae28-9d03-4548-9542-5c1137dec111', '約伯記', 10, NOW() - INTERVAL '51 days'),
  ('e5ed5aea-a74c-4025-9824-16bd5073f132', '5932ae28-9d03-4548-9542-5c1137dec111', '約伯記', 11, NOW() - INTERVAL '51 days'),
  ('e5ed5aea-a74c-4025-9824-16bd5073f132', '5932ae28-9d03-4548-9542-5c1137dec111', '約伯記', 12, NOW() - INTERVAL '51 days'),
  ('e5ed5aea-a74c-4025-9824-16bd5073f132', '5932ae28-9d03-4548-9542-5c1137dec111', '約伯記', 13, NOW() - INTERVAL '50 days'),
  ('e5ed5aea-a74c-4025-9824-16bd5073f132', '5932ae28-9d03-4548-9542-5c1137dec111', '約伯記', 14, NOW() - INTERVAL '50 days'),
  ('e5ed5aea-a74c-4025-9824-16bd5073f132', '5932ae28-9d03-4548-9542-5c1137dec111', '約伯記', 15, NOW() - INTERVAL '50 days'),
  ('e5ed5aea-a74c-4025-9824-16bd5073f132', '5932ae28-9d03-4548-9542-5c1137dec111', '約伯記', 16, NOW() - INTERVAL '50 days'),
  ('e5ed5aea-a74c-4025-9824-16bd5073f132', '5932ae28-9d03-4548-9542-5c1137dec111', '約伯記', 17, NOW() - INTERVAL '50 days'),
  ('e5ed5aea-a74c-4025-9824-16bd5073f132', '5932ae28-9d03-4548-9542-5c1137dec111', '約伯記', 18, NOW() - INTERVAL '49 days'),
  ('e5ed5aea-a74c-4025-9824-16bd5073f132', '5932ae28-9d03-4548-9542-5c1137dec111', '約伯記', 19, NOW() - INTERVAL '49 days'),
  ('e5ed5aea-a74c-4025-9824-16bd5073f132', '5932ae28-9d03-4548-9542-5c1137dec111', '約伯記', 20, NOW() - INTERVAL '49 days'),
  ('e5ed5aea-a74c-4025-9824-16bd5073f132', '5932ae28-9d03-4548-9542-5c1137dec111', '約伯記', 21, NOW() - INTERVAL '49 days'),
  ('e5ed5aea-a74c-4025-9824-16bd5073f132', '5932ae28-9d03-4548-9542-5c1137dec111', '約伯記', 22, NOW() - INTERVAL '49 days'),
  ('e5ed5aea-a74c-4025-9824-16bd5073f132', '5932ae28-9d03-4548-9542-5c1137dec111', '約伯記', 23, NOW() - INTERVAL '48 days'),
  ('e5ed5aea-a74c-4025-9824-16bd5073f132', '5932ae28-9d03-4548-9542-5c1137dec111', '約伯記', 24, NOW() - INTERVAL '48 days'),
  ('e5ed5aea-a74c-4025-9824-16bd5073f132', '5932ae28-9d03-4548-9542-5c1137dec111', '約伯記', 25, NOW() - INTERVAL '48 days'),
  ('e5ed5aea-a74c-4025-9824-16bd5073f132', '5932ae28-9d03-4548-9542-5c1137dec111', '約伯記', 26, NOW() - INTERVAL '48 days'),
  ('e5ed5aea-a74c-4025-9824-16bd5073f132', '5932ae28-9d03-4548-9542-5c1137dec111', '約伯記', 27, NOW() - INTERVAL '48 days'),
  ('e5ed5aea-a74c-4025-9824-16bd5073f132', '5932ae28-9d03-4548-9542-5c1137dec111', '約伯記', 28, NOW() - INTERVAL '47 days'),
  ('e5ed5aea-a74c-4025-9824-16bd5073f132', '5932ae28-9d03-4548-9542-5c1137dec111', '約伯記', 29, NOW() - INTERVAL '47 days'),
  ('e5ed5aea-a74c-4025-9824-16bd5073f132', '5932ae28-9d03-4548-9542-5c1137dec111', '約伯記', 30, NOW() - INTERVAL '47 days'),
  ('e5ed5aea-a74c-4025-9824-16bd5073f132', '5932ae28-9d03-4548-9542-5c1137dec111', '約伯記', 31, NOW() - INTERVAL '47 days'),
  ('e5ed5aea-a74c-4025-9824-16bd5073f132', '5932ae28-9d03-4548-9542-5c1137dec111', '約伯記', 32, NOW() - INTERVAL '47 days'),
  ('e5ed5aea-a74c-4025-9824-16bd5073f132', '5932ae28-9d03-4548-9542-5c1137dec111', '約伯記', 33, NOW() - INTERVAL '46 days'),
  ('e5ed5aea-a74c-4025-9824-16bd5073f132', '5932ae28-9d03-4548-9542-5c1137dec111', '約伯記', 34, NOW() - INTERVAL '46 days'),
  ('e5ed5aea-a74c-4025-9824-16bd5073f132', '5932ae28-9d03-4548-9542-5c1137dec111', '約伯記', 35, NOW() - INTERVAL '46 days'),
  ('e5ed5aea-a74c-4025-9824-16bd5073f132', '5932ae28-9d03-4548-9542-5c1137dec111', '約伯記', 36, NOW() - INTERVAL '46 days'),
  ('e5ed5aea-a74c-4025-9824-16bd5073f132', '5932ae28-9d03-4548-9542-5c1137dec111', '約伯記', 37, NOW() - INTERVAL '46 days'),
  ('e5ed5aea-a74c-4025-9824-16bd5073f132', '5932ae28-9d03-4548-9542-5c1137dec111', '約伯記', 38, NOW() - INTERVAL '45 days'),
  ('e5ed5aea-a74c-4025-9824-16bd5073f132', '5932ae28-9d03-4548-9542-5c1137dec111', '約伯記', 39, NOW() - INTERVAL '45 days'),
  ('e5ed5aea-a74c-4025-9824-16bd5073f132', '5932ae28-9d03-4548-9542-5c1137dec111', '約伯記', 40, NOW() - INTERVAL '45 days'),
  ('e5ed5aea-a74c-4025-9824-16bd5073f132', '5932ae28-9d03-4548-9542-5c1137dec111', '約伯記', 41, NOW() - INTERVAL '45 days'),
  ('e5ed5aea-a74c-4025-9824-16bd5073f132', '5932ae28-9d03-4548-9542-5c1137dec111', '約伯記', 42, NOW() - INTERVAL '45 days'),
  ('e5ed5aea-a74c-4025-9824-16bd5073f132', '5932ae28-9d03-4548-9542-5c1137dec111', '加拉太書', 1, NOW() - INTERVAL '44 days'),
  ('e5ed5aea-a74c-4025-9824-16bd5073f132', '5932ae28-9d03-4548-9542-5c1137dec111', '加拉太書', 2, NOW() - INTERVAL '44 days'),
  ('e5ed5aea-a74c-4025-9824-16bd5073f132', '5932ae28-9d03-4548-9542-5c1137dec111', '加拉太書', 3, NOW() - INTERVAL '44 days'),
  ('e5ed5aea-a74c-4025-9824-16bd5073f132', '5932ae28-9d03-4548-9542-5c1137dec111', '加拉太書', 4, NOW() - INTERVAL '44 days'),
  ('e5ed5aea-a74c-4025-9824-16bd5073f132', '5932ae28-9d03-4548-9542-5c1137dec111', '加拉太書', 5, NOW() - INTERVAL '44 days'),
  ('e5ed5aea-a74c-4025-9824-16bd5073f132', '5932ae28-9d03-4548-9542-5c1137dec111', '加拉太書', 6, NOW() - INTERVAL '43 days'),
  ('e5ed5aea-a74c-4025-9824-16bd5073f132', '5932ae28-9d03-4548-9542-5c1137dec111', '哈巴谷書', 1, NOW() - INTERVAL '43 days'),
  ('e5ed5aea-a74c-4025-9824-16bd5073f132', '5932ae28-9d03-4548-9542-5c1137dec111', '哈巴谷書', 2, NOW() - INTERVAL '43 days'),
  ('e5ed5aea-a74c-4025-9824-16bd5073f132', '5932ae28-9d03-4548-9542-5c1137dec111', '哈巴谷書', 3, NOW() - INTERVAL '43 days'),
  ('e5ed5aea-a74c-4025-9824-16bd5073f132', '5932ae28-9d03-4548-9542-5c1137dec111', '猶大書', 1, NOW() - INTERVAL '43 days'),
  ('e5ed5aea-a74c-4025-9824-16bd5073f132', '5932ae28-9d03-4548-9542-5c1137dec111', '利未記', 1, NOW() - INTERVAL '42 days'),
  ('e5ed5aea-a74c-4025-9824-16bd5073f132', '5932ae28-9d03-4548-9542-5c1137dec111', '利未記', 2, NOW() - INTERVAL '42 days'),
  ('e5ed5aea-a74c-4025-9824-16bd5073f132', '5932ae28-9d03-4548-9542-5c1137dec111', '利未記', 3, NOW() - INTERVAL '42 days'),
  ('e5ed5aea-a74c-4025-9824-16bd5073f132', '5932ae28-9d03-4548-9542-5c1137dec111', '利未記', 4, NOW() - INTERVAL '42 days'),
  ('e5ed5aea-a74c-4025-9824-16bd5073f132', '5932ae28-9d03-4548-9542-5c1137dec111', '利未記', 5, NOW() - INTERVAL '42 days'),
  ('e5ed5aea-a74c-4025-9824-16bd5073f132', '5932ae28-9d03-4548-9542-5c1137dec111', '利未記', 6, NOW() - INTERVAL '41 days'),
  ('e5ed5aea-a74c-4025-9824-16bd5073f132', '5932ae28-9d03-4548-9542-5c1137dec111', '利未記', 7, NOW() - INTERVAL '41 days'),
  ('e5ed5aea-a74c-4025-9824-16bd5073f132', '5932ae28-9d03-4548-9542-5c1137dec111', '利未記', 8, NOW() - INTERVAL '41 days'),
  ('e5ed5aea-a74c-4025-9824-16bd5073f132', '5932ae28-9d03-4548-9542-5c1137dec111', '利未記', 9, NOW() - INTERVAL '41 days'),
  ('e5ed5aea-a74c-4025-9824-16bd5073f132', '5932ae28-9d03-4548-9542-5c1137dec111', '利未記', 10, NOW() - INTERVAL '41 days'),
  ('e5ed5aea-a74c-4025-9824-16bd5073f132', '5932ae28-9d03-4548-9542-5c1137dec111', '利未記', 11, NOW() - INTERVAL '40 days'),
  ('e5ed5aea-a74c-4025-9824-16bd5073f132', '5932ae28-9d03-4548-9542-5c1137dec111', '利未記', 12, NOW() - INTERVAL '40 days'),
  ('e5ed5aea-a74c-4025-9824-16bd5073f132', '5932ae28-9d03-4548-9542-5c1137dec111', '利未記', 13, NOW() - INTERVAL '40 days'),
  ('e5ed5aea-a74c-4025-9824-16bd5073f132', '5932ae28-9d03-4548-9542-5c1137dec111', '利未記', 14, NOW() - INTERVAL '40 days'),
  ('e5ed5aea-a74c-4025-9824-16bd5073f132', '5932ae28-9d03-4548-9542-5c1137dec111', '利未記', 15, NOW() - INTERVAL '40 days'),
  ('e5ed5aea-a74c-4025-9824-16bd5073f132', '5932ae28-9d03-4548-9542-5c1137dec111', '利未記', 16, NOW() - INTERVAL '39 days'),
  ('e5ed5aea-a74c-4025-9824-16bd5073f132', '5932ae28-9d03-4548-9542-5c1137dec111', '利未記', 17, NOW() - INTERVAL '39 days'),
  ('e5ed5aea-a74c-4025-9824-16bd5073f132', '5932ae28-9d03-4548-9542-5c1137dec111', '利未記', 18, NOW() - INTERVAL '39 days'),
  ('e5ed5aea-a74c-4025-9824-16bd5073f132', '5932ae28-9d03-4548-9542-5c1137dec111', '利未記', 19, NOW() - INTERVAL '39 days'),
  ('e5ed5aea-a74c-4025-9824-16bd5073f132', '5932ae28-9d03-4548-9542-5c1137dec111', '利未記', 20, NOW() - INTERVAL '39 days'),
  ('e5ed5aea-a74c-4025-9824-16bd5073f132', '5932ae28-9d03-4548-9542-5c1137dec111', '利未記', 21, NOW() - INTERVAL '38 days'),
  ('e5ed5aea-a74c-4025-9824-16bd5073f132', '5932ae28-9d03-4548-9542-5c1137dec111', '利未記', 22, NOW() - INTERVAL '38 days'),
  ('e5ed5aea-a74c-4025-9824-16bd5073f132', '5932ae28-9d03-4548-9542-5c1137dec111', '利未記', 23, NOW() - INTERVAL '38 days'),
  ('e5ed5aea-a74c-4025-9824-16bd5073f132', '5932ae28-9d03-4548-9542-5c1137dec111', '利未記', 24, NOW() - INTERVAL '38 days'),
  ('e5ed5aea-a74c-4025-9824-16bd5073f132', '5932ae28-9d03-4548-9542-5c1137dec111', '利未記', 25, NOW() - INTERVAL '38 days'),
  ('e5ed5aea-a74c-4025-9824-16bd5073f132', '5932ae28-9d03-4548-9542-5c1137dec111', '利未記', 26, NOW() - INTERVAL '37 days'),
  ('e5ed5aea-a74c-4025-9824-16bd5073f132', '5932ae28-9d03-4548-9542-5c1137dec111', '利未記', 27, NOW() - INTERVAL '37 days'),
  ('e5ed5aea-a74c-4025-9824-16bd5073f132', '5932ae28-9d03-4548-9542-5c1137dec111', '路加福音', 1, NOW() - INTERVAL '37 days'),
  ('e5ed5aea-a74c-4025-9824-16bd5073f132', '5932ae28-9d03-4548-9542-5c1137dec111', '路加福音', 2, NOW() - INTERVAL '37 days'),
  ('e5ed5aea-a74c-4025-9824-16bd5073f132', '5932ae28-9d03-4548-9542-5c1137dec111', '路加福音', 3, NOW() - INTERVAL '37 days'),
  ('e5ed5aea-a74c-4025-9824-16bd5073f132', '5932ae28-9d03-4548-9542-5c1137dec111', '路加福音', 4, NOW() - INTERVAL '36 days'),
  ('e5ed5aea-a74c-4025-9824-16bd5073f132', '5932ae28-9d03-4548-9542-5c1137dec111', '路加福音', 5, NOW() - INTERVAL '36 days'),
  ('e5ed5aea-a74c-4025-9824-16bd5073f132', '5932ae28-9d03-4548-9542-5c1137dec111', '路加福音', 6, NOW() - INTERVAL '36 days'),
  ('e5ed5aea-a74c-4025-9824-16bd5073f132', '5932ae28-9d03-4548-9542-5c1137dec111', '路加福音', 7, NOW() - INTERVAL '36 days'),
  ('e5ed5aea-a74c-4025-9824-16bd5073f132', '5932ae28-9d03-4548-9542-5c1137dec111', '路加福音', 8, NOW() - INTERVAL '36 days'),
  ('e5ed5aea-a74c-4025-9824-16bd5073f132', '5932ae28-9d03-4548-9542-5c1137dec111', '路加福音', 9, NOW() - INTERVAL '35 days'),
  ('e5ed5aea-a74c-4025-9824-16bd5073f132', '5932ae28-9d03-4548-9542-5c1137dec111', '路加福音', 10, NOW() - INTERVAL '35 days'),
  ('e5ed5aea-a74c-4025-9824-16bd5073f132', '5932ae28-9d03-4548-9542-5c1137dec111', '路加福音', 11, NOW() - INTERVAL '35 days'),
  ('e5ed5aea-a74c-4025-9824-16bd5073f132', '5932ae28-9d03-4548-9542-5c1137dec111', '路加福音', 12, NOW() - INTERVAL '35 days'),
  ('e5ed5aea-a74c-4025-9824-16bd5073f132', '5932ae28-9d03-4548-9542-5c1137dec111', '路加福音', 13, NOW() - INTERVAL '35 days'),
  ('e5ed5aea-a74c-4025-9824-16bd5073f132', '5932ae28-9d03-4548-9542-5c1137dec111', '路加福音', 14, NOW() - INTERVAL '34 days'),
  ('e5ed5aea-a74c-4025-9824-16bd5073f132', '5932ae28-9d03-4548-9542-5c1137dec111', '路加福音', 15, NOW() - INTERVAL '34 days'),
  ('e5ed5aea-a74c-4025-9824-16bd5073f132', '5932ae28-9d03-4548-9542-5c1137dec111', '路加福音', 16, NOW() - INTERVAL '34 days'),
  ('e5ed5aea-a74c-4025-9824-16bd5073f132', '5932ae28-9d03-4548-9542-5c1137dec111', '路加福音', 17, NOW() - INTERVAL '34 days'),
  ('e5ed5aea-a74c-4025-9824-16bd5073f132', '5932ae28-9d03-4548-9542-5c1137dec111', '路加福音', 18, NOW() - INTERVAL '34 days'),
  ('e5ed5aea-a74c-4025-9824-16bd5073f132', '5932ae28-9d03-4548-9542-5c1137dec111', '路加福音', 19, NOW() - INTERVAL '33 days'),
  ('e5ed5aea-a74c-4025-9824-16bd5073f132', '5932ae28-9d03-4548-9542-5c1137dec111', '路加福音', 20, NOW() - INTERVAL '33 days'),
  ('e5ed5aea-a74c-4025-9824-16bd5073f132', '5932ae28-9d03-4548-9542-5c1137dec111', '路加福音', 21, NOW() - INTERVAL '33 days'),
  ('e5ed5aea-a74c-4025-9824-16bd5073f132', '5932ae28-9d03-4548-9542-5c1137dec111', '路加福音', 22, NOW() - INTERVAL '33 days'),
  ('e5ed5aea-a74c-4025-9824-16bd5073f132', '5932ae28-9d03-4548-9542-5c1137dec111', '路加福音', 23, NOW() - INTERVAL '33 days'),
  ('e5ed5aea-a74c-4025-9824-16bd5073f132', '5932ae28-9d03-4548-9542-5c1137dec111', '路加福音', 24, NOW() - INTERVAL '32 days'),
  ('e5ed5aea-a74c-4025-9824-16bd5073f132', '5932ae28-9d03-4548-9542-5c1137dec111', '歷代志下', 1, NOW() - INTERVAL '32 days'),
  ('e5ed5aea-a74c-4025-9824-16bd5073f132', '5932ae28-9d03-4548-9542-5c1137dec111', '歷代志下', 2, NOW() - INTERVAL '32 days'),
  ('e5ed5aea-a74c-4025-9824-16bd5073f132', '5932ae28-9d03-4548-9542-5c1137dec111', '歷代志下', 3, NOW() - INTERVAL '32 days'),
  ('e5ed5aea-a74c-4025-9824-16bd5073f132', '5932ae28-9d03-4548-9542-5c1137dec111', '歷代志下', 4, NOW() - INTERVAL '32 days'),
  ('e5ed5aea-a74c-4025-9824-16bd5073f132', '5932ae28-9d03-4548-9542-5c1137dec111', '歷代志下', 5, NOW() - INTERVAL '31 days'),
  ('e5ed5aea-a74c-4025-9824-16bd5073f132', '5932ae28-9d03-4548-9542-5c1137dec111', '歷代志下', 6, NOW() - INTERVAL '31 days'),
  ('e5ed5aea-a74c-4025-9824-16bd5073f132', '5932ae28-9d03-4548-9542-5c1137dec111', '歷代志下', 7, NOW() - INTERVAL '31 days'),
  ('e5ed5aea-a74c-4025-9824-16bd5073f132', '5932ae28-9d03-4548-9542-5c1137dec111', '歷代志下', 8, NOW() - INTERVAL '31 days'),
  ('e5ed5aea-a74c-4025-9824-16bd5073f132', '5932ae28-9d03-4548-9542-5c1137dec111', '歷代志下', 9, NOW() - INTERVAL '31 days'),
  ('e5ed5aea-a74c-4025-9824-16bd5073f132', '5932ae28-9d03-4548-9542-5c1137dec111', '歷代志下', 10, NOW() - INTERVAL '30 days'),
  ('e5ed5aea-a74c-4025-9824-16bd5073f132', '5932ae28-9d03-4548-9542-5c1137dec111', '歷代志下', 11, NOW() - INTERVAL '30 days'),
  ('e5ed5aea-a74c-4025-9824-16bd5073f132', '5932ae28-9d03-4548-9542-5c1137dec111', '歷代志下', 12, NOW() - INTERVAL '30 days'),
  ('e5ed5aea-a74c-4025-9824-16bd5073f132', '5932ae28-9d03-4548-9542-5c1137dec111', '歷代志下', 13, NOW() - INTERVAL '30 days'),
  ('e5ed5aea-a74c-4025-9824-16bd5073f132', '5932ae28-9d03-4548-9542-5c1137dec111', '歷代志下', 14, NOW() - INTERVAL '30 days'),
  ('e5ed5aea-a74c-4025-9824-16bd5073f132', '5932ae28-9d03-4548-9542-5c1137dec111', '歷代志下', 15, NOW() - INTERVAL '29 days'),
  ('e5ed5aea-a74c-4025-9824-16bd5073f132', '5932ae28-9d03-4548-9542-5c1137dec111', '歷代志下', 16, NOW() - INTERVAL '29 days'),
  ('e5ed5aea-a74c-4025-9824-16bd5073f132', '5932ae28-9d03-4548-9542-5c1137dec111', '歷代志下', 17, NOW() - INTERVAL '29 days'),
  ('e5ed5aea-a74c-4025-9824-16bd5073f132', '5932ae28-9d03-4548-9542-5c1137dec111', '歷代志下', 18, NOW() - INTERVAL '29 days'),
  ('e5ed5aea-a74c-4025-9824-16bd5073f132', '5932ae28-9d03-4548-9542-5c1137dec111', '歷代志下', 19, NOW() - INTERVAL '29 days'),
  ('e5ed5aea-a74c-4025-9824-16bd5073f132', '5932ae28-9d03-4548-9542-5c1137dec111', '歷代志下', 20, NOW() - INTERVAL '28 days'),
  ('e5ed5aea-a74c-4025-9824-16bd5073f132', '5932ae28-9d03-4548-9542-5c1137dec111', '歷代志下', 21, NOW() - INTERVAL '28 days'),
  ('e5ed5aea-a74c-4025-9824-16bd5073f132', '5932ae28-9d03-4548-9542-5c1137dec111', '歷代志下', 22, NOW() - INTERVAL '28 days'),
  ('e5ed5aea-a74c-4025-9824-16bd5073f132', '5932ae28-9d03-4548-9542-5c1137dec111', '歷代志下', 23, NOW() - INTERVAL '28 days'),
  ('e5ed5aea-a74c-4025-9824-16bd5073f132', '5932ae28-9d03-4548-9542-5c1137dec111', '歷代志下', 24, NOW() - INTERVAL '28 days'),
  ('e5ed5aea-a74c-4025-9824-16bd5073f132', '5932ae28-9d03-4548-9542-5c1137dec111', '歷代志下', 25, NOW() - INTERVAL '27 days'),
  ('e5ed5aea-a74c-4025-9824-16bd5073f132', '5932ae28-9d03-4548-9542-5c1137dec111', '歷代志下', 26, NOW() - INTERVAL '27 days'),
  ('e5ed5aea-a74c-4025-9824-16bd5073f132', '5932ae28-9d03-4548-9542-5c1137dec111', '歷代志下', 27, NOW() - INTERVAL '27 days'),
  ('e5ed5aea-a74c-4025-9824-16bd5073f132', '5932ae28-9d03-4548-9542-5c1137dec111', '歷代志下', 28, NOW() - INTERVAL '27 days'),
  ('e5ed5aea-a74c-4025-9824-16bd5073f132', '5932ae28-9d03-4548-9542-5c1137dec111', '歷代志下', 29, NOW() - INTERVAL '27 days'),
  ('e5ed5aea-a74c-4025-9824-16bd5073f132', '5932ae28-9d03-4548-9542-5c1137dec111', '歷代志下', 30, NOW() - INTERVAL '26 days'),
  ('e5ed5aea-a74c-4025-9824-16bd5073f132', '5932ae28-9d03-4548-9542-5c1137dec111', '歷代志下', 31, NOW() - INTERVAL '26 days'),
  ('e5ed5aea-a74c-4025-9824-16bd5073f132', '5932ae28-9d03-4548-9542-5c1137dec111', '歷代志下', 32, NOW() - INTERVAL '26 days'),
  ('e5ed5aea-a74c-4025-9824-16bd5073f132', '5932ae28-9d03-4548-9542-5c1137dec111', '歷代志下', 33, NOW() - INTERVAL '26 days'),
  ('e5ed5aea-a74c-4025-9824-16bd5073f132', '5932ae28-9d03-4548-9542-5c1137dec111', '歷代志下', 34, NOW() - INTERVAL '26 days'),
  ('e5ed5aea-a74c-4025-9824-16bd5073f132', '5932ae28-9d03-4548-9542-5c1137dec111', '歷代志下', 35, NOW() - INTERVAL '25 days'),
  ('e5ed5aea-a74c-4025-9824-16bd5073f132', '5932ae28-9d03-4548-9542-5c1137dec111', '歷代志下', 36, NOW() - INTERVAL '25 days'),
  ('e5ed5aea-a74c-4025-9824-16bd5073f132', '5932ae28-9d03-4548-9542-5c1137dec111', '帖撒羅尼迦前書', 1, NOW() - INTERVAL '25 days'),
  ('e5ed5aea-a74c-4025-9824-16bd5073f132', '5932ae28-9d03-4548-9542-5c1137dec111', '帖撒羅尼迦前書', 2, NOW() - INTERVAL '25 days'),
  ('e5ed5aea-a74c-4025-9824-16bd5073f132', '5932ae28-9d03-4548-9542-5c1137dec111', '帖撒羅尼迦前書', 3, NOW() - INTERVAL '25 days'),
  ('e5ed5aea-a74c-4025-9824-16bd5073f132', '5932ae28-9d03-4548-9542-5c1137dec111', '帖撒羅尼迦前書', 4, NOW() - INTERVAL '24 days'),
  ('e5ed5aea-a74c-4025-9824-16bd5073f132', '5932ae28-9d03-4548-9542-5c1137dec111', '帖撒羅尼迦前書', 5, NOW() - INTERVAL '24 days'),
  ('e5ed5aea-a74c-4025-9824-16bd5073f132', '5932ae28-9d03-4548-9542-5c1137dec111', '約拿書', 1, NOW() - INTERVAL '24 days'),
  ('e5ed5aea-a74c-4025-9824-16bd5073f132', '5932ae28-9d03-4548-9542-5c1137dec111', '約拿書', 2, NOW() - INTERVAL '24 days'),
  ('e5ed5aea-a74c-4025-9824-16bd5073f132', '5932ae28-9d03-4548-9542-5c1137dec111', '約拿書', 3, NOW() - INTERVAL '24 days'),
  ('e5ed5aea-a74c-4025-9824-16bd5073f132', '5932ae28-9d03-4548-9542-5c1137dec111', '約拿書', 4, NOW() - INTERVAL '23 days'),
  ('e5ed5aea-a74c-4025-9824-16bd5073f132', '5932ae28-9d03-4548-9542-5c1137dec111', '約翰二書', 1, NOW() - INTERVAL '23 days'),
  ('e5ed5aea-a74c-4025-9824-16bd5073f132', '5932ae28-9d03-4548-9542-5c1137dec111', '彌迦書', 1, NOW() - INTERVAL '23 days'),
  ('e5ed5aea-a74c-4025-9824-16bd5073f132', '5932ae28-9d03-4548-9542-5c1137dec111', '彌迦書', 2, NOW() - INTERVAL '23 days'),
  ('e5ed5aea-a74c-4025-9824-16bd5073f132', '5932ae28-9d03-4548-9542-5c1137dec111', '彌迦書', 3, NOW() - INTERVAL '23 days'),
  ('e5ed5aea-a74c-4025-9824-16bd5073f132', '5932ae28-9d03-4548-9542-5c1137dec111', '彌迦書', 4, NOW() - INTERVAL '22 days'),
  ('e5ed5aea-a74c-4025-9824-16bd5073f132', '5932ae28-9d03-4548-9542-5c1137dec111', '彌迦書', 5, NOW() - INTERVAL '22 days'),
  ('e5ed5aea-a74c-4025-9824-16bd5073f132', '5932ae28-9d03-4548-9542-5c1137dec111', '彌迦書', 6, NOW() - INTERVAL '22 days'),
  ('e5ed5aea-a74c-4025-9824-16bd5073f132', '5932ae28-9d03-4548-9542-5c1137dec111', '彌迦書', 7, NOW() - INTERVAL '22 days'),
  ('e5ed5aea-a74c-4025-9824-16bd5073f132', '5932ae28-9d03-4548-9542-5c1137dec111', '約翰三書', 1, NOW() - INTERVAL '22 days'),
  ('e5ed5aea-a74c-4025-9824-16bd5073f132', '5932ae28-9d03-4548-9542-5c1137dec111', '民數記', 1, NOW() - INTERVAL '21 days'),
  ('e5ed5aea-a74c-4025-9824-16bd5073f132', '5932ae28-9d03-4548-9542-5c1137dec111', '民數記', 2, NOW() - INTERVAL '21 days'),
  ('e5ed5aea-a74c-4025-9824-16bd5073f132', '5932ae28-9d03-4548-9542-5c1137dec111', '民數記', 3, NOW() - INTERVAL '21 days'),
  ('e5ed5aea-a74c-4025-9824-16bd5073f132', '5932ae28-9d03-4548-9542-5c1137dec111', '民數記', 4, NOW() - INTERVAL '21 days'),
  ('e5ed5aea-a74c-4025-9824-16bd5073f132', '5932ae28-9d03-4548-9542-5c1137dec111', '民數記', 5, NOW() - INTERVAL '21 days'),
  ('e5ed5aea-a74c-4025-9824-16bd5073f132', '5932ae28-9d03-4548-9542-5c1137dec111', '民數記', 6, NOW() - INTERVAL '20 days'),
  ('e5ed5aea-a74c-4025-9824-16bd5073f132', '5932ae28-9d03-4548-9542-5c1137dec111', '民數記', 7, NOW() - INTERVAL '20 days'),
  ('e5ed5aea-a74c-4025-9824-16bd5073f132', '5932ae28-9d03-4548-9542-5c1137dec111', '民數記', 8, NOW() - INTERVAL '20 days'),
  ('e5ed5aea-a74c-4025-9824-16bd5073f132', '5932ae28-9d03-4548-9542-5c1137dec111', '民數記', 9, NOW() - INTERVAL '20 days'),
  ('e5ed5aea-a74c-4025-9824-16bd5073f132', '5932ae28-9d03-4548-9542-5c1137dec111', '民數記', 10, NOW() - INTERVAL '20 days'),
  ('e5ed5aea-a74c-4025-9824-16bd5073f132', '5932ae28-9d03-4548-9542-5c1137dec111', '民數記', 11, NOW() - INTERVAL '19 days'),
  ('e5ed5aea-a74c-4025-9824-16bd5073f132', '5932ae28-9d03-4548-9542-5c1137dec111', '民數記', 12, NOW() - INTERVAL '19 days'),
  ('e5ed5aea-a74c-4025-9824-16bd5073f132', '5932ae28-9d03-4548-9542-5c1137dec111', '民數記', 13, NOW() - INTERVAL '19 days'),
  ('e5ed5aea-a74c-4025-9824-16bd5073f132', '5932ae28-9d03-4548-9542-5c1137dec111', '民數記', 14, NOW() - INTERVAL '19 days'),
  ('e5ed5aea-a74c-4025-9824-16bd5073f132', '5932ae28-9d03-4548-9542-5c1137dec111', '民數記', 15, NOW() - INTERVAL '19 days'),
  ('e5ed5aea-a74c-4025-9824-16bd5073f132', '5932ae28-9d03-4548-9542-5c1137dec111', '民數記', 16, NOW() - INTERVAL '18 days'),
  ('e5ed5aea-a74c-4025-9824-16bd5073f132', '5932ae28-9d03-4548-9542-5c1137dec111', '民數記', 17, NOW() - INTERVAL '18 days'),
  ('e5ed5aea-a74c-4025-9824-16bd5073f132', '5932ae28-9d03-4548-9542-5c1137dec111', '民數記', 18, NOW() - INTERVAL '18 days'),
  ('e5ed5aea-a74c-4025-9824-16bd5073f132', '5932ae28-9d03-4548-9542-5c1137dec111', '民數記', 19, NOW() - INTERVAL '18 days'),
  ('e5ed5aea-a74c-4025-9824-16bd5073f132', '5932ae28-9d03-4548-9542-5c1137dec111', '民數記', 20, NOW() - INTERVAL '18 days'),
  ('e5ed5aea-a74c-4025-9824-16bd5073f132', '5932ae28-9d03-4548-9542-5c1137dec111', '民數記', 21, NOW() - INTERVAL '17 days'),
  ('e5ed5aea-a74c-4025-9824-16bd5073f132', '5932ae28-9d03-4548-9542-5c1137dec111', '民數記', 22, NOW() - INTERVAL '17 days'),
  ('e5ed5aea-a74c-4025-9824-16bd5073f132', '5932ae28-9d03-4548-9542-5c1137dec111', '民數記', 23, NOW() - INTERVAL '17 days'),
  ('e5ed5aea-a74c-4025-9824-16bd5073f132', '5932ae28-9d03-4548-9542-5c1137dec111', '民數記', 24, NOW() - INTERVAL '17 days'),
  ('e5ed5aea-a74c-4025-9824-16bd5073f132', '5932ae28-9d03-4548-9542-5c1137dec111', '民數記', 25, NOW() - INTERVAL '17 days'),
  ('e5ed5aea-a74c-4025-9824-16bd5073f132', '5932ae28-9d03-4548-9542-5c1137dec111', '民數記', 26, NOW() - INTERVAL '16 days'),
  ('e5ed5aea-a74c-4025-9824-16bd5073f132', '5932ae28-9d03-4548-9542-5c1137dec111', '民數記', 27, NOW() - INTERVAL '16 days'),
  ('e5ed5aea-a74c-4025-9824-16bd5073f132', '5932ae28-9d03-4548-9542-5c1137dec111', '民數記', 28, NOW() - INTERVAL '16 days'),
  ('e5ed5aea-a74c-4025-9824-16bd5073f132', '5932ae28-9d03-4548-9542-5c1137dec111', '民數記', 29, NOW() - INTERVAL '16 days'),
  ('e5ed5aea-a74c-4025-9824-16bd5073f132', '5932ae28-9d03-4548-9542-5c1137dec111', '民數記', 30, NOW() - INTERVAL '16 days'),
  ('e5ed5aea-a74c-4025-9824-16bd5073f132', '5932ae28-9d03-4548-9542-5c1137dec111', '民數記', 31, NOW() - INTERVAL '15 days'),
  ('e5ed5aea-a74c-4025-9824-16bd5073f132', '5932ae28-9d03-4548-9542-5c1137dec111', '民數記', 32, NOW() - INTERVAL '15 days'),
  ('e5ed5aea-a74c-4025-9824-16bd5073f132', '5932ae28-9d03-4548-9542-5c1137dec111', '民數記', 33, NOW() - INTERVAL '15 days'),
  ('e5ed5aea-a74c-4025-9824-16bd5073f132', '5932ae28-9d03-4548-9542-5c1137dec111', '民數記', 34, NOW() - INTERVAL '15 days'),
  ('e5ed5aea-a74c-4025-9824-16bd5073f132', '5932ae28-9d03-4548-9542-5c1137dec111', '民數記', 35, NOW() - INTERVAL '15 days'),
  ('e5ed5aea-a74c-4025-9824-16bd5073f132', '5932ae28-9d03-4548-9542-5c1137dec111', '民數記', 36, NOW() - INTERVAL '14 days'),
  ('e5ed5aea-a74c-4025-9824-16bd5073f132', '5932ae28-9d03-4548-9542-5c1137dec111', '約翰福音', 1, NOW() - INTERVAL '14 days'),
  ('e5ed5aea-a74c-4025-9824-16bd5073f132', '5932ae28-9d03-4548-9542-5c1137dec111', '約翰福音', 2, NOW() - INTERVAL '14 days'),
  ('e5ed5aea-a74c-4025-9824-16bd5073f132', '5932ae28-9d03-4548-9542-5c1137dec111', '約翰福音', 3, NOW() - INTERVAL '14 days'),
  ('e5ed5aea-a74c-4025-9824-16bd5073f132', '5932ae28-9d03-4548-9542-5c1137dec111', '約翰福音', 4, NOW() - INTERVAL '14 days'),
  ('e5ed5aea-a74c-4025-9824-16bd5073f132', '5932ae28-9d03-4548-9542-5c1137dec111', '約翰福音', 5, NOW() - INTERVAL '13 days'),
  ('e5ed5aea-a74c-4025-9824-16bd5073f132', '5932ae28-9d03-4548-9542-5c1137dec111', '約翰福音', 6, NOW() - INTERVAL '13 days'),
  ('e5ed5aea-a74c-4025-9824-16bd5073f132', '5932ae28-9d03-4548-9542-5c1137dec111', '約翰福音', 7, NOW() - INTERVAL '13 days'),
  ('e5ed5aea-a74c-4025-9824-16bd5073f132', '5932ae28-9d03-4548-9542-5c1137dec111', '約翰福音', 8, NOW() - INTERVAL '13 days'),
  ('e5ed5aea-a74c-4025-9824-16bd5073f132', '5932ae28-9d03-4548-9542-5c1137dec111', '約翰福音', 9, NOW() - INTERVAL '13 days'),
  ('e5ed5aea-a74c-4025-9824-16bd5073f132', '5932ae28-9d03-4548-9542-5c1137dec111', '約翰福音', 10, NOW() - INTERVAL '12 days'),
  ('e5ed5aea-a74c-4025-9824-16bd5073f132', '5932ae28-9d03-4548-9542-5c1137dec111', '約翰福音', 11, NOW() - INTERVAL '12 days'),
  ('e5ed5aea-a74c-4025-9824-16bd5073f132', '5932ae28-9d03-4548-9542-5c1137dec111', '約翰福音', 12, NOW() - INTERVAL '12 days'),
  ('e5ed5aea-a74c-4025-9824-16bd5073f132', '5932ae28-9d03-4548-9542-5c1137dec111', '約翰福音', 13, NOW() - INTERVAL '12 days'),
  ('e5ed5aea-a74c-4025-9824-16bd5073f132', '5932ae28-9d03-4548-9542-5c1137dec111', '約翰福音', 14, NOW() - INTERVAL '12 days'),
  ('e5ed5aea-a74c-4025-9824-16bd5073f132', '5932ae28-9d03-4548-9542-5c1137dec111', '約翰福音', 15, NOW() - INTERVAL '11 days'),
  ('e5ed5aea-a74c-4025-9824-16bd5073f132', '5932ae28-9d03-4548-9542-5c1137dec111', '約翰福音', 16, NOW() - INTERVAL '11 days'),
  ('e5ed5aea-a74c-4025-9824-16bd5073f132', '5932ae28-9d03-4548-9542-5c1137dec111', '約翰福音', 17, NOW() - INTERVAL '11 days'),
  ('e5ed5aea-a74c-4025-9824-16bd5073f132', '5932ae28-9d03-4548-9542-5c1137dec111', '約翰福音', 18, NOW() - INTERVAL '11 days'),
  ('e5ed5aea-a74c-4025-9824-16bd5073f132', '5932ae28-9d03-4548-9542-5c1137dec111', '約翰福音', 19, NOW() - INTERVAL '11 days'),
  ('e5ed5aea-a74c-4025-9824-16bd5073f132', '5932ae28-9d03-4548-9542-5c1137dec111', '約翰福音', 20, NOW() - INTERVAL '10 days'),
  ('e5ed5aea-a74c-4025-9824-16bd5073f132', '5932ae28-9d03-4548-9542-5c1137dec111', '約翰福音', 21, NOW() - INTERVAL '10 days'),
  ('e5ed5aea-a74c-4025-9824-16bd5073f132', '5932ae28-9d03-4548-9542-5c1137dec111', '以西結書', 1, NOW() - INTERVAL '10 days'),
  ('e5ed5aea-a74c-4025-9824-16bd5073f132', '5932ae28-9d03-4548-9542-5c1137dec111', '以西結書', 2, NOW() - INTERVAL '10 days'),
  ('e5ed5aea-a74c-4025-9824-16bd5073f132', '5932ae28-9d03-4548-9542-5c1137dec111', '以西結書', 3, NOW() - INTERVAL '10 days'),
  ('e5ed5aea-a74c-4025-9824-16bd5073f132', '5932ae28-9d03-4548-9542-5c1137dec111', '以西結書', 4, NOW() - INTERVAL '9 days'),
  ('e5ed5aea-a74c-4025-9824-16bd5073f132', '5932ae28-9d03-4548-9542-5c1137dec111', '以西結書', 5, NOW() - INTERVAL '9 days'),
  ('e5ed5aea-a74c-4025-9824-16bd5073f132', '5932ae28-9d03-4548-9542-5c1137dec111', '以西結書', 6, NOW() - INTERVAL '9 days'),
  ('e5ed5aea-a74c-4025-9824-16bd5073f132', '5932ae28-9d03-4548-9542-5c1137dec111', '以西結書', 7, NOW() - INTERVAL '9 days'),
  ('e5ed5aea-a74c-4025-9824-16bd5073f132', '5932ae28-9d03-4548-9542-5c1137dec111', '以西結書', 8, NOW() - INTERVAL '9 days'),
  ('e5ed5aea-a74c-4025-9824-16bd5073f132', '5932ae28-9d03-4548-9542-5c1137dec111', '以西結書', 9, NOW() - INTERVAL '8 days'),
  ('e5ed5aea-a74c-4025-9824-16bd5073f132', '5932ae28-9d03-4548-9542-5c1137dec111', '以西結書', 10, NOW() - INTERVAL '8 days'),
  ('e5ed5aea-a74c-4025-9824-16bd5073f132', '5932ae28-9d03-4548-9542-5c1137dec111', '以西結書', 11, NOW() - INTERVAL '8 days'),
  ('e5ed5aea-a74c-4025-9824-16bd5073f132', '5932ae28-9d03-4548-9542-5c1137dec111', '以西結書', 12, NOW() - INTERVAL '8 days'),
  ('e5ed5aea-a74c-4025-9824-16bd5073f132', '5932ae28-9d03-4548-9542-5c1137dec111', '以西結書', 13, NOW() - INTERVAL '8 days'),
  ('e5ed5aea-a74c-4025-9824-16bd5073f132', '5932ae28-9d03-4548-9542-5c1137dec111', '以西結書', 14, NOW() - INTERVAL '7 days'),
  ('e5ed5aea-a74c-4025-9824-16bd5073f132', '5932ae28-9d03-4548-9542-5c1137dec111', '以西結書', 15, NOW() - INTERVAL '7 days'),
  ('e5ed5aea-a74c-4025-9824-16bd5073f132', '5932ae28-9d03-4548-9542-5c1137dec111', '以西結書', 16, NOW() - INTERVAL '7 days'),
  ('e5ed5aea-a74c-4025-9824-16bd5073f132', '5932ae28-9d03-4548-9542-5c1137dec111', '以西結書', 17, NOW() - INTERVAL '7 days'),
  ('e5ed5aea-a74c-4025-9824-16bd5073f132', '5932ae28-9d03-4548-9542-5c1137dec111', '以西結書', 18, NOW() - INTERVAL '7 days'),
  ('e5ed5aea-a74c-4025-9824-16bd5073f132', '5932ae28-9d03-4548-9542-5c1137dec111', '以西結書', 19, NOW() - INTERVAL '6 days'),
  ('e5ed5aea-a74c-4025-9824-16bd5073f132', '5932ae28-9d03-4548-9542-5c1137dec111', '以西結書', 20, NOW() - INTERVAL '6 days'),
  ('e5ed5aea-a74c-4025-9824-16bd5073f132', '5932ae28-9d03-4548-9542-5c1137dec111', '以西結書', 21, NOW() - INTERVAL '6 days'),
  ('e5ed5aea-a74c-4025-9824-16bd5073f132', '5932ae28-9d03-4548-9542-5c1137dec111', '以西結書', 22, NOW() - INTERVAL '6 days'),
  ('e5ed5aea-a74c-4025-9824-16bd5073f132', '5932ae28-9d03-4548-9542-5c1137dec111', '以西結書', 23, NOW() - INTERVAL '6 days'),
  ('e5ed5aea-a74c-4025-9824-16bd5073f132', '5932ae28-9d03-4548-9542-5c1137dec111', '以西結書', 24, NOW() - INTERVAL '5 days'),
  ('e5ed5aea-a74c-4025-9824-16bd5073f132', '5932ae28-9d03-4548-9542-5c1137dec111', '以西結書', 25, NOW() - INTERVAL '5 days'),
  ('e5ed5aea-a74c-4025-9824-16bd5073f132', '5932ae28-9d03-4548-9542-5c1137dec111', '以西結書', 26, NOW() - INTERVAL '5 days'),
  ('e5ed5aea-a74c-4025-9824-16bd5073f132', '5932ae28-9d03-4548-9542-5c1137dec111', '以西結書', 27, NOW() - INTERVAL '5 days'),
  ('e5ed5aea-a74c-4025-9824-16bd5073f132', '5932ae28-9d03-4548-9542-5c1137dec111', '以西結書', 28, NOW() - INTERVAL '5 days'),
  ('e5ed5aea-a74c-4025-9824-16bd5073f132', '5932ae28-9d03-4548-9542-5c1137dec111', '以西結書', 29, NOW() - INTERVAL '4 days'),
  ('e5ed5aea-a74c-4025-9824-16bd5073f132', '5932ae28-9d03-4548-9542-5c1137dec111', '以西結書', 30, NOW() - INTERVAL '4 days'),
  ('e5ed5aea-a74c-4025-9824-16bd5073f132', '5932ae28-9d03-4548-9542-5c1137dec111', '以西結書', 31, NOW() - INTERVAL '4 days'),
  ('e5ed5aea-a74c-4025-9824-16bd5073f132', '5932ae28-9d03-4548-9542-5c1137dec111', '以西結書', 32, NOW() - INTERVAL '4 days'),
  ('e5ed5aea-a74c-4025-9824-16bd5073f132', '5932ae28-9d03-4548-9542-5c1137dec111', '以西結書', 33, NOW() - INTERVAL '4 days'),
  ('e5ed5aea-a74c-4025-9824-16bd5073f132', '5932ae28-9d03-4548-9542-5c1137dec111', '以西結書', 34, NOW() - INTERVAL '3 days'),
  ('e5ed5aea-a74c-4025-9824-16bd5073f132', '5932ae28-9d03-4548-9542-5c1137dec111', '以西結書', 35, NOW() - INTERVAL '3 days'),
  ('e5ed5aea-a74c-4025-9824-16bd5073f132', '5932ae28-9d03-4548-9542-5c1137dec111', '以西結書', 36, NOW() - INTERVAL '3 days'),
  ('e5ed5aea-a74c-4025-9824-16bd5073f132', '5932ae28-9d03-4548-9542-5c1137dec111', '以西結書', 37, NOW() - INTERVAL '3 days'),
  ('e5ed5aea-a74c-4025-9824-16bd5073f132', '5932ae28-9d03-4548-9542-5c1137dec111', '以西結書', 38, NOW() - INTERVAL '3 days'),
  ('e5ed5aea-a74c-4025-9824-16bd5073f132', '5932ae28-9d03-4548-9542-5c1137dec111', '以西結書', 39, NOW() - INTERVAL '2 days'),
  ('e5ed5aea-a74c-4025-9824-16bd5073f132', '5932ae28-9d03-4548-9542-5c1137dec111', '以西結書', 40, NOW() - INTERVAL '2 days'),
  ('e5ed5aea-a74c-4025-9824-16bd5073f132', '5932ae28-9d03-4548-9542-5c1137dec111', '以西結書', 41, NOW() - INTERVAL '2 days'),
  ('e5ed5aea-a74c-4025-9824-16bd5073f132', '5932ae28-9d03-4548-9542-5c1137dec111', '以西結書', 42, NOW() - INTERVAL '2 days'),
  ('e5ed5aea-a74c-4025-9824-16bd5073f132', '5932ae28-9d03-4548-9542-5c1137dec111', '以西結書', 43, NOW() - INTERVAL '2 days'),
  ('e5ed5aea-a74c-4025-9824-16bd5073f132', '5932ae28-9d03-4548-9542-5c1137dec111', '以西結書', 44, NOW() - INTERVAL '1 days'),
  ('e5ed5aea-a74c-4025-9824-16bd5073f132', '5932ae28-9d03-4548-9542-5c1137dec111', '以西結書', 45, NOW() - INTERVAL '1 days'),
  ('e5ed5aea-a74c-4025-9824-16bd5073f132', '5932ae28-9d03-4548-9542-5c1137dec111', '以西結書', 46, NOW() - INTERVAL '1 days'),
  ('e5ed5aea-a74c-4025-9824-16bd5073f132', '5932ae28-9d03-4548-9542-5c1137dec111', '以西結書', 47, NOW() - INTERVAL '1 days'),
  ('e5ed5aea-a74c-4025-9824-16bd5073f132', '5932ae28-9d03-4548-9542-5c1137dec111', '以西結書', 48, NOW() - INTERVAL '1 days'),
  ('e5ed5aea-a74c-4025-9824-16bd5073f132', '5932ae28-9d03-4548-9542-5c1137dec111', '約翰一書', 1, NOW() - INTERVAL '0 days'),
  ('e5ed5aea-a74c-4025-9824-16bd5073f132', '5932ae28-9d03-4548-9542-5c1137dec111', '約翰一書', 2, NOW() - INTERVAL '0 days'),
  ('e5ed5aea-a74c-4025-9824-16bd5073f132', '5932ae28-9d03-4548-9542-5c1137dec111', '約翰一書', 3, NOW() - INTERVAL '0 days'),
  ('e5ed5aea-a74c-4025-9824-16bd5073f132', '5932ae28-9d03-4548-9542-5c1137dec111', '約翰一書', 4, NOW() - INTERVAL '0 days');

--------------------------------------------------

-- 使用者: 示範組員十四
INSERT INTO auth.users (id, email, raw_user_meta_data, created_at, updated_at, instance_id, aud, role, encrypted_password)
VALUES (
  '299a535b-4911-4ff2-b19b-cd379cb6b577',
  '299a535b@church-bible.com',
  '{"full_name": "示範組員十四"}',
  NOW() - INTERVAL '51 days',
  NOW(),
  '00000000-0000-0000-0000-000000000000',
  'authenticated',
  'authenticated',
  '$2a$10$abcdefghijklmnopqrstuv' -- Dummy bcrypt hash
) ON CONFLICT (id) DO NOTHING;

INSERT INTO public.profiles (id, name, great_region, pastoral_zone, small_group, role, is_demo, updated_at)
VALUES (
  '299a535b-4911-4ff2-b19b-cd379cb6b577',
  '示範組員十四',
  '示範大區D',
  '示範牧區癸',
  '示範小組11',
  'member',
  TRUE,
  NOW()
) ON CONFLICT (id) DO NOTHING;

INSERT INTO public.reading_plans (id, user_id, name, start_date, end_date, target_books)
VALUES (
  'f37c8976-d35a-4f4f-8b5c-62f46b1fce80',
  '299a535b-4911-4ff2-b19b-cd379cb6b577',
  '第一季速讀：2026年7月~9月',
  '2026-07-01',
  '2026-09-30',
  ARRAY['創世記', '馬太福音', '列王紀下', '雅各書', '出埃及記', '馬可福音', '約伯記', '加拉太書', '哈巴谷書', '猶大書', '利未記', '路加福音', '歷代志下', '帖撒羅尼迦前書', '約拿書', '約翰二書', '彌迦書', '約翰三書']
) ON CONFLICT (id) DO NOTHING;

INSERT INTO public.reading_logs (user_id, plan_id, book, chapter, read_at)
VALUES
  ('299a535b-4911-4ff2-b19b-cd379cb6b577', 'f37c8976-d35a-4f4f-8b5c-62f46b1fce80', '創世記', 1, NOW() - INTERVAL '30 days'),
  ('299a535b-4911-4ff2-b19b-cd379cb6b577', 'f37c8976-d35a-4f4f-8b5c-62f46b1fce80', '創世記', 2, NOW() - INTERVAL '29 days'),
  ('299a535b-4911-4ff2-b19b-cd379cb6b577', 'f37c8976-d35a-4f4f-8b5c-62f46b1fce80', '創世記', 3, NOW() - INTERVAL '29 days'),
  ('299a535b-4911-4ff2-b19b-cd379cb6b577', 'f37c8976-d35a-4f4f-8b5c-62f46b1fce80', '創世記', 4, NOW() - INTERVAL '29 days'),
  ('299a535b-4911-4ff2-b19b-cd379cb6b577', 'f37c8976-d35a-4f4f-8b5c-62f46b1fce80', '創世記', 5, NOW() - INTERVAL '29 days'),
  ('299a535b-4911-4ff2-b19b-cd379cb6b577', 'f37c8976-d35a-4f4f-8b5c-62f46b1fce80', '創世記', 6, NOW() - INTERVAL '29 days'),
  ('299a535b-4911-4ff2-b19b-cd379cb6b577', 'f37c8976-d35a-4f4f-8b5c-62f46b1fce80', '創世記', 7, NOW() - INTERVAL '28 days'),
  ('299a535b-4911-4ff2-b19b-cd379cb6b577', 'f37c8976-d35a-4f4f-8b5c-62f46b1fce80', '創世記', 8, NOW() - INTERVAL '28 days'),
  ('299a535b-4911-4ff2-b19b-cd379cb6b577', 'f37c8976-d35a-4f4f-8b5c-62f46b1fce80', '創世記', 9, NOW() - INTERVAL '28 days'),
  ('299a535b-4911-4ff2-b19b-cd379cb6b577', 'f37c8976-d35a-4f4f-8b5c-62f46b1fce80', '創世記', 10, NOW() - INTERVAL '28 days'),
  ('299a535b-4911-4ff2-b19b-cd379cb6b577', 'f37c8976-d35a-4f4f-8b5c-62f46b1fce80', '創世記', 11, NOW() - INTERVAL '28 days'),
  ('299a535b-4911-4ff2-b19b-cd379cb6b577', 'f37c8976-d35a-4f4f-8b5c-62f46b1fce80', '創世記', 12, NOW() - INTERVAL '27 days'),
  ('299a535b-4911-4ff2-b19b-cd379cb6b577', 'f37c8976-d35a-4f4f-8b5c-62f46b1fce80', '創世記', 13, NOW() - INTERVAL '27 days'),
  ('299a535b-4911-4ff2-b19b-cd379cb6b577', 'f37c8976-d35a-4f4f-8b5c-62f46b1fce80', '創世記', 14, NOW() - INTERVAL '27 days'),
  ('299a535b-4911-4ff2-b19b-cd379cb6b577', 'f37c8976-d35a-4f4f-8b5c-62f46b1fce80', '創世記', 15, NOW() - INTERVAL '27 days'),
  ('299a535b-4911-4ff2-b19b-cd379cb6b577', 'f37c8976-d35a-4f4f-8b5c-62f46b1fce80', '創世記', 16, NOW() - INTERVAL '27 days'),
  ('299a535b-4911-4ff2-b19b-cd379cb6b577', 'f37c8976-d35a-4f4f-8b5c-62f46b1fce80', '創世記', 17, NOW() - INTERVAL '26 days'),
  ('299a535b-4911-4ff2-b19b-cd379cb6b577', 'f37c8976-d35a-4f4f-8b5c-62f46b1fce80', '創世記', 18, NOW() - INTERVAL '26 days'),
  ('299a535b-4911-4ff2-b19b-cd379cb6b577', 'f37c8976-d35a-4f4f-8b5c-62f46b1fce80', '創世記', 19, NOW() - INTERVAL '26 days'),
  ('299a535b-4911-4ff2-b19b-cd379cb6b577', 'f37c8976-d35a-4f4f-8b5c-62f46b1fce80', '創世記', 20, NOW() - INTERVAL '26 days'),
  ('299a535b-4911-4ff2-b19b-cd379cb6b577', 'f37c8976-d35a-4f4f-8b5c-62f46b1fce80', '創世記', 21, NOW() - INTERVAL '26 days'),
  ('299a535b-4911-4ff2-b19b-cd379cb6b577', 'f37c8976-d35a-4f4f-8b5c-62f46b1fce80', '創世記', 22, NOW() - INTERVAL '25 days'),
  ('299a535b-4911-4ff2-b19b-cd379cb6b577', 'f37c8976-d35a-4f4f-8b5c-62f46b1fce80', '創世記', 23, NOW() - INTERVAL '25 days'),
  ('299a535b-4911-4ff2-b19b-cd379cb6b577', 'f37c8976-d35a-4f4f-8b5c-62f46b1fce80', '創世記', 24, NOW() - INTERVAL '25 days'),
  ('299a535b-4911-4ff2-b19b-cd379cb6b577', 'f37c8976-d35a-4f4f-8b5c-62f46b1fce80', '創世記', 25, NOW() - INTERVAL '25 days'),
  ('299a535b-4911-4ff2-b19b-cd379cb6b577', 'f37c8976-d35a-4f4f-8b5c-62f46b1fce80', '創世記', 26, NOW() - INTERVAL '25 days'),
  ('299a535b-4911-4ff2-b19b-cd379cb6b577', 'f37c8976-d35a-4f4f-8b5c-62f46b1fce80', '創世記', 27, NOW() - INTERVAL '24 days'),
  ('299a535b-4911-4ff2-b19b-cd379cb6b577', 'f37c8976-d35a-4f4f-8b5c-62f46b1fce80', '創世記', 28, NOW() - INTERVAL '24 days'),
  ('299a535b-4911-4ff2-b19b-cd379cb6b577', 'f37c8976-d35a-4f4f-8b5c-62f46b1fce80', '創世記', 29, NOW() - INTERVAL '24 days'),
  ('299a535b-4911-4ff2-b19b-cd379cb6b577', 'f37c8976-d35a-4f4f-8b5c-62f46b1fce80', '創世記', 30, NOW() - INTERVAL '24 days'),
  ('299a535b-4911-4ff2-b19b-cd379cb6b577', 'f37c8976-d35a-4f4f-8b5c-62f46b1fce80', '創世記', 31, NOW() - INTERVAL '24 days'),
  ('299a535b-4911-4ff2-b19b-cd379cb6b577', 'f37c8976-d35a-4f4f-8b5c-62f46b1fce80', '創世記', 32, NOW() - INTERVAL '23 days'),
  ('299a535b-4911-4ff2-b19b-cd379cb6b577', 'f37c8976-d35a-4f4f-8b5c-62f46b1fce80', '創世記', 33, NOW() - INTERVAL '23 days'),
  ('299a535b-4911-4ff2-b19b-cd379cb6b577', 'f37c8976-d35a-4f4f-8b5c-62f46b1fce80', '創世記', 34, NOW() - INTERVAL '23 days'),
  ('299a535b-4911-4ff2-b19b-cd379cb6b577', 'f37c8976-d35a-4f4f-8b5c-62f46b1fce80', '創世記', 35, NOW() - INTERVAL '23 days'),
  ('299a535b-4911-4ff2-b19b-cd379cb6b577', 'f37c8976-d35a-4f4f-8b5c-62f46b1fce80', '創世記', 36, NOW() - INTERVAL '23 days'),
  ('299a535b-4911-4ff2-b19b-cd379cb6b577', 'f37c8976-d35a-4f4f-8b5c-62f46b1fce80', '創世記', 37, NOW() - INTERVAL '22 days'),
  ('299a535b-4911-4ff2-b19b-cd379cb6b577', 'f37c8976-d35a-4f4f-8b5c-62f46b1fce80', '創世記', 38, NOW() - INTERVAL '22 days'),
  ('299a535b-4911-4ff2-b19b-cd379cb6b577', 'f37c8976-d35a-4f4f-8b5c-62f46b1fce80', '創世記', 39, NOW() - INTERVAL '22 days'),
  ('299a535b-4911-4ff2-b19b-cd379cb6b577', 'f37c8976-d35a-4f4f-8b5c-62f46b1fce80', '創世記', 40, NOW() - INTERVAL '22 days'),
  ('299a535b-4911-4ff2-b19b-cd379cb6b577', 'f37c8976-d35a-4f4f-8b5c-62f46b1fce80', '創世記', 41, NOW() - INTERVAL '22 days'),
  ('299a535b-4911-4ff2-b19b-cd379cb6b577', 'f37c8976-d35a-4f4f-8b5c-62f46b1fce80', '創世記', 42, NOW() - INTERVAL '21 days'),
  ('299a535b-4911-4ff2-b19b-cd379cb6b577', 'f37c8976-d35a-4f4f-8b5c-62f46b1fce80', '創世記', 43, NOW() - INTERVAL '21 days'),
  ('299a535b-4911-4ff2-b19b-cd379cb6b577', 'f37c8976-d35a-4f4f-8b5c-62f46b1fce80', '創世記', 44, NOW() - INTERVAL '21 days'),
  ('299a535b-4911-4ff2-b19b-cd379cb6b577', 'f37c8976-d35a-4f4f-8b5c-62f46b1fce80', '創世記', 45, NOW() - INTERVAL '21 days'),
  ('299a535b-4911-4ff2-b19b-cd379cb6b577', 'f37c8976-d35a-4f4f-8b5c-62f46b1fce80', '創世記', 46, NOW() - INTERVAL '21 days'),
  ('299a535b-4911-4ff2-b19b-cd379cb6b577', 'f37c8976-d35a-4f4f-8b5c-62f46b1fce80', '創世記', 47, NOW() - INTERVAL '20 days'),
  ('299a535b-4911-4ff2-b19b-cd379cb6b577', 'f37c8976-d35a-4f4f-8b5c-62f46b1fce80', '創世記', 48, NOW() - INTERVAL '20 days'),
  ('299a535b-4911-4ff2-b19b-cd379cb6b577', 'f37c8976-d35a-4f4f-8b5c-62f46b1fce80', '創世記', 49, NOW() - INTERVAL '20 days'),
  ('299a535b-4911-4ff2-b19b-cd379cb6b577', 'f37c8976-d35a-4f4f-8b5c-62f46b1fce80', '創世記', 50, NOW() - INTERVAL '20 days'),
  ('299a535b-4911-4ff2-b19b-cd379cb6b577', 'f37c8976-d35a-4f4f-8b5c-62f46b1fce80', '馬太福音', 1, NOW() - INTERVAL '20 days'),
  ('299a535b-4911-4ff2-b19b-cd379cb6b577', 'f37c8976-d35a-4f4f-8b5c-62f46b1fce80', '馬太福音', 2, NOW() - INTERVAL '19 days'),
  ('299a535b-4911-4ff2-b19b-cd379cb6b577', 'f37c8976-d35a-4f4f-8b5c-62f46b1fce80', '馬太福音', 3, NOW() - INTERVAL '19 days'),
  ('299a535b-4911-4ff2-b19b-cd379cb6b577', 'f37c8976-d35a-4f4f-8b5c-62f46b1fce80', '馬太福音', 4, NOW() - INTERVAL '19 days'),
  ('299a535b-4911-4ff2-b19b-cd379cb6b577', 'f37c8976-d35a-4f4f-8b5c-62f46b1fce80', '馬太福音', 5, NOW() - INTERVAL '19 days'),
  ('299a535b-4911-4ff2-b19b-cd379cb6b577', 'f37c8976-d35a-4f4f-8b5c-62f46b1fce80', '馬太福音', 6, NOW() - INTERVAL '19 days'),
  ('299a535b-4911-4ff2-b19b-cd379cb6b577', 'f37c8976-d35a-4f4f-8b5c-62f46b1fce80', '馬太福音', 7, NOW() - INTERVAL '18 days'),
  ('299a535b-4911-4ff2-b19b-cd379cb6b577', 'f37c8976-d35a-4f4f-8b5c-62f46b1fce80', '馬太福音', 8, NOW() - INTERVAL '18 days'),
  ('299a535b-4911-4ff2-b19b-cd379cb6b577', 'f37c8976-d35a-4f4f-8b5c-62f46b1fce80', '馬太福音', 9, NOW() - INTERVAL '18 days'),
  ('299a535b-4911-4ff2-b19b-cd379cb6b577', 'f37c8976-d35a-4f4f-8b5c-62f46b1fce80', '馬太福音', 10, NOW() - INTERVAL '18 days'),
  ('299a535b-4911-4ff2-b19b-cd379cb6b577', 'f37c8976-d35a-4f4f-8b5c-62f46b1fce80', '馬太福音', 11, NOW() - INTERVAL '18 days'),
  ('299a535b-4911-4ff2-b19b-cd379cb6b577', 'f37c8976-d35a-4f4f-8b5c-62f46b1fce80', '馬太福音', 12, NOW() - INTERVAL '17 days'),
  ('299a535b-4911-4ff2-b19b-cd379cb6b577', 'f37c8976-d35a-4f4f-8b5c-62f46b1fce80', '馬太福音', 13, NOW() - INTERVAL '17 days'),
  ('299a535b-4911-4ff2-b19b-cd379cb6b577', 'f37c8976-d35a-4f4f-8b5c-62f46b1fce80', '馬太福音', 14, NOW() - INTERVAL '17 days'),
  ('299a535b-4911-4ff2-b19b-cd379cb6b577', 'f37c8976-d35a-4f4f-8b5c-62f46b1fce80', '馬太福音', 15, NOW() - INTERVAL '17 days'),
  ('299a535b-4911-4ff2-b19b-cd379cb6b577', 'f37c8976-d35a-4f4f-8b5c-62f46b1fce80', '馬太福音', 16, NOW() - INTERVAL '17 days'),
  ('299a535b-4911-4ff2-b19b-cd379cb6b577', 'f37c8976-d35a-4f4f-8b5c-62f46b1fce80', '馬太福音', 17, NOW() - INTERVAL '16 days'),
  ('299a535b-4911-4ff2-b19b-cd379cb6b577', 'f37c8976-d35a-4f4f-8b5c-62f46b1fce80', '馬太福音', 18, NOW() - INTERVAL '16 days'),
  ('299a535b-4911-4ff2-b19b-cd379cb6b577', 'f37c8976-d35a-4f4f-8b5c-62f46b1fce80', '馬太福音', 19, NOW() - INTERVAL '16 days'),
  ('299a535b-4911-4ff2-b19b-cd379cb6b577', 'f37c8976-d35a-4f4f-8b5c-62f46b1fce80', '馬太福音', 20, NOW() - INTERVAL '16 days'),
  ('299a535b-4911-4ff2-b19b-cd379cb6b577', 'f37c8976-d35a-4f4f-8b5c-62f46b1fce80', '馬太福音', 21, NOW() - INTERVAL '16 days'),
  ('299a535b-4911-4ff2-b19b-cd379cb6b577', 'f37c8976-d35a-4f4f-8b5c-62f46b1fce80', '馬太福音', 22, NOW() - INTERVAL '15 days'),
  ('299a535b-4911-4ff2-b19b-cd379cb6b577', 'f37c8976-d35a-4f4f-8b5c-62f46b1fce80', '馬太福音', 23, NOW() - INTERVAL '15 days'),
  ('299a535b-4911-4ff2-b19b-cd379cb6b577', 'f37c8976-d35a-4f4f-8b5c-62f46b1fce80', '馬太福音', 24, NOW() - INTERVAL '15 days'),
  ('299a535b-4911-4ff2-b19b-cd379cb6b577', 'f37c8976-d35a-4f4f-8b5c-62f46b1fce80', '馬太福音', 25, NOW() - INTERVAL '15 days'),
  ('299a535b-4911-4ff2-b19b-cd379cb6b577', 'f37c8976-d35a-4f4f-8b5c-62f46b1fce80', '馬太福音', 26, NOW() - INTERVAL '15 days'),
  ('299a535b-4911-4ff2-b19b-cd379cb6b577', 'f37c8976-d35a-4f4f-8b5c-62f46b1fce80', '馬太福音', 27, NOW() - INTERVAL '14 days'),
  ('299a535b-4911-4ff2-b19b-cd379cb6b577', 'f37c8976-d35a-4f4f-8b5c-62f46b1fce80', '馬太福音', 28, NOW() - INTERVAL '14 days'),
  ('299a535b-4911-4ff2-b19b-cd379cb6b577', 'f37c8976-d35a-4f4f-8b5c-62f46b1fce80', '列王紀下', 1, NOW() - INTERVAL '14 days'),
  ('299a535b-4911-4ff2-b19b-cd379cb6b577', 'f37c8976-d35a-4f4f-8b5c-62f46b1fce80', '列王紀下', 2, NOW() - INTERVAL '14 days'),
  ('299a535b-4911-4ff2-b19b-cd379cb6b577', 'f37c8976-d35a-4f4f-8b5c-62f46b1fce80', '列王紀下', 3, NOW() - INTERVAL '14 days'),
  ('299a535b-4911-4ff2-b19b-cd379cb6b577', 'f37c8976-d35a-4f4f-8b5c-62f46b1fce80', '列王紀下', 4, NOW() - INTERVAL '13 days'),
  ('299a535b-4911-4ff2-b19b-cd379cb6b577', 'f37c8976-d35a-4f4f-8b5c-62f46b1fce80', '列王紀下', 5, NOW() - INTERVAL '13 days'),
  ('299a535b-4911-4ff2-b19b-cd379cb6b577', 'f37c8976-d35a-4f4f-8b5c-62f46b1fce80', '列王紀下', 6, NOW() - INTERVAL '13 days'),
  ('299a535b-4911-4ff2-b19b-cd379cb6b577', 'f37c8976-d35a-4f4f-8b5c-62f46b1fce80', '列王紀下', 7, NOW() - INTERVAL '13 days'),
  ('299a535b-4911-4ff2-b19b-cd379cb6b577', 'f37c8976-d35a-4f4f-8b5c-62f46b1fce80', '列王紀下', 8, NOW() - INTERVAL '13 days'),
  ('299a535b-4911-4ff2-b19b-cd379cb6b577', 'f37c8976-d35a-4f4f-8b5c-62f46b1fce80', '列王紀下', 9, NOW() - INTERVAL '12 days'),
  ('299a535b-4911-4ff2-b19b-cd379cb6b577', 'f37c8976-d35a-4f4f-8b5c-62f46b1fce80', '列王紀下', 10, NOW() - INTERVAL '12 days'),
  ('299a535b-4911-4ff2-b19b-cd379cb6b577', 'f37c8976-d35a-4f4f-8b5c-62f46b1fce80', '列王紀下', 11, NOW() - INTERVAL '12 days'),
  ('299a535b-4911-4ff2-b19b-cd379cb6b577', 'f37c8976-d35a-4f4f-8b5c-62f46b1fce80', '列王紀下', 12, NOW() - INTERVAL '12 days'),
  ('299a535b-4911-4ff2-b19b-cd379cb6b577', 'f37c8976-d35a-4f4f-8b5c-62f46b1fce80', '列王紀下', 13, NOW() - INTERVAL '12 days'),
  ('299a535b-4911-4ff2-b19b-cd379cb6b577', 'f37c8976-d35a-4f4f-8b5c-62f46b1fce80', '列王紀下', 14, NOW() - INTERVAL '11 days'),
  ('299a535b-4911-4ff2-b19b-cd379cb6b577', 'f37c8976-d35a-4f4f-8b5c-62f46b1fce80', '列王紀下', 15, NOW() - INTERVAL '11 days'),
  ('299a535b-4911-4ff2-b19b-cd379cb6b577', 'f37c8976-d35a-4f4f-8b5c-62f46b1fce80', '列王紀下', 16, NOW() - INTERVAL '11 days'),
  ('299a535b-4911-4ff2-b19b-cd379cb6b577', 'f37c8976-d35a-4f4f-8b5c-62f46b1fce80', '列王紀下', 17, NOW() - INTERVAL '11 days'),
  ('299a535b-4911-4ff2-b19b-cd379cb6b577', 'f37c8976-d35a-4f4f-8b5c-62f46b1fce80', '列王紀下', 18, NOW() - INTERVAL '11 days'),
  ('299a535b-4911-4ff2-b19b-cd379cb6b577', 'f37c8976-d35a-4f4f-8b5c-62f46b1fce80', '列王紀下', 19, NOW() - INTERVAL '10 days'),
  ('299a535b-4911-4ff2-b19b-cd379cb6b577', 'f37c8976-d35a-4f4f-8b5c-62f46b1fce80', '列王紀下', 20, NOW() - INTERVAL '10 days'),
  ('299a535b-4911-4ff2-b19b-cd379cb6b577', 'f37c8976-d35a-4f4f-8b5c-62f46b1fce80', '列王紀下', 21, NOW() - INTERVAL '10 days'),
  ('299a535b-4911-4ff2-b19b-cd379cb6b577', 'f37c8976-d35a-4f4f-8b5c-62f46b1fce80', '列王紀下', 22, NOW() - INTERVAL '10 days'),
  ('299a535b-4911-4ff2-b19b-cd379cb6b577', 'f37c8976-d35a-4f4f-8b5c-62f46b1fce80', '列王紀下', 23, NOW() - INTERVAL '10 days'),
  ('299a535b-4911-4ff2-b19b-cd379cb6b577', 'f37c8976-d35a-4f4f-8b5c-62f46b1fce80', '列王紀下', 24, NOW() - INTERVAL '9 days'),
  ('299a535b-4911-4ff2-b19b-cd379cb6b577', 'f37c8976-d35a-4f4f-8b5c-62f46b1fce80', '列王紀下', 25, NOW() - INTERVAL '9 days'),
  ('299a535b-4911-4ff2-b19b-cd379cb6b577', 'f37c8976-d35a-4f4f-8b5c-62f46b1fce80', '雅各書', 1, NOW() - INTERVAL '9 days'),
  ('299a535b-4911-4ff2-b19b-cd379cb6b577', 'f37c8976-d35a-4f4f-8b5c-62f46b1fce80', '雅各書', 2, NOW() - INTERVAL '9 days'),
  ('299a535b-4911-4ff2-b19b-cd379cb6b577', 'f37c8976-d35a-4f4f-8b5c-62f46b1fce80', '雅各書', 3, NOW() - INTERVAL '9 days'),
  ('299a535b-4911-4ff2-b19b-cd379cb6b577', 'f37c8976-d35a-4f4f-8b5c-62f46b1fce80', '雅各書', 4, NOW() - INTERVAL '8 days'),
  ('299a535b-4911-4ff2-b19b-cd379cb6b577', 'f37c8976-d35a-4f4f-8b5c-62f46b1fce80', '雅各書', 5, NOW() - INTERVAL '8 days'),
  ('299a535b-4911-4ff2-b19b-cd379cb6b577', 'f37c8976-d35a-4f4f-8b5c-62f46b1fce80', '出埃及記', 1, NOW() - INTERVAL '8 days'),
  ('299a535b-4911-4ff2-b19b-cd379cb6b577', 'f37c8976-d35a-4f4f-8b5c-62f46b1fce80', '出埃及記', 2, NOW() - INTERVAL '8 days'),
  ('299a535b-4911-4ff2-b19b-cd379cb6b577', 'f37c8976-d35a-4f4f-8b5c-62f46b1fce80', '出埃及記', 3, NOW() - INTERVAL '8 days'),
  ('299a535b-4911-4ff2-b19b-cd379cb6b577', 'f37c8976-d35a-4f4f-8b5c-62f46b1fce80', '出埃及記', 4, NOW() - INTERVAL '7 days'),
  ('299a535b-4911-4ff2-b19b-cd379cb6b577', 'f37c8976-d35a-4f4f-8b5c-62f46b1fce80', '出埃及記', 5, NOW() - INTERVAL '7 days'),
  ('299a535b-4911-4ff2-b19b-cd379cb6b577', 'f37c8976-d35a-4f4f-8b5c-62f46b1fce80', '出埃及記', 6, NOW() - INTERVAL '7 days'),
  ('299a535b-4911-4ff2-b19b-cd379cb6b577', 'f37c8976-d35a-4f4f-8b5c-62f46b1fce80', '出埃及記', 7, NOW() - INTERVAL '7 days'),
  ('299a535b-4911-4ff2-b19b-cd379cb6b577', 'f37c8976-d35a-4f4f-8b5c-62f46b1fce80', '出埃及記', 8, NOW() - INTERVAL '7 days'),
  ('299a535b-4911-4ff2-b19b-cd379cb6b577', 'f37c8976-d35a-4f4f-8b5c-62f46b1fce80', '出埃及記', 9, NOW() - INTERVAL '6 days'),
  ('299a535b-4911-4ff2-b19b-cd379cb6b577', 'f37c8976-d35a-4f4f-8b5c-62f46b1fce80', '出埃及記', 10, NOW() - INTERVAL '6 days'),
  ('299a535b-4911-4ff2-b19b-cd379cb6b577', 'f37c8976-d35a-4f4f-8b5c-62f46b1fce80', '出埃及記', 11, NOW() - INTERVAL '6 days'),
  ('299a535b-4911-4ff2-b19b-cd379cb6b577', 'f37c8976-d35a-4f4f-8b5c-62f46b1fce80', '出埃及記', 12, NOW() - INTERVAL '6 days'),
  ('299a535b-4911-4ff2-b19b-cd379cb6b577', 'f37c8976-d35a-4f4f-8b5c-62f46b1fce80', '出埃及記', 13, NOW() - INTERVAL '6 days'),
  ('299a535b-4911-4ff2-b19b-cd379cb6b577', 'f37c8976-d35a-4f4f-8b5c-62f46b1fce80', '出埃及記', 14, NOW() - INTERVAL '5 days'),
  ('299a535b-4911-4ff2-b19b-cd379cb6b577', 'f37c8976-d35a-4f4f-8b5c-62f46b1fce80', '出埃及記', 15, NOW() - INTERVAL '5 days'),
  ('299a535b-4911-4ff2-b19b-cd379cb6b577', 'f37c8976-d35a-4f4f-8b5c-62f46b1fce80', '出埃及記', 16, NOW() - INTERVAL '5 days'),
  ('299a535b-4911-4ff2-b19b-cd379cb6b577', 'f37c8976-d35a-4f4f-8b5c-62f46b1fce80', '出埃及記', 17, NOW() - INTERVAL '5 days'),
  ('299a535b-4911-4ff2-b19b-cd379cb6b577', 'f37c8976-d35a-4f4f-8b5c-62f46b1fce80', '出埃及記', 18, NOW() - INTERVAL '5 days'),
  ('299a535b-4911-4ff2-b19b-cd379cb6b577', 'f37c8976-d35a-4f4f-8b5c-62f46b1fce80', '出埃及記', 19, NOW() - INTERVAL '4 days'),
  ('299a535b-4911-4ff2-b19b-cd379cb6b577', 'f37c8976-d35a-4f4f-8b5c-62f46b1fce80', '出埃及記', 20, NOW() - INTERVAL '4 days'),
  ('299a535b-4911-4ff2-b19b-cd379cb6b577', 'f37c8976-d35a-4f4f-8b5c-62f46b1fce80', '出埃及記', 21, NOW() - INTERVAL '4 days'),
  ('299a535b-4911-4ff2-b19b-cd379cb6b577', 'f37c8976-d35a-4f4f-8b5c-62f46b1fce80', '出埃及記', 22, NOW() - INTERVAL '4 days'),
  ('299a535b-4911-4ff2-b19b-cd379cb6b577', 'f37c8976-d35a-4f4f-8b5c-62f46b1fce80', '出埃及記', 23, NOW() - INTERVAL '4 days'),
  ('299a535b-4911-4ff2-b19b-cd379cb6b577', 'f37c8976-d35a-4f4f-8b5c-62f46b1fce80', '出埃及記', 24, NOW() - INTERVAL '3 days'),
  ('299a535b-4911-4ff2-b19b-cd379cb6b577', 'f37c8976-d35a-4f4f-8b5c-62f46b1fce80', '出埃及記', 25, NOW() - INTERVAL '3 days'),
  ('299a535b-4911-4ff2-b19b-cd379cb6b577', 'f37c8976-d35a-4f4f-8b5c-62f46b1fce80', '出埃及記', 26, NOW() - INTERVAL '3 days'),
  ('299a535b-4911-4ff2-b19b-cd379cb6b577', 'f37c8976-d35a-4f4f-8b5c-62f46b1fce80', '出埃及記', 27, NOW() - INTERVAL '3 days'),
  ('299a535b-4911-4ff2-b19b-cd379cb6b577', 'f37c8976-d35a-4f4f-8b5c-62f46b1fce80', '出埃及記', 28, NOW() - INTERVAL '3 days'),
  ('299a535b-4911-4ff2-b19b-cd379cb6b577', 'f37c8976-d35a-4f4f-8b5c-62f46b1fce80', '出埃及記', 29, NOW() - INTERVAL '2 days'),
  ('299a535b-4911-4ff2-b19b-cd379cb6b577', 'f37c8976-d35a-4f4f-8b5c-62f46b1fce80', '出埃及記', 30, NOW() - INTERVAL '2 days'),
  ('299a535b-4911-4ff2-b19b-cd379cb6b577', 'f37c8976-d35a-4f4f-8b5c-62f46b1fce80', '出埃及記', 31, NOW() - INTERVAL '2 days'),
  ('299a535b-4911-4ff2-b19b-cd379cb6b577', 'f37c8976-d35a-4f4f-8b5c-62f46b1fce80', '出埃及記', 32, NOW() - INTERVAL '2 days'),
  ('299a535b-4911-4ff2-b19b-cd379cb6b577', 'f37c8976-d35a-4f4f-8b5c-62f46b1fce80', '出埃及記', 33, NOW() - INTERVAL '2 days'),
  ('299a535b-4911-4ff2-b19b-cd379cb6b577', 'f37c8976-d35a-4f4f-8b5c-62f46b1fce80', '出埃及記', 34, NOW() - INTERVAL '1 days'),
  ('299a535b-4911-4ff2-b19b-cd379cb6b577', 'f37c8976-d35a-4f4f-8b5c-62f46b1fce80', '出埃及記', 35, NOW() - INTERVAL '1 days'),
  ('299a535b-4911-4ff2-b19b-cd379cb6b577', 'f37c8976-d35a-4f4f-8b5c-62f46b1fce80', '出埃及記', 36, NOW() - INTERVAL '1 days'),
  ('299a535b-4911-4ff2-b19b-cd379cb6b577', 'f37c8976-d35a-4f4f-8b5c-62f46b1fce80', '出埃及記', 37, NOW() - INTERVAL '1 days'),
  ('299a535b-4911-4ff2-b19b-cd379cb6b577', 'f37c8976-d35a-4f4f-8b5c-62f46b1fce80', '出埃及記', 38, NOW() - INTERVAL '1 days'),
  ('299a535b-4911-4ff2-b19b-cd379cb6b577', 'f37c8976-d35a-4f4f-8b5c-62f46b1fce80', '出埃及記', 39, NOW() - INTERVAL '0 days'),
  ('299a535b-4911-4ff2-b19b-cd379cb6b577', 'f37c8976-d35a-4f4f-8b5c-62f46b1fce80', '出埃及記', 40, NOW() - INTERVAL '0 days'),
  ('299a535b-4911-4ff2-b19b-cd379cb6b577', 'f37c8976-d35a-4f4f-8b5c-62f46b1fce80', '馬可福音', 1, NOW() - INTERVAL '0 days'),
  ('299a535b-4911-4ff2-b19b-cd379cb6b577', 'f37c8976-d35a-4f4f-8b5c-62f46b1fce80', '馬可福音', 2, NOW() - INTERVAL '0 days');

--------------------------------------------------

-- 使用者: 示範區長丁
INSERT INTO auth.users (id, email, raw_user_meta_data, created_at, updated_at, instance_id, aud, role, encrypted_password)
VALUES (
  '4c42d5c0-4f9f-46e8-a015-166089fd9758',
  '4c42d5c0@church-bible.com',
  '{"full_name": "示範區長丁"}',
  NOW() - INTERVAL '31 days',
  NOW(),
  '00000000-0000-0000-0000-000000000000',
  'authenticated',
  'authenticated',
  '$2a$10$abcdefghijklmnopqrstuv' -- Dummy bcrypt hash
) ON CONFLICT (id) DO NOTHING;

INSERT INTO public.profiles (id, name, great_region, pastoral_zone, small_group, role, is_demo, updated_at)
VALUES (
  '4c42d5c0-4f9f-46e8-a015-166089fd9758',
  '示範區長丁',
  '示範大區D',
  '示範牧區壬',
  '示範小組10',
  'zone_leader',
  TRUE,
  NOW()
) ON CONFLICT (id) DO NOTHING;

INSERT INTO public.reading_plans (id, user_id, name, start_date, end_date, target_books)
VALUES (
  '49d8ee90-7f57-4aae-b928-eb560327cd33',
  '4c42d5c0-4f9f-46e8-a015-166089fd9758',
  '第一季速讀：2026年7月~9月',
  '2026-07-01',
  '2026-09-30',
  ARRAY['創世記', '馬太福音', '列王紀下', '雅各書', '出埃及記', '馬可福音', '約伯記', '加拉太書', '哈巴谷書', '猶大書', '利未記', '路加福音', '歷代志下', '帖撒羅尼迦前書', '約拿書', '約翰二書', '彌迦書', '約翰三書']
) ON CONFLICT (id) DO NOTHING;

INSERT INTO public.reading_logs (user_id, plan_id, book, chapter, read_at)
VALUES
  ('4c42d5c0-4f9f-46e8-a015-166089fd9758', '49d8ee90-7f57-4aae-b928-eb560327cd33', '創世記', 1, NOW() - INTERVAL '126 days'),
  ('4c42d5c0-4f9f-46e8-a015-166089fd9758', '49d8ee90-7f57-4aae-b928-eb560327cd33', '創世記', 2, NOW() - INTERVAL '125 days'),
  ('4c42d5c0-4f9f-46e8-a015-166089fd9758', '49d8ee90-7f57-4aae-b928-eb560327cd33', '創世記', 3, NOW() - INTERVAL '125 days'),
  ('4c42d5c0-4f9f-46e8-a015-166089fd9758', '49d8ee90-7f57-4aae-b928-eb560327cd33', '創世記', 4, NOW() - INTERVAL '125 days'),
  ('4c42d5c0-4f9f-46e8-a015-166089fd9758', '49d8ee90-7f57-4aae-b928-eb560327cd33', '創世記', 5, NOW() - INTERVAL '125 days'),
  ('4c42d5c0-4f9f-46e8-a015-166089fd9758', '49d8ee90-7f57-4aae-b928-eb560327cd33', '創世記', 6, NOW() - INTERVAL '125 days'),
  ('4c42d5c0-4f9f-46e8-a015-166089fd9758', '49d8ee90-7f57-4aae-b928-eb560327cd33', '創世記', 7, NOW() - INTERVAL '124 days'),
  ('4c42d5c0-4f9f-46e8-a015-166089fd9758', '49d8ee90-7f57-4aae-b928-eb560327cd33', '創世記', 8, NOW() - INTERVAL '124 days'),
  ('4c42d5c0-4f9f-46e8-a015-166089fd9758', '49d8ee90-7f57-4aae-b928-eb560327cd33', '創世記', 9, NOW() - INTERVAL '124 days'),
  ('4c42d5c0-4f9f-46e8-a015-166089fd9758', '49d8ee90-7f57-4aae-b928-eb560327cd33', '創世記', 10, NOW() - INTERVAL '124 days'),
  ('4c42d5c0-4f9f-46e8-a015-166089fd9758', '49d8ee90-7f57-4aae-b928-eb560327cd33', '創世記', 11, NOW() - INTERVAL '124 days'),
  ('4c42d5c0-4f9f-46e8-a015-166089fd9758', '49d8ee90-7f57-4aae-b928-eb560327cd33', '創世記', 12, NOW() - INTERVAL '123 days'),
  ('4c42d5c0-4f9f-46e8-a015-166089fd9758', '49d8ee90-7f57-4aae-b928-eb560327cd33', '創世記', 13, NOW() - INTERVAL '123 days'),
  ('4c42d5c0-4f9f-46e8-a015-166089fd9758', '49d8ee90-7f57-4aae-b928-eb560327cd33', '創世記', 14, NOW() - INTERVAL '123 days'),
  ('4c42d5c0-4f9f-46e8-a015-166089fd9758', '49d8ee90-7f57-4aae-b928-eb560327cd33', '創世記', 15, NOW() - INTERVAL '123 days'),
  ('4c42d5c0-4f9f-46e8-a015-166089fd9758', '49d8ee90-7f57-4aae-b928-eb560327cd33', '創世記', 16, NOW() - INTERVAL '123 days'),
  ('4c42d5c0-4f9f-46e8-a015-166089fd9758', '49d8ee90-7f57-4aae-b928-eb560327cd33', '創世記', 17, NOW() - INTERVAL '122 days'),
  ('4c42d5c0-4f9f-46e8-a015-166089fd9758', '49d8ee90-7f57-4aae-b928-eb560327cd33', '創世記', 18, NOW() - INTERVAL '122 days'),
  ('4c42d5c0-4f9f-46e8-a015-166089fd9758', '49d8ee90-7f57-4aae-b928-eb560327cd33', '創世記', 19, NOW() - INTERVAL '122 days'),
  ('4c42d5c0-4f9f-46e8-a015-166089fd9758', '49d8ee90-7f57-4aae-b928-eb560327cd33', '創世記', 20, NOW() - INTERVAL '122 days'),
  ('4c42d5c0-4f9f-46e8-a015-166089fd9758', '49d8ee90-7f57-4aae-b928-eb560327cd33', '創世記', 21, NOW() - INTERVAL '122 days'),
  ('4c42d5c0-4f9f-46e8-a015-166089fd9758', '49d8ee90-7f57-4aae-b928-eb560327cd33', '創世記', 22, NOW() - INTERVAL '121 days'),
  ('4c42d5c0-4f9f-46e8-a015-166089fd9758', '49d8ee90-7f57-4aae-b928-eb560327cd33', '創世記', 23, NOW() - INTERVAL '121 days'),
  ('4c42d5c0-4f9f-46e8-a015-166089fd9758', '49d8ee90-7f57-4aae-b928-eb560327cd33', '創世記', 24, NOW() - INTERVAL '121 days'),
  ('4c42d5c0-4f9f-46e8-a015-166089fd9758', '49d8ee90-7f57-4aae-b928-eb560327cd33', '創世記', 25, NOW() - INTERVAL '121 days'),
  ('4c42d5c0-4f9f-46e8-a015-166089fd9758', '49d8ee90-7f57-4aae-b928-eb560327cd33', '創世記', 26, NOW() - INTERVAL '121 days'),
  ('4c42d5c0-4f9f-46e8-a015-166089fd9758', '49d8ee90-7f57-4aae-b928-eb560327cd33', '創世記', 27, NOW() - INTERVAL '120 days'),
  ('4c42d5c0-4f9f-46e8-a015-166089fd9758', '49d8ee90-7f57-4aae-b928-eb560327cd33', '創世記', 28, NOW() - INTERVAL '120 days'),
  ('4c42d5c0-4f9f-46e8-a015-166089fd9758', '49d8ee90-7f57-4aae-b928-eb560327cd33', '創世記', 29, NOW() - INTERVAL '120 days'),
  ('4c42d5c0-4f9f-46e8-a015-166089fd9758', '49d8ee90-7f57-4aae-b928-eb560327cd33', '創世記', 30, NOW() - INTERVAL '120 days'),
  ('4c42d5c0-4f9f-46e8-a015-166089fd9758', '49d8ee90-7f57-4aae-b928-eb560327cd33', '創世記', 31, NOW() - INTERVAL '120 days'),
  ('4c42d5c0-4f9f-46e8-a015-166089fd9758', '49d8ee90-7f57-4aae-b928-eb560327cd33', '創世記', 32, NOW() - INTERVAL '119 days'),
  ('4c42d5c0-4f9f-46e8-a015-166089fd9758', '49d8ee90-7f57-4aae-b928-eb560327cd33', '創世記', 33, NOW() - INTERVAL '119 days'),
  ('4c42d5c0-4f9f-46e8-a015-166089fd9758', '49d8ee90-7f57-4aae-b928-eb560327cd33', '創世記', 34, NOW() - INTERVAL '119 days'),
  ('4c42d5c0-4f9f-46e8-a015-166089fd9758', '49d8ee90-7f57-4aae-b928-eb560327cd33', '創世記', 35, NOW() - INTERVAL '119 days'),
  ('4c42d5c0-4f9f-46e8-a015-166089fd9758', '49d8ee90-7f57-4aae-b928-eb560327cd33', '創世記', 36, NOW() - INTERVAL '119 days'),
  ('4c42d5c0-4f9f-46e8-a015-166089fd9758', '49d8ee90-7f57-4aae-b928-eb560327cd33', '創世記', 37, NOW() - INTERVAL '118 days'),
  ('4c42d5c0-4f9f-46e8-a015-166089fd9758', '49d8ee90-7f57-4aae-b928-eb560327cd33', '創世記', 38, NOW() - INTERVAL '118 days'),
  ('4c42d5c0-4f9f-46e8-a015-166089fd9758', '49d8ee90-7f57-4aae-b928-eb560327cd33', '創世記', 39, NOW() - INTERVAL '118 days'),
  ('4c42d5c0-4f9f-46e8-a015-166089fd9758', '49d8ee90-7f57-4aae-b928-eb560327cd33', '創世記', 40, NOW() - INTERVAL '118 days'),
  ('4c42d5c0-4f9f-46e8-a015-166089fd9758', '49d8ee90-7f57-4aae-b928-eb560327cd33', '創世記', 41, NOW() - INTERVAL '118 days'),
  ('4c42d5c0-4f9f-46e8-a015-166089fd9758', '49d8ee90-7f57-4aae-b928-eb560327cd33', '創世記', 42, NOW() - INTERVAL '117 days'),
  ('4c42d5c0-4f9f-46e8-a015-166089fd9758', '49d8ee90-7f57-4aae-b928-eb560327cd33', '創世記', 43, NOW() - INTERVAL '117 days'),
  ('4c42d5c0-4f9f-46e8-a015-166089fd9758', '49d8ee90-7f57-4aae-b928-eb560327cd33', '創世記', 44, NOW() - INTERVAL '117 days'),
  ('4c42d5c0-4f9f-46e8-a015-166089fd9758', '49d8ee90-7f57-4aae-b928-eb560327cd33', '創世記', 45, NOW() - INTERVAL '117 days'),
  ('4c42d5c0-4f9f-46e8-a015-166089fd9758', '49d8ee90-7f57-4aae-b928-eb560327cd33', '創世記', 46, NOW() - INTERVAL '117 days'),
  ('4c42d5c0-4f9f-46e8-a015-166089fd9758', '49d8ee90-7f57-4aae-b928-eb560327cd33', '創世記', 47, NOW() - INTERVAL '116 days'),
  ('4c42d5c0-4f9f-46e8-a015-166089fd9758', '49d8ee90-7f57-4aae-b928-eb560327cd33', '創世記', 48, NOW() - INTERVAL '116 days'),
  ('4c42d5c0-4f9f-46e8-a015-166089fd9758', '49d8ee90-7f57-4aae-b928-eb560327cd33', '創世記', 49, NOW() - INTERVAL '116 days'),
  ('4c42d5c0-4f9f-46e8-a015-166089fd9758', '49d8ee90-7f57-4aae-b928-eb560327cd33', '創世記', 50, NOW() - INTERVAL '116 days'),
  ('4c42d5c0-4f9f-46e8-a015-166089fd9758', '49d8ee90-7f57-4aae-b928-eb560327cd33', '馬太福音', 1, NOW() - INTERVAL '116 days'),
  ('4c42d5c0-4f9f-46e8-a015-166089fd9758', '49d8ee90-7f57-4aae-b928-eb560327cd33', '馬太福音', 2, NOW() - INTERVAL '115 days'),
  ('4c42d5c0-4f9f-46e8-a015-166089fd9758', '49d8ee90-7f57-4aae-b928-eb560327cd33', '馬太福音', 3, NOW() - INTERVAL '115 days'),
  ('4c42d5c0-4f9f-46e8-a015-166089fd9758', '49d8ee90-7f57-4aae-b928-eb560327cd33', '馬太福音', 4, NOW() - INTERVAL '115 days'),
  ('4c42d5c0-4f9f-46e8-a015-166089fd9758', '49d8ee90-7f57-4aae-b928-eb560327cd33', '馬太福音', 5, NOW() - INTERVAL '115 days'),
  ('4c42d5c0-4f9f-46e8-a015-166089fd9758', '49d8ee90-7f57-4aae-b928-eb560327cd33', '馬太福音', 6, NOW() - INTERVAL '115 days'),
  ('4c42d5c0-4f9f-46e8-a015-166089fd9758', '49d8ee90-7f57-4aae-b928-eb560327cd33', '馬太福音', 7, NOW() - INTERVAL '114 days'),
  ('4c42d5c0-4f9f-46e8-a015-166089fd9758', '49d8ee90-7f57-4aae-b928-eb560327cd33', '馬太福音', 8, NOW() - INTERVAL '114 days'),
  ('4c42d5c0-4f9f-46e8-a015-166089fd9758', '49d8ee90-7f57-4aae-b928-eb560327cd33', '馬太福音', 9, NOW() - INTERVAL '114 days'),
  ('4c42d5c0-4f9f-46e8-a015-166089fd9758', '49d8ee90-7f57-4aae-b928-eb560327cd33', '馬太福音', 10, NOW() - INTERVAL '114 days'),
  ('4c42d5c0-4f9f-46e8-a015-166089fd9758', '49d8ee90-7f57-4aae-b928-eb560327cd33', '馬太福音', 11, NOW() - INTERVAL '114 days'),
  ('4c42d5c0-4f9f-46e8-a015-166089fd9758', '49d8ee90-7f57-4aae-b928-eb560327cd33', '馬太福音', 12, NOW() - INTERVAL '113 days'),
  ('4c42d5c0-4f9f-46e8-a015-166089fd9758', '49d8ee90-7f57-4aae-b928-eb560327cd33', '馬太福音', 13, NOW() - INTERVAL '113 days'),
  ('4c42d5c0-4f9f-46e8-a015-166089fd9758', '49d8ee90-7f57-4aae-b928-eb560327cd33', '馬太福音', 14, NOW() - INTERVAL '113 days'),
  ('4c42d5c0-4f9f-46e8-a015-166089fd9758', '49d8ee90-7f57-4aae-b928-eb560327cd33', '馬太福音', 15, NOW() - INTERVAL '113 days'),
  ('4c42d5c0-4f9f-46e8-a015-166089fd9758', '49d8ee90-7f57-4aae-b928-eb560327cd33', '馬太福音', 16, NOW() - INTERVAL '113 days'),
  ('4c42d5c0-4f9f-46e8-a015-166089fd9758', '49d8ee90-7f57-4aae-b928-eb560327cd33', '馬太福音', 17, NOW() - INTERVAL '112 days'),
  ('4c42d5c0-4f9f-46e8-a015-166089fd9758', '49d8ee90-7f57-4aae-b928-eb560327cd33', '馬太福音', 18, NOW() - INTERVAL '112 days'),
  ('4c42d5c0-4f9f-46e8-a015-166089fd9758', '49d8ee90-7f57-4aae-b928-eb560327cd33', '馬太福音', 19, NOW() - INTERVAL '112 days'),
  ('4c42d5c0-4f9f-46e8-a015-166089fd9758', '49d8ee90-7f57-4aae-b928-eb560327cd33', '馬太福音', 20, NOW() - INTERVAL '112 days'),
  ('4c42d5c0-4f9f-46e8-a015-166089fd9758', '49d8ee90-7f57-4aae-b928-eb560327cd33', '馬太福音', 21, NOW() - INTERVAL '112 days'),
  ('4c42d5c0-4f9f-46e8-a015-166089fd9758', '49d8ee90-7f57-4aae-b928-eb560327cd33', '馬太福音', 22, NOW() - INTERVAL '111 days'),
  ('4c42d5c0-4f9f-46e8-a015-166089fd9758', '49d8ee90-7f57-4aae-b928-eb560327cd33', '馬太福音', 23, NOW() - INTERVAL '111 days'),
  ('4c42d5c0-4f9f-46e8-a015-166089fd9758', '49d8ee90-7f57-4aae-b928-eb560327cd33', '馬太福音', 24, NOW() - INTERVAL '111 days'),
  ('4c42d5c0-4f9f-46e8-a015-166089fd9758', '49d8ee90-7f57-4aae-b928-eb560327cd33', '馬太福音', 25, NOW() - INTERVAL '111 days'),
  ('4c42d5c0-4f9f-46e8-a015-166089fd9758', '49d8ee90-7f57-4aae-b928-eb560327cd33', '馬太福音', 26, NOW() - INTERVAL '111 days'),
  ('4c42d5c0-4f9f-46e8-a015-166089fd9758', '49d8ee90-7f57-4aae-b928-eb560327cd33', '馬太福音', 27, NOW() - INTERVAL '110 days'),
  ('4c42d5c0-4f9f-46e8-a015-166089fd9758', '49d8ee90-7f57-4aae-b928-eb560327cd33', '馬太福音', 28, NOW() - INTERVAL '110 days'),
  ('4c42d5c0-4f9f-46e8-a015-166089fd9758', '49d8ee90-7f57-4aae-b928-eb560327cd33', '列王紀下', 1, NOW() - INTERVAL '110 days'),
  ('4c42d5c0-4f9f-46e8-a015-166089fd9758', '49d8ee90-7f57-4aae-b928-eb560327cd33', '列王紀下', 2, NOW() - INTERVAL '110 days'),
  ('4c42d5c0-4f9f-46e8-a015-166089fd9758', '49d8ee90-7f57-4aae-b928-eb560327cd33', '列王紀下', 3, NOW() - INTERVAL '110 days'),
  ('4c42d5c0-4f9f-46e8-a015-166089fd9758', '49d8ee90-7f57-4aae-b928-eb560327cd33', '列王紀下', 4, NOW() - INTERVAL '109 days'),
  ('4c42d5c0-4f9f-46e8-a015-166089fd9758', '49d8ee90-7f57-4aae-b928-eb560327cd33', '列王紀下', 5, NOW() - INTERVAL '109 days'),
  ('4c42d5c0-4f9f-46e8-a015-166089fd9758', '49d8ee90-7f57-4aae-b928-eb560327cd33', '列王紀下', 6, NOW() - INTERVAL '109 days'),
  ('4c42d5c0-4f9f-46e8-a015-166089fd9758', '49d8ee90-7f57-4aae-b928-eb560327cd33', '列王紀下', 7, NOW() - INTERVAL '109 days'),
  ('4c42d5c0-4f9f-46e8-a015-166089fd9758', '49d8ee90-7f57-4aae-b928-eb560327cd33', '列王紀下', 8, NOW() - INTERVAL '109 days'),
  ('4c42d5c0-4f9f-46e8-a015-166089fd9758', '49d8ee90-7f57-4aae-b928-eb560327cd33', '列王紀下', 9, NOW() - INTERVAL '108 days'),
  ('4c42d5c0-4f9f-46e8-a015-166089fd9758', '49d8ee90-7f57-4aae-b928-eb560327cd33', '列王紀下', 10, NOW() - INTERVAL '108 days'),
  ('4c42d5c0-4f9f-46e8-a015-166089fd9758', '49d8ee90-7f57-4aae-b928-eb560327cd33', '列王紀下', 11, NOW() - INTERVAL '108 days'),
  ('4c42d5c0-4f9f-46e8-a015-166089fd9758', '49d8ee90-7f57-4aae-b928-eb560327cd33', '列王紀下', 12, NOW() - INTERVAL '108 days'),
  ('4c42d5c0-4f9f-46e8-a015-166089fd9758', '49d8ee90-7f57-4aae-b928-eb560327cd33', '列王紀下', 13, NOW() - INTERVAL '108 days'),
  ('4c42d5c0-4f9f-46e8-a015-166089fd9758', '49d8ee90-7f57-4aae-b928-eb560327cd33', '列王紀下', 14, NOW() - INTERVAL '107 days'),
  ('4c42d5c0-4f9f-46e8-a015-166089fd9758', '49d8ee90-7f57-4aae-b928-eb560327cd33', '列王紀下', 15, NOW() - INTERVAL '107 days'),
  ('4c42d5c0-4f9f-46e8-a015-166089fd9758', '49d8ee90-7f57-4aae-b928-eb560327cd33', '列王紀下', 16, NOW() - INTERVAL '107 days'),
  ('4c42d5c0-4f9f-46e8-a015-166089fd9758', '49d8ee90-7f57-4aae-b928-eb560327cd33', '列王紀下', 17, NOW() - INTERVAL '107 days'),
  ('4c42d5c0-4f9f-46e8-a015-166089fd9758', '49d8ee90-7f57-4aae-b928-eb560327cd33', '列王紀下', 18, NOW() - INTERVAL '107 days'),
  ('4c42d5c0-4f9f-46e8-a015-166089fd9758', '49d8ee90-7f57-4aae-b928-eb560327cd33', '列王紀下', 19, NOW() - INTERVAL '106 days'),
  ('4c42d5c0-4f9f-46e8-a015-166089fd9758', '49d8ee90-7f57-4aae-b928-eb560327cd33', '列王紀下', 20, NOW() - INTERVAL '106 days'),
  ('4c42d5c0-4f9f-46e8-a015-166089fd9758', '49d8ee90-7f57-4aae-b928-eb560327cd33', '列王紀下', 21, NOW() - INTERVAL '106 days'),
  ('4c42d5c0-4f9f-46e8-a015-166089fd9758', '49d8ee90-7f57-4aae-b928-eb560327cd33', '列王紀下', 22, NOW() - INTERVAL '106 days'),
  ('4c42d5c0-4f9f-46e8-a015-166089fd9758', '49d8ee90-7f57-4aae-b928-eb560327cd33', '列王紀下', 23, NOW() - INTERVAL '106 days'),
  ('4c42d5c0-4f9f-46e8-a015-166089fd9758', '49d8ee90-7f57-4aae-b928-eb560327cd33', '列王紀下', 24, NOW() - INTERVAL '105 days'),
  ('4c42d5c0-4f9f-46e8-a015-166089fd9758', '49d8ee90-7f57-4aae-b928-eb560327cd33', '列王紀下', 25, NOW() - INTERVAL '105 days'),
  ('4c42d5c0-4f9f-46e8-a015-166089fd9758', '49d8ee90-7f57-4aae-b928-eb560327cd33', '雅各書', 1, NOW() - INTERVAL '105 days'),
  ('4c42d5c0-4f9f-46e8-a015-166089fd9758', '49d8ee90-7f57-4aae-b928-eb560327cd33', '雅各書', 2, NOW() - INTERVAL '105 days'),
  ('4c42d5c0-4f9f-46e8-a015-166089fd9758', '49d8ee90-7f57-4aae-b928-eb560327cd33', '雅各書', 3, NOW() - INTERVAL '105 days'),
  ('4c42d5c0-4f9f-46e8-a015-166089fd9758', '49d8ee90-7f57-4aae-b928-eb560327cd33', '雅各書', 4, NOW() - INTERVAL '104 days'),
  ('4c42d5c0-4f9f-46e8-a015-166089fd9758', '49d8ee90-7f57-4aae-b928-eb560327cd33', '雅各書', 5, NOW() - INTERVAL '104 days'),
  ('4c42d5c0-4f9f-46e8-a015-166089fd9758', '49d8ee90-7f57-4aae-b928-eb560327cd33', '出埃及記', 1, NOW() - INTERVAL '104 days'),
  ('4c42d5c0-4f9f-46e8-a015-166089fd9758', '49d8ee90-7f57-4aae-b928-eb560327cd33', '出埃及記', 2, NOW() - INTERVAL '104 days'),
  ('4c42d5c0-4f9f-46e8-a015-166089fd9758', '49d8ee90-7f57-4aae-b928-eb560327cd33', '出埃及記', 3, NOW() - INTERVAL '104 days'),
  ('4c42d5c0-4f9f-46e8-a015-166089fd9758', '49d8ee90-7f57-4aae-b928-eb560327cd33', '出埃及記', 4, NOW() - INTERVAL '103 days'),
  ('4c42d5c0-4f9f-46e8-a015-166089fd9758', '49d8ee90-7f57-4aae-b928-eb560327cd33', '出埃及記', 5, NOW() - INTERVAL '103 days'),
  ('4c42d5c0-4f9f-46e8-a015-166089fd9758', '49d8ee90-7f57-4aae-b928-eb560327cd33', '出埃及記', 6, NOW() - INTERVAL '103 days'),
  ('4c42d5c0-4f9f-46e8-a015-166089fd9758', '49d8ee90-7f57-4aae-b928-eb560327cd33', '出埃及記', 7, NOW() - INTERVAL '103 days'),
  ('4c42d5c0-4f9f-46e8-a015-166089fd9758', '49d8ee90-7f57-4aae-b928-eb560327cd33', '出埃及記', 8, NOW() - INTERVAL '103 days'),
  ('4c42d5c0-4f9f-46e8-a015-166089fd9758', '49d8ee90-7f57-4aae-b928-eb560327cd33', '出埃及記', 9, NOW() - INTERVAL '102 days'),
  ('4c42d5c0-4f9f-46e8-a015-166089fd9758', '49d8ee90-7f57-4aae-b928-eb560327cd33', '出埃及記', 10, NOW() - INTERVAL '102 days'),
  ('4c42d5c0-4f9f-46e8-a015-166089fd9758', '49d8ee90-7f57-4aae-b928-eb560327cd33', '出埃及記', 11, NOW() - INTERVAL '102 days'),
  ('4c42d5c0-4f9f-46e8-a015-166089fd9758', '49d8ee90-7f57-4aae-b928-eb560327cd33', '出埃及記', 12, NOW() - INTERVAL '102 days'),
  ('4c42d5c0-4f9f-46e8-a015-166089fd9758', '49d8ee90-7f57-4aae-b928-eb560327cd33', '出埃及記', 13, NOW() - INTERVAL '102 days'),
  ('4c42d5c0-4f9f-46e8-a015-166089fd9758', '49d8ee90-7f57-4aae-b928-eb560327cd33', '出埃及記', 14, NOW() - INTERVAL '101 days'),
  ('4c42d5c0-4f9f-46e8-a015-166089fd9758', '49d8ee90-7f57-4aae-b928-eb560327cd33', '出埃及記', 15, NOW() - INTERVAL '101 days'),
  ('4c42d5c0-4f9f-46e8-a015-166089fd9758', '49d8ee90-7f57-4aae-b928-eb560327cd33', '出埃及記', 16, NOW() - INTERVAL '101 days'),
  ('4c42d5c0-4f9f-46e8-a015-166089fd9758', '49d8ee90-7f57-4aae-b928-eb560327cd33', '出埃及記', 17, NOW() - INTERVAL '101 days'),
  ('4c42d5c0-4f9f-46e8-a015-166089fd9758', '49d8ee90-7f57-4aae-b928-eb560327cd33', '出埃及記', 18, NOW() - INTERVAL '101 days'),
  ('4c42d5c0-4f9f-46e8-a015-166089fd9758', '49d8ee90-7f57-4aae-b928-eb560327cd33', '出埃及記', 19, NOW() - INTERVAL '100 days'),
  ('4c42d5c0-4f9f-46e8-a015-166089fd9758', '49d8ee90-7f57-4aae-b928-eb560327cd33', '出埃及記', 20, NOW() - INTERVAL '100 days'),
  ('4c42d5c0-4f9f-46e8-a015-166089fd9758', '49d8ee90-7f57-4aae-b928-eb560327cd33', '出埃及記', 21, NOW() - INTERVAL '100 days'),
  ('4c42d5c0-4f9f-46e8-a015-166089fd9758', '49d8ee90-7f57-4aae-b928-eb560327cd33', '出埃及記', 22, NOW() - INTERVAL '100 days'),
  ('4c42d5c0-4f9f-46e8-a015-166089fd9758', '49d8ee90-7f57-4aae-b928-eb560327cd33', '出埃及記', 23, NOW() - INTERVAL '100 days'),
  ('4c42d5c0-4f9f-46e8-a015-166089fd9758', '49d8ee90-7f57-4aae-b928-eb560327cd33', '出埃及記', 24, NOW() - INTERVAL '99 days'),
  ('4c42d5c0-4f9f-46e8-a015-166089fd9758', '49d8ee90-7f57-4aae-b928-eb560327cd33', '出埃及記', 25, NOW() - INTERVAL '99 days'),
  ('4c42d5c0-4f9f-46e8-a015-166089fd9758', '49d8ee90-7f57-4aae-b928-eb560327cd33', '出埃及記', 26, NOW() - INTERVAL '99 days'),
  ('4c42d5c0-4f9f-46e8-a015-166089fd9758', '49d8ee90-7f57-4aae-b928-eb560327cd33', '出埃及記', 27, NOW() - INTERVAL '99 days'),
  ('4c42d5c0-4f9f-46e8-a015-166089fd9758', '49d8ee90-7f57-4aae-b928-eb560327cd33', '出埃及記', 28, NOW() - INTERVAL '99 days'),
  ('4c42d5c0-4f9f-46e8-a015-166089fd9758', '49d8ee90-7f57-4aae-b928-eb560327cd33', '出埃及記', 29, NOW() - INTERVAL '98 days'),
  ('4c42d5c0-4f9f-46e8-a015-166089fd9758', '49d8ee90-7f57-4aae-b928-eb560327cd33', '出埃及記', 30, NOW() - INTERVAL '98 days'),
  ('4c42d5c0-4f9f-46e8-a015-166089fd9758', '49d8ee90-7f57-4aae-b928-eb560327cd33', '出埃及記', 31, NOW() - INTERVAL '98 days'),
  ('4c42d5c0-4f9f-46e8-a015-166089fd9758', '49d8ee90-7f57-4aae-b928-eb560327cd33', '出埃及記', 32, NOW() - INTERVAL '98 days'),
  ('4c42d5c0-4f9f-46e8-a015-166089fd9758', '49d8ee90-7f57-4aae-b928-eb560327cd33', '出埃及記', 33, NOW() - INTERVAL '98 days'),
  ('4c42d5c0-4f9f-46e8-a015-166089fd9758', '49d8ee90-7f57-4aae-b928-eb560327cd33', '出埃及記', 34, NOW() - INTERVAL '97 days'),
  ('4c42d5c0-4f9f-46e8-a015-166089fd9758', '49d8ee90-7f57-4aae-b928-eb560327cd33', '出埃及記', 35, NOW() - INTERVAL '97 days'),
  ('4c42d5c0-4f9f-46e8-a015-166089fd9758', '49d8ee90-7f57-4aae-b928-eb560327cd33', '出埃及記', 36, NOW() - INTERVAL '97 days'),
  ('4c42d5c0-4f9f-46e8-a015-166089fd9758', '49d8ee90-7f57-4aae-b928-eb560327cd33', '出埃及記', 37, NOW() - INTERVAL '97 days'),
  ('4c42d5c0-4f9f-46e8-a015-166089fd9758', '49d8ee90-7f57-4aae-b928-eb560327cd33', '出埃及記', 38, NOW() - INTERVAL '97 days'),
  ('4c42d5c0-4f9f-46e8-a015-166089fd9758', '49d8ee90-7f57-4aae-b928-eb560327cd33', '出埃及記', 39, NOW() - INTERVAL '96 days'),
  ('4c42d5c0-4f9f-46e8-a015-166089fd9758', '49d8ee90-7f57-4aae-b928-eb560327cd33', '出埃及記', 40, NOW() - INTERVAL '96 days'),
  ('4c42d5c0-4f9f-46e8-a015-166089fd9758', '49d8ee90-7f57-4aae-b928-eb560327cd33', '馬可福音', 1, NOW() - INTERVAL '96 days'),
  ('4c42d5c0-4f9f-46e8-a015-166089fd9758', '49d8ee90-7f57-4aae-b928-eb560327cd33', '馬可福音', 2, NOW() - INTERVAL '96 days'),
  ('4c42d5c0-4f9f-46e8-a015-166089fd9758', '49d8ee90-7f57-4aae-b928-eb560327cd33', '馬可福音', 3, NOW() - INTERVAL '96 days'),
  ('4c42d5c0-4f9f-46e8-a015-166089fd9758', '49d8ee90-7f57-4aae-b928-eb560327cd33', '馬可福音', 4, NOW() - INTERVAL '95 days'),
  ('4c42d5c0-4f9f-46e8-a015-166089fd9758', '49d8ee90-7f57-4aae-b928-eb560327cd33', '馬可福音', 5, NOW() - INTERVAL '95 days'),
  ('4c42d5c0-4f9f-46e8-a015-166089fd9758', '49d8ee90-7f57-4aae-b928-eb560327cd33', '馬可福音', 6, NOW() - INTERVAL '95 days'),
  ('4c42d5c0-4f9f-46e8-a015-166089fd9758', '49d8ee90-7f57-4aae-b928-eb560327cd33', '馬可福音', 7, NOW() - INTERVAL '95 days'),
  ('4c42d5c0-4f9f-46e8-a015-166089fd9758', '49d8ee90-7f57-4aae-b928-eb560327cd33', '馬可福音', 8, NOW() - INTERVAL '95 days'),
  ('4c42d5c0-4f9f-46e8-a015-166089fd9758', '49d8ee90-7f57-4aae-b928-eb560327cd33', '馬可福音', 9, NOW() - INTERVAL '94 days'),
  ('4c42d5c0-4f9f-46e8-a015-166089fd9758', '49d8ee90-7f57-4aae-b928-eb560327cd33', '馬可福音', 10, NOW() - INTERVAL '94 days'),
  ('4c42d5c0-4f9f-46e8-a015-166089fd9758', '49d8ee90-7f57-4aae-b928-eb560327cd33', '馬可福音', 11, NOW() - INTERVAL '94 days'),
  ('4c42d5c0-4f9f-46e8-a015-166089fd9758', '49d8ee90-7f57-4aae-b928-eb560327cd33', '馬可福音', 12, NOW() - INTERVAL '94 days'),
  ('4c42d5c0-4f9f-46e8-a015-166089fd9758', '49d8ee90-7f57-4aae-b928-eb560327cd33', '馬可福音', 13, NOW() - INTERVAL '94 days'),
  ('4c42d5c0-4f9f-46e8-a015-166089fd9758', '49d8ee90-7f57-4aae-b928-eb560327cd33', '馬可福音', 14, NOW() - INTERVAL '93 days'),
  ('4c42d5c0-4f9f-46e8-a015-166089fd9758', '49d8ee90-7f57-4aae-b928-eb560327cd33', '馬可福音', 15, NOW() - INTERVAL '93 days'),
  ('4c42d5c0-4f9f-46e8-a015-166089fd9758', '49d8ee90-7f57-4aae-b928-eb560327cd33', '馬可福音', 16, NOW() - INTERVAL '93 days'),
  ('4c42d5c0-4f9f-46e8-a015-166089fd9758', '49d8ee90-7f57-4aae-b928-eb560327cd33', '約伯記', 1, NOW() - INTERVAL '93 days'),
  ('4c42d5c0-4f9f-46e8-a015-166089fd9758', '49d8ee90-7f57-4aae-b928-eb560327cd33', '約伯記', 2, NOW() - INTERVAL '93 days'),
  ('4c42d5c0-4f9f-46e8-a015-166089fd9758', '49d8ee90-7f57-4aae-b928-eb560327cd33', '約伯記', 3, NOW() - INTERVAL '92 days'),
  ('4c42d5c0-4f9f-46e8-a015-166089fd9758', '49d8ee90-7f57-4aae-b928-eb560327cd33', '約伯記', 4, NOW() - INTERVAL '92 days'),
  ('4c42d5c0-4f9f-46e8-a015-166089fd9758', '49d8ee90-7f57-4aae-b928-eb560327cd33', '約伯記', 5, NOW() - INTERVAL '92 days'),
  ('4c42d5c0-4f9f-46e8-a015-166089fd9758', '49d8ee90-7f57-4aae-b928-eb560327cd33', '約伯記', 6, NOW() - INTERVAL '92 days'),
  ('4c42d5c0-4f9f-46e8-a015-166089fd9758', '49d8ee90-7f57-4aae-b928-eb560327cd33', '約伯記', 7, NOW() - INTERVAL '92 days'),
  ('4c42d5c0-4f9f-46e8-a015-166089fd9758', '49d8ee90-7f57-4aae-b928-eb560327cd33', '約伯記', 8, NOW() - INTERVAL '91 days'),
  ('4c42d5c0-4f9f-46e8-a015-166089fd9758', '49d8ee90-7f57-4aae-b928-eb560327cd33', '約伯記', 9, NOW() - INTERVAL '91 days'),
  ('4c42d5c0-4f9f-46e8-a015-166089fd9758', '49d8ee90-7f57-4aae-b928-eb560327cd33', '約伯記', 10, NOW() - INTERVAL '91 days'),
  ('4c42d5c0-4f9f-46e8-a015-166089fd9758', '49d8ee90-7f57-4aae-b928-eb560327cd33', '約伯記', 11, NOW() - INTERVAL '91 days'),
  ('4c42d5c0-4f9f-46e8-a015-166089fd9758', '49d8ee90-7f57-4aae-b928-eb560327cd33', '約伯記', 12, NOW() - INTERVAL '91 days'),
  ('4c42d5c0-4f9f-46e8-a015-166089fd9758', '49d8ee90-7f57-4aae-b928-eb560327cd33', '約伯記', 13, NOW() - INTERVAL '90 days'),
  ('4c42d5c0-4f9f-46e8-a015-166089fd9758', '49d8ee90-7f57-4aae-b928-eb560327cd33', '約伯記', 14, NOW() - INTERVAL '90 days'),
  ('4c42d5c0-4f9f-46e8-a015-166089fd9758', '49d8ee90-7f57-4aae-b928-eb560327cd33', '約伯記', 15, NOW() - INTERVAL '90 days'),
  ('4c42d5c0-4f9f-46e8-a015-166089fd9758', '49d8ee90-7f57-4aae-b928-eb560327cd33', '約伯記', 16, NOW() - INTERVAL '90 days'),
  ('4c42d5c0-4f9f-46e8-a015-166089fd9758', '49d8ee90-7f57-4aae-b928-eb560327cd33', '約伯記', 17, NOW() - INTERVAL '90 days'),
  ('4c42d5c0-4f9f-46e8-a015-166089fd9758', '49d8ee90-7f57-4aae-b928-eb560327cd33', '約伯記', 18, NOW() - INTERVAL '89 days'),
  ('4c42d5c0-4f9f-46e8-a015-166089fd9758', '49d8ee90-7f57-4aae-b928-eb560327cd33', '約伯記', 19, NOW() - INTERVAL '89 days'),
  ('4c42d5c0-4f9f-46e8-a015-166089fd9758', '49d8ee90-7f57-4aae-b928-eb560327cd33', '約伯記', 20, NOW() - INTERVAL '89 days'),
  ('4c42d5c0-4f9f-46e8-a015-166089fd9758', '49d8ee90-7f57-4aae-b928-eb560327cd33', '約伯記', 21, NOW() - INTERVAL '89 days'),
  ('4c42d5c0-4f9f-46e8-a015-166089fd9758', '49d8ee90-7f57-4aae-b928-eb560327cd33', '約伯記', 22, NOW() - INTERVAL '89 days'),
  ('4c42d5c0-4f9f-46e8-a015-166089fd9758', '49d8ee90-7f57-4aae-b928-eb560327cd33', '約伯記', 23, NOW() - INTERVAL '88 days'),
  ('4c42d5c0-4f9f-46e8-a015-166089fd9758', '49d8ee90-7f57-4aae-b928-eb560327cd33', '約伯記', 24, NOW() - INTERVAL '88 days'),
  ('4c42d5c0-4f9f-46e8-a015-166089fd9758', '49d8ee90-7f57-4aae-b928-eb560327cd33', '約伯記', 25, NOW() - INTERVAL '88 days'),
  ('4c42d5c0-4f9f-46e8-a015-166089fd9758', '49d8ee90-7f57-4aae-b928-eb560327cd33', '約伯記', 26, NOW() - INTERVAL '88 days'),
  ('4c42d5c0-4f9f-46e8-a015-166089fd9758', '49d8ee90-7f57-4aae-b928-eb560327cd33', '約伯記', 27, NOW() - INTERVAL '88 days'),
  ('4c42d5c0-4f9f-46e8-a015-166089fd9758', '49d8ee90-7f57-4aae-b928-eb560327cd33', '約伯記', 28, NOW() - INTERVAL '87 days'),
  ('4c42d5c0-4f9f-46e8-a015-166089fd9758', '49d8ee90-7f57-4aae-b928-eb560327cd33', '約伯記', 29, NOW() - INTERVAL '87 days'),
  ('4c42d5c0-4f9f-46e8-a015-166089fd9758', '49d8ee90-7f57-4aae-b928-eb560327cd33', '約伯記', 30, NOW() - INTERVAL '87 days'),
  ('4c42d5c0-4f9f-46e8-a015-166089fd9758', '49d8ee90-7f57-4aae-b928-eb560327cd33', '約伯記', 31, NOW() - INTERVAL '87 days'),
  ('4c42d5c0-4f9f-46e8-a015-166089fd9758', '49d8ee90-7f57-4aae-b928-eb560327cd33', '約伯記', 32, NOW() - INTERVAL '87 days'),
  ('4c42d5c0-4f9f-46e8-a015-166089fd9758', '49d8ee90-7f57-4aae-b928-eb560327cd33', '約伯記', 33, NOW() - INTERVAL '86 days'),
  ('4c42d5c0-4f9f-46e8-a015-166089fd9758', '49d8ee90-7f57-4aae-b928-eb560327cd33', '約伯記', 34, NOW() - INTERVAL '86 days'),
  ('4c42d5c0-4f9f-46e8-a015-166089fd9758', '49d8ee90-7f57-4aae-b928-eb560327cd33', '約伯記', 35, NOW() - INTERVAL '86 days'),
  ('4c42d5c0-4f9f-46e8-a015-166089fd9758', '49d8ee90-7f57-4aae-b928-eb560327cd33', '約伯記', 36, NOW() - INTERVAL '86 days'),
  ('4c42d5c0-4f9f-46e8-a015-166089fd9758', '49d8ee90-7f57-4aae-b928-eb560327cd33', '約伯記', 37, NOW() - INTERVAL '86 days'),
  ('4c42d5c0-4f9f-46e8-a015-166089fd9758', '49d8ee90-7f57-4aae-b928-eb560327cd33', '約伯記', 38, NOW() - INTERVAL '85 days'),
  ('4c42d5c0-4f9f-46e8-a015-166089fd9758', '49d8ee90-7f57-4aae-b928-eb560327cd33', '約伯記', 39, NOW() - INTERVAL '85 days'),
  ('4c42d5c0-4f9f-46e8-a015-166089fd9758', '49d8ee90-7f57-4aae-b928-eb560327cd33', '約伯記', 40, NOW() - INTERVAL '85 days'),
  ('4c42d5c0-4f9f-46e8-a015-166089fd9758', '49d8ee90-7f57-4aae-b928-eb560327cd33', '約伯記', 41, NOW() - INTERVAL '85 days'),
  ('4c42d5c0-4f9f-46e8-a015-166089fd9758', '49d8ee90-7f57-4aae-b928-eb560327cd33', '約伯記', 42, NOW() - INTERVAL '85 days'),
  ('4c42d5c0-4f9f-46e8-a015-166089fd9758', '49d8ee90-7f57-4aae-b928-eb560327cd33', '加拉太書', 1, NOW() - INTERVAL '84 days'),
  ('4c42d5c0-4f9f-46e8-a015-166089fd9758', '49d8ee90-7f57-4aae-b928-eb560327cd33', '加拉太書', 2, NOW() - INTERVAL '84 days'),
  ('4c42d5c0-4f9f-46e8-a015-166089fd9758', '49d8ee90-7f57-4aae-b928-eb560327cd33', '加拉太書', 3, NOW() - INTERVAL '84 days'),
  ('4c42d5c0-4f9f-46e8-a015-166089fd9758', '49d8ee90-7f57-4aae-b928-eb560327cd33', '加拉太書', 4, NOW() - INTERVAL '84 days'),
  ('4c42d5c0-4f9f-46e8-a015-166089fd9758', '49d8ee90-7f57-4aae-b928-eb560327cd33', '加拉太書', 5, NOW() - INTERVAL '84 days'),
  ('4c42d5c0-4f9f-46e8-a015-166089fd9758', '49d8ee90-7f57-4aae-b928-eb560327cd33', '加拉太書', 6, NOW() - INTERVAL '83 days'),
  ('4c42d5c0-4f9f-46e8-a015-166089fd9758', '49d8ee90-7f57-4aae-b928-eb560327cd33', '哈巴谷書', 1, NOW() - INTERVAL '83 days'),
  ('4c42d5c0-4f9f-46e8-a015-166089fd9758', '49d8ee90-7f57-4aae-b928-eb560327cd33', '哈巴谷書', 2, NOW() - INTERVAL '83 days'),
  ('4c42d5c0-4f9f-46e8-a015-166089fd9758', '49d8ee90-7f57-4aae-b928-eb560327cd33', '哈巴谷書', 3, NOW() - INTERVAL '83 days'),
  ('4c42d5c0-4f9f-46e8-a015-166089fd9758', '49d8ee90-7f57-4aae-b928-eb560327cd33', '猶大書', 1, NOW() - INTERVAL '83 days'),
  ('4c42d5c0-4f9f-46e8-a015-166089fd9758', '49d8ee90-7f57-4aae-b928-eb560327cd33', '利未記', 1, NOW() - INTERVAL '82 days'),
  ('4c42d5c0-4f9f-46e8-a015-166089fd9758', '49d8ee90-7f57-4aae-b928-eb560327cd33', '利未記', 2, NOW() - INTERVAL '82 days'),
  ('4c42d5c0-4f9f-46e8-a015-166089fd9758', '49d8ee90-7f57-4aae-b928-eb560327cd33', '利未記', 3, NOW() - INTERVAL '82 days'),
  ('4c42d5c0-4f9f-46e8-a015-166089fd9758', '49d8ee90-7f57-4aae-b928-eb560327cd33', '利未記', 4, NOW() - INTERVAL '82 days'),
  ('4c42d5c0-4f9f-46e8-a015-166089fd9758', '49d8ee90-7f57-4aae-b928-eb560327cd33', '利未記', 5, NOW() - INTERVAL '82 days'),
  ('4c42d5c0-4f9f-46e8-a015-166089fd9758', '49d8ee90-7f57-4aae-b928-eb560327cd33', '利未記', 6, NOW() - INTERVAL '81 days'),
  ('4c42d5c0-4f9f-46e8-a015-166089fd9758', '49d8ee90-7f57-4aae-b928-eb560327cd33', '利未記', 7, NOW() - INTERVAL '81 days'),
  ('4c42d5c0-4f9f-46e8-a015-166089fd9758', '49d8ee90-7f57-4aae-b928-eb560327cd33', '利未記', 8, NOW() - INTERVAL '81 days'),
  ('4c42d5c0-4f9f-46e8-a015-166089fd9758', '49d8ee90-7f57-4aae-b928-eb560327cd33', '利未記', 9, NOW() - INTERVAL '81 days'),
  ('4c42d5c0-4f9f-46e8-a015-166089fd9758', '49d8ee90-7f57-4aae-b928-eb560327cd33', '利未記', 10, NOW() - INTERVAL '81 days'),
  ('4c42d5c0-4f9f-46e8-a015-166089fd9758', '49d8ee90-7f57-4aae-b928-eb560327cd33', '利未記', 11, NOW() - INTERVAL '80 days'),
  ('4c42d5c0-4f9f-46e8-a015-166089fd9758', '49d8ee90-7f57-4aae-b928-eb560327cd33', '利未記', 12, NOW() - INTERVAL '80 days'),
  ('4c42d5c0-4f9f-46e8-a015-166089fd9758', '49d8ee90-7f57-4aae-b928-eb560327cd33', '利未記', 13, NOW() - INTERVAL '80 days'),
  ('4c42d5c0-4f9f-46e8-a015-166089fd9758', '49d8ee90-7f57-4aae-b928-eb560327cd33', '利未記', 14, NOW() - INTERVAL '80 days'),
  ('4c42d5c0-4f9f-46e8-a015-166089fd9758', '49d8ee90-7f57-4aae-b928-eb560327cd33', '利未記', 15, NOW() - INTERVAL '80 days'),
  ('4c42d5c0-4f9f-46e8-a015-166089fd9758', '49d8ee90-7f57-4aae-b928-eb560327cd33', '利未記', 16, NOW() - INTERVAL '79 days'),
  ('4c42d5c0-4f9f-46e8-a015-166089fd9758', '49d8ee90-7f57-4aae-b928-eb560327cd33', '利未記', 17, NOW() - INTERVAL '79 days'),
  ('4c42d5c0-4f9f-46e8-a015-166089fd9758', '49d8ee90-7f57-4aae-b928-eb560327cd33', '利未記', 18, NOW() - INTERVAL '79 days'),
  ('4c42d5c0-4f9f-46e8-a015-166089fd9758', '49d8ee90-7f57-4aae-b928-eb560327cd33', '利未記', 19, NOW() - INTERVAL '79 days'),
  ('4c42d5c0-4f9f-46e8-a015-166089fd9758', '49d8ee90-7f57-4aae-b928-eb560327cd33', '利未記', 20, NOW() - INTERVAL '79 days'),
  ('4c42d5c0-4f9f-46e8-a015-166089fd9758', '49d8ee90-7f57-4aae-b928-eb560327cd33', '利未記', 21, NOW() - INTERVAL '78 days'),
  ('4c42d5c0-4f9f-46e8-a015-166089fd9758', '49d8ee90-7f57-4aae-b928-eb560327cd33', '利未記', 22, NOW() - INTERVAL '78 days'),
  ('4c42d5c0-4f9f-46e8-a015-166089fd9758', '49d8ee90-7f57-4aae-b928-eb560327cd33', '利未記', 23, NOW() - INTERVAL '78 days'),
  ('4c42d5c0-4f9f-46e8-a015-166089fd9758', '49d8ee90-7f57-4aae-b928-eb560327cd33', '利未記', 24, NOW() - INTERVAL '78 days'),
  ('4c42d5c0-4f9f-46e8-a015-166089fd9758', '49d8ee90-7f57-4aae-b928-eb560327cd33', '利未記', 25, NOW() - INTERVAL '78 days'),
  ('4c42d5c0-4f9f-46e8-a015-166089fd9758', '49d8ee90-7f57-4aae-b928-eb560327cd33', '利未記', 26, NOW() - INTERVAL '77 days'),
  ('4c42d5c0-4f9f-46e8-a015-166089fd9758', '49d8ee90-7f57-4aae-b928-eb560327cd33', '利未記', 27, NOW() - INTERVAL '77 days'),
  ('4c42d5c0-4f9f-46e8-a015-166089fd9758', '49d8ee90-7f57-4aae-b928-eb560327cd33', '路加福音', 1, NOW() - INTERVAL '77 days'),
  ('4c42d5c0-4f9f-46e8-a015-166089fd9758', '49d8ee90-7f57-4aae-b928-eb560327cd33', '路加福音', 2, NOW() - INTERVAL '77 days'),
  ('4c42d5c0-4f9f-46e8-a015-166089fd9758', '49d8ee90-7f57-4aae-b928-eb560327cd33', '路加福音', 3, NOW() - INTERVAL '77 days'),
  ('4c42d5c0-4f9f-46e8-a015-166089fd9758', '49d8ee90-7f57-4aae-b928-eb560327cd33', '路加福音', 4, NOW() - INTERVAL '76 days'),
  ('4c42d5c0-4f9f-46e8-a015-166089fd9758', '49d8ee90-7f57-4aae-b928-eb560327cd33', '路加福音', 5, NOW() - INTERVAL '76 days'),
  ('4c42d5c0-4f9f-46e8-a015-166089fd9758', '49d8ee90-7f57-4aae-b928-eb560327cd33', '路加福音', 6, NOW() - INTERVAL '76 days'),
  ('4c42d5c0-4f9f-46e8-a015-166089fd9758', '49d8ee90-7f57-4aae-b928-eb560327cd33', '路加福音', 7, NOW() - INTERVAL '76 days'),
  ('4c42d5c0-4f9f-46e8-a015-166089fd9758', '49d8ee90-7f57-4aae-b928-eb560327cd33', '路加福音', 8, NOW() - INTERVAL '76 days'),
  ('4c42d5c0-4f9f-46e8-a015-166089fd9758', '49d8ee90-7f57-4aae-b928-eb560327cd33', '路加福音', 9, NOW() - INTERVAL '75 days'),
  ('4c42d5c0-4f9f-46e8-a015-166089fd9758', '49d8ee90-7f57-4aae-b928-eb560327cd33', '路加福音', 10, NOW() - INTERVAL '75 days'),
  ('4c42d5c0-4f9f-46e8-a015-166089fd9758', '49d8ee90-7f57-4aae-b928-eb560327cd33', '路加福音', 11, NOW() - INTERVAL '75 days'),
  ('4c42d5c0-4f9f-46e8-a015-166089fd9758', '49d8ee90-7f57-4aae-b928-eb560327cd33', '路加福音', 12, NOW() - INTERVAL '75 days'),
  ('4c42d5c0-4f9f-46e8-a015-166089fd9758', '49d8ee90-7f57-4aae-b928-eb560327cd33', '路加福音', 13, NOW() - INTERVAL '75 days'),
  ('4c42d5c0-4f9f-46e8-a015-166089fd9758', '49d8ee90-7f57-4aae-b928-eb560327cd33', '路加福音', 14, NOW() - INTERVAL '74 days'),
  ('4c42d5c0-4f9f-46e8-a015-166089fd9758', '49d8ee90-7f57-4aae-b928-eb560327cd33', '路加福音', 15, NOW() - INTERVAL '74 days'),
  ('4c42d5c0-4f9f-46e8-a015-166089fd9758', '49d8ee90-7f57-4aae-b928-eb560327cd33', '路加福音', 16, NOW() - INTERVAL '74 days'),
  ('4c42d5c0-4f9f-46e8-a015-166089fd9758', '49d8ee90-7f57-4aae-b928-eb560327cd33', '路加福音', 17, NOW() - INTERVAL '74 days'),
  ('4c42d5c0-4f9f-46e8-a015-166089fd9758', '49d8ee90-7f57-4aae-b928-eb560327cd33', '路加福音', 18, NOW() - INTERVAL '74 days'),
  ('4c42d5c0-4f9f-46e8-a015-166089fd9758', '49d8ee90-7f57-4aae-b928-eb560327cd33', '路加福音', 19, NOW() - INTERVAL '73 days'),
  ('4c42d5c0-4f9f-46e8-a015-166089fd9758', '49d8ee90-7f57-4aae-b928-eb560327cd33', '路加福音', 20, NOW() - INTERVAL '73 days'),
  ('4c42d5c0-4f9f-46e8-a015-166089fd9758', '49d8ee90-7f57-4aae-b928-eb560327cd33', '路加福音', 21, NOW() - INTERVAL '73 days'),
  ('4c42d5c0-4f9f-46e8-a015-166089fd9758', '49d8ee90-7f57-4aae-b928-eb560327cd33', '路加福音', 22, NOW() - INTERVAL '73 days'),
  ('4c42d5c0-4f9f-46e8-a015-166089fd9758', '49d8ee90-7f57-4aae-b928-eb560327cd33', '路加福音', 23, NOW() - INTERVAL '73 days'),
  ('4c42d5c0-4f9f-46e8-a015-166089fd9758', '49d8ee90-7f57-4aae-b928-eb560327cd33', '路加福音', 24, NOW() - INTERVAL '72 days'),
  ('4c42d5c0-4f9f-46e8-a015-166089fd9758', '49d8ee90-7f57-4aae-b928-eb560327cd33', '歷代志下', 1, NOW() - INTERVAL '72 days'),
  ('4c42d5c0-4f9f-46e8-a015-166089fd9758', '49d8ee90-7f57-4aae-b928-eb560327cd33', '歷代志下', 2, NOW() - INTERVAL '72 days'),
  ('4c42d5c0-4f9f-46e8-a015-166089fd9758', '49d8ee90-7f57-4aae-b928-eb560327cd33', '歷代志下', 3, NOW() - INTERVAL '72 days'),
  ('4c42d5c0-4f9f-46e8-a015-166089fd9758', '49d8ee90-7f57-4aae-b928-eb560327cd33', '歷代志下', 4, NOW() - INTERVAL '72 days'),
  ('4c42d5c0-4f9f-46e8-a015-166089fd9758', '49d8ee90-7f57-4aae-b928-eb560327cd33', '歷代志下', 5, NOW() - INTERVAL '71 days'),
  ('4c42d5c0-4f9f-46e8-a015-166089fd9758', '49d8ee90-7f57-4aae-b928-eb560327cd33', '歷代志下', 6, NOW() - INTERVAL '71 days'),
  ('4c42d5c0-4f9f-46e8-a015-166089fd9758', '49d8ee90-7f57-4aae-b928-eb560327cd33', '歷代志下', 7, NOW() - INTERVAL '71 days'),
  ('4c42d5c0-4f9f-46e8-a015-166089fd9758', '49d8ee90-7f57-4aae-b928-eb560327cd33', '歷代志下', 8, NOW() - INTERVAL '71 days'),
  ('4c42d5c0-4f9f-46e8-a015-166089fd9758', '49d8ee90-7f57-4aae-b928-eb560327cd33', '歷代志下', 9, NOW() - INTERVAL '71 days'),
  ('4c42d5c0-4f9f-46e8-a015-166089fd9758', '49d8ee90-7f57-4aae-b928-eb560327cd33', '歷代志下', 10, NOW() - INTERVAL '70 days'),
  ('4c42d5c0-4f9f-46e8-a015-166089fd9758', '49d8ee90-7f57-4aae-b928-eb560327cd33', '歷代志下', 11, NOW() - INTERVAL '70 days'),
  ('4c42d5c0-4f9f-46e8-a015-166089fd9758', '49d8ee90-7f57-4aae-b928-eb560327cd33', '歷代志下', 12, NOW() - INTERVAL '70 days'),
  ('4c42d5c0-4f9f-46e8-a015-166089fd9758', '49d8ee90-7f57-4aae-b928-eb560327cd33', '歷代志下', 13, NOW() - INTERVAL '70 days'),
  ('4c42d5c0-4f9f-46e8-a015-166089fd9758', '49d8ee90-7f57-4aae-b928-eb560327cd33', '歷代志下', 14, NOW() - INTERVAL '70 days'),
  ('4c42d5c0-4f9f-46e8-a015-166089fd9758', '49d8ee90-7f57-4aae-b928-eb560327cd33', '歷代志下', 15, NOW() - INTERVAL '69 days'),
  ('4c42d5c0-4f9f-46e8-a015-166089fd9758', '49d8ee90-7f57-4aae-b928-eb560327cd33', '歷代志下', 16, NOW() - INTERVAL '69 days'),
  ('4c42d5c0-4f9f-46e8-a015-166089fd9758', '49d8ee90-7f57-4aae-b928-eb560327cd33', '歷代志下', 17, NOW() - INTERVAL '69 days'),
  ('4c42d5c0-4f9f-46e8-a015-166089fd9758', '49d8ee90-7f57-4aae-b928-eb560327cd33', '歷代志下', 18, NOW() - INTERVAL '69 days'),
  ('4c42d5c0-4f9f-46e8-a015-166089fd9758', '49d8ee90-7f57-4aae-b928-eb560327cd33', '歷代志下', 19, NOW() - INTERVAL '69 days'),
  ('4c42d5c0-4f9f-46e8-a015-166089fd9758', '49d8ee90-7f57-4aae-b928-eb560327cd33', '歷代志下', 20, NOW() - INTERVAL '68 days'),
  ('4c42d5c0-4f9f-46e8-a015-166089fd9758', '49d8ee90-7f57-4aae-b928-eb560327cd33', '歷代志下', 21, NOW() - INTERVAL '68 days'),
  ('4c42d5c0-4f9f-46e8-a015-166089fd9758', '49d8ee90-7f57-4aae-b928-eb560327cd33', '歷代志下', 22, NOW() - INTERVAL '68 days'),
  ('4c42d5c0-4f9f-46e8-a015-166089fd9758', '49d8ee90-7f57-4aae-b928-eb560327cd33', '歷代志下', 23, NOW() - INTERVAL '68 days'),
  ('4c42d5c0-4f9f-46e8-a015-166089fd9758', '49d8ee90-7f57-4aae-b928-eb560327cd33', '歷代志下', 24, NOW() - INTERVAL '68 days'),
  ('4c42d5c0-4f9f-46e8-a015-166089fd9758', '49d8ee90-7f57-4aae-b928-eb560327cd33', '歷代志下', 25, NOW() - INTERVAL '67 days'),
  ('4c42d5c0-4f9f-46e8-a015-166089fd9758', '49d8ee90-7f57-4aae-b928-eb560327cd33', '歷代志下', 26, NOW() - INTERVAL '67 days'),
  ('4c42d5c0-4f9f-46e8-a015-166089fd9758', '49d8ee90-7f57-4aae-b928-eb560327cd33', '歷代志下', 27, NOW() - INTERVAL '67 days'),
  ('4c42d5c0-4f9f-46e8-a015-166089fd9758', '49d8ee90-7f57-4aae-b928-eb560327cd33', '歷代志下', 28, NOW() - INTERVAL '67 days'),
  ('4c42d5c0-4f9f-46e8-a015-166089fd9758', '49d8ee90-7f57-4aae-b928-eb560327cd33', '歷代志下', 29, NOW() - INTERVAL '67 days'),
  ('4c42d5c0-4f9f-46e8-a015-166089fd9758', '49d8ee90-7f57-4aae-b928-eb560327cd33', '歷代志下', 30, NOW() - INTERVAL '66 days'),
  ('4c42d5c0-4f9f-46e8-a015-166089fd9758', '49d8ee90-7f57-4aae-b928-eb560327cd33', '歷代志下', 31, NOW() - INTERVAL '66 days'),
  ('4c42d5c0-4f9f-46e8-a015-166089fd9758', '49d8ee90-7f57-4aae-b928-eb560327cd33', '歷代志下', 32, NOW() - INTERVAL '66 days'),
  ('4c42d5c0-4f9f-46e8-a015-166089fd9758', '49d8ee90-7f57-4aae-b928-eb560327cd33', '歷代志下', 33, NOW() - INTERVAL '66 days'),
  ('4c42d5c0-4f9f-46e8-a015-166089fd9758', '49d8ee90-7f57-4aae-b928-eb560327cd33', '歷代志下', 34, NOW() - INTERVAL '66 days'),
  ('4c42d5c0-4f9f-46e8-a015-166089fd9758', '49d8ee90-7f57-4aae-b928-eb560327cd33', '歷代志下', 35, NOW() - INTERVAL '65 days'),
  ('4c42d5c0-4f9f-46e8-a015-166089fd9758', '49d8ee90-7f57-4aae-b928-eb560327cd33', '歷代志下', 36, NOW() - INTERVAL '65 days'),
  ('4c42d5c0-4f9f-46e8-a015-166089fd9758', '49d8ee90-7f57-4aae-b928-eb560327cd33', '帖撒羅尼迦前書', 1, NOW() - INTERVAL '65 days'),
  ('4c42d5c0-4f9f-46e8-a015-166089fd9758', '49d8ee90-7f57-4aae-b928-eb560327cd33', '帖撒羅尼迦前書', 2, NOW() - INTERVAL '65 days'),
  ('4c42d5c0-4f9f-46e8-a015-166089fd9758', '49d8ee90-7f57-4aae-b928-eb560327cd33', '帖撒羅尼迦前書', 3, NOW() - INTERVAL '65 days'),
  ('4c42d5c0-4f9f-46e8-a015-166089fd9758', '49d8ee90-7f57-4aae-b928-eb560327cd33', '帖撒羅尼迦前書', 4, NOW() - INTERVAL '64 days'),
  ('4c42d5c0-4f9f-46e8-a015-166089fd9758', '49d8ee90-7f57-4aae-b928-eb560327cd33', '帖撒羅尼迦前書', 5, NOW() - INTERVAL '64 days'),
  ('4c42d5c0-4f9f-46e8-a015-166089fd9758', '49d8ee90-7f57-4aae-b928-eb560327cd33', '約拿書', 1, NOW() - INTERVAL '64 days'),
  ('4c42d5c0-4f9f-46e8-a015-166089fd9758', '49d8ee90-7f57-4aae-b928-eb560327cd33', '約拿書', 2, NOW() - INTERVAL '64 days'),
  ('4c42d5c0-4f9f-46e8-a015-166089fd9758', '49d8ee90-7f57-4aae-b928-eb560327cd33', '約拿書', 3, NOW() - INTERVAL '64 days'),
  ('4c42d5c0-4f9f-46e8-a015-166089fd9758', '49d8ee90-7f57-4aae-b928-eb560327cd33', '約拿書', 4, NOW() - INTERVAL '63 days'),
  ('4c42d5c0-4f9f-46e8-a015-166089fd9758', '49d8ee90-7f57-4aae-b928-eb560327cd33', '約翰二書', 1, NOW() - INTERVAL '63 days'),
  ('4c42d5c0-4f9f-46e8-a015-166089fd9758', '49d8ee90-7f57-4aae-b928-eb560327cd33', '彌迦書', 1, NOW() - INTERVAL '63 days'),
  ('4c42d5c0-4f9f-46e8-a015-166089fd9758', '49d8ee90-7f57-4aae-b928-eb560327cd33', '彌迦書', 2, NOW() - INTERVAL '63 days'),
  ('4c42d5c0-4f9f-46e8-a015-166089fd9758', '49d8ee90-7f57-4aae-b928-eb560327cd33', '彌迦書', 3, NOW() - INTERVAL '63 days'),
  ('4c42d5c0-4f9f-46e8-a015-166089fd9758', '49d8ee90-7f57-4aae-b928-eb560327cd33', '彌迦書', 4, NOW() - INTERVAL '62 days'),
  ('4c42d5c0-4f9f-46e8-a015-166089fd9758', '49d8ee90-7f57-4aae-b928-eb560327cd33', '彌迦書', 5, NOW() - INTERVAL '62 days'),
  ('4c42d5c0-4f9f-46e8-a015-166089fd9758', '49d8ee90-7f57-4aae-b928-eb560327cd33', '彌迦書', 6, NOW() - INTERVAL '62 days'),
  ('4c42d5c0-4f9f-46e8-a015-166089fd9758', '49d8ee90-7f57-4aae-b928-eb560327cd33', '彌迦書', 7, NOW() - INTERVAL '62 days'),
  ('4c42d5c0-4f9f-46e8-a015-166089fd9758', '49d8ee90-7f57-4aae-b928-eb560327cd33', '約翰三書', 1, NOW() - INTERVAL '62 days'),
  ('4c42d5c0-4f9f-46e8-a015-166089fd9758', '49d8ee90-7f57-4aae-b928-eb560327cd33', '民數記', 1, NOW() - INTERVAL '61 days'),
  ('4c42d5c0-4f9f-46e8-a015-166089fd9758', '49d8ee90-7f57-4aae-b928-eb560327cd33', '民數記', 2, NOW() - INTERVAL '61 days'),
  ('4c42d5c0-4f9f-46e8-a015-166089fd9758', '49d8ee90-7f57-4aae-b928-eb560327cd33', '民數記', 3, NOW() - INTERVAL '61 days'),
  ('4c42d5c0-4f9f-46e8-a015-166089fd9758', '49d8ee90-7f57-4aae-b928-eb560327cd33', '民數記', 4, NOW() - INTERVAL '61 days'),
  ('4c42d5c0-4f9f-46e8-a015-166089fd9758', '49d8ee90-7f57-4aae-b928-eb560327cd33', '民數記', 5, NOW() - INTERVAL '61 days'),
  ('4c42d5c0-4f9f-46e8-a015-166089fd9758', '49d8ee90-7f57-4aae-b928-eb560327cd33', '民數記', 6, NOW() - INTERVAL '60 days'),
  ('4c42d5c0-4f9f-46e8-a015-166089fd9758', '49d8ee90-7f57-4aae-b928-eb560327cd33', '民數記', 7, NOW() - INTERVAL '60 days'),
  ('4c42d5c0-4f9f-46e8-a015-166089fd9758', '49d8ee90-7f57-4aae-b928-eb560327cd33', '民數記', 8, NOW() - INTERVAL '60 days'),
  ('4c42d5c0-4f9f-46e8-a015-166089fd9758', '49d8ee90-7f57-4aae-b928-eb560327cd33', '民數記', 9, NOW() - INTERVAL '60 days'),
  ('4c42d5c0-4f9f-46e8-a015-166089fd9758', '49d8ee90-7f57-4aae-b928-eb560327cd33', '民數記', 10, NOW() - INTERVAL '60 days'),
  ('4c42d5c0-4f9f-46e8-a015-166089fd9758', '49d8ee90-7f57-4aae-b928-eb560327cd33', '民數記', 11, NOW() - INTERVAL '59 days'),
  ('4c42d5c0-4f9f-46e8-a015-166089fd9758', '49d8ee90-7f57-4aae-b928-eb560327cd33', '民數記', 12, NOW() - INTERVAL '59 days'),
  ('4c42d5c0-4f9f-46e8-a015-166089fd9758', '49d8ee90-7f57-4aae-b928-eb560327cd33', '民數記', 13, NOW() - INTERVAL '59 days'),
  ('4c42d5c0-4f9f-46e8-a015-166089fd9758', '49d8ee90-7f57-4aae-b928-eb560327cd33', '民數記', 14, NOW() - INTERVAL '59 days'),
  ('4c42d5c0-4f9f-46e8-a015-166089fd9758', '49d8ee90-7f57-4aae-b928-eb560327cd33', '民數記', 15, NOW() - INTERVAL '59 days'),
  ('4c42d5c0-4f9f-46e8-a015-166089fd9758', '49d8ee90-7f57-4aae-b928-eb560327cd33', '民數記', 16, NOW() - INTERVAL '58 days'),
  ('4c42d5c0-4f9f-46e8-a015-166089fd9758', '49d8ee90-7f57-4aae-b928-eb560327cd33', '民數記', 17, NOW() - INTERVAL '58 days'),
  ('4c42d5c0-4f9f-46e8-a015-166089fd9758', '49d8ee90-7f57-4aae-b928-eb560327cd33', '民數記', 18, NOW() - INTERVAL '58 days'),
  ('4c42d5c0-4f9f-46e8-a015-166089fd9758', '49d8ee90-7f57-4aae-b928-eb560327cd33', '民數記', 19, NOW() - INTERVAL '58 days'),
  ('4c42d5c0-4f9f-46e8-a015-166089fd9758', '49d8ee90-7f57-4aae-b928-eb560327cd33', '民數記', 20, NOW() - INTERVAL '58 days'),
  ('4c42d5c0-4f9f-46e8-a015-166089fd9758', '49d8ee90-7f57-4aae-b928-eb560327cd33', '民數記', 21, NOW() - INTERVAL '57 days'),
  ('4c42d5c0-4f9f-46e8-a015-166089fd9758', '49d8ee90-7f57-4aae-b928-eb560327cd33', '民數記', 22, NOW() - INTERVAL '57 days'),
  ('4c42d5c0-4f9f-46e8-a015-166089fd9758', '49d8ee90-7f57-4aae-b928-eb560327cd33', '民數記', 23, NOW() - INTERVAL '57 days'),
  ('4c42d5c0-4f9f-46e8-a015-166089fd9758', '49d8ee90-7f57-4aae-b928-eb560327cd33', '民數記', 24, NOW() - INTERVAL '57 days'),
  ('4c42d5c0-4f9f-46e8-a015-166089fd9758', '49d8ee90-7f57-4aae-b928-eb560327cd33', '民數記', 25, NOW() - INTERVAL '57 days'),
  ('4c42d5c0-4f9f-46e8-a015-166089fd9758', '49d8ee90-7f57-4aae-b928-eb560327cd33', '民數記', 26, NOW() - INTERVAL '56 days'),
  ('4c42d5c0-4f9f-46e8-a015-166089fd9758', '49d8ee90-7f57-4aae-b928-eb560327cd33', '民數記', 27, NOW() - INTERVAL '56 days'),
  ('4c42d5c0-4f9f-46e8-a015-166089fd9758', '49d8ee90-7f57-4aae-b928-eb560327cd33', '民數記', 28, NOW() - INTERVAL '56 days'),
  ('4c42d5c0-4f9f-46e8-a015-166089fd9758', '49d8ee90-7f57-4aae-b928-eb560327cd33', '民數記', 29, NOW() - INTERVAL '56 days'),
  ('4c42d5c0-4f9f-46e8-a015-166089fd9758', '49d8ee90-7f57-4aae-b928-eb560327cd33', '民數記', 30, NOW() - INTERVAL '56 days'),
  ('4c42d5c0-4f9f-46e8-a015-166089fd9758', '49d8ee90-7f57-4aae-b928-eb560327cd33', '民數記', 31, NOW() - INTERVAL '55 days'),
  ('4c42d5c0-4f9f-46e8-a015-166089fd9758', '49d8ee90-7f57-4aae-b928-eb560327cd33', '民數記', 32, NOW() - INTERVAL '55 days'),
  ('4c42d5c0-4f9f-46e8-a015-166089fd9758', '49d8ee90-7f57-4aae-b928-eb560327cd33', '民數記', 33, NOW() - INTERVAL '55 days'),
  ('4c42d5c0-4f9f-46e8-a015-166089fd9758', '49d8ee90-7f57-4aae-b928-eb560327cd33', '民數記', 34, NOW() - INTERVAL '55 days'),
  ('4c42d5c0-4f9f-46e8-a015-166089fd9758', '49d8ee90-7f57-4aae-b928-eb560327cd33', '民數記', 35, NOW() - INTERVAL '55 days'),
  ('4c42d5c0-4f9f-46e8-a015-166089fd9758', '49d8ee90-7f57-4aae-b928-eb560327cd33', '民數記', 36, NOW() - INTERVAL '54 days'),
  ('4c42d5c0-4f9f-46e8-a015-166089fd9758', '49d8ee90-7f57-4aae-b928-eb560327cd33', '約翰福音', 1, NOW() - INTERVAL '54 days'),
  ('4c42d5c0-4f9f-46e8-a015-166089fd9758', '49d8ee90-7f57-4aae-b928-eb560327cd33', '約翰福音', 2, NOW() - INTERVAL '54 days'),
  ('4c42d5c0-4f9f-46e8-a015-166089fd9758', '49d8ee90-7f57-4aae-b928-eb560327cd33', '約翰福音', 3, NOW() - INTERVAL '54 days'),
  ('4c42d5c0-4f9f-46e8-a015-166089fd9758', '49d8ee90-7f57-4aae-b928-eb560327cd33', '約翰福音', 4, NOW() - INTERVAL '54 days'),
  ('4c42d5c0-4f9f-46e8-a015-166089fd9758', '49d8ee90-7f57-4aae-b928-eb560327cd33', '約翰福音', 5, NOW() - INTERVAL '53 days'),
  ('4c42d5c0-4f9f-46e8-a015-166089fd9758', '49d8ee90-7f57-4aae-b928-eb560327cd33', '約翰福音', 6, NOW() - INTERVAL '53 days'),
  ('4c42d5c0-4f9f-46e8-a015-166089fd9758', '49d8ee90-7f57-4aae-b928-eb560327cd33', '約翰福音', 7, NOW() - INTERVAL '53 days'),
  ('4c42d5c0-4f9f-46e8-a015-166089fd9758', '49d8ee90-7f57-4aae-b928-eb560327cd33', '約翰福音', 8, NOW() - INTERVAL '53 days'),
  ('4c42d5c0-4f9f-46e8-a015-166089fd9758', '49d8ee90-7f57-4aae-b928-eb560327cd33', '約翰福音', 9, NOW() - INTERVAL '53 days'),
  ('4c42d5c0-4f9f-46e8-a015-166089fd9758', '49d8ee90-7f57-4aae-b928-eb560327cd33', '約翰福音', 10, NOW() - INTERVAL '52 days'),
  ('4c42d5c0-4f9f-46e8-a015-166089fd9758', '49d8ee90-7f57-4aae-b928-eb560327cd33', '約翰福音', 11, NOW() - INTERVAL '52 days'),
  ('4c42d5c0-4f9f-46e8-a015-166089fd9758', '49d8ee90-7f57-4aae-b928-eb560327cd33', '約翰福音', 12, NOW() - INTERVAL '52 days'),
  ('4c42d5c0-4f9f-46e8-a015-166089fd9758', '49d8ee90-7f57-4aae-b928-eb560327cd33', '約翰福音', 13, NOW() - INTERVAL '52 days'),
  ('4c42d5c0-4f9f-46e8-a015-166089fd9758', '49d8ee90-7f57-4aae-b928-eb560327cd33', '約翰福音', 14, NOW() - INTERVAL '52 days'),
  ('4c42d5c0-4f9f-46e8-a015-166089fd9758', '49d8ee90-7f57-4aae-b928-eb560327cd33', '約翰福音', 15, NOW() - INTERVAL '51 days'),
  ('4c42d5c0-4f9f-46e8-a015-166089fd9758', '49d8ee90-7f57-4aae-b928-eb560327cd33', '約翰福音', 16, NOW() - INTERVAL '51 days'),
  ('4c42d5c0-4f9f-46e8-a015-166089fd9758', '49d8ee90-7f57-4aae-b928-eb560327cd33', '約翰福音', 17, NOW() - INTERVAL '51 days'),
  ('4c42d5c0-4f9f-46e8-a015-166089fd9758', '49d8ee90-7f57-4aae-b928-eb560327cd33', '約翰福音', 18, NOW() - INTERVAL '51 days'),
  ('4c42d5c0-4f9f-46e8-a015-166089fd9758', '49d8ee90-7f57-4aae-b928-eb560327cd33', '約翰福音', 19, NOW() - INTERVAL '51 days'),
  ('4c42d5c0-4f9f-46e8-a015-166089fd9758', '49d8ee90-7f57-4aae-b928-eb560327cd33', '約翰福音', 20, NOW() - INTERVAL '50 days'),
  ('4c42d5c0-4f9f-46e8-a015-166089fd9758', '49d8ee90-7f57-4aae-b928-eb560327cd33', '約翰福音', 21, NOW() - INTERVAL '50 days'),
  ('4c42d5c0-4f9f-46e8-a015-166089fd9758', '49d8ee90-7f57-4aae-b928-eb560327cd33', '以西結書', 1, NOW() - INTERVAL '50 days'),
  ('4c42d5c0-4f9f-46e8-a015-166089fd9758', '49d8ee90-7f57-4aae-b928-eb560327cd33', '以西結書', 2, NOW() - INTERVAL '50 days'),
  ('4c42d5c0-4f9f-46e8-a015-166089fd9758', '49d8ee90-7f57-4aae-b928-eb560327cd33', '以西結書', 3, NOW() - INTERVAL '50 days'),
  ('4c42d5c0-4f9f-46e8-a015-166089fd9758', '49d8ee90-7f57-4aae-b928-eb560327cd33', '以西結書', 4, NOW() - INTERVAL '49 days'),
  ('4c42d5c0-4f9f-46e8-a015-166089fd9758', '49d8ee90-7f57-4aae-b928-eb560327cd33', '以西結書', 5, NOW() - INTERVAL '49 days'),
  ('4c42d5c0-4f9f-46e8-a015-166089fd9758', '49d8ee90-7f57-4aae-b928-eb560327cd33', '以西結書', 6, NOW() - INTERVAL '49 days'),
  ('4c42d5c0-4f9f-46e8-a015-166089fd9758', '49d8ee90-7f57-4aae-b928-eb560327cd33', '以西結書', 7, NOW() - INTERVAL '49 days'),
  ('4c42d5c0-4f9f-46e8-a015-166089fd9758', '49d8ee90-7f57-4aae-b928-eb560327cd33', '以西結書', 8, NOW() - INTERVAL '49 days'),
  ('4c42d5c0-4f9f-46e8-a015-166089fd9758', '49d8ee90-7f57-4aae-b928-eb560327cd33', '以西結書', 9, NOW() - INTERVAL '48 days'),
  ('4c42d5c0-4f9f-46e8-a015-166089fd9758', '49d8ee90-7f57-4aae-b928-eb560327cd33', '以西結書', 10, NOW() - INTERVAL '48 days'),
  ('4c42d5c0-4f9f-46e8-a015-166089fd9758', '49d8ee90-7f57-4aae-b928-eb560327cd33', '以西結書', 11, NOW() - INTERVAL '48 days'),
  ('4c42d5c0-4f9f-46e8-a015-166089fd9758', '49d8ee90-7f57-4aae-b928-eb560327cd33', '以西結書', 12, NOW() - INTERVAL '48 days'),
  ('4c42d5c0-4f9f-46e8-a015-166089fd9758', '49d8ee90-7f57-4aae-b928-eb560327cd33', '以西結書', 13, NOW() - INTERVAL '48 days'),
  ('4c42d5c0-4f9f-46e8-a015-166089fd9758', '49d8ee90-7f57-4aae-b928-eb560327cd33', '以西結書', 14, NOW() - INTERVAL '47 days'),
  ('4c42d5c0-4f9f-46e8-a015-166089fd9758', '49d8ee90-7f57-4aae-b928-eb560327cd33', '以西結書', 15, NOW() - INTERVAL '47 days'),
  ('4c42d5c0-4f9f-46e8-a015-166089fd9758', '49d8ee90-7f57-4aae-b928-eb560327cd33', '以西結書', 16, NOW() - INTERVAL '47 days'),
  ('4c42d5c0-4f9f-46e8-a015-166089fd9758', '49d8ee90-7f57-4aae-b928-eb560327cd33', '以西結書', 17, NOW() - INTERVAL '47 days'),
  ('4c42d5c0-4f9f-46e8-a015-166089fd9758', '49d8ee90-7f57-4aae-b928-eb560327cd33', '以西結書', 18, NOW() - INTERVAL '47 days'),
  ('4c42d5c0-4f9f-46e8-a015-166089fd9758', '49d8ee90-7f57-4aae-b928-eb560327cd33', '以西結書', 19, NOW() - INTERVAL '46 days'),
  ('4c42d5c0-4f9f-46e8-a015-166089fd9758', '49d8ee90-7f57-4aae-b928-eb560327cd33', '以西結書', 20, NOW() - INTERVAL '46 days'),
  ('4c42d5c0-4f9f-46e8-a015-166089fd9758', '49d8ee90-7f57-4aae-b928-eb560327cd33', '以西結書', 21, NOW() - INTERVAL '46 days'),
  ('4c42d5c0-4f9f-46e8-a015-166089fd9758', '49d8ee90-7f57-4aae-b928-eb560327cd33', '以西結書', 22, NOW() - INTERVAL '46 days'),
  ('4c42d5c0-4f9f-46e8-a015-166089fd9758', '49d8ee90-7f57-4aae-b928-eb560327cd33', '以西結書', 23, NOW() - INTERVAL '46 days'),
  ('4c42d5c0-4f9f-46e8-a015-166089fd9758', '49d8ee90-7f57-4aae-b928-eb560327cd33', '以西結書', 24, NOW() - INTERVAL '45 days'),
  ('4c42d5c0-4f9f-46e8-a015-166089fd9758', '49d8ee90-7f57-4aae-b928-eb560327cd33', '以西結書', 25, NOW() - INTERVAL '45 days'),
  ('4c42d5c0-4f9f-46e8-a015-166089fd9758', '49d8ee90-7f57-4aae-b928-eb560327cd33', '以西結書', 26, NOW() - INTERVAL '45 days'),
  ('4c42d5c0-4f9f-46e8-a015-166089fd9758', '49d8ee90-7f57-4aae-b928-eb560327cd33', '以西結書', 27, NOW() - INTERVAL '45 days'),
  ('4c42d5c0-4f9f-46e8-a015-166089fd9758', '49d8ee90-7f57-4aae-b928-eb560327cd33', '以西結書', 28, NOW() - INTERVAL '45 days'),
  ('4c42d5c0-4f9f-46e8-a015-166089fd9758', '49d8ee90-7f57-4aae-b928-eb560327cd33', '以西結書', 29, NOW() - INTERVAL '44 days'),
  ('4c42d5c0-4f9f-46e8-a015-166089fd9758', '49d8ee90-7f57-4aae-b928-eb560327cd33', '以西結書', 30, NOW() - INTERVAL '44 days'),
  ('4c42d5c0-4f9f-46e8-a015-166089fd9758', '49d8ee90-7f57-4aae-b928-eb560327cd33', '以西結書', 31, NOW() - INTERVAL '44 days'),
  ('4c42d5c0-4f9f-46e8-a015-166089fd9758', '49d8ee90-7f57-4aae-b928-eb560327cd33', '以西結書', 32, NOW() - INTERVAL '44 days'),
  ('4c42d5c0-4f9f-46e8-a015-166089fd9758', '49d8ee90-7f57-4aae-b928-eb560327cd33', '以西結書', 33, NOW() - INTERVAL '44 days'),
  ('4c42d5c0-4f9f-46e8-a015-166089fd9758', '49d8ee90-7f57-4aae-b928-eb560327cd33', '以西結書', 34, NOW() - INTERVAL '43 days'),
  ('4c42d5c0-4f9f-46e8-a015-166089fd9758', '49d8ee90-7f57-4aae-b928-eb560327cd33', '以西結書', 35, NOW() - INTERVAL '43 days'),
  ('4c42d5c0-4f9f-46e8-a015-166089fd9758', '49d8ee90-7f57-4aae-b928-eb560327cd33', '以西結書', 36, NOW() - INTERVAL '43 days'),
  ('4c42d5c0-4f9f-46e8-a015-166089fd9758', '49d8ee90-7f57-4aae-b928-eb560327cd33', '以西結書', 37, NOW() - INTERVAL '43 days'),
  ('4c42d5c0-4f9f-46e8-a015-166089fd9758', '49d8ee90-7f57-4aae-b928-eb560327cd33', '以西結書', 38, NOW() - INTERVAL '43 days'),
  ('4c42d5c0-4f9f-46e8-a015-166089fd9758', '49d8ee90-7f57-4aae-b928-eb560327cd33', '以西結書', 39, NOW() - INTERVAL '42 days'),
  ('4c42d5c0-4f9f-46e8-a015-166089fd9758', '49d8ee90-7f57-4aae-b928-eb560327cd33', '以西結書', 40, NOW() - INTERVAL '42 days'),
  ('4c42d5c0-4f9f-46e8-a015-166089fd9758', '49d8ee90-7f57-4aae-b928-eb560327cd33', '以西結書', 41, NOW() - INTERVAL '42 days'),
  ('4c42d5c0-4f9f-46e8-a015-166089fd9758', '49d8ee90-7f57-4aae-b928-eb560327cd33', '以西結書', 42, NOW() - INTERVAL '42 days'),
  ('4c42d5c0-4f9f-46e8-a015-166089fd9758', '49d8ee90-7f57-4aae-b928-eb560327cd33', '以西結書', 43, NOW() - INTERVAL '42 days'),
  ('4c42d5c0-4f9f-46e8-a015-166089fd9758', '49d8ee90-7f57-4aae-b928-eb560327cd33', '以西結書', 44, NOW() - INTERVAL '41 days'),
  ('4c42d5c0-4f9f-46e8-a015-166089fd9758', '49d8ee90-7f57-4aae-b928-eb560327cd33', '以西結書', 45, NOW() - INTERVAL '41 days'),
  ('4c42d5c0-4f9f-46e8-a015-166089fd9758', '49d8ee90-7f57-4aae-b928-eb560327cd33', '以西結書', 46, NOW() - INTERVAL '41 days'),
  ('4c42d5c0-4f9f-46e8-a015-166089fd9758', '49d8ee90-7f57-4aae-b928-eb560327cd33', '以西結書', 47, NOW() - INTERVAL '41 days'),
  ('4c42d5c0-4f9f-46e8-a015-166089fd9758', '49d8ee90-7f57-4aae-b928-eb560327cd33', '以西結書', 48, NOW() - INTERVAL '41 days'),
  ('4c42d5c0-4f9f-46e8-a015-166089fd9758', '49d8ee90-7f57-4aae-b928-eb560327cd33', '約翰一書', 1, NOW() - INTERVAL '40 days'),
  ('4c42d5c0-4f9f-46e8-a015-166089fd9758', '49d8ee90-7f57-4aae-b928-eb560327cd33', '約翰一書', 2, NOW() - INTERVAL '40 days'),
  ('4c42d5c0-4f9f-46e8-a015-166089fd9758', '49d8ee90-7f57-4aae-b928-eb560327cd33', '約翰一書', 3, NOW() - INTERVAL '40 days'),
  ('4c42d5c0-4f9f-46e8-a015-166089fd9758', '49d8ee90-7f57-4aae-b928-eb560327cd33', '約翰一書', 4, NOW() - INTERVAL '40 days'),
  ('4c42d5c0-4f9f-46e8-a015-166089fd9758', '49d8ee90-7f57-4aae-b928-eb560327cd33', '約翰一書', 5, NOW() - INTERVAL '40 days'),
  ('4c42d5c0-4f9f-46e8-a015-166089fd9758', '49d8ee90-7f57-4aae-b928-eb560327cd33', '申命記', 1, NOW() - INTERVAL '39 days'),
  ('4c42d5c0-4f9f-46e8-a015-166089fd9758', '49d8ee90-7f57-4aae-b928-eb560327cd33', '申命記', 2, NOW() - INTERVAL '39 days'),
  ('4c42d5c0-4f9f-46e8-a015-166089fd9758', '49d8ee90-7f57-4aae-b928-eb560327cd33', '申命記', 3, NOW() - INTERVAL '39 days'),
  ('4c42d5c0-4f9f-46e8-a015-166089fd9758', '49d8ee90-7f57-4aae-b928-eb560327cd33', '申命記', 4, NOW() - INTERVAL '39 days'),
  ('4c42d5c0-4f9f-46e8-a015-166089fd9758', '49d8ee90-7f57-4aae-b928-eb560327cd33', '申命記', 5, NOW() - INTERVAL '39 days'),
  ('4c42d5c0-4f9f-46e8-a015-166089fd9758', '49d8ee90-7f57-4aae-b928-eb560327cd33', '申命記', 6, NOW() - INTERVAL '38 days'),
  ('4c42d5c0-4f9f-46e8-a015-166089fd9758', '49d8ee90-7f57-4aae-b928-eb560327cd33', '申命記', 7, NOW() - INTERVAL '38 days'),
  ('4c42d5c0-4f9f-46e8-a015-166089fd9758', '49d8ee90-7f57-4aae-b928-eb560327cd33', '申命記', 8, NOW() - INTERVAL '38 days'),
  ('4c42d5c0-4f9f-46e8-a015-166089fd9758', '49d8ee90-7f57-4aae-b928-eb560327cd33', '申命記', 9, NOW() - INTERVAL '38 days'),
  ('4c42d5c0-4f9f-46e8-a015-166089fd9758', '49d8ee90-7f57-4aae-b928-eb560327cd33', '申命記', 10, NOW() - INTERVAL '38 days'),
  ('4c42d5c0-4f9f-46e8-a015-166089fd9758', '49d8ee90-7f57-4aae-b928-eb560327cd33', '申命記', 11, NOW() - INTERVAL '37 days'),
  ('4c42d5c0-4f9f-46e8-a015-166089fd9758', '49d8ee90-7f57-4aae-b928-eb560327cd33', '申命記', 12, NOW() - INTERVAL '37 days'),
  ('4c42d5c0-4f9f-46e8-a015-166089fd9758', '49d8ee90-7f57-4aae-b928-eb560327cd33', '申命記', 13, NOW() - INTERVAL '37 days'),
  ('4c42d5c0-4f9f-46e8-a015-166089fd9758', '49d8ee90-7f57-4aae-b928-eb560327cd33', '申命記', 14, NOW() - INTERVAL '37 days'),
  ('4c42d5c0-4f9f-46e8-a015-166089fd9758', '49d8ee90-7f57-4aae-b928-eb560327cd33', '申命記', 15, NOW() - INTERVAL '37 days'),
  ('4c42d5c0-4f9f-46e8-a015-166089fd9758', '49d8ee90-7f57-4aae-b928-eb560327cd33', '申命記', 16, NOW() - INTERVAL '36 days'),
  ('4c42d5c0-4f9f-46e8-a015-166089fd9758', '49d8ee90-7f57-4aae-b928-eb560327cd33', '申命記', 17, NOW() - INTERVAL '36 days'),
  ('4c42d5c0-4f9f-46e8-a015-166089fd9758', '49d8ee90-7f57-4aae-b928-eb560327cd33', '申命記', 18, NOW() - INTERVAL '36 days'),
  ('4c42d5c0-4f9f-46e8-a015-166089fd9758', '49d8ee90-7f57-4aae-b928-eb560327cd33', '申命記', 19, NOW() - INTERVAL '36 days'),
  ('4c42d5c0-4f9f-46e8-a015-166089fd9758', '49d8ee90-7f57-4aae-b928-eb560327cd33', '申命記', 20, NOW() - INTERVAL '36 days'),
  ('4c42d5c0-4f9f-46e8-a015-166089fd9758', '49d8ee90-7f57-4aae-b928-eb560327cd33', '申命記', 21, NOW() - INTERVAL '35 days'),
  ('4c42d5c0-4f9f-46e8-a015-166089fd9758', '49d8ee90-7f57-4aae-b928-eb560327cd33', '申命記', 22, NOW() - INTERVAL '35 days'),
  ('4c42d5c0-4f9f-46e8-a015-166089fd9758', '49d8ee90-7f57-4aae-b928-eb560327cd33', '申命記', 23, NOW() - INTERVAL '35 days'),
  ('4c42d5c0-4f9f-46e8-a015-166089fd9758', '49d8ee90-7f57-4aae-b928-eb560327cd33', '申命記', 24, NOW() - INTERVAL '35 days'),
  ('4c42d5c0-4f9f-46e8-a015-166089fd9758', '49d8ee90-7f57-4aae-b928-eb560327cd33', '申命記', 25, NOW() - INTERVAL '35 days'),
  ('4c42d5c0-4f9f-46e8-a015-166089fd9758', '49d8ee90-7f57-4aae-b928-eb560327cd33', '申命記', 26, NOW() - INTERVAL '34 days'),
  ('4c42d5c0-4f9f-46e8-a015-166089fd9758', '49d8ee90-7f57-4aae-b928-eb560327cd33', '申命記', 27, NOW() - INTERVAL '34 days'),
  ('4c42d5c0-4f9f-46e8-a015-166089fd9758', '49d8ee90-7f57-4aae-b928-eb560327cd33', '申命記', 28, NOW() - INTERVAL '34 days'),
  ('4c42d5c0-4f9f-46e8-a015-166089fd9758', '49d8ee90-7f57-4aae-b928-eb560327cd33', '申命記', 29, NOW() - INTERVAL '34 days'),
  ('4c42d5c0-4f9f-46e8-a015-166089fd9758', '49d8ee90-7f57-4aae-b928-eb560327cd33', '申命記', 30, NOW() - INTERVAL '34 days'),
  ('4c42d5c0-4f9f-46e8-a015-166089fd9758', '49d8ee90-7f57-4aae-b928-eb560327cd33', '申命記', 31, NOW() - INTERVAL '33 days'),
  ('4c42d5c0-4f9f-46e8-a015-166089fd9758', '49d8ee90-7f57-4aae-b928-eb560327cd33', '申命記', 32, NOW() - INTERVAL '33 days'),
  ('4c42d5c0-4f9f-46e8-a015-166089fd9758', '49d8ee90-7f57-4aae-b928-eb560327cd33', '申命記', 33, NOW() - INTERVAL '33 days'),
  ('4c42d5c0-4f9f-46e8-a015-166089fd9758', '49d8ee90-7f57-4aae-b928-eb560327cd33', '申命記', 34, NOW() - INTERVAL '33 days'),
  ('4c42d5c0-4f9f-46e8-a015-166089fd9758', '49d8ee90-7f57-4aae-b928-eb560327cd33', '使徒行傳', 1, NOW() - INTERVAL '33 days'),
  ('4c42d5c0-4f9f-46e8-a015-166089fd9758', '49d8ee90-7f57-4aae-b928-eb560327cd33', '使徒行傳', 2, NOW() - INTERVAL '32 days'),
  ('4c42d5c0-4f9f-46e8-a015-166089fd9758', '49d8ee90-7f57-4aae-b928-eb560327cd33', '使徒行傳', 3, NOW() - INTERVAL '32 days'),
  ('4c42d5c0-4f9f-46e8-a015-166089fd9758', '49d8ee90-7f57-4aae-b928-eb560327cd33', '使徒行傳', 4, NOW() - INTERVAL '32 days'),
  ('4c42d5c0-4f9f-46e8-a015-166089fd9758', '49d8ee90-7f57-4aae-b928-eb560327cd33', '使徒行傳', 5, NOW() - INTERVAL '32 days'),
  ('4c42d5c0-4f9f-46e8-a015-166089fd9758', '49d8ee90-7f57-4aae-b928-eb560327cd33', '使徒行傳', 6, NOW() - INTERVAL '32 days'),
  ('4c42d5c0-4f9f-46e8-a015-166089fd9758', '49d8ee90-7f57-4aae-b928-eb560327cd33', '使徒行傳', 7, NOW() - INTERVAL '31 days'),
  ('4c42d5c0-4f9f-46e8-a015-166089fd9758', '49d8ee90-7f57-4aae-b928-eb560327cd33', '使徒行傳', 8, NOW() - INTERVAL '31 days'),
  ('4c42d5c0-4f9f-46e8-a015-166089fd9758', '49d8ee90-7f57-4aae-b928-eb560327cd33', '使徒行傳', 9, NOW() - INTERVAL '31 days'),
  ('4c42d5c0-4f9f-46e8-a015-166089fd9758', '49d8ee90-7f57-4aae-b928-eb560327cd33', '使徒行傳', 10, NOW() - INTERVAL '31 days'),
  ('4c42d5c0-4f9f-46e8-a015-166089fd9758', '49d8ee90-7f57-4aae-b928-eb560327cd33', '使徒行傳', 11, NOW() - INTERVAL '31 days'),
  ('4c42d5c0-4f9f-46e8-a015-166089fd9758', '49d8ee90-7f57-4aae-b928-eb560327cd33', '使徒行傳', 12, NOW() - INTERVAL '30 days'),
  ('4c42d5c0-4f9f-46e8-a015-166089fd9758', '49d8ee90-7f57-4aae-b928-eb560327cd33', '使徒行傳', 13, NOW() - INTERVAL '30 days'),
  ('4c42d5c0-4f9f-46e8-a015-166089fd9758', '49d8ee90-7f57-4aae-b928-eb560327cd33', '使徒行傳', 14, NOW() - INTERVAL '30 days'),
  ('4c42d5c0-4f9f-46e8-a015-166089fd9758', '49d8ee90-7f57-4aae-b928-eb560327cd33', '使徒行傳', 15, NOW() - INTERVAL '30 days'),
  ('4c42d5c0-4f9f-46e8-a015-166089fd9758', '49d8ee90-7f57-4aae-b928-eb560327cd33', '使徒行傳', 16, NOW() - INTERVAL '30 days'),
  ('4c42d5c0-4f9f-46e8-a015-166089fd9758', '49d8ee90-7f57-4aae-b928-eb560327cd33', '使徒行傳', 17, NOW() - INTERVAL '29 days'),
  ('4c42d5c0-4f9f-46e8-a015-166089fd9758', '49d8ee90-7f57-4aae-b928-eb560327cd33', '使徒行傳', 18, NOW() - INTERVAL '29 days'),
  ('4c42d5c0-4f9f-46e8-a015-166089fd9758', '49d8ee90-7f57-4aae-b928-eb560327cd33', '使徒行傳', 19, NOW() - INTERVAL '29 days'),
  ('4c42d5c0-4f9f-46e8-a015-166089fd9758', '49d8ee90-7f57-4aae-b928-eb560327cd33', '使徒行傳', 20, NOW() - INTERVAL '29 days'),
  ('4c42d5c0-4f9f-46e8-a015-166089fd9758', '49d8ee90-7f57-4aae-b928-eb560327cd33', '使徒行傳', 21, NOW() - INTERVAL '29 days'),
  ('4c42d5c0-4f9f-46e8-a015-166089fd9758', '49d8ee90-7f57-4aae-b928-eb560327cd33', '使徒行傳', 22, NOW() - INTERVAL '28 days'),
  ('4c42d5c0-4f9f-46e8-a015-166089fd9758', '49d8ee90-7f57-4aae-b928-eb560327cd33', '使徒行傳', 23, NOW() - INTERVAL '28 days'),
  ('4c42d5c0-4f9f-46e8-a015-166089fd9758', '49d8ee90-7f57-4aae-b928-eb560327cd33', '使徒行傳', 24, NOW() - INTERVAL '28 days'),
  ('4c42d5c0-4f9f-46e8-a015-166089fd9758', '49d8ee90-7f57-4aae-b928-eb560327cd33', '使徒行傳', 25, NOW() - INTERVAL '28 days'),
  ('4c42d5c0-4f9f-46e8-a015-166089fd9758', '49d8ee90-7f57-4aae-b928-eb560327cd33', '使徒行傳', 26, NOW() - INTERVAL '28 days'),
  ('4c42d5c0-4f9f-46e8-a015-166089fd9758', '49d8ee90-7f57-4aae-b928-eb560327cd33', '使徒行傳', 27, NOW() - INTERVAL '27 days'),
  ('4c42d5c0-4f9f-46e8-a015-166089fd9758', '49d8ee90-7f57-4aae-b928-eb560327cd33', '使徒行傳', 28, NOW() - INTERVAL '27 days'),
  ('4c42d5c0-4f9f-46e8-a015-166089fd9758', '49d8ee90-7f57-4aae-b928-eb560327cd33', '箴言', 1, NOW() - INTERVAL '27 days'),
  ('4c42d5c0-4f9f-46e8-a015-166089fd9758', '49d8ee90-7f57-4aae-b928-eb560327cd33', '箴言', 2, NOW() - INTERVAL '27 days'),
  ('4c42d5c0-4f9f-46e8-a015-166089fd9758', '49d8ee90-7f57-4aae-b928-eb560327cd33', '箴言', 3, NOW() - INTERVAL '27 days'),
  ('4c42d5c0-4f9f-46e8-a015-166089fd9758', '49d8ee90-7f57-4aae-b928-eb560327cd33', '箴言', 4, NOW() - INTERVAL '26 days'),
  ('4c42d5c0-4f9f-46e8-a015-166089fd9758', '49d8ee90-7f57-4aae-b928-eb560327cd33', '箴言', 5, NOW() - INTERVAL '26 days'),
  ('4c42d5c0-4f9f-46e8-a015-166089fd9758', '49d8ee90-7f57-4aae-b928-eb560327cd33', '箴言', 6, NOW() - INTERVAL '26 days'),
  ('4c42d5c0-4f9f-46e8-a015-166089fd9758', '49d8ee90-7f57-4aae-b928-eb560327cd33', '箴言', 7, NOW() - INTERVAL '26 days'),
  ('4c42d5c0-4f9f-46e8-a015-166089fd9758', '49d8ee90-7f57-4aae-b928-eb560327cd33', '箴言', 8, NOW() - INTERVAL '26 days'),
  ('4c42d5c0-4f9f-46e8-a015-166089fd9758', '49d8ee90-7f57-4aae-b928-eb560327cd33', '箴言', 9, NOW() - INTERVAL '25 days'),
  ('4c42d5c0-4f9f-46e8-a015-166089fd9758', '49d8ee90-7f57-4aae-b928-eb560327cd33', '箴言', 10, NOW() - INTERVAL '25 days'),
  ('4c42d5c0-4f9f-46e8-a015-166089fd9758', '49d8ee90-7f57-4aae-b928-eb560327cd33', '箴言', 11, NOW() - INTERVAL '25 days'),
  ('4c42d5c0-4f9f-46e8-a015-166089fd9758', '49d8ee90-7f57-4aae-b928-eb560327cd33', '箴言', 12, NOW() - INTERVAL '25 days'),
  ('4c42d5c0-4f9f-46e8-a015-166089fd9758', '49d8ee90-7f57-4aae-b928-eb560327cd33', '箴言', 13, NOW() - INTERVAL '25 days'),
  ('4c42d5c0-4f9f-46e8-a015-166089fd9758', '49d8ee90-7f57-4aae-b928-eb560327cd33', '箴言', 14, NOW() - INTERVAL '24 days'),
  ('4c42d5c0-4f9f-46e8-a015-166089fd9758', '49d8ee90-7f57-4aae-b928-eb560327cd33', '箴言', 15, NOW() - INTERVAL '24 days'),
  ('4c42d5c0-4f9f-46e8-a015-166089fd9758', '49d8ee90-7f57-4aae-b928-eb560327cd33', '箴言', 16, NOW() - INTERVAL '24 days'),
  ('4c42d5c0-4f9f-46e8-a015-166089fd9758', '49d8ee90-7f57-4aae-b928-eb560327cd33', '箴言', 17, NOW() - INTERVAL '24 days'),
  ('4c42d5c0-4f9f-46e8-a015-166089fd9758', '49d8ee90-7f57-4aae-b928-eb560327cd33', '箴言', 18, NOW() - INTERVAL '24 days'),
  ('4c42d5c0-4f9f-46e8-a015-166089fd9758', '49d8ee90-7f57-4aae-b928-eb560327cd33', '箴言', 19, NOW() - INTERVAL '23 days'),
  ('4c42d5c0-4f9f-46e8-a015-166089fd9758', '49d8ee90-7f57-4aae-b928-eb560327cd33', '箴言', 20, NOW() - INTERVAL '23 days'),
  ('4c42d5c0-4f9f-46e8-a015-166089fd9758', '49d8ee90-7f57-4aae-b928-eb560327cd33', '箴言', 21, NOW() - INTERVAL '23 days'),
  ('4c42d5c0-4f9f-46e8-a015-166089fd9758', '49d8ee90-7f57-4aae-b928-eb560327cd33', '箴言', 22, NOW() - INTERVAL '23 days'),
  ('4c42d5c0-4f9f-46e8-a015-166089fd9758', '49d8ee90-7f57-4aae-b928-eb560327cd33', '箴言', 23, NOW() - INTERVAL '23 days'),
  ('4c42d5c0-4f9f-46e8-a015-166089fd9758', '49d8ee90-7f57-4aae-b928-eb560327cd33', '箴言', 24, NOW() - INTERVAL '22 days'),
  ('4c42d5c0-4f9f-46e8-a015-166089fd9758', '49d8ee90-7f57-4aae-b928-eb560327cd33', '箴言', 25, NOW() - INTERVAL '22 days'),
  ('4c42d5c0-4f9f-46e8-a015-166089fd9758', '49d8ee90-7f57-4aae-b928-eb560327cd33', '箴言', 26, NOW() - INTERVAL '22 days'),
  ('4c42d5c0-4f9f-46e8-a015-166089fd9758', '49d8ee90-7f57-4aae-b928-eb560327cd33', '箴言', 27, NOW() - INTERVAL '22 days'),
  ('4c42d5c0-4f9f-46e8-a015-166089fd9758', '49d8ee90-7f57-4aae-b928-eb560327cd33', '箴言', 28, NOW() - INTERVAL '22 days'),
  ('4c42d5c0-4f9f-46e8-a015-166089fd9758', '49d8ee90-7f57-4aae-b928-eb560327cd33', '箴言', 29, NOW() - INTERVAL '21 days'),
  ('4c42d5c0-4f9f-46e8-a015-166089fd9758', '49d8ee90-7f57-4aae-b928-eb560327cd33', '箴言', 30, NOW() - INTERVAL '21 days'),
  ('4c42d5c0-4f9f-46e8-a015-166089fd9758', '49d8ee90-7f57-4aae-b928-eb560327cd33', '箴言', 31, NOW() - INTERVAL '21 days'),
  ('4c42d5c0-4f9f-46e8-a015-166089fd9758', '49d8ee90-7f57-4aae-b928-eb560327cd33', '提摩太後書', 1, NOW() - INTERVAL '21 days'),
  ('4c42d5c0-4f9f-46e8-a015-166089fd9758', '49d8ee90-7f57-4aae-b928-eb560327cd33', '提摩太後書', 2, NOW() - INTERVAL '21 days'),
  ('4c42d5c0-4f9f-46e8-a015-166089fd9758', '49d8ee90-7f57-4aae-b928-eb560327cd33', '提摩太後書', 3, NOW() - INTERVAL '20 days'),
  ('4c42d5c0-4f9f-46e8-a015-166089fd9758', '49d8ee90-7f57-4aae-b928-eb560327cd33', '提摩太後書', 4, NOW() - INTERVAL '20 days'),
  ('4c42d5c0-4f9f-46e8-a015-166089fd9758', '49d8ee90-7f57-4aae-b928-eb560327cd33', '傳道書', 1, NOW() - INTERVAL '20 days'),
  ('4c42d5c0-4f9f-46e8-a015-166089fd9758', '49d8ee90-7f57-4aae-b928-eb560327cd33', '傳道書', 2, NOW() - INTERVAL '20 days'),
  ('4c42d5c0-4f9f-46e8-a015-166089fd9758', '49d8ee90-7f57-4aae-b928-eb560327cd33', '傳道書', 3, NOW() - INTERVAL '20 days'),
  ('4c42d5c0-4f9f-46e8-a015-166089fd9758', '49d8ee90-7f57-4aae-b928-eb560327cd33', '傳道書', 4, NOW() - INTERVAL '19 days'),
  ('4c42d5c0-4f9f-46e8-a015-166089fd9758', '49d8ee90-7f57-4aae-b928-eb560327cd33', '傳道書', 5, NOW() - INTERVAL '19 days'),
  ('4c42d5c0-4f9f-46e8-a015-166089fd9758', '49d8ee90-7f57-4aae-b928-eb560327cd33', '傳道書', 6, NOW() - INTERVAL '19 days'),
  ('4c42d5c0-4f9f-46e8-a015-166089fd9758', '49d8ee90-7f57-4aae-b928-eb560327cd33', '傳道書', 7, NOW() - INTERVAL '19 days'),
  ('4c42d5c0-4f9f-46e8-a015-166089fd9758', '49d8ee90-7f57-4aae-b928-eb560327cd33', '傳道書', 8, NOW() - INTERVAL '19 days'),
  ('4c42d5c0-4f9f-46e8-a015-166089fd9758', '49d8ee90-7f57-4aae-b928-eb560327cd33', '傳道書', 9, NOW() - INTERVAL '18 days'),
  ('4c42d5c0-4f9f-46e8-a015-166089fd9758', '49d8ee90-7f57-4aae-b928-eb560327cd33', '傳道書', 10, NOW() - INTERVAL '18 days'),
  ('4c42d5c0-4f9f-46e8-a015-166089fd9758', '49d8ee90-7f57-4aae-b928-eb560327cd33', '傳道書', 11, NOW() - INTERVAL '18 days'),
  ('4c42d5c0-4f9f-46e8-a015-166089fd9758', '49d8ee90-7f57-4aae-b928-eb560327cd33', '傳道書', 12, NOW() - INTERVAL '18 days'),
  ('4c42d5c0-4f9f-46e8-a015-166089fd9758', '49d8ee90-7f57-4aae-b928-eb560327cd33', '腓利門書', 1, NOW() - INTERVAL '18 days'),
  ('4c42d5c0-4f9f-46e8-a015-166089fd9758', '49d8ee90-7f57-4aae-b928-eb560327cd33', '約書亞記', 1, NOW() - INTERVAL '17 days'),
  ('4c42d5c0-4f9f-46e8-a015-166089fd9758', '49d8ee90-7f57-4aae-b928-eb560327cd33', '約書亞記', 2, NOW() - INTERVAL '17 days'),
  ('4c42d5c0-4f9f-46e8-a015-166089fd9758', '49d8ee90-7f57-4aae-b928-eb560327cd33', '約書亞記', 3, NOW() - INTERVAL '17 days'),
  ('4c42d5c0-4f9f-46e8-a015-166089fd9758', '49d8ee90-7f57-4aae-b928-eb560327cd33', '約書亞記', 4, NOW() - INTERVAL '17 days'),
  ('4c42d5c0-4f9f-46e8-a015-166089fd9758', '49d8ee90-7f57-4aae-b928-eb560327cd33', '約書亞記', 5, NOW() - INTERVAL '17 days'),
  ('4c42d5c0-4f9f-46e8-a015-166089fd9758', '49d8ee90-7f57-4aae-b928-eb560327cd33', '約書亞記', 6, NOW() - INTERVAL '16 days'),
  ('4c42d5c0-4f9f-46e8-a015-166089fd9758', '49d8ee90-7f57-4aae-b928-eb560327cd33', '約書亞記', 7, NOW() - INTERVAL '16 days'),
  ('4c42d5c0-4f9f-46e8-a015-166089fd9758', '49d8ee90-7f57-4aae-b928-eb560327cd33', '約書亞記', 8, NOW() - INTERVAL '16 days'),
  ('4c42d5c0-4f9f-46e8-a015-166089fd9758', '49d8ee90-7f57-4aae-b928-eb560327cd33', '約書亞記', 9, NOW() - INTERVAL '16 days'),
  ('4c42d5c0-4f9f-46e8-a015-166089fd9758', '49d8ee90-7f57-4aae-b928-eb560327cd33', '約書亞記', 10, NOW() - INTERVAL '16 days'),
  ('4c42d5c0-4f9f-46e8-a015-166089fd9758', '49d8ee90-7f57-4aae-b928-eb560327cd33', '約書亞記', 11, NOW() - INTERVAL '15 days'),
  ('4c42d5c0-4f9f-46e8-a015-166089fd9758', '49d8ee90-7f57-4aae-b928-eb560327cd33', '約書亞記', 12, NOW() - INTERVAL '15 days'),
  ('4c42d5c0-4f9f-46e8-a015-166089fd9758', '49d8ee90-7f57-4aae-b928-eb560327cd33', '約書亞記', 13, NOW() - INTERVAL '15 days'),
  ('4c42d5c0-4f9f-46e8-a015-166089fd9758', '49d8ee90-7f57-4aae-b928-eb560327cd33', '約書亞記', 14, NOW() - INTERVAL '15 days'),
  ('4c42d5c0-4f9f-46e8-a015-166089fd9758', '49d8ee90-7f57-4aae-b928-eb560327cd33', '約書亞記', 15, NOW() - INTERVAL '15 days'),
  ('4c42d5c0-4f9f-46e8-a015-166089fd9758', '49d8ee90-7f57-4aae-b928-eb560327cd33', '約書亞記', 16, NOW() - INTERVAL '14 days'),
  ('4c42d5c0-4f9f-46e8-a015-166089fd9758', '49d8ee90-7f57-4aae-b928-eb560327cd33', '約書亞記', 17, NOW() - INTERVAL '14 days'),
  ('4c42d5c0-4f9f-46e8-a015-166089fd9758', '49d8ee90-7f57-4aae-b928-eb560327cd33', '約書亞記', 18, NOW() - INTERVAL '14 days'),
  ('4c42d5c0-4f9f-46e8-a015-166089fd9758', '49d8ee90-7f57-4aae-b928-eb560327cd33', '約書亞記', 19, NOW() - INTERVAL '14 days'),
  ('4c42d5c0-4f9f-46e8-a015-166089fd9758', '49d8ee90-7f57-4aae-b928-eb560327cd33', '約書亞記', 20, NOW() - INTERVAL '14 days'),
  ('4c42d5c0-4f9f-46e8-a015-166089fd9758', '49d8ee90-7f57-4aae-b928-eb560327cd33', '約書亞記', 21, NOW() - INTERVAL '13 days'),
  ('4c42d5c0-4f9f-46e8-a015-166089fd9758', '49d8ee90-7f57-4aae-b928-eb560327cd33', '約書亞記', 22, NOW() - INTERVAL '13 days'),
  ('4c42d5c0-4f9f-46e8-a015-166089fd9758', '49d8ee90-7f57-4aae-b928-eb560327cd33', '約書亞記', 23, NOW() - INTERVAL '13 days'),
  ('4c42d5c0-4f9f-46e8-a015-166089fd9758', '49d8ee90-7f57-4aae-b928-eb560327cd33', '約書亞記', 24, NOW() - INTERVAL '13 days'),
  ('4c42d5c0-4f9f-46e8-a015-166089fd9758', '49d8ee90-7f57-4aae-b928-eb560327cd33', '羅馬書', 1, NOW() - INTERVAL '13 days'),
  ('4c42d5c0-4f9f-46e8-a015-166089fd9758', '49d8ee90-7f57-4aae-b928-eb560327cd33', '羅馬書', 2, NOW() - INTERVAL '12 days'),
  ('4c42d5c0-4f9f-46e8-a015-166089fd9758', '49d8ee90-7f57-4aae-b928-eb560327cd33', '羅馬書', 3, NOW() - INTERVAL '12 days'),
  ('4c42d5c0-4f9f-46e8-a015-166089fd9758', '49d8ee90-7f57-4aae-b928-eb560327cd33', '羅馬書', 4, NOW() - INTERVAL '12 days'),
  ('4c42d5c0-4f9f-46e8-a015-166089fd9758', '49d8ee90-7f57-4aae-b928-eb560327cd33', '羅馬書', 5, NOW() - INTERVAL '12 days'),
  ('4c42d5c0-4f9f-46e8-a015-166089fd9758', '49d8ee90-7f57-4aae-b928-eb560327cd33', '羅馬書', 6, NOW() - INTERVAL '12 days'),
  ('4c42d5c0-4f9f-46e8-a015-166089fd9758', '49d8ee90-7f57-4aae-b928-eb560327cd33', '羅馬書', 7, NOW() - INTERVAL '11 days'),
  ('4c42d5c0-4f9f-46e8-a015-166089fd9758', '49d8ee90-7f57-4aae-b928-eb560327cd33', '羅馬書', 8, NOW() - INTERVAL '11 days'),
  ('4c42d5c0-4f9f-46e8-a015-166089fd9758', '49d8ee90-7f57-4aae-b928-eb560327cd33', '羅馬書', 9, NOW() - INTERVAL '11 days'),
  ('4c42d5c0-4f9f-46e8-a015-166089fd9758', '49d8ee90-7f57-4aae-b928-eb560327cd33', '羅馬書', 10, NOW() - INTERVAL '11 days'),
  ('4c42d5c0-4f9f-46e8-a015-166089fd9758', '49d8ee90-7f57-4aae-b928-eb560327cd33', '羅馬書', 11, NOW() - INTERVAL '11 days'),
  ('4c42d5c0-4f9f-46e8-a015-166089fd9758', '49d8ee90-7f57-4aae-b928-eb560327cd33', '羅馬書', 12, NOW() - INTERVAL '10 days'),
  ('4c42d5c0-4f9f-46e8-a015-166089fd9758', '49d8ee90-7f57-4aae-b928-eb560327cd33', '羅馬書', 13, NOW() - INTERVAL '10 days'),
  ('4c42d5c0-4f9f-46e8-a015-166089fd9758', '49d8ee90-7f57-4aae-b928-eb560327cd33', '羅馬書', 14, NOW() - INTERVAL '10 days'),
  ('4c42d5c0-4f9f-46e8-a015-166089fd9758', '49d8ee90-7f57-4aae-b928-eb560327cd33', '羅馬書', 15, NOW() - INTERVAL '10 days'),
  ('4c42d5c0-4f9f-46e8-a015-166089fd9758', '49d8ee90-7f57-4aae-b928-eb560327cd33', '羅馬書', 16, NOW() - INTERVAL '10 days'),
  ('4c42d5c0-4f9f-46e8-a015-166089fd9758', '49d8ee90-7f57-4aae-b928-eb560327cd33', '耶利米書', 1, NOW() - INTERVAL '9 days'),
  ('4c42d5c0-4f9f-46e8-a015-166089fd9758', '49d8ee90-7f57-4aae-b928-eb560327cd33', '耶利米書', 2, NOW() - INTERVAL '9 days'),
  ('4c42d5c0-4f9f-46e8-a015-166089fd9758', '49d8ee90-7f57-4aae-b928-eb560327cd33', '耶利米書', 3, NOW() - INTERVAL '9 days'),
  ('4c42d5c0-4f9f-46e8-a015-166089fd9758', '49d8ee90-7f57-4aae-b928-eb560327cd33', '耶利米書', 4, NOW() - INTERVAL '9 days'),
  ('4c42d5c0-4f9f-46e8-a015-166089fd9758', '49d8ee90-7f57-4aae-b928-eb560327cd33', '耶利米書', 5, NOW() - INTERVAL '9 days'),
  ('4c42d5c0-4f9f-46e8-a015-166089fd9758', '49d8ee90-7f57-4aae-b928-eb560327cd33', '耶利米書', 6, NOW() - INTERVAL '8 days'),
  ('4c42d5c0-4f9f-46e8-a015-166089fd9758', '49d8ee90-7f57-4aae-b928-eb560327cd33', '耶利米書', 7, NOW() - INTERVAL '8 days'),
  ('4c42d5c0-4f9f-46e8-a015-166089fd9758', '49d8ee90-7f57-4aae-b928-eb560327cd33', '耶利米書', 8, NOW() - INTERVAL '8 days'),
  ('4c42d5c0-4f9f-46e8-a015-166089fd9758', '49d8ee90-7f57-4aae-b928-eb560327cd33', '耶利米書', 9, NOW() - INTERVAL '8 days'),
  ('4c42d5c0-4f9f-46e8-a015-166089fd9758', '49d8ee90-7f57-4aae-b928-eb560327cd33', '耶利米書', 10, NOW() - INTERVAL '8 days'),
  ('4c42d5c0-4f9f-46e8-a015-166089fd9758', '49d8ee90-7f57-4aae-b928-eb560327cd33', '耶利米書', 11, NOW() - INTERVAL '7 days'),
  ('4c42d5c0-4f9f-46e8-a015-166089fd9758', '49d8ee90-7f57-4aae-b928-eb560327cd33', '耶利米書', 12, NOW() - INTERVAL '7 days'),
  ('4c42d5c0-4f9f-46e8-a015-166089fd9758', '49d8ee90-7f57-4aae-b928-eb560327cd33', '耶利米書', 13, NOW() - INTERVAL '7 days'),
  ('4c42d5c0-4f9f-46e8-a015-166089fd9758', '49d8ee90-7f57-4aae-b928-eb560327cd33', '耶利米書', 14, NOW() - INTERVAL '7 days'),
  ('4c42d5c0-4f9f-46e8-a015-166089fd9758', '49d8ee90-7f57-4aae-b928-eb560327cd33', '耶利米書', 15, NOW() - INTERVAL '7 days'),
  ('4c42d5c0-4f9f-46e8-a015-166089fd9758', '49d8ee90-7f57-4aae-b928-eb560327cd33', '耶利米書', 16, NOW() - INTERVAL '6 days'),
  ('4c42d5c0-4f9f-46e8-a015-166089fd9758', '49d8ee90-7f57-4aae-b928-eb560327cd33', '耶利米書', 17, NOW() - INTERVAL '6 days'),
  ('4c42d5c0-4f9f-46e8-a015-166089fd9758', '49d8ee90-7f57-4aae-b928-eb560327cd33', '耶利米書', 18, NOW() - INTERVAL '6 days'),
  ('4c42d5c0-4f9f-46e8-a015-166089fd9758', '49d8ee90-7f57-4aae-b928-eb560327cd33', '耶利米書', 19, NOW() - INTERVAL '6 days'),
  ('4c42d5c0-4f9f-46e8-a015-166089fd9758', '49d8ee90-7f57-4aae-b928-eb560327cd33', '耶利米書', 20, NOW() - INTERVAL '6 days'),
  ('4c42d5c0-4f9f-46e8-a015-166089fd9758', '49d8ee90-7f57-4aae-b928-eb560327cd33', '耶利米書', 21, NOW() - INTERVAL '5 days'),
  ('4c42d5c0-4f9f-46e8-a015-166089fd9758', '49d8ee90-7f57-4aae-b928-eb560327cd33', '耶利米書', 22, NOW() - INTERVAL '5 days'),
  ('4c42d5c0-4f9f-46e8-a015-166089fd9758', '49d8ee90-7f57-4aae-b928-eb560327cd33', '耶利米書', 23, NOW() - INTERVAL '5 days'),
  ('4c42d5c0-4f9f-46e8-a015-166089fd9758', '49d8ee90-7f57-4aae-b928-eb560327cd33', '耶利米書', 24, NOW() - INTERVAL '5 days'),
  ('4c42d5c0-4f9f-46e8-a015-166089fd9758', '49d8ee90-7f57-4aae-b928-eb560327cd33', '耶利米書', 25, NOW() - INTERVAL '5 days'),
  ('4c42d5c0-4f9f-46e8-a015-166089fd9758', '49d8ee90-7f57-4aae-b928-eb560327cd33', '耶利米書', 26, NOW() - INTERVAL '4 days'),
  ('4c42d5c0-4f9f-46e8-a015-166089fd9758', '49d8ee90-7f57-4aae-b928-eb560327cd33', '耶利米書', 27, NOW() - INTERVAL '4 days'),
  ('4c42d5c0-4f9f-46e8-a015-166089fd9758', '49d8ee90-7f57-4aae-b928-eb560327cd33', '耶利米書', 28, NOW() - INTERVAL '4 days'),
  ('4c42d5c0-4f9f-46e8-a015-166089fd9758', '49d8ee90-7f57-4aae-b928-eb560327cd33', '耶利米書', 29, NOW() - INTERVAL '4 days'),
  ('4c42d5c0-4f9f-46e8-a015-166089fd9758', '49d8ee90-7f57-4aae-b928-eb560327cd33', '耶利米書', 30, NOW() - INTERVAL '4 days'),
  ('4c42d5c0-4f9f-46e8-a015-166089fd9758', '49d8ee90-7f57-4aae-b928-eb560327cd33', '耶利米書', 31, NOW() - INTERVAL '3 days'),
  ('4c42d5c0-4f9f-46e8-a015-166089fd9758', '49d8ee90-7f57-4aae-b928-eb560327cd33', '耶利米書', 32, NOW() - INTERVAL '3 days'),
  ('4c42d5c0-4f9f-46e8-a015-166089fd9758', '49d8ee90-7f57-4aae-b928-eb560327cd33', '耶利米書', 33, NOW() - INTERVAL '3 days'),
  ('4c42d5c0-4f9f-46e8-a015-166089fd9758', '49d8ee90-7f57-4aae-b928-eb560327cd33', '耶利米書', 34, NOW() - INTERVAL '3 days'),
  ('4c42d5c0-4f9f-46e8-a015-166089fd9758', '49d8ee90-7f57-4aae-b928-eb560327cd33', '耶利米書', 35, NOW() - INTERVAL '3 days'),
  ('4c42d5c0-4f9f-46e8-a015-166089fd9758', '49d8ee90-7f57-4aae-b928-eb560327cd33', '耶利米書', 36, NOW() - INTERVAL '2 days'),
  ('4c42d5c0-4f9f-46e8-a015-166089fd9758', '49d8ee90-7f57-4aae-b928-eb560327cd33', '耶利米書', 37, NOW() - INTERVAL '2 days'),
  ('4c42d5c0-4f9f-46e8-a015-166089fd9758', '49d8ee90-7f57-4aae-b928-eb560327cd33', '耶利米書', 38, NOW() - INTERVAL '2 days'),
  ('4c42d5c0-4f9f-46e8-a015-166089fd9758', '49d8ee90-7f57-4aae-b928-eb560327cd33', '耶利米書', 39, NOW() - INTERVAL '2 days'),
  ('4c42d5c0-4f9f-46e8-a015-166089fd9758', '49d8ee90-7f57-4aae-b928-eb560327cd33', '耶利米書', 40, NOW() - INTERVAL '2 days'),
  ('4c42d5c0-4f9f-46e8-a015-166089fd9758', '49d8ee90-7f57-4aae-b928-eb560327cd33', '耶利米書', 41, NOW() - INTERVAL '1 days'),
  ('4c42d5c0-4f9f-46e8-a015-166089fd9758', '49d8ee90-7f57-4aae-b928-eb560327cd33', '耶利米書', 42, NOW() - INTERVAL '1 days'),
  ('4c42d5c0-4f9f-46e8-a015-166089fd9758', '49d8ee90-7f57-4aae-b928-eb560327cd33', '耶利米書', 43, NOW() - INTERVAL '1 days'),
  ('4c42d5c0-4f9f-46e8-a015-166089fd9758', '49d8ee90-7f57-4aae-b928-eb560327cd33', '耶利米書', 44, NOW() - INTERVAL '1 days'),
  ('4c42d5c0-4f9f-46e8-a015-166089fd9758', '49d8ee90-7f57-4aae-b928-eb560327cd33', '耶利米書', 45, NOW() - INTERVAL '1 days'),
  ('4c42d5c0-4f9f-46e8-a015-166089fd9758', '49d8ee90-7f57-4aae-b928-eb560327cd33', '耶利米書', 46, NOW() - INTERVAL '0 days'),
  ('4c42d5c0-4f9f-46e8-a015-166089fd9758', '49d8ee90-7f57-4aae-b928-eb560327cd33', '耶利米書', 47, NOW() - INTERVAL '0 days'),
  ('4c42d5c0-4f9f-46e8-a015-166089fd9758', '49d8ee90-7f57-4aae-b928-eb560327cd33', '耶利米書', 48, NOW() - INTERVAL '0 days'),
  ('4c42d5c0-4f9f-46e8-a015-166089fd9758', '49d8ee90-7f57-4aae-b928-eb560327cd33', '耶利米書', 49, NOW() - INTERVAL '0 days');

--------------------------------------------------

-- 使用者: 示範主任牧師
INSERT INTO auth.users (id, email, raw_user_meta_data, created_at, updated_at, instance_id, aud, role, encrypted_password)
VALUES (
  '2762b95a-92db-43dd-b080-583a9d6e2a12',
  '2762b95a@church-bible.com',
  '{"full_name": "示範主任牧師"}',
  NOW() - INTERVAL '51 days',
  NOW(),
  '00000000-0000-0000-0000-000000000000',
  'authenticated',
  'authenticated',
  '$2a$10$abcdefghijklmnopqrstuv' -- Dummy bcrypt hash
) ON CONFLICT (id) DO NOTHING;

INSERT INTO public.profiles (id, name, great_region, pastoral_zone, small_group, role, is_demo, updated_at)
VALUES (
  '2762b95a-92db-43dd-b080-583a9d6e2a12',
  '示範主任牧師',
  '示範大區A',
  '示範牧區甲',
  '示範小組1',
  'senior_pastor',
  TRUE,
  NOW()
) ON CONFLICT (id) DO NOTHING;

INSERT INTO public.reading_plans (id, user_id, name, start_date, end_date, target_books)
VALUES (
  '534bfd65-2af9-4cbe-9ee7-31ccdb0acc30',
  '2762b95a-92db-43dd-b080-583a9d6e2a12',
  '第一季速讀：2026年7月~9月',
  '2026-07-01',
  '2026-09-30',
  ARRAY['創世記', '馬太福音', '列王紀下', '雅各書', '出埃及記', '馬可福音', '約伯記', '加拉太書', '哈巴谷書', '猶大書', '利未記', '路加福音', '歷代志下', '帖撒羅尼迦前書', '約拿書', '約翰二書', '彌迦書', '約翰三書']
) ON CONFLICT (id) DO NOTHING;

INSERT INTO public.reading_logs (user_id, plan_id, book, chapter, read_at)
VALUES
  ('2762b95a-92db-43dd-b080-583a9d6e2a12', '534bfd65-2af9-4cbe-9ee7-31ccdb0acc30', '創世記', 1, NOW() - INTERVAL '210 days'),
  ('2762b95a-92db-43dd-b080-583a9d6e2a12', '534bfd65-2af9-4cbe-9ee7-31ccdb0acc30', '創世記', 2, NOW() - INTERVAL '209 days'),
  ('2762b95a-92db-43dd-b080-583a9d6e2a12', '534bfd65-2af9-4cbe-9ee7-31ccdb0acc30', '創世記', 3, NOW() - INTERVAL '209 days'),
  ('2762b95a-92db-43dd-b080-583a9d6e2a12', '534bfd65-2af9-4cbe-9ee7-31ccdb0acc30', '創世記', 4, NOW() - INTERVAL '209 days'),
  ('2762b95a-92db-43dd-b080-583a9d6e2a12', '534bfd65-2af9-4cbe-9ee7-31ccdb0acc30', '創世記', 5, NOW() - INTERVAL '209 days'),
  ('2762b95a-92db-43dd-b080-583a9d6e2a12', '534bfd65-2af9-4cbe-9ee7-31ccdb0acc30', '創世記', 6, NOW() - INTERVAL '209 days'),
  ('2762b95a-92db-43dd-b080-583a9d6e2a12', '534bfd65-2af9-4cbe-9ee7-31ccdb0acc30', '創世記', 7, NOW() - INTERVAL '208 days'),
  ('2762b95a-92db-43dd-b080-583a9d6e2a12', '534bfd65-2af9-4cbe-9ee7-31ccdb0acc30', '創世記', 8, NOW() - INTERVAL '208 days'),
  ('2762b95a-92db-43dd-b080-583a9d6e2a12', '534bfd65-2af9-4cbe-9ee7-31ccdb0acc30', '創世記', 9, NOW() - INTERVAL '208 days'),
  ('2762b95a-92db-43dd-b080-583a9d6e2a12', '534bfd65-2af9-4cbe-9ee7-31ccdb0acc30', '創世記', 10, NOW() - INTERVAL '208 days'),
  ('2762b95a-92db-43dd-b080-583a9d6e2a12', '534bfd65-2af9-4cbe-9ee7-31ccdb0acc30', '創世記', 11, NOW() - INTERVAL '208 days'),
  ('2762b95a-92db-43dd-b080-583a9d6e2a12', '534bfd65-2af9-4cbe-9ee7-31ccdb0acc30', '創世記', 12, NOW() - INTERVAL '207 days'),
  ('2762b95a-92db-43dd-b080-583a9d6e2a12', '534bfd65-2af9-4cbe-9ee7-31ccdb0acc30', '創世記', 13, NOW() - INTERVAL '207 days'),
  ('2762b95a-92db-43dd-b080-583a9d6e2a12', '534bfd65-2af9-4cbe-9ee7-31ccdb0acc30', '創世記', 14, NOW() - INTERVAL '207 days'),
  ('2762b95a-92db-43dd-b080-583a9d6e2a12', '534bfd65-2af9-4cbe-9ee7-31ccdb0acc30', '創世記', 15, NOW() - INTERVAL '207 days'),
  ('2762b95a-92db-43dd-b080-583a9d6e2a12', '534bfd65-2af9-4cbe-9ee7-31ccdb0acc30', '創世記', 16, NOW() - INTERVAL '207 days'),
  ('2762b95a-92db-43dd-b080-583a9d6e2a12', '534bfd65-2af9-4cbe-9ee7-31ccdb0acc30', '創世記', 17, NOW() - INTERVAL '206 days'),
  ('2762b95a-92db-43dd-b080-583a9d6e2a12', '534bfd65-2af9-4cbe-9ee7-31ccdb0acc30', '創世記', 18, NOW() - INTERVAL '206 days'),
  ('2762b95a-92db-43dd-b080-583a9d6e2a12', '534bfd65-2af9-4cbe-9ee7-31ccdb0acc30', '創世記', 19, NOW() - INTERVAL '206 days'),
  ('2762b95a-92db-43dd-b080-583a9d6e2a12', '534bfd65-2af9-4cbe-9ee7-31ccdb0acc30', '創世記', 20, NOW() - INTERVAL '206 days'),
  ('2762b95a-92db-43dd-b080-583a9d6e2a12', '534bfd65-2af9-4cbe-9ee7-31ccdb0acc30', '創世記', 21, NOW() - INTERVAL '206 days'),
  ('2762b95a-92db-43dd-b080-583a9d6e2a12', '534bfd65-2af9-4cbe-9ee7-31ccdb0acc30', '創世記', 22, NOW() - INTERVAL '205 days'),
  ('2762b95a-92db-43dd-b080-583a9d6e2a12', '534bfd65-2af9-4cbe-9ee7-31ccdb0acc30', '創世記', 23, NOW() - INTERVAL '205 days'),
  ('2762b95a-92db-43dd-b080-583a9d6e2a12', '534bfd65-2af9-4cbe-9ee7-31ccdb0acc30', '創世記', 24, NOW() - INTERVAL '205 days'),
  ('2762b95a-92db-43dd-b080-583a9d6e2a12', '534bfd65-2af9-4cbe-9ee7-31ccdb0acc30', '創世記', 25, NOW() - INTERVAL '205 days'),
  ('2762b95a-92db-43dd-b080-583a9d6e2a12', '534bfd65-2af9-4cbe-9ee7-31ccdb0acc30', '創世記', 26, NOW() - INTERVAL '205 days'),
  ('2762b95a-92db-43dd-b080-583a9d6e2a12', '534bfd65-2af9-4cbe-9ee7-31ccdb0acc30', '創世記', 27, NOW() - INTERVAL '204 days'),
  ('2762b95a-92db-43dd-b080-583a9d6e2a12', '534bfd65-2af9-4cbe-9ee7-31ccdb0acc30', '創世記', 28, NOW() - INTERVAL '204 days'),
  ('2762b95a-92db-43dd-b080-583a9d6e2a12', '534bfd65-2af9-4cbe-9ee7-31ccdb0acc30', '創世記', 29, NOW() - INTERVAL '204 days'),
  ('2762b95a-92db-43dd-b080-583a9d6e2a12', '534bfd65-2af9-4cbe-9ee7-31ccdb0acc30', '創世記', 30, NOW() - INTERVAL '204 days'),
  ('2762b95a-92db-43dd-b080-583a9d6e2a12', '534bfd65-2af9-4cbe-9ee7-31ccdb0acc30', '創世記', 31, NOW() - INTERVAL '204 days'),
  ('2762b95a-92db-43dd-b080-583a9d6e2a12', '534bfd65-2af9-4cbe-9ee7-31ccdb0acc30', '創世記', 32, NOW() - INTERVAL '203 days'),
  ('2762b95a-92db-43dd-b080-583a9d6e2a12', '534bfd65-2af9-4cbe-9ee7-31ccdb0acc30', '創世記', 33, NOW() - INTERVAL '203 days'),
  ('2762b95a-92db-43dd-b080-583a9d6e2a12', '534bfd65-2af9-4cbe-9ee7-31ccdb0acc30', '創世記', 34, NOW() - INTERVAL '203 days'),
  ('2762b95a-92db-43dd-b080-583a9d6e2a12', '534bfd65-2af9-4cbe-9ee7-31ccdb0acc30', '創世記', 35, NOW() - INTERVAL '203 days'),
  ('2762b95a-92db-43dd-b080-583a9d6e2a12', '534bfd65-2af9-4cbe-9ee7-31ccdb0acc30', '創世記', 36, NOW() - INTERVAL '203 days'),
  ('2762b95a-92db-43dd-b080-583a9d6e2a12', '534bfd65-2af9-4cbe-9ee7-31ccdb0acc30', '創世記', 37, NOW() - INTERVAL '202 days'),
  ('2762b95a-92db-43dd-b080-583a9d6e2a12', '534bfd65-2af9-4cbe-9ee7-31ccdb0acc30', '創世記', 38, NOW() - INTERVAL '202 days'),
  ('2762b95a-92db-43dd-b080-583a9d6e2a12', '534bfd65-2af9-4cbe-9ee7-31ccdb0acc30', '創世記', 39, NOW() - INTERVAL '202 days'),
  ('2762b95a-92db-43dd-b080-583a9d6e2a12', '534bfd65-2af9-4cbe-9ee7-31ccdb0acc30', '創世記', 40, NOW() - INTERVAL '202 days'),
  ('2762b95a-92db-43dd-b080-583a9d6e2a12', '534bfd65-2af9-4cbe-9ee7-31ccdb0acc30', '創世記', 41, NOW() - INTERVAL '202 days'),
  ('2762b95a-92db-43dd-b080-583a9d6e2a12', '534bfd65-2af9-4cbe-9ee7-31ccdb0acc30', '創世記', 42, NOW() - INTERVAL '201 days'),
  ('2762b95a-92db-43dd-b080-583a9d6e2a12', '534bfd65-2af9-4cbe-9ee7-31ccdb0acc30', '創世記', 43, NOW() - INTERVAL '201 days'),
  ('2762b95a-92db-43dd-b080-583a9d6e2a12', '534bfd65-2af9-4cbe-9ee7-31ccdb0acc30', '創世記', 44, NOW() - INTERVAL '201 days'),
  ('2762b95a-92db-43dd-b080-583a9d6e2a12', '534bfd65-2af9-4cbe-9ee7-31ccdb0acc30', '創世記', 45, NOW() - INTERVAL '201 days'),
  ('2762b95a-92db-43dd-b080-583a9d6e2a12', '534bfd65-2af9-4cbe-9ee7-31ccdb0acc30', '創世記', 46, NOW() - INTERVAL '201 days'),
  ('2762b95a-92db-43dd-b080-583a9d6e2a12', '534bfd65-2af9-4cbe-9ee7-31ccdb0acc30', '創世記', 47, NOW() - INTERVAL '200 days'),
  ('2762b95a-92db-43dd-b080-583a9d6e2a12', '534bfd65-2af9-4cbe-9ee7-31ccdb0acc30', '創世記', 48, NOW() - INTERVAL '200 days'),
  ('2762b95a-92db-43dd-b080-583a9d6e2a12', '534bfd65-2af9-4cbe-9ee7-31ccdb0acc30', '創世記', 49, NOW() - INTERVAL '200 days'),
  ('2762b95a-92db-43dd-b080-583a9d6e2a12', '534bfd65-2af9-4cbe-9ee7-31ccdb0acc30', '創世記', 50, NOW() - INTERVAL '200 days'),
  ('2762b95a-92db-43dd-b080-583a9d6e2a12', '534bfd65-2af9-4cbe-9ee7-31ccdb0acc30', '馬太福音', 1, NOW() - INTERVAL '200 days'),
  ('2762b95a-92db-43dd-b080-583a9d6e2a12', '534bfd65-2af9-4cbe-9ee7-31ccdb0acc30', '馬太福音', 2, NOW() - INTERVAL '199 days'),
  ('2762b95a-92db-43dd-b080-583a9d6e2a12', '534bfd65-2af9-4cbe-9ee7-31ccdb0acc30', '馬太福音', 3, NOW() - INTERVAL '199 days'),
  ('2762b95a-92db-43dd-b080-583a9d6e2a12', '534bfd65-2af9-4cbe-9ee7-31ccdb0acc30', '馬太福音', 4, NOW() - INTERVAL '199 days'),
  ('2762b95a-92db-43dd-b080-583a9d6e2a12', '534bfd65-2af9-4cbe-9ee7-31ccdb0acc30', '馬太福音', 5, NOW() - INTERVAL '199 days'),
  ('2762b95a-92db-43dd-b080-583a9d6e2a12', '534bfd65-2af9-4cbe-9ee7-31ccdb0acc30', '馬太福音', 6, NOW() - INTERVAL '199 days'),
  ('2762b95a-92db-43dd-b080-583a9d6e2a12', '534bfd65-2af9-4cbe-9ee7-31ccdb0acc30', '馬太福音', 7, NOW() - INTERVAL '198 days'),
  ('2762b95a-92db-43dd-b080-583a9d6e2a12', '534bfd65-2af9-4cbe-9ee7-31ccdb0acc30', '馬太福音', 8, NOW() - INTERVAL '198 days'),
  ('2762b95a-92db-43dd-b080-583a9d6e2a12', '534bfd65-2af9-4cbe-9ee7-31ccdb0acc30', '馬太福音', 9, NOW() - INTERVAL '198 days'),
  ('2762b95a-92db-43dd-b080-583a9d6e2a12', '534bfd65-2af9-4cbe-9ee7-31ccdb0acc30', '馬太福音', 10, NOW() - INTERVAL '198 days'),
  ('2762b95a-92db-43dd-b080-583a9d6e2a12', '534bfd65-2af9-4cbe-9ee7-31ccdb0acc30', '馬太福音', 11, NOW() - INTERVAL '198 days'),
  ('2762b95a-92db-43dd-b080-583a9d6e2a12', '534bfd65-2af9-4cbe-9ee7-31ccdb0acc30', '馬太福音', 12, NOW() - INTERVAL '197 days'),
  ('2762b95a-92db-43dd-b080-583a9d6e2a12', '534bfd65-2af9-4cbe-9ee7-31ccdb0acc30', '馬太福音', 13, NOW() - INTERVAL '197 days'),
  ('2762b95a-92db-43dd-b080-583a9d6e2a12', '534bfd65-2af9-4cbe-9ee7-31ccdb0acc30', '馬太福音', 14, NOW() - INTERVAL '197 days'),
  ('2762b95a-92db-43dd-b080-583a9d6e2a12', '534bfd65-2af9-4cbe-9ee7-31ccdb0acc30', '馬太福音', 15, NOW() - INTERVAL '197 days'),
  ('2762b95a-92db-43dd-b080-583a9d6e2a12', '534bfd65-2af9-4cbe-9ee7-31ccdb0acc30', '馬太福音', 16, NOW() - INTERVAL '197 days'),
  ('2762b95a-92db-43dd-b080-583a9d6e2a12', '534bfd65-2af9-4cbe-9ee7-31ccdb0acc30', '馬太福音', 17, NOW() - INTERVAL '196 days'),
  ('2762b95a-92db-43dd-b080-583a9d6e2a12', '534bfd65-2af9-4cbe-9ee7-31ccdb0acc30', '馬太福音', 18, NOW() - INTERVAL '196 days'),
  ('2762b95a-92db-43dd-b080-583a9d6e2a12', '534bfd65-2af9-4cbe-9ee7-31ccdb0acc30', '馬太福音', 19, NOW() - INTERVAL '196 days'),
  ('2762b95a-92db-43dd-b080-583a9d6e2a12', '534bfd65-2af9-4cbe-9ee7-31ccdb0acc30', '馬太福音', 20, NOW() - INTERVAL '196 days'),
  ('2762b95a-92db-43dd-b080-583a9d6e2a12', '534bfd65-2af9-4cbe-9ee7-31ccdb0acc30', '馬太福音', 21, NOW() - INTERVAL '196 days'),
  ('2762b95a-92db-43dd-b080-583a9d6e2a12', '534bfd65-2af9-4cbe-9ee7-31ccdb0acc30', '馬太福音', 22, NOW() - INTERVAL '195 days'),
  ('2762b95a-92db-43dd-b080-583a9d6e2a12', '534bfd65-2af9-4cbe-9ee7-31ccdb0acc30', '馬太福音', 23, NOW() - INTERVAL '195 days'),
  ('2762b95a-92db-43dd-b080-583a9d6e2a12', '534bfd65-2af9-4cbe-9ee7-31ccdb0acc30', '馬太福音', 24, NOW() - INTERVAL '195 days'),
  ('2762b95a-92db-43dd-b080-583a9d6e2a12', '534bfd65-2af9-4cbe-9ee7-31ccdb0acc30', '馬太福音', 25, NOW() - INTERVAL '195 days'),
  ('2762b95a-92db-43dd-b080-583a9d6e2a12', '534bfd65-2af9-4cbe-9ee7-31ccdb0acc30', '馬太福音', 26, NOW() - INTERVAL '195 days'),
  ('2762b95a-92db-43dd-b080-583a9d6e2a12', '534bfd65-2af9-4cbe-9ee7-31ccdb0acc30', '馬太福音', 27, NOW() - INTERVAL '194 days'),
  ('2762b95a-92db-43dd-b080-583a9d6e2a12', '534bfd65-2af9-4cbe-9ee7-31ccdb0acc30', '馬太福音', 28, NOW() - INTERVAL '194 days'),
  ('2762b95a-92db-43dd-b080-583a9d6e2a12', '534bfd65-2af9-4cbe-9ee7-31ccdb0acc30', '列王紀下', 1, NOW() - INTERVAL '194 days'),
  ('2762b95a-92db-43dd-b080-583a9d6e2a12', '534bfd65-2af9-4cbe-9ee7-31ccdb0acc30', '列王紀下', 2, NOW() - INTERVAL '194 days'),
  ('2762b95a-92db-43dd-b080-583a9d6e2a12', '534bfd65-2af9-4cbe-9ee7-31ccdb0acc30', '列王紀下', 3, NOW() - INTERVAL '194 days'),
  ('2762b95a-92db-43dd-b080-583a9d6e2a12', '534bfd65-2af9-4cbe-9ee7-31ccdb0acc30', '列王紀下', 4, NOW() - INTERVAL '193 days'),
  ('2762b95a-92db-43dd-b080-583a9d6e2a12', '534bfd65-2af9-4cbe-9ee7-31ccdb0acc30', '列王紀下', 5, NOW() - INTERVAL '193 days'),
  ('2762b95a-92db-43dd-b080-583a9d6e2a12', '534bfd65-2af9-4cbe-9ee7-31ccdb0acc30', '列王紀下', 6, NOW() - INTERVAL '193 days'),
  ('2762b95a-92db-43dd-b080-583a9d6e2a12', '534bfd65-2af9-4cbe-9ee7-31ccdb0acc30', '列王紀下', 7, NOW() - INTERVAL '193 days'),
  ('2762b95a-92db-43dd-b080-583a9d6e2a12', '534bfd65-2af9-4cbe-9ee7-31ccdb0acc30', '列王紀下', 8, NOW() - INTERVAL '193 days'),
  ('2762b95a-92db-43dd-b080-583a9d6e2a12', '534bfd65-2af9-4cbe-9ee7-31ccdb0acc30', '列王紀下', 9, NOW() - INTERVAL '192 days'),
  ('2762b95a-92db-43dd-b080-583a9d6e2a12', '534bfd65-2af9-4cbe-9ee7-31ccdb0acc30', '列王紀下', 10, NOW() - INTERVAL '192 days'),
  ('2762b95a-92db-43dd-b080-583a9d6e2a12', '534bfd65-2af9-4cbe-9ee7-31ccdb0acc30', '列王紀下', 11, NOW() - INTERVAL '192 days'),
  ('2762b95a-92db-43dd-b080-583a9d6e2a12', '534bfd65-2af9-4cbe-9ee7-31ccdb0acc30', '列王紀下', 12, NOW() - INTERVAL '192 days'),
  ('2762b95a-92db-43dd-b080-583a9d6e2a12', '534bfd65-2af9-4cbe-9ee7-31ccdb0acc30', '列王紀下', 13, NOW() - INTERVAL '192 days'),
  ('2762b95a-92db-43dd-b080-583a9d6e2a12', '534bfd65-2af9-4cbe-9ee7-31ccdb0acc30', '列王紀下', 14, NOW() - INTERVAL '191 days'),
  ('2762b95a-92db-43dd-b080-583a9d6e2a12', '534bfd65-2af9-4cbe-9ee7-31ccdb0acc30', '列王紀下', 15, NOW() - INTERVAL '191 days'),
  ('2762b95a-92db-43dd-b080-583a9d6e2a12', '534bfd65-2af9-4cbe-9ee7-31ccdb0acc30', '列王紀下', 16, NOW() - INTERVAL '191 days'),
  ('2762b95a-92db-43dd-b080-583a9d6e2a12', '534bfd65-2af9-4cbe-9ee7-31ccdb0acc30', '列王紀下', 17, NOW() - INTERVAL '191 days'),
  ('2762b95a-92db-43dd-b080-583a9d6e2a12', '534bfd65-2af9-4cbe-9ee7-31ccdb0acc30', '列王紀下', 18, NOW() - INTERVAL '191 days'),
  ('2762b95a-92db-43dd-b080-583a9d6e2a12', '534bfd65-2af9-4cbe-9ee7-31ccdb0acc30', '列王紀下', 19, NOW() - INTERVAL '190 days'),
  ('2762b95a-92db-43dd-b080-583a9d6e2a12', '534bfd65-2af9-4cbe-9ee7-31ccdb0acc30', '列王紀下', 20, NOW() - INTERVAL '190 days'),
  ('2762b95a-92db-43dd-b080-583a9d6e2a12', '534bfd65-2af9-4cbe-9ee7-31ccdb0acc30', '列王紀下', 21, NOW() - INTERVAL '190 days'),
  ('2762b95a-92db-43dd-b080-583a9d6e2a12', '534bfd65-2af9-4cbe-9ee7-31ccdb0acc30', '列王紀下', 22, NOW() - INTERVAL '190 days'),
  ('2762b95a-92db-43dd-b080-583a9d6e2a12', '534bfd65-2af9-4cbe-9ee7-31ccdb0acc30', '列王紀下', 23, NOW() - INTERVAL '190 days'),
  ('2762b95a-92db-43dd-b080-583a9d6e2a12', '534bfd65-2af9-4cbe-9ee7-31ccdb0acc30', '列王紀下', 24, NOW() - INTERVAL '189 days'),
  ('2762b95a-92db-43dd-b080-583a9d6e2a12', '534bfd65-2af9-4cbe-9ee7-31ccdb0acc30', '列王紀下', 25, NOW() - INTERVAL '189 days'),
  ('2762b95a-92db-43dd-b080-583a9d6e2a12', '534bfd65-2af9-4cbe-9ee7-31ccdb0acc30', '雅各書', 1, NOW() - INTERVAL '189 days'),
  ('2762b95a-92db-43dd-b080-583a9d6e2a12', '534bfd65-2af9-4cbe-9ee7-31ccdb0acc30', '雅各書', 2, NOW() - INTERVAL '189 days'),
  ('2762b95a-92db-43dd-b080-583a9d6e2a12', '534bfd65-2af9-4cbe-9ee7-31ccdb0acc30', '雅各書', 3, NOW() - INTERVAL '189 days'),
  ('2762b95a-92db-43dd-b080-583a9d6e2a12', '534bfd65-2af9-4cbe-9ee7-31ccdb0acc30', '雅各書', 4, NOW() - INTERVAL '188 days'),
  ('2762b95a-92db-43dd-b080-583a9d6e2a12', '534bfd65-2af9-4cbe-9ee7-31ccdb0acc30', '雅各書', 5, NOW() - INTERVAL '188 days'),
  ('2762b95a-92db-43dd-b080-583a9d6e2a12', '534bfd65-2af9-4cbe-9ee7-31ccdb0acc30', '出埃及記', 1, NOW() - INTERVAL '188 days'),
  ('2762b95a-92db-43dd-b080-583a9d6e2a12', '534bfd65-2af9-4cbe-9ee7-31ccdb0acc30', '出埃及記', 2, NOW() - INTERVAL '188 days'),
  ('2762b95a-92db-43dd-b080-583a9d6e2a12', '534bfd65-2af9-4cbe-9ee7-31ccdb0acc30', '出埃及記', 3, NOW() - INTERVAL '188 days'),
  ('2762b95a-92db-43dd-b080-583a9d6e2a12', '534bfd65-2af9-4cbe-9ee7-31ccdb0acc30', '出埃及記', 4, NOW() - INTERVAL '187 days'),
  ('2762b95a-92db-43dd-b080-583a9d6e2a12', '534bfd65-2af9-4cbe-9ee7-31ccdb0acc30', '出埃及記', 5, NOW() - INTERVAL '187 days'),
  ('2762b95a-92db-43dd-b080-583a9d6e2a12', '534bfd65-2af9-4cbe-9ee7-31ccdb0acc30', '出埃及記', 6, NOW() - INTERVAL '187 days'),
  ('2762b95a-92db-43dd-b080-583a9d6e2a12', '534bfd65-2af9-4cbe-9ee7-31ccdb0acc30', '出埃及記', 7, NOW() - INTERVAL '187 days'),
  ('2762b95a-92db-43dd-b080-583a9d6e2a12', '534bfd65-2af9-4cbe-9ee7-31ccdb0acc30', '出埃及記', 8, NOW() - INTERVAL '187 days'),
  ('2762b95a-92db-43dd-b080-583a9d6e2a12', '534bfd65-2af9-4cbe-9ee7-31ccdb0acc30', '出埃及記', 9, NOW() - INTERVAL '186 days'),
  ('2762b95a-92db-43dd-b080-583a9d6e2a12', '534bfd65-2af9-4cbe-9ee7-31ccdb0acc30', '出埃及記', 10, NOW() - INTERVAL '186 days'),
  ('2762b95a-92db-43dd-b080-583a9d6e2a12', '534bfd65-2af9-4cbe-9ee7-31ccdb0acc30', '出埃及記', 11, NOW() - INTERVAL '186 days'),
  ('2762b95a-92db-43dd-b080-583a9d6e2a12', '534bfd65-2af9-4cbe-9ee7-31ccdb0acc30', '出埃及記', 12, NOW() - INTERVAL '186 days'),
  ('2762b95a-92db-43dd-b080-583a9d6e2a12', '534bfd65-2af9-4cbe-9ee7-31ccdb0acc30', '出埃及記', 13, NOW() - INTERVAL '186 days'),
  ('2762b95a-92db-43dd-b080-583a9d6e2a12', '534bfd65-2af9-4cbe-9ee7-31ccdb0acc30', '出埃及記', 14, NOW() - INTERVAL '185 days'),
  ('2762b95a-92db-43dd-b080-583a9d6e2a12', '534bfd65-2af9-4cbe-9ee7-31ccdb0acc30', '出埃及記', 15, NOW() - INTERVAL '185 days'),
  ('2762b95a-92db-43dd-b080-583a9d6e2a12', '534bfd65-2af9-4cbe-9ee7-31ccdb0acc30', '出埃及記', 16, NOW() - INTERVAL '185 days'),
  ('2762b95a-92db-43dd-b080-583a9d6e2a12', '534bfd65-2af9-4cbe-9ee7-31ccdb0acc30', '出埃及記', 17, NOW() - INTERVAL '185 days'),
  ('2762b95a-92db-43dd-b080-583a9d6e2a12', '534bfd65-2af9-4cbe-9ee7-31ccdb0acc30', '出埃及記', 18, NOW() - INTERVAL '185 days'),
  ('2762b95a-92db-43dd-b080-583a9d6e2a12', '534bfd65-2af9-4cbe-9ee7-31ccdb0acc30', '出埃及記', 19, NOW() - INTERVAL '184 days'),
  ('2762b95a-92db-43dd-b080-583a9d6e2a12', '534bfd65-2af9-4cbe-9ee7-31ccdb0acc30', '出埃及記', 20, NOW() - INTERVAL '184 days'),
  ('2762b95a-92db-43dd-b080-583a9d6e2a12', '534bfd65-2af9-4cbe-9ee7-31ccdb0acc30', '出埃及記', 21, NOW() - INTERVAL '184 days'),
  ('2762b95a-92db-43dd-b080-583a9d6e2a12', '534bfd65-2af9-4cbe-9ee7-31ccdb0acc30', '出埃及記', 22, NOW() - INTERVAL '184 days'),
  ('2762b95a-92db-43dd-b080-583a9d6e2a12', '534bfd65-2af9-4cbe-9ee7-31ccdb0acc30', '出埃及記', 23, NOW() - INTERVAL '184 days'),
  ('2762b95a-92db-43dd-b080-583a9d6e2a12', '534bfd65-2af9-4cbe-9ee7-31ccdb0acc30', '出埃及記', 24, NOW() - INTERVAL '183 days'),
  ('2762b95a-92db-43dd-b080-583a9d6e2a12', '534bfd65-2af9-4cbe-9ee7-31ccdb0acc30', '出埃及記', 25, NOW() - INTERVAL '183 days'),
  ('2762b95a-92db-43dd-b080-583a9d6e2a12', '534bfd65-2af9-4cbe-9ee7-31ccdb0acc30', '出埃及記', 26, NOW() - INTERVAL '183 days'),
  ('2762b95a-92db-43dd-b080-583a9d6e2a12', '534bfd65-2af9-4cbe-9ee7-31ccdb0acc30', '出埃及記', 27, NOW() - INTERVAL '183 days'),
  ('2762b95a-92db-43dd-b080-583a9d6e2a12', '534bfd65-2af9-4cbe-9ee7-31ccdb0acc30', '出埃及記', 28, NOW() - INTERVAL '183 days'),
  ('2762b95a-92db-43dd-b080-583a9d6e2a12', '534bfd65-2af9-4cbe-9ee7-31ccdb0acc30', '出埃及記', 29, NOW() - INTERVAL '182 days'),
  ('2762b95a-92db-43dd-b080-583a9d6e2a12', '534bfd65-2af9-4cbe-9ee7-31ccdb0acc30', '出埃及記', 30, NOW() - INTERVAL '182 days'),
  ('2762b95a-92db-43dd-b080-583a9d6e2a12', '534bfd65-2af9-4cbe-9ee7-31ccdb0acc30', '出埃及記', 31, NOW() - INTERVAL '182 days'),
  ('2762b95a-92db-43dd-b080-583a9d6e2a12', '534bfd65-2af9-4cbe-9ee7-31ccdb0acc30', '出埃及記', 32, NOW() - INTERVAL '182 days'),
  ('2762b95a-92db-43dd-b080-583a9d6e2a12', '534bfd65-2af9-4cbe-9ee7-31ccdb0acc30', '出埃及記', 33, NOW() - INTERVAL '182 days'),
  ('2762b95a-92db-43dd-b080-583a9d6e2a12', '534bfd65-2af9-4cbe-9ee7-31ccdb0acc30', '出埃及記', 34, NOW() - INTERVAL '181 days'),
  ('2762b95a-92db-43dd-b080-583a9d6e2a12', '534bfd65-2af9-4cbe-9ee7-31ccdb0acc30', '出埃及記', 35, NOW() - INTERVAL '181 days'),
  ('2762b95a-92db-43dd-b080-583a9d6e2a12', '534bfd65-2af9-4cbe-9ee7-31ccdb0acc30', '出埃及記', 36, NOW() - INTERVAL '181 days'),
  ('2762b95a-92db-43dd-b080-583a9d6e2a12', '534bfd65-2af9-4cbe-9ee7-31ccdb0acc30', '出埃及記', 37, NOW() - INTERVAL '181 days'),
  ('2762b95a-92db-43dd-b080-583a9d6e2a12', '534bfd65-2af9-4cbe-9ee7-31ccdb0acc30', '出埃及記', 38, NOW() - INTERVAL '181 days'),
  ('2762b95a-92db-43dd-b080-583a9d6e2a12', '534bfd65-2af9-4cbe-9ee7-31ccdb0acc30', '出埃及記', 39, NOW() - INTERVAL '180 days'),
  ('2762b95a-92db-43dd-b080-583a9d6e2a12', '534bfd65-2af9-4cbe-9ee7-31ccdb0acc30', '出埃及記', 40, NOW() - INTERVAL '180 days'),
  ('2762b95a-92db-43dd-b080-583a9d6e2a12', '534bfd65-2af9-4cbe-9ee7-31ccdb0acc30', '馬可福音', 1, NOW() - INTERVAL '180 days'),
  ('2762b95a-92db-43dd-b080-583a9d6e2a12', '534bfd65-2af9-4cbe-9ee7-31ccdb0acc30', '馬可福音', 2, NOW() - INTERVAL '180 days'),
  ('2762b95a-92db-43dd-b080-583a9d6e2a12', '534bfd65-2af9-4cbe-9ee7-31ccdb0acc30', '馬可福音', 3, NOW() - INTERVAL '180 days'),
  ('2762b95a-92db-43dd-b080-583a9d6e2a12', '534bfd65-2af9-4cbe-9ee7-31ccdb0acc30', '馬可福音', 4, NOW() - INTERVAL '179 days'),
  ('2762b95a-92db-43dd-b080-583a9d6e2a12', '534bfd65-2af9-4cbe-9ee7-31ccdb0acc30', '馬可福音', 5, NOW() - INTERVAL '179 days'),
  ('2762b95a-92db-43dd-b080-583a9d6e2a12', '534bfd65-2af9-4cbe-9ee7-31ccdb0acc30', '馬可福音', 6, NOW() - INTERVAL '179 days'),
  ('2762b95a-92db-43dd-b080-583a9d6e2a12', '534bfd65-2af9-4cbe-9ee7-31ccdb0acc30', '馬可福音', 7, NOW() - INTERVAL '179 days'),
  ('2762b95a-92db-43dd-b080-583a9d6e2a12', '534bfd65-2af9-4cbe-9ee7-31ccdb0acc30', '馬可福音', 8, NOW() - INTERVAL '179 days'),
  ('2762b95a-92db-43dd-b080-583a9d6e2a12', '534bfd65-2af9-4cbe-9ee7-31ccdb0acc30', '馬可福音', 9, NOW() - INTERVAL '178 days'),
  ('2762b95a-92db-43dd-b080-583a9d6e2a12', '534bfd65-2af9-4cbe-9ee7-31ccdb0acc30', '馬可福音', 10, NOW() - INTERVAL '178 days'),
  ('2762b95a-92db-43dd-b080-583a9d6e2a12', '534bfd65-2af9-4cbe-9ee7-31ccdb0acc30', '馬可福音', 11, NOW() - INTERVAL '178 days'),
  ('2762b95a-92db-43dd-b080-583a9d6e2a12', '534bfd65-2af9-4cbe-9ee7-31ccdb0acc30', '馬可福音', 12, NOW() - INTERVAL '178 days'),
  ('2762b95a-92db-43dd-b080-583a9d6e2a12', '534bfd65-2af9-4cbe-9ee7-31ccdb0acc30', '馬可福音', 13, NOW() - INTERVAL '178 days'),
  ('2762b95a-92db-43dd-b080-583a9d6e2a12', '534bfd65-2af9-4cbe-9ee7-31ccdb0acc30', '馬可福音', 14, NOW() - INTERVAL '177 days'),
  ('2762b95a-92db-43dd-b080-583a9d6e2a12', '534bfd65-2af9-4cbe-9ee7-31ccdb0acc30', '馬可福音', 15, NOW() - INTERVAL '177 days'),
  ('2762b95a-92db-43dd-b080-583a9d6e2a12', '534bfd65-2af9-4cbe-9ee7-31ccdb0acc30', '馬可福音', 16, NOW() - INTERVAL '177 days'),
  ('2762b95a-92db-43dd-b080-583a9d6e2a12', '534bfd65-2af9-4cbe-9ee7-31ccdb0acc30', '約伯記', 1, NOW() - INTERVAL '177 days'),
  ('2762b95a-92db-43dd-b080-583a9d6e2a12', '534bfd65-2af9-4cbe-9ee7-31ccdb0acc30', '約伯記', 2, NOW() - INTERVAL '177 days'),
  ('2762b95a-92db-43dd-b080-583a9d6e2a12', '534bfd65-2af9-4cbe-9ee7-31ccdb0acc30', '約伯記', 3, NOW() - INTERVAL '176 days'),
  ('2762b95a-92db-43dd-b080-583a9d6e2a12', '534bfd65-2af9-4cbe-9ee7-31ccdb0acc30', '約伯記', 4, NOW() - INTERVAL '176 days'),
  ('2762b95a-92db-43dd-b080-583a9d6e2a12', '534bfd65-2af9-4cbe-9ee7-31ccdb0acc30', '約伯記', 5, NOW() - INTERVAL '176 days'),
  ('2762b95a-92db-43dd-b080-583a9d6e2a12', '534bfd65-2af9-4cbe-9ee7-31ccdb0acc30', '約伯記', 6, NOW() - INTERVAL '176 days'),
  ('2762b95a-92db-43dd-b080-583a9d6e2a12', '534bfd65-2af9-4cbe-9ee7-31ccdb0acc30', '約伯記', 7, NOW() - INTERVAL '176 days'),
  ('2762b95a-92db-43dd-b080-583a9d6e2a12', '534bfd65-2af9-4cbe-9ee7-31ccdb0acc30', '約伯記', 8, NOW() - INTERVAL '175 days'),
  ('2762b95a-92db-43dd-b080-583a9d6e2a12', '534bfd65-2af9-4cbe-9ee7-31ccdb0acc30', '約伯記', 9, NOW() - INTERVAL '175 days'),
  ('2762b95a-92db-43dd-b080-583a9d6e2a12', '534bfd65-2af9-4cbe-9ee7-31ccdb0acc30', '約伯記', 10, NOW() - INTERVAL '175 days'),
  ('2762b95a-92db-43dd-b080-583a9d6e2a12', '534bfd65-2af9-4cbe-9ee7-31ccdb0acc30', '約伯記', 11, NOW() - INTERVAL '175 days'),
  ('2762b95a-92db-43dd-b080-583a9d6e2a12', '534bfd65-2af9-4cbe-9ee7-31ccdb0acc30', '約伯記', 12, NOW() - INTERVAL '175 days'),
  ('2762b95a-92db-43dd-b080-583a9d6e2a12', '534bfd65-2af9-4cbe-9ee7-31ccdb0acc30', '約伯記', 13, NOW() - INTERVAL '174 days'),
  ('2762b95a-92db-43dd-b080-583a9d6e2a12', '534bfd65-2af9-4cbe-9ee7-31ccdb0acc30', '約伯記', 14, NOW() - INTERVAL '174 days'),
  ('2762b95a-92db-43dd-b080-583a9d6e2a12', '534bfd65-2af9-4cbe-9ee7-31ccdb0acc30', '約伯記', 15, NOW() - INTERVAL '174 days'),
  ('2762b95a-92db-43dd-b080-583a9d6e2a12', '534bfd65-2af9-4cbe-9ee7-31ccdb0acc30', '約伯記', 16, NOW() - INTERVAL '174 days'),
  ('2762b95a-92db-43dd-b080-583a9d6e2a12', '534bfd65-2af9-4cbe-9ee7-31ccdb0acc30', '約伯記', 17, NOW() - INTERVAL '174 days'),
  ('2762b95a-92db-43dd-b080-583a9d6e2a12', '534bfd65-2af9-4cbe-9ee7-31ccdb0acc30', '約伯記', 18, NOW() - INTERVAL '173 days'),
  ('2762b95a-92db-43dd-b080-583a9d6e2a12', '534bfd65-2af9-4cbe-9ee7-31ccdb0acc30', '約伯記', 19, NOW() - INTERVAL '173 days'),
  ('2762b95a-92db-43dd-b080-583a9d6e2a12', '534bfd65-2af9-4cbe-9ee7-31ccdb0acc30', '約伯記', 20, NOW() - INTERVAL '173 days'),
  ('2762b95a-92db-43dd-b080-583a9d6e2a12', '534bfd65-2af9-4cbe-9ee7-31ccdb0acc30', '約伯記', 21, NOW() - INTERVAL '173 days'),
  ('2762b95a-92db-43dd-b080-583a9d6e2a12', '534bfd65-2af9-4cbe-9ee7-31ccdb0acc30', '約伯記', 22, NOW() - INTERVAL '173 days'),
  ('2762b95a-92db-43dd-b080-583a9d6e2a12', '534bfd65-2af9-4cbe-9ee7-31ccdb0acc30', '約伯記', 23, NOW() - INTERVAL '172 days'),
  ('2762b95a-92db-43dd-b080-583a9d6e2a12', '534bfd65-2af9-4cbe-9ee7-31ccdb0acc30', '約伯記', 24, NOW() - INTERVAL '172 days'),
  ('2762b95a-92db-43dd-b080-583a9d6e2a12', '534bfd65-2af9-4cbe-9ee7-31ccdb0acc30', '約伯記', 25, NOW() - INTERVAL '172 days'),
  ('2762b95a-92db-43dd-b080-583a9d6e2a12', '534bfd65-2af9-4cbe-9ee7-31ccdb0acc30', '約伯記', 26, NOW() - INTERVAL '172 days'),
  ('2762b95a-92db-43dd-b080-583a9d6e2a12', '534bfd65-2af9-4cbe-9ee7-31ccdb0acc30', '約伯記', 27, NOW() - INTERVAL '172 days'),
  ('2762b95a-92db-43dd-b080-583a9d6e2a12', '534bfd65-2af9-4cbe-9ee7-31ccdb0acc30', '約伯記', 28, NOW() - INTERVAL '171 days'),
  ('2762b95a-92db-43dd-b080-583a9d6e2a12', '534bfd65-2af9-4cbe-9ee7-31ccdb0acc30', '約伯記', 29, NOW() - INTERVAL '171 days'),
  ('2762b95a-92db-43dd-b080-583a9d6e2a12', '534bfd65-2af9-4cbe-9ee7-31ccdb0acc30', '約伯記', 30, NOW() - INTERVAL '171 days'),
  ('2762b95a-92db-43dd-b080-583a9d6e2a12', '534bfd65-2af9-4cbe-9ee7-31ccdb0acc30', '約伯記', 31, NOW() - INTERVAL '171 days'),
  ('2762b95a-92db-43dd-b080-583a9d6e2a12', '534bfd65-2af9-4cbe-9ee7-31ccdb0acc30', '約伯記', 32, NOW() - INTERVAL '171 days'),
  ('2762b95a-92db-43dd-b080-583a9d6e2a12', '534bfd65-2af9-4cbe-9ee7-31ccdb0acc30', '約伯記', 33, NOW() - INTERVAL '170 days'),
  ('2762b95a-92db-43dd-b080-583a9d6e2a12', '534bfd65-2af9-4cbe-9ee7-31ccdb0acc30', '約伯記', 34, NOW() - INTERVAL '170 days'),
  ('2762b95a-92db-43dd-b080-583a9d6e2a12', '534bfd65-2af9-4cbe-9ee7-31ccdb0acc30', '約伯記', 35, NOW() - INTERVAL '170 days'),
  ('2762b95a-92db-43dd-b080-583a9d6e2a12', '534bfd65-2af9-4cbe-9ee7-31ccdb0acc30', '約伯記', 36, NOW() - INTERVAL '170 days'),
  ('2762b95a-92db-43dd-b080-583a9d6e2a12', '534bfd65-2af9-4cbe-9ee7-31ccdb0acc30', '約伯記', 37, NOW() - INTERVAL '170 days'),
  ('2762b95a-92db-43dd-b080-583a9d6e2a12', '534bfd65-2af9-4cbe-9ee7-31ccdb0acc30', '約伯記', 38, NOW() - INTERVAL '169 days'),
  ('2762b95a-92db-43dd-b080-583a9d6e2a12', '534bfd65-2af9-4cbe-9ee7-31ccdb0acc30', '約伯記', 39, NOW() - INTERVAL '169 days'),
  ('2762b95a-92db-43dd-b080-583a9d6e2a12', '534bfd65-2af9-4cbe-9ee7-31ccdb0acc30', '約伯記', 40, NOW() - INTERVAL '169 days'),
  ('2762b95a-92db-43dd-b080-583a9d6e2a12', '534bfd65-2af9-4cbe-9ee7-31ccdb0acc30', '約伯記', 41, NOW() - INTERVAL '169 days'),
  ('2762b95a-92db-43dd-b080-583a9d6e2a12', '534bfd65-2af9-4cbe-9ee7-31ccdb0acc30', '約伯記', 42, NOW() - INTERVAL '169 days'),
  ('2762b95a-92db-43dd-b080-583a9d6e2a12', '534bfd65-2af9-4cbe-9ee7-31ccdb0acc30', '加拉太書', 1, NOW() - INTERVAL '168 days'),
  ('2762b95a-92db-43dd-b080-583a9d6e2a12', '534bfd65-2af9-4cbe-9ee7-31ccdb0acc30', '加拉太書', 2, NOW() - INTERVAL '168 days'),
  ('2762b95a-92db-43dd-b080-583a9d6e2a12', '534bfd65-2af9-4cbe-9ee7-31ccdb0acc30', '加拉太書', 3, NOW() - INTERVAL '168 days'),
  ('2762b95a-92db-43dd-b080-583a9d6e2a12', '534bfd65-2af9-4cbe-9ee7-31ccdb0acc30', '加拉太書', 4, NOW() - INTERVAL '168 days'),
  ('2762b95a-92db-43dd-b080-583a9d6e2a12', '534bfd65-2af9-4cbe-9ee7-31ccdb0acc30', '加拉太書', 5, NOW() - INTERVAL '168 days'),
  ('2762b95a-92db-43dd-b080-583a9d6e2a12', '534bfd65-2af9-4cbe-9ee7-31ccdb0acc30', '加拉太書', 6, NOW() - INTERVAL '167 days'),
  ('2762b95a-92db-43dd-b080-583a9d6e2a12', '534bfd65-2af9-4cbe-9ee7-31ccdb0acc30', '哈巴谷書', 1, NOW() - INTERVAL '167 days'),
  ('2762b95a-92db-43dd-b080-583a9d6e2a12', '534bfd65-2af9-4cbe-9ee7-31ccdb0acc30', '哈巴谷書', 2, NOW() - INTERVAL '167 days'),
  ('2762b95a-92db-43dd-b080-583a9d6e2a12', '534bfd65-2af9-4cbe-9ee7-31ccdb0acc30', '哈巴谷書', 3, NOW() - INTERVAL '167 days'),
  ('2762b95a-92db-43dd-b080-583a9d6e2a12', '534bfd65-2af9-4cbe-9ee7-31ccdb0acc30', '猶大書', 1, NOW() - INTERVAL '167 days'),
  ('2762b95a-92db-43dd-b080-583a9d6e2a12', '534bfd65-2af9-4cbe-9ee7-31ccdb0acc30', '利未記', 1, NOW() - INTERVAL '166 days'),
  ('2762b95a-92db-43dd-b080-583a9d6e2a12', '534bfd65-2af9-4cbe-9ee7-31ccdb0acc30', '利未記', 2, NOW() - INTERVAL '166 days'),
  ('2762b95a-92db-43dd-b080-583a9d6e2a12', '534bfd65-2af9-4cbe-9ee7-31ccdb0acc30', '利未記', 3, NOW() - INTERVAL '166 days'),
  ('2762b95a-92db-43dd-b080-583a9d6e2a12', '534bfd65-2af9-4cbe-9ee7-31ccdb0acc30', '利未記', 4, NOW() - INTERVAL '166 days'),
  ('2762b95a-92db-43dd-b080-583a9d6e2a12', '534bfd65-2af9-4cbe-9ee7-31ccdb0acc30', '利未記', 5, NOW() - INTERVAL '166 days'),
  ('2762b95a-92db-43dd-b080-583a9d6e2a12', '534bfd65-2af9-4cbe-9ee7-31ccdb0acc30', '利未記', 6, NOW() - INTERVAL '165 days'),
  ('2762b95a-92db-43dd-b080-583a9d6e2a12', '534bfd65-2af9-4cbe-9ee7-31ccdb0acc30', '利未記', 7, NOW() - INTERVAL '165 days'),
  ('2762b95a-92db-43dd-b080-583a9d6e2a12', '534bfd65-2af9-4cbe-9ee7-31ccdb0acc30', '利未記', 8, NOW() - INTERVAL '165 days'),
  ('2762b95a-92db-43dd-b080-583a9d6e2a12', '534bfd65-2af9-4cbe-9ee7-31ccdb0acc30', '利未記', 9, NOW() - INTERVAL '165 days'),
  ('2762b95a-92db-43dd-b080-583a9d6e2a12', '534bfd65-2af9-4cbe-9ee7-31ccdb0acc30', '利未記', 10, NOW() - INTERVAL '165 days'),
  ('2762b95a-92db-43dd-b080-583a9d6e2a12', '534bfd65-2af9-4cbe-9ee7-31ccdb0acc30', '利未記', 11, NOW() - INTERVAL '164 days'),
  ('2762b95a-92db-43dd-b080-583a9d6e2a12', '534bfd65-2af9-4cbe-9ee7-31ccdb0acc30', '利未記', 12, NOW() - INTERVAL '164 days'),
  ('2762b95a-92db-43dd-b080-583a9d6e2a12', '534bfd65-2af9-4cbe-9ee7-31ccdb0acc30', '利未記', 13, NOW() - INTERVAL '164 days'),
  ('2762b95a-92db-43dd-b080-583a9d6e2a12', '534bfd65-2af9-4cbe-9ee7-31ccdb0acc30', '利未記', 14, NOW() - INTERVAL '164 days'),
  ('2762b95a-92db-43dd-b080-583a9d6e2a12', '534bfd65-2af9-4cbe-9ee7-31ccdb0acc30', '利未記', 15, NOW() - INTERVAL '164 days'),
  ('2762b95a-92db-43dd-b080-583a9d6e2a12', '534bfd65-2af9-4cbe-9ee7-31ccdb0acc30', '利未記', 16, NOW() - INTERVAL '163 days'),
  ('2762b95a-92db-43dd-b080-583a9d6e2a12', '534bfd65-2af9-4cbe-9ee7-31ccdb0acc30', '利未記', 17, NOW() - INTERVAL '163 days'),
  ('2762b95a-92db-43dd-b080-583a9d6e2a12', '534bfd65-2af9-4cbe-9ee7-31ccdb0acc30', '利未記', 18, NOW() - INTERVAL '163 days'),
  ('2762b95a-92db-43dd-b080-583a9d6e2a12', '534bfd65-2af9-4cbe-9ee7-31ccdb0acc30', '利未記', 19, NOW() - INTERVAL '163 days'),
  ('2762b95a-92db-43dd-b080-583a9d6e2a12', '534bfd65-2af9-4cbe-9ee7-31ccdb0acc30', '利未記', 20, NOW() - INTERVAL '163 days'),
  ('2762b95a-92db-43dd-b080-583a9d6e2a12', '534bfd65-2af9-4cbe-9ee7-31ccdb0acc30', '利未記', 21, NOW() - INTERVAL '162 days'),
  ('2762b95a-92db-43dd-b080-583a9d6e2a12', '534bfd65-2af9-4cbe-9ee7-31ccdb0acc30', '利未記', 22, NOW() - INTERVAL '162 days'),
  ('2762b95a-92db-43dd-b080-583a9d6e2a12', '534bfd65-2af9-4cbe-9ee7-31ccdb0acc30', '利未記', 23, NOW() - INTERVAL '162 days'),
  ('2762b95a-92db-43dd-b080-583a9d6e2a12', '534bfd65-2af9-4cbe-9ee7-31ccdb0acc30', '利未記', 24, NOW() - INTERVAL '162 days'),
  ('2762b95a-92db-43dd-b080-583a9d6e2a12', '534bfd65-2af9-4cbe-9ee7-31ccdb0acc30', '利未記', 25, NOW() - INTERVAL '162 days'),
  ('2762b95a-92db-43dd-b080-583a9d6e2a12', '534bfd65-2af9-4cbe-9ee7-31ccdb0acc30', '利未記', 26, NOW() - INTERVAL '161 days'),
  ('2762b95a-92db-43dd-b080-583a9d6e2a12', '534bfd65-2af9-4cbe-9ee7-31ccdb0acc30', '利未記', 27, NOW() - INTERVAL '161 days'),
  ('2762b95a-92db-43dd-b080-583a9d6e2a12', '534bfd65-2af9-4cbe-9ee7-31ccdb0acc30', '路加福音', 1, NOW() - INTERVAL '161 days'),
  ('2762b95a-92db-43dd-b080-583a9d6e2a12', '534bfd65-2af9-4cbe-9ee7-31ccdb0acc30', '路加福音', 2, NOW() - INTERVAL '161 days'),
  ('2762b95a-92db-43dd-b080-583a9d6e2a12', '534bfd65-2af9-4cbe-9ee7-31ccdb0acc30', '路加福音', 3, NOW() - INTERVAL '161 days'),
  ('2762b95a-92db-43dd-b080-583a9d6e2a12', '534bfd65-2af9-4cbe-9ee7-31ccdb0acc30', '路加福音', 4, NOW() - INTERVAL '160 days'),
  ('2762b95a-92db-43dd-b080-583a9d6e2a12', '534bfd65-2af9-4cbe-9ee7-31ccdb0acc30', '路加福音', 5, NOW() - INTERVAL '160 days'),
  ('2762b95a-92db-43dd-b080-583a9d6e2a12', '534bfd65-2af9-4cbe-9ee7-31ccdb0acc30', '路加福音', 6, NOW() - INTERVAL '160 days'),
  ('2762b95a-92db-43dd-b080-583a9d6e2a12', '534bfd65-2af9-4cbe-9ee7-31ccdb0acc30', '路加福音', 7, NOW() - INTERVAL '160 days'),
  ('2762b95a-92db-43dd-b080-583a9d6e2a12', '534bfd65-2af9-4cbe-9ee7-31ccdb0acc30', '路加福音', 8, NOW() - INTERVAL '160 days'),
  ('2762b95a-92db-43dd-b080-583a9d6e2a12', '534bfd65-2af9-4cbe-9ee7-31ccdb0acc30', '路加福音', 9, NOW() - INTERVAL '159 days'),
  ('2762b95a-92db-43dd-b080-583a9d6e2a12', '534bfd65-2af9-4cbe-9ee7-31ccdb0acc30', '路加福音', 10, NOW() - INTERVAL '159 days'),
  ('2762b95a-92db-43dd-b080-583a9d6e2a12', '534bfd65-2af9-4cbe-9ee7-31ccdb0acc30', '路加福音', 11, NOW() - INTERVAL '159 days'),
  ('2762b95a-92db-43dd-b080-583a9d6e2a12', '534bfd65-2af9-4cbe-9ee7-31ccdb0acc30', '路加福音', 12, NOW() - INTERVAL '159 days'),
  ('2762b95a-92db-43dd-b080-583a9d6e2a12', '534bfd65-2af9-4cbe-9ee7-31ccdb0acc30', '路加福音', 13, NOW() - INTERVAL '159 days'),
  ('2762b95a-92db-43dd-b080-583a9d6e2a12', '534bfd65-2af9-4cbe-9ee7-31ccdb0acc30', '路加福音', 14, NOW() - INTERVAL '158 days'),
  ('2762b95a-92db-43dd-b080-583a9d6e2a12', '534bfd65-2af9-4cbe-9ee7-31ccdb0acc30', '路加福音', 15, NOW() - INTERVAL '158 days'),
  ('2762b95a-92db-43dd-b080-583a9d6e2a12', '534bfd65-2af9-4cbe-9ee7-31ccdb0acc30', '路加福音', 16, NOW() - INTERVAL '158 days'),
  ('2762b95a-92db-43dd-b080-583a9d6e2a12', '534bfd65-2af9-4cbe-9ee7-31ccdb0acc30', '路加福音', 17, NOW() - INTERVAL '158 days'),
  ('2762b95a-92db-43dd-b080-583a9d6e2a12', '534bfd65-2af9-4cbe-9ee7-31ccdb0acc30', '路加福音', 18, NOW() - INTERVAL '158 days'),
  ('2762b95a-92db-43dd-b080-583a9d6e2a12', '534bfd65-2af9-4cbe-9ee7-31ccdb0acc30', '路加福音', 19, NOW() - INTERVAL '157 days'),
  ('2762b95a-92db-43dd-b080-583a9d6e2a12', '534bfd65-2af9-4cbe-9ee7-31ccdb0acc30', '路加福音', 20, NOW() - INTERVAL '157 days'),
  ('2762b95a-92db-43dd-b080-583a9d6e2a12', '534bfd65-2af9-4cbe-9ee7-31ccdb0acc30', '路加福音', 21, NOW() - INTERVAL '157 days'),
  ('2762b95a-92db-43dd-b080-583a9d6e2a12', '534bfd65-2af9-4cbe-9ee7-31ccdb0acc30', '路加福音', 22, NOW() - INTERVAL '157 days'),
  ('2762b95a-92db-43dd-b080-583a9d6e2a12', '534bfd65-2af9-4cbe-9ee7-31ccdb0acc30', '路加福音', 23, NOW() - INTERVAL '157 days'),
  ('2762b95a-92db-43dd-b080-583a9d6e2a12', '534bfd65-2af9-4cbe-9ee7-31ccdb0acc30', '路加福音', 24, NOW() - INTERVAL '156 days'),
  ('2762b95a-92db-43dd-b080-583a9d6e2a12', '534bfd65-2af9-4cbe-9ee7-31ccdb0acc30', '歷代志下', 1, NOW() - INTERVAL '156 days'),
  ('2762b95a-92db-43dd-b080-583a9d6e2a12', '534bfd65-2af9-4cbe-9ee7-31ccdb0acc30', '歷代志下', 2, NOW() - INTERVAL '156 days'),
  ('2762b95a-92db-43dd-b080-583a9d6e2a12', '534bfd65-2af9-4cbe-9ee7-31ccdb0acc30', '歷代志下', 3, NOW() - INTERVAL '156 days'),
  ('2762b95a-92db-43dd-b080-583a9d6e2a12', '534bfd65-2af9-4cbe-9ee7-31ccdb0acc30', '歷代志下', 4, NOW() - INTERVAL '156 days'),
  ('2762b95a-92db-43dd-b080-583a9d6e2a12', '534bfd65-2af9-4cbe-9ee7-31ccdb0acc30', '歷代志下', 5, NOW() - INTERVAL '155 days'),
  ('2762b95a-92db-43dd-b080-583a9d6e2a12', '534bfd65-2af9-4cbe-9ee7-31ccdb0acc30', '歷代志下', 6, NOW() - INTERVAL '155 days'),
  ('2762b95a-92db-43dd-b080-583a9d6e2a12', '534bfd65-2af9-4cbe-9ee7-31ccdb0acc30', '歷代志下', 7, NOW() - INTERVAL '155 days'),
  ('2762b95a-92db-43dd-b080-583a9d6e2a12', '534bfd65-2af9-4cbe-9ee7-31ccdb0acc30', '歷代志下', 8, NOW() - INTERVAL '155 days'),
  ('2762b95a-92db-43dd-b080-583a9d6e2a12', '534bfd65-2af9-4cbe-9ee7-31ccdb0acc30', '歷代志下', 9, NOW() - INTERVAL '155 days'),
  ('2762b95a-92db-43dd-b080-583a9d6e2a12', '534bfd65-2af9-4cbe-9ee7-31ccdb0acc30', '歷代志下', 10, NOW() - INTERVAL '154 days'),
  ('2762b95a-92db-43dd-b080-583a9d6e2a12', '534bfd65-2af9-4cbe-9ee7-31ccdb0acc30', '歷代志下', 11, NOW() - INTERVAL '154 days'),
  ('2762b95a-92db-43dd-b080-583a9d6e2a12', '534bfd65-2af9-4cbe-9ee7-31ccdb0acc30', '歷代志下', 12, NOW() - INTERVAL '154 days'),
  ('2762b95a-92db-43dd-b080-583a9d6e2a12', '534bfd65-2af9-4cbe-9ee7-31ccdb0acc30', '歷代志下', 13, NOW() - INTERVAL '154 days'),
  ('2762b95a-92db-43dd-b080-583a9d6e2a12', '534bfd65-2af9-4cbe-9ee7-31ccdb0acc30', '歷代志下', 14, NOW() - INTERVAL '154 days'),
  ('2762b95a-92db-43dd-b080-583a9d6e2a12', '534bfd65-2af9-4cbe-9ee7-31ccdb0acc30', '歷代志下', 15, NOW() - INTERVAL '153 days'),
  ('2762b95a-92db-43dd-b080-583a9d6e2a12', '534bfd65-2af9-4cbe-9ee7-31ccdb0acc30', '歷代志下', 16, NOW() - INTERVAL '153 days'),
  ('2762b95a-92db-43dd-b080-583a9d6e2a12', '534bfd65-2af9-4cbe-9ee7-31ccdb0acc30', '歷代志下', 17, NOW() - INTERVAL '153 days'),
  ('2762b95a-92db-43dd-b080-583a9d6e2a12', '534bfd65-2af9-4cbe-9ee7-31ccdb0acc30', '歷代志下', 18, NOW() - INTERVAL '153 days'),
  ('2762b95a-92db-43dd-b080-583a9d6e2a12', '534bfd65-2af9-4cbe-9ee7-31ccdb0acc30', '歷代志下', 19, NOW() - INTERVAL '153 days'),
  ('2762b95a-92db-43dd-b080-583a9d6e2a12', '534bfd65-2af9-4cbe-9ee7-31ccdb0acc30', '歷代志下', 20, NOW() - INTERVAL '152 days'),
  ('2762b95a-92db-43dd-b080-583a9d6e2a12', '534bfd65-2af9-4cbe-9ee7-31ccdb0acc30', '歷代志下', 21, NOW() - INTERVAL '152 days'),
  ('2762b95a-92db-43dd-b080-583a9d6e2a12', '534bfd65-2af9-4cbe-9ee7-31ccdb0acc30', '歷代志下', 22, NOW() - INTERVAL '152 days'),
  ('2762b95a-92db-43dd-b080-583a9d6e2a12', '534bfd65-2af9-4cbe-9ee7-31ccdb0acc30', '歷代志下', 23, NOW() - INTERVAL '152 days'),
  ('2762b95a-92db-43dd-b080-583a9d6e2a12', '534bfd65-2af9-4cbe-9ee7-31ccdb0acc30', '歷代志下', 24, NOW() - INTERVAL '152 days'),
  ('2762b95a-92db-43dd-b080-583a9d6e2a12', '534bfd65-2af9-4cbe-9ee7-31ccdb0acc30', '歷代志下', 25, NOW() - INTERVAL '151 days'),
  ('2762b95a-92db-43dd-b080-583a9d6e2a12', '534bfd65-2af9-4cbe-9ee7-31ccdb0acc30', '歷代志下', 26, NOW() - INTERVAL '151 days'),
  ('2762b95a-92db-43dd-b080-583a9d6e2a12', '534bfd65-2af9-4cbe-9ee7-31ccdb0acc30', '歷代志下', 27, NOW() - INTERVAL '151 days'),
  ('2762b95a-92db-43dd-b080-583a9d6e2a12', '534bfd65-2af9-4cbe-9ee7-31ccdb0acc30', '歷代志下', 28, NOW() - INTERVAL '151 days'),
  ('2762b95a-92db-43dd-b080-583a9d6e2a12', '534bfd65-2af9-4cbe-9ee7-31ccdb0acc30', '歷代志下', 29, NOW() - INTERVAL '151 days'),
  ('2762b95a-92db-43dd-b080-583a9d6e2a12', '534bfd65-2af9-4cbe-9ee7-31ccdb0acc30', '歷代志下', 30, NOW() - INTERVAL '150 days'),
  ('2762b95a-92db-43dd-b080-583a9d6e2a12', '534bfd65-2af9-4cbe-9ee7-31ccdb0acc30', '歷代志下', 31, NOW() - INTERVAL '150 days'),
  ('2762b95a-92db-43dd-b080-583a9d6e2a12', '534bfd65-2af9-4cbe-9ee7-31ccdb0acc30', '歷代志下', 32, NOW() - INTERVAL '150 days'),
  ('2762b95a-92db-43dd-b080-583a9d6e2a12', '534bfd65-2af9-4cbe-9ee7-31ccdb0acc30', '歷代志下', 33, NOW() - INTERVAL '150 days'),
  ('2762b95a-92db-43dd-b080-583a9d6e2a12', '534bfd65-2af9-4cbe-9ee7-31ccdb0acc30', '歷代志下', 34, NOW() - INTERVAL '150 days'),
  ('2762b95a-92db-43dd-b080-583a9d6e2a12', '534bfd65-2af9-4cbe-9ee7-31ccdb0acc30', '歷代志下', 35, NOW() - INTERVAL '149 days'),
  ('2762b95a-92db-43dd-b080-583a9d6e2a12', '534bfd65-2af9-4cbe-9ee7-31ccdb0acc30', '歷代志下', 36, NOW() - INTERVAL '149 days'),
  ('2762b95a-92db-43dd-b080-583a9d6e2a12', '534bfd65-2af9-4cbe-9ee7-31ccdb0acc30', '帖撒羅尼迦前書', 1, NOW() - INTERVAL '149 days'),
  ('2762b95a-92db-43dd-b080-583a9d6e2a12', '534bfd65-2af9-4cbe-9ee7-31ccdb0acc30', '帖撒羅尼迦前書', 2, NOW() - INTERVAL '149 days'),
  ('2762b95a-92db-43dd-b080-583a9d6e2a12', '534bfd65-2af9-4cbe-9ee7-31ccdb0acc30', '帖撒羅尼迦前書', 3, NOW() - INTERVAL '149 days'),
  ('2762b95a-92db-43dd-b080-583a9d6e2a12', '534bfd65-2af9-4cbe-9ee7-31ccdb0acc30', '帖撒羅尼迦前書', 4, NOW() - INTERVAL '148 days'),
  ('2762b95a-92db-43dd-b080-583a9d6e2a12', '534bfd65-2af9-4cbe-9ee7-31ccdb0acc30', '帖撒羅尼迦前書', 5, NOW() - INTERVAL '148 days'),
  ('2762b95a-92db-43dd-b080-583a9d6e2a12', '534bfd65-2af9-4cbe-9ee7-31ccdb0acc30', '約拿書', 1, NOW() - INTERVAL '148 days'),
  ('2762b95a-92db-43dd-b080-583a9d6e2a12', '534bfd65-2af9-4cbe-9ee7-31ccdb0acc30', '約拿書', 2, NOW() - INTERVAL '148 days'),
  ('2762b95a-92db-43dd-b080-583a9d6e2a12', '534bfd65-2af9-4cbe-9ee7-31ccdb0acc30', '約拿書', 3, NOW() - INTERVAL '148 days'),
  ('2762b95a-92db-43dd-b080-583a9d6e2a12', '534bfd65-2af9-4cbe-9ee7-31ccdb0acc30', '約拿書', 4, NOW() - INTERVAL '147 days'),
  ('2762b95a-92db-43dd-b080-583a9d6e2a12', '534bfd65-2af9-4cbe-9ee7-31ccdb0acc30', '約翰二書', 1, NOW() - INTERVAL '147 days'),
  ('2762b95a-92db-43dd-b080-583a9d6e2a12', '534bfd65-2af9-4cbe-9ee7-31ccdb0acc30', '彌迦書', 1, NOW() - INTERVAL '147 days'),
  ('2762b95a-92db-43dd-b080-583a9d6e2a12', '534bfd65-2af9-4cbe-9ee7-31ccdb0acc30', '彌迦書', 2, NOW() - INTERVAL '147 days'),
  ('2762b95a-92db-43dd-b080-583a9d6e2a12', '534bfd65-2af9-4cbe-9ee7-31ccdb0acc30', '彌迦書', 3, NOW() - INTERVAL '147 days'),
  ('2762b95a-92db-43dd-b080-583a9d6e2a12', '534bfd65-2af9-4cbe-9ee7-31ccdb0acc30', '彌迦書', 4, NOW() - INTERVAL '146 days'),
  ('2762b95a-92db-43dd-b080-583a9d6e2a12', '534bfd65-2af9-4cbe-9ee7-31ccdb0acc30', '彌迦書', 5, NOW() - INTERVAL '146 days'),
  ('2762b95a-92db-43dd-b080-583a9d6e2a12', '534bfd65-2af9-4cbe-9ee7-31ccdb0acc30', '彌迦書', 6, NOW() - INTERVAL '146 days'),
  ('2762b95a-92db-43dd-b080-583a9d6e2a12', '534bfd65-2af9-4cbe-9ee7-31ccdb0acc30', '彌迦書', 7, NOW() - INTERVAL '146 days'),
  ('2762b95a-92db-43dd-b080-583a9d6e2a12', '534bfd65-2af9-4cbe-9ee7-31ccdb0acc30', '約翰三書', 1, NOW() - INTERVAL '146 days'),
  ('2762b95a-92db-43dd-b080-583a9d6e2a12', '534bfd65-2af9-4cbe-9ee7-31ccdb0acc30', '民數記', 1, NOW() - INTERVAL '145 days'),
  ('2762b95a-92db-43dd-b080-583a9d6e2a12', '534bfd65-2af9-4cbe-9ee7-31ccdb0acc30', '民數記', 2, NOW() - INTERVAL '145 days'),
  ('2762b95a-92db-43dd-b080-583a9d6e2a12', '534bfd65-2af9-4cbe-9ee7-31ccdb0acc30', '民數記', 3, NOW() - INTERVAL '145 days'),
  ('2762b95a-92db-43dd-b080-583a9d6e2a12', '534bfd65-2af9-4cbe-9ee7-31ccdb0acc30', '民數記', 4, NOW() - INTERVAL '145 days'),
  ('2762b95a-92db-43dd-b080-583a9d6e2a12', '534bfd65-2af9-4cbe-9ee7-31ccdb0acc30', '民數記', 5, NOW() - INTERVAL '145 days'),
  ('2762b95a-92db-43dd-b080-583a9d6e2a12', '534bfd65-2af9-4cbe-9ee7-31ccdb0acc30', '民數記', 6, NOW() - INTERVAL '144 days'),
  ('2762b95a-92db-43dd-b080-583a9d6e2a12', '534bfd65-2af9-4cbe-9ee7-31ccdb0acc30', '民數記', 7, NOW() - INTERVAL '144 days'),
  ('2762b95a-92db-43dd-b080-583a9d6e2a12', '534bfd65-2af9-4cbe-9ee7-31ccdb0acc30', '民數記', 8, NOW() - INTERVAL '144 days'),
  ('2762b95a-92db-43dd-b080-583a9d6e2a12', '534bfd65-2af9-4cbe-9ee7-31ccdb0acc30', '民數記', 9, NOW() - INTERVAL '144 days'),
  ('2762b95a-92db-43dd-b080-583a9d6e2a12', '534bfd65-2af9-4cbe-9ee7-31ccdb0acc30', '民數記', 10, NOW() - INTERVAL '144 days'),
  ('2762b95a-92db-43dd-b080-583a9d6e2a12', '534bfd65-2af9-4cbe-9ee7-31ccdb0acc30', '民數記', 11, NOW() - INTERVAL '143 days'),
  ('2762b95a-92db-43dd-b080-583a9d6e2a12', '534bfd65-2af9-4cbe-9ee7-31ccdb0acc30', '民數記', 12, NOW() - INTERVAL '143 days'),
  ('2762b95a-92db-43dd-b080-583a9d6e2a12', '534bfd65-2af9-4cbe-9ee7-31ccdb0acc30', '民數記', 13, NOW() - INTERVAL '143 days'),
  ('2762b95a-92db-43dd-b080-583a9d6e2a12', '534bfd65-2af9-4cbe-9ee7-31ccdb0acc30', '民數記', 14, NOW() - INTERVAL '143 days'),
  ('2762b95a-92db-43dd-b080-583a9d6e2a12', '534bfd65-2af9-4cbe-9ee7-31ccdb0acc30', '民數記', 15, NOW() - INTERVAL '143 days'),
  ('2762b95a-92db-43dd-b080-583a9d6e2a12', '534bfd65-2af9-4cbe-9ee7-31ccdb0acc30', '民數記', 16, NOW() - INTERVAL '142 days'),
  ('2762b95a-92db-43dd-b080-583a9d6e2a12', '534bfd65-2af9-4cbe-9ee7-31ccdb0acc30', '民數記', 17, NOW() - INTERVAL '142 days'),
  ('2762b95a-92db-43dd-b080-583a9d6e2a12', '534bfd65-2af9-4cbe-9ee7-31ccdb0acc30', '民數記', 18, NOW() - INTERVAL '142 days'),
  ('2762b95a-92db-43dd-b080-583a9d6e2a12', '534bfd65-2af9-4cbe-9ee7-31ccdb0acc30', '民數記', 19, NOW() - INTERVAL '142 days'),
  ('2762b95a-92db-43dd-b080-583a9d6e2a12', '534bfd65-2af9-4cbe-9ee7-31ccdb0acc30', '民數記', 20, NOW() - INTERVAL '142 days'),
  ('2762b95a-92db-43dd-b080-583a9d6e2a12', '534bfd65-2af9-4cbe-9ee7-31ccdb0acc30', '民數記', 21, NOW() - INTERVAL '141 days'),
  ('2762b95a-92db-43dd-b080-583a9d6e2a12', '534bfd65-2af9-4cbe-9ee7-31ccdb0acc30', '民數記', 22, NOW() - INTERVAL '141 days'),
  ('2762b95a-92db-43dd-b080-583a9d6e2a12', '534bfd65-2af9-4cbe-9ee7-31ccdb0acc30', '民數記', 23, NOW() - INTERVAL '141 days'),
  ('2762b95a-92db-43dd-b080-583a9d6e2a12', '534bfd65-2af9-4cbe-9ee7-31ccdb0acc30', '民數記', 24, NOW() - INTERVAL '141 days'),
  ('2762b95a-92db-43dd-b080-583a9d6e2a12', '534bfd65-2af9-4cbe-9ee7-31ccdb0acc30', '民數記', 25, NOW() - INTERVAL '141 days'),
  ('2762b95a-92db-43dd-b080-583a9d6e2a12', '534bfd65-2af9-4cbe-9ee7-31ccdb0acc30', '民數記', 26, NOW() - INTERVAL '140 days'),
  ('2762b95a-92db-43dd-b080-583a9d6e2a12', '534bfd65-2af9-4cbe-9ee7-31ccdb0acc30', '民數記', 27, NOW() - INTERVAL '140 days'),
  ('2762b95a-92db-43dd-b080-583a9d6e2a12', '534bfd65-2af9-4cbe-9ee7-31ccdb0acc30', '民數記', 28, NOW() - INTERVAL '140 days'),
  ('2762b95a-92db-43dd-b080-583a9d6e2a12', '534bfd65-2af9-4cbe-9ee7-31ccdb0acc30', '民數記', 29, NOW() - INTERVAL '140 days'),
  ('2762b95a-92db-43dd-b080-583a9d6e2a12', '534bfd65-2af9-4cbe-9ee7-31ccdb0acc30', '民數記', 30, NOW() - INTERVAL '140 days'),
  ('2762b95a-92db-43dd-b080-583a9d6e2a12', '534bfd65-2af9-4cbe-9ee7-31ccdb0acc30', '民數記', 31, NOW() - INTERVAL '139 days'),
  ('2762b95a-92db-43dd-b080-583a9d6e2a12', '534bfd65-2af9-4cbe-9ee7-31ccdb0acc30', '民數記', 32, NOW() - INTERVAL '139 days'),
  ('2762b95a-92db-43dd-b080-583a9d6e2a12', '534bfd65-2af9-4cbe-9ee7-31ccdb0acc30', '民數記', 33, NOW() - INTERVAL '139 days'),
  ('2762b95a-92db-43dd-b080-583a9d6e2a12', '534bfd65-2af9-4cbe-9ee7-31ccdb0acc30', '民數記', 34, NOW() - INTERVAL '139 days'),
  ('2762b95a-92db-43dd-b080-583a9d6e2a12', '534bfd65-2af9-4cbe-9ee7-31ccdb0acc30', '民數記', 35, NOW() - INTERVAL '139 days'),
  ('2762b95a-92db-43dd-b080-583a9d6e2a12', '534bfd65-2af9-4cbe-9ee7-31ccdb0acc30', '民數記', 36, NOW() - INTERVAL '138 days'),
  ('2762b95a-92db-43dd-b080-583a9d6e2a12', '534bfd65-2af9-4cbe-9ee7-31ccdb0acc30', '約翰福音', 1, NOW() - INTERVAL '138 days'),
  ('2762b95a-92db-43dd-b080-583a9d6e2a12', '534bfd65-2af9-4cbe-9ee7-31ccdb0acc30', '約翰福音', 2, NOW() - INTERVAL '138 days'),
  ('2762b95a-92db-43dd-b080-583a9d6e2a12', '534bfd65-2af9-4cbe-9ee7-31ccdb0acc30', '約翰福音', 3, NOW() - INTERVAL '138 days'),
  ('2762b95a-92db-43dd-b080-583a9d6e2a12', '534bfd65-2af9-4cbe-9ee7-31ccdb0acc30', '約翰福音', 4, NOW() - INTERVAL '138 days'),
  ('2762b95a-92db-43dd-b080-583a9d6e2a12', '534bfd65-2af9-4cbe-9ee7-31ccdb0acc30', '約翰福音', 5, NOW() - INTERVAL '137 days'),
  ('2762b95a-92db-43dd-b080-583a9d6e2a12', '534bfd65-2af9-4cbe-9ee7-31ccdb0acc30', '約翰福音', 6, NOW() - INTERVAL '137 days'),
  ('2762b95a-92db-43dd-b080-583a9d6e2a12', '534bfd65-2af9-4cbe-9ee7-31ccdb0acc30', '約翰福音', 7, NOW() - INTERVAL '137 days'),
  ('2762b95a-92db-43dd-b080-583a9d6e2a12', '534bfd65-2af9-4cbe-9ee7-31ccdb0acc30', '約翰福音', 8, NOW() - INTERVAL '137 days'),
  ('2762b95a-92db-43dd-b080-583a9d6e2a12', '534bfd65-2af9-4cbe-9ee7-31ccdb0acc30', '約翰福音', 9, NOW() - INTERVAL '137 days'),
  ('2762b95a-92db-43dd-b080-583a9d6e2a12', '534bfd65-2af9-4cbe-9ee7-31ccdb0acc30', '約翰福音', 10, NOW() - INTERVAL '136 days'),
  ('2762b95a-92db-43dd-b080-583a9d6e2a12', '534bfd65-2af9-4cbe-9ee7-31ccdb0acc30', '約翰福音', 11, NOW() - INTERVAL '136 days'),
  ('2762b95a-92db-43dd-b080-583a9d6e2a12', '534bfd65-2af9-4cbe-9ee7-31ccdb0acc30', '約翰福音', 12, NOW() - INTERVAL '136 days'),
  ('2762b95a-92db-43dd-b080-583a9d6e2a12', '534bfd65-2af9-4cbe-9ee7-31ccdb0acc30', '約翰福音', 13, NOW() - INTERVAL '136 days'),
  ('2762b95a-92db-43dd-b080-583a9d6e2a12', '534bfd65-2af9-4cbe-9ee7-31ccdb0acc30', '約翰福音', 14, NOW() - INTERVAL '136 days'),
  ('2762b95a-92db-43dd-b080-583a9d6e2a12', '534bfd65-2af9-4cbe-9ee7-31ccdb0acc30', '約翰福音', 15, NOW() - INTERVAL '135 days'),
  ('2762b95a-92db-43dd-b080-583a9d6e2a12', '534bfd65-2af9-4cbe-9ee7-31ccdb0acc30', '約翰福音', 16, NOW() - INTERVAL '135 days'),
  ('2762b95a-92db-43dd-b080-583a9d6e2a12', '534bfd65-2af9-4cbe-9ee7-31ccdb0acc30', '約翰福音', 17, NOW() - INTERVAL '135 days'),
  ('2762b95a-92db-43dd-b080-583a9d6e2a12', '534bfd65-2af9-4cbe-9ee7-31ccdb0acc30', '約翰福音', 18, NOW() - INTERVAL '135 days'),
  ('2762b95a-92db-43dd-b080-583a9d6e2a12', '534bfd65-2af9-4cbe-9ee7-31ccdb0acc30', '約翰福音', 19, NOW() - INTERVAL '135 days'),
  ('2762b95a-92db-43dd-b080-583a9d6e2a12', '534bfd65-2af9-4cbe-9ee7-31ccdb0acc30', '約翰福音', 20, NOW() - INTERVAL '134 days'),
  ('2762b95a-92db-43dd-b080-583a9d6e2a12', '534bfd65-2af9-4cbe-9ee7-31ccdb0acc30', '約翰福音', 21, NOW() - INTERVAL '134 days'),
  ('2762b95a-92db-43dd-b080-583a9d6e2a12', '534bfd65-2af9-4cbe-9ee7-31ccdb0acc30', '以西結書', 1, NOW() - INTERVAL '134 days'),
  ('2762b95a-92db-43dd-b080-583a9d6e2a12', '534bfd65-2af9-4cbe-9ee7-31ccdb0acc30', '以西結書', 2, NOW() - INTERVAL '134 days'),
  ('2762b95a-92db-43dd-b080-583a9d6e2a12', '534bfd65-2af9-4cbe-9ee7-31ccdb0acc30', '以西結書', 3, NOW() - INTERVAL '134 days'),
  ('2762b95a-92db-43dd-b080-583a9d6e2a12', '534bfd65-2af9-4cbe-9ee7-31ccdb0acc30', '以西結書', 4, NOW() - INTERVAL '133 days'),
  ('2762b95a-92db-43dd-b080-583a9d6e2a12', '534bfd65-2af9-4cbe-9ee7-31ccdb0acc30', '以西結書', 5, NOW() - INTERVAL '133 days'),
  ('2762b95a-92db-43dd-b080-583a9d6e2a12', '534bfd65-2af9-4cbe-9ee7-31ccdb0acc30', '以西結書', 6, NOW() - INTERVAL '133 days'),
  ('2762b95a-92db-43dd-b080-583a9d6e2a12', '534bfd65-2af9-4cbe-9ee7-31ccdb0acc30', '以西結書', 7, NOW() - INTERVAL '133 days'),
  ('2762b95a-92db-43dd-b080-583a9d6e2a12', '534bfd65-2af9-4cbe-9ee7-31ccdb0acc30', '以西結書', 8, NOW() - INTERVAL '133 days'),
  ('2762b95a-92db-43dd-b080-583a9d6e2a12', '534bfd65-2af9-4cbe-9ee7-31ccdb0acc30', '以西結書', 9, NOW() - INTERVAL '132 days'),
  ('2762b95a-92db-43dd-b080-583a9d6e2a12', '534bfd65-2af9-4cbe-9ee7-31ccdb0acc30', '以西結書', 10, NOW() - INTERVAL '132 days'),
  ('2762b95a-92db-43dd-b080-583a9d6e2a12', '534bfd65-2af9-4cbe-9ee7-31ccdb0acc30', '以西結書', 11, NOW() - INTERVAL '132 days'),
  ('2762b95a-92db-43dd-b080-583a9d6e2a12', '534bfd65-2af9-4cbe-9ee7-31ccdb0acc30', '以西結書', 12, NOW() - INTERVAL '132 days'),
  ('2762b95a-92db-43dd-b080-583a9d6e2a12', '534bfd65-2af9-4cbe-9ee7-31ccdb0acc30', '以西結書', 13, NOW() - INTERVAL '132 days'),
  ('2762b95a-92db-43dd-b080-583a9d6e2a12', '534bfd65-2af9-4cbe-9ee7-31ccdb0acc30', '以西結書', 14, NOW() - INTERVAL '131 days'),
  ('2762b95a-92db-43dd-b080-583a9d6e2a12', '534bfd65-2af9-4cbe-9ee7-31ccdb0acc30', '以西結書', 15, NOW() - INTERVAL '131 days'),
  ('2762b95a-92db-43dd-b080-583a9d6e2a12', '534bfd65-2af9-4cbe-9ee7-31ccdb0acc30', '以西結書', 16, NOW() - INTERVAL '131 days'),
  ('2762b95a-92db-43dd-b080-583a9d6e2a12', '534bfd65-2af9-4cbe-9ee7-31ccdb0acc30', '以西結書', 17, NOW() - INTERVAL '131 days'),
  ('2762b95a-92db-43dd-b080-583a9d6e2a12', '534bfd65-2af9-4cbe-9ee7-31ccdb0acc30', '以西結書', 18, NOW() - INTERVAL '131 days'),
  ('2762b95a-92db-43dd-b080-583a9d6e2a12', '534bfd65-2af9-4cbe-9ee7-31ccdb0acc30', '以西結書', 19, NOW() - INTERVAL '130 days'),
  ('2762b95a-92db-43dd-b080-583a9d6e2a12', '534bfd65-2af9-4cbe-9ee7-31ccdb0acc30', '以西結書', 20, NOW() - INTERVAL '130 days'),
  ('2762b95a-92db-43dd-b080-583a9d6e2a12', '534bfd65-2af9-4cbe-9ee7-31ccdb0acc30', '以西結書', 21, NOW() - INTERVAL '130 days'),
  ('2762b95a-92db-43dd-b080-583a9d6e2a12', '534bfd65-2af9-4cbe-9ee7-31ccdb0acc30', '以西結書', 22, NOW() - INTERVAL '130 days'),
  ('2762b95a-92db-43dd-b080-583a9d6e2a12', '534bfd65-2af9-4cbe-9ee7-31ccdb0acc30', '以西結書', 23, NOW() - INTERVAL '130 days'),
  ('2762b95a-92db-43dd-b080-583a9d6e2a12', '534bfd65-2af9-4cbe-9ee7-31ccdb0acc30', '以西結書', 24, NOW() - INTERVAL '129 days'),
  ('2762b95a-92db-43dd-b080-583a9d6e2a12', '534bfd65-2af9-4cbe-9ee7-31ccdb0acc30', '以西結書', 25, NOW() - INTERVAL '129 days'),
  ('2762b95a-92db-43dd-b080-583a9d6e2a12', '534bfd65-2af9-4cbe-9ee7-31ccdb0acc30', '以西結書', 26, NOW() - INTERVAL '129 days'),
  ('2762b95a-92db-43dd-b080-583a9d6e2a12', '534bfd65-2af9-4cbe-9ee7-31ccdb0acc30', '以西結書', 27, NOW() - INTERVAL '129 days'),
  ('2762b95a-92db-43dd-b080-583a9d6e2a12', '534bfd65-2af9-4cbe-9ee7-31ccdb0acc30', '以西結書', 28, NOW() - INTERVAL '129 days'),
  ('2762b95a-92db-43dd-b080-583a9d6e2a12', '534bfd65-2af9-4cbe-9ee7-31ccdb0acc30', '以西結書', 29, NOW() - INTERVAL '128 days'),
  ('2762b95a-92db-43dd-b080-583a9d6e2a12', '534bfd65-2af9-4cbe-9ee7-31ccdb0acc30', '以西結書', 30, NOW() - INTERVAL '128 days'),
  ('2762b95a-92db-43dd-b080-583a9d6e2a12', '534bfd65-2af9-4cbe-9ee7-31ccdb0acc30', '以西結書', 31, NOW() - INTERVAL '128 days'),
  ('2762b95a-92db-43dd-b080-583a9d6e2a12', '534bfd65-2af9-4cbe-9ee7-31ccdb0acc30', '以西結書', 32, NOW() - INTERVAL '128 days'),
  ('2762b95a-92db-43dd-b080-583a9d6e2a12', '534bfd65-2af9-4cbe-9ee7-31ccdb0acc30', '以西結書', 33, NOW() - INTERVAL '128 days'),
  ('2762b95a-92db-43dd-b080-583a9d6e2a12', '534bfd65-2af9-4cbe-9ee7-31ccdb0acc30', '以西結書', 34, NOW() - INTERVAL '127 days'),
  ('2762b95a-92db-43dd-b080-583a9d6e2a12', '534bfd65-2af9-4cbe-9ee7-31ccdb0acc30', '以西結書', 35, NOW() - INTERVAL '127 days'),
  ('2762b95a-92db-43dd-b080-583a9d6e2a12', '534bfd65-2af9-4cbe-9ee7-31ccdb0acc30', '以西結書', 36, NOW() - INTERVAL '127 days'),
  ('2762b95a-92db-43dd-b080-583a9d6e2a12', '534bfd65-2af9-4cbe-9ee7-31ccdb0acc30', '以西結書', 37, NOW() - INTERVAL '127 days'),
  ('2762b95a-92db-43dd-b080-583a9d6e2a12', '534bfd65-2af9-4cbe-9ee7-31ccdb0acc30', '以西結書', 38, NOW() - INTERVAL '127 days'),
  ('2762b95a-92db-43dd-b080-583a9d6e2a12', '534bfd65-2af9-4cbe-9ee7-31ccdb0acc30', '以西結書', 39, NOW() - INTERVAL '126 days'),
  ('2762b95a-92db-43dd-b080-583a9d6e2a12', '534bfd65-2af9-4cbe-9ee7-31ccdb0acc30', '以西結書', 40, NOW() - INTERVAL '126 days'),
  ('2762b95a-92db-43dd-b080-583a9d6e2a12', '534bfd65-2af9-4cbe-9ee7-31ccdb0acc30', '以西結書', 41, NOW() - INTERVAL '126 days'),
  ('2762b95a-92db-43dd-b080-583a9d6e2a12', '534bfd65-2af9-4cbe-9ee7-31ccdb0acc30', '以西結書', 42, NOW() - INTERVAL '126 days'),
  ('2762b95a-92db-43dd-b080-583a9d6e2a12', '534bfd65-2af9-4cbe-9ee7-31ccdb0acc30', '以西結書', 43, NOW() - INTERVAL '126 days'),
  ('2762b95a-92db-43dd-b080-583a9d6e2a12', '534bfd65-2af9-4cbe-9ee7-31ccdb0acc30', '以西結書', 44, NOW() - INTERVAL '125 days'),
  ('2762b95a-92db-43dd-b080-583a9d6e2a12', '534bfd65-2af9-4cbe-9ee7-31ccdb0acc30', '以西結書', 45, NOW() - INTERVAL '125 days'),
  ('2762b95a-92db-43dd-b080-583a9d6e2a12', '534bfd65-2af9-4cbe-9ee7-31ccdb0acc30', '以西結書', 46, NOW() - INTERVAL '125 days'),
  ('2762b95a-92db-43dd-b080-583a9d6e2a12', '534bfd65-2af9-4cbe-9ee7-31ccdb0acc30', '以西結書', 47, NOW() - INTERVAL '125 days'),
  ('2762b95a-92db-43dd-b080-583a9d6e2a12', '534bfd65-2af9-4cbe-9ee7-31ccdb0acc30', '以西結書', 48, NOW() - INTERVAL '125 days'),
  ('2762b95a-92db-43dd-b080-583a9d6e2a12', '534bfd65-2af9-4cbe-9ee7-31ccdb0acc30', '約翰一書', 1, NOW() - INTERVAL '124 days'),
  ('2762b95a-92db-43dd-b080-583a9d6e2a12', '534bfd65-2af9-4cbe-9ee7-31ccdb0acc30', '約翰一書', 2, NOW() - INTERVAL '124 days'),
  ('2762b95a-92db-43dd-b080-583a9d6e2a12', '534bfd65-2af9-4cbe-9ee7-31ccdb0acc30', '約翰一書', 3, NOW() - INTERVAL '124 days'),
  ('2762b95a-92db-43dd-b080-583a9d6e2a12', '534bfd65-2af9-4cbe-9ee7-31ccdb0acc30', '約翰一書', 4, NOW() - INTERVAL '124 days'),
  ('2762b95a-92db-43dd-b080-583a9d6e2a12', '534bfd65-2af9-4cbe-9ee7-31ccdb0acc30', '約翰一書', 5, NOW() - INTERVAL '124 days'),
  ('2762b95a-92db-43dd-b080-583a9d6e2a12', '534bfd65-2af9-4cbe-9ee7-31ccdb0acc30', '申命記', 1, NOW() - INTERVAL '123 days'),
  ('2762b95a-92db-43dd-b080-583a9d6e2a12', '534bfd65-2af9-4cbe-9ee7-31ccdb0acc30', '申命記', 2, NOW() - INTERVAL '123 days'),
  ('2762b95a-92db-43dd-b080-583a9d6e2a12', '534bfd65-2af9-4cbe-9ee7-31ccdb0acc30', '申命記', 3, NOW() - INTERVAL '123 days'),
  ('2762b95a-92db-43dd-b080-583a9d6e2a12', '534bfd65-2af9-4cbe-9ee7-31ccdb0acc30', '申命記', 4, NOW() - INTERVAL '123 days'),
  ('2762b95a-92db-43dd-b080-583a9d6e2a12', '534bfd65-2af9-4cbe-9ee7-31ccdb0acc30', '申命記', 5, NOW() - INTERVAL '123 days'),
  ('2762b95a-92db-43dd-b080-583a9d6e2a12', '534bfd65-2af9-4cbe-9ee7-31ccdb0acc30', '申命記', 6, NOW() - INTERVAL '122 days'),
  ('2762b95a-92db-43dd-b080-583a9d6e2a12', '534bfd65-2af9-4cbe-9ee7-31ccdb0acc30', '申命記', 7, NOW() - INTERVAL '122 days'),
  ('2762b95a-92db-43dd-b080-583a9d6e2a12', '534bfd65-2af9-4cbe-9ee7-31ccdb0acc30', '申命記', 8, NOW() - INTERVAL '122 days'),
  ('2762b95a-92db-43dd-b080-583a9d6e2a12', '534bfd65-2af9-4cbe-9ee7-31ccdb0acc30', '申命記', 9, NOW() - INTERVAL '122 days'),
  ('2762b95a-92db-43dd-b080-583a9d6e2a12', '534bfd65-2af9-4cbe-9ee7-31ccdb0acc30', '申命記', 10, NOW() - INTERVAL '122 days'),
  ('2762b95a-92db-43dd-b080-583a9d6e2a12', '534bfd65-2af9-4cbe-9ee7-31ccdb0acc30', '申命記', 11, NOW() - INTERVAL '121 days'),
  ('2762b95a-92db-43dd-b080-583a9d6e2a12', '534bfd65-2af9-4cbe-9ee7-31ccdb0acc30', '申命記', 12, NOW() - INTERVAL '121 days'),
  ('2762b95a-92db-43dd-b080-583a9d6e2a12', '534bfd65-2af9-4cbe-9ee7-31ccdb0acc30', '申命記', 13, NOW() - INTERVAL '121 days'),
  ('2762b95a-92db-43dd-b080-583a9d6e2a12', '534bfd65-2af9-4cbe-9ee7-31ccdb0acc30', '申命記', 14, NOW() - INTERVAL '121 days'),
  ('2762b95a-92db-43dd-b080-583a9d6e2a12', '534bfd65-2af9-4cbe-9ee7-31ccdb0acc30', '申命記', 15, NOW() - INTERVAL '121 days'),
  ('2762b95a-92db-43dd-b080-583a9d6e2a12', '534bfd65-2af9-4cbe-9ee7-31ccdb0acc30', '申命記', 16, NOW() - INTERVAL '120 days'),
  ('2762b95a-92db-43dd-b080-583a9d6e2a12', '534bfd65-2af9-4cbe-9ee7-31ccdb0acc30', '申命記', 17, NOW() - INTERVAL '120 days'),
  ('2762b95a-92db-43dd-b080-583a9d6e2a12', '534bfd65-2af9-4cbe-9ee7-31ccdb0acc30', '申命記', 18, NOW() - INTERVAL '120 days'),
  ('2762b95a-92db-43dd-b080-583a9d6e2a12', '534bfd65-2af9-4cbe-9ee7-31ccdb0acc30', '申命記', 19, NOW() - INTERVAL '120 days'),
  ('2762b95a-92db-43dd-b080-583a9d6e2a12', '534bfd65-2af9-4cbe-9ee7-31ccdb0acc30', '申命記', 20, NOW() - INTERVAL '120 days'),
  ('2762b95a-92db-43dd-b080-583a9d6e2a12', '534bfd65-2af9-4cbe-9ee7-31ccdb0acc30', '申命記', 21, NOW() - INTERVAL '119 days'),
  ('2762b95a-92db-43dd-b080-583a9d6e2a12', '534bfd65-2af9-4cbe-9ee7-31ccdb0acc30', '申命記', 22, NOW() - INTERVAL '119 days'),
  ('2762b95a-92db-43dd-b080-583a9d6e2a12', '534bfd65-2af9-4cbe-9ee7-31ccdb0acc30', '申命記', 23, NOW() - INTERVAL '119 days'),
  ('2762b95a-92db-43dd-b080-583a9d6e2a12', '534bfd65-2af9-4cbe-9ee7-31ccdb0acc30', '申命記', 24, NOW() - INTERVAL '119 days'),
  ('2762b95a-92db-43dd-b080-583a9d6e2a12', '534bfd65-2af9-4cbe-9ee7-31ccdb0acc30', '申命記', 25, NOW() - INTERVAL '119 days'),
  ('2762b95a-92db-43dd-b080-583a9d6e2a12', '534bfd65-2af9-4cbe-9ee7-31ccdb0acc30', '申命記', 26, NOW() - INTERVAL '118 days'),
  ('2762b95a-92db-43dd-b080-583a9d6e2a12', '534bfd65-2af9-4cbe-9ee7-31ccdb0acc30', '申命記', 27, NOW() - INTERVAL '118 days'),
  ('2762b95a-92db-43dd-b080-583a9d6e2a12', '534bfd65-2af9-4cbe-9ee7-31ccdb0acc30', '申命記', 28, NOW() - INTERVAL '118 days'),
  ('2762b95a-92db-43dd-b080-583a9d6e2a12', '534bfd65-2af9-4cbe-9ee7-31ccdb0acc30', '申命記', 29, NOW() - INTERVAL '118 days'),
  ('2762b95a-92db-43dd-b080-583a9d6e2a12', '534bfd65-2af9-4cbe-9ee7-31ccdb0acc30', '申命記', 30, NOW() - INTERVAL '118 days'),
  ('2762b95a-92db-43dd-b080-583a9d6e2a12', '534bfd65-2af9-4cbe-9ee7-31ccdb0acc30', '申命記', 31, NOW() - INTERVAL '117 days'),
  ('2762b95a-92db-43dd-b080-583a9d6e2a12', '534bfd65-2af9-4cbe-9ee7-31ccdb0acc30', '申命記', 32, NOW() - INTERVAL '117 days'),
  ('2762b95a-92db-43dd-b080-583a9d6e2a12', '534bfd65-2af9-4cbe-9ee7-31ccdb0acc30', '申命記', 33, NOW() - INTERVAL '117 days'),
  ('2762b95a-92db-43dd-b080-583a9d6e2a12', '534bfd65-2af9-4cbe-9ee7-31ccdb0acc30', '申命記', 34, NOW() - INTERVAL '117 days'),
  ('2762b95a-92db-43dd-b080-583a9d6e2a12', '534bfd65-2af9-4cbe-9ee7-31ccdb0acc30', '使徒行傳', 1, NOW() - INTERVAL '117 days'),
  ('2762b95a-92db-43dd-b080-583a9d6e2a12', '534bfd65-2af9-4cbe-9ee7-31ccdb0acc30', '使徒行傳', 2, NOW() - INTERVAL '116 days'),
  ('2762b95a-92db-43dd-b080-583a9d6e2a12', '534bfd65-2af9-4cbe-9ee7-31ccdb0acc30', '使徒行傳', 3, NOW() - INTERVAL '116 days'),
  ('2762b95a-92db-43dd-b080-583a9d6e2a12', '534bfd65-2af9-4cbe-9ee7-31ccdb0acc30', '使徒行傳', 4, NOW() - INTERVAL '116 days'),
  ('2762b95a-92db-43dd-b080-583a9d6e2a12', '534bfd65-2af9-4cbe-9ee7-31ccdb0acc30', '使徒行傳', 5, NOW() - INTERVAL '116 days'),
  ('2762b95a-92db-43dd-b080-583a9d6e2a12', '534bfd65-2af9-4cbe-9ee7-31ccdb0acc30', '使徒行傳', 6, NOW() - INTERVAL '116 days'),
  ('2762b95a-92db-43dd-b080-583a9d6e2a12', '534bfd65-2af9-4cbe-9ee7-31ccdb0acc30', '使徒行傳', 7, NOW() - INTERVAL '115 days'),
  ('2762b95a-92db-43dd-b080-583a9d6e2a12', '534bfd65-2af9-4cbe-9ee7-31ccdb0acc30', '使徒行傳', 8, NOW() - INTERVAL '115 days'),
  ('2762b95a-92db-43dd-b080-583a9d6e2a12', '534bfd65-2af9-4cbe-9ee7-31ccdb0acc30', '使徒行傳', 9, NOW() - INTERVAL '115 days'),
  ('2762b95a-92db-43dd-b080-583a9d6e2a12', '534bfd65-2af9-4cbe-9ee7-31ccdb0acc30', '使徒行傳', 10, NOW() - INTERVAL '115 days'),
  ('2762b95a-92db-43dd-b080-583a9d6e2a12', '534bfd65-2af9-4cbe-9ee7-31ccdb0acc30', '使徒行傳', 11, NOW() - INTERVAL '115 days'),
  ('2762b95a-92db-43dd-b080-583a9d6e2a12', '534bfd65-2af9-4cbe-9ee7-31ccdb0acc30', '使徒行傳', 12, NOW() - INTERVAL '114 days'),
  ('2762b95a-92db-43dd-b080-583a9d6e2a12', '534bfd65-2af9-4cbe-9ee7-31ccdb0acc30', '使徒行傳', 13, NOW() - INTERVAL '114 days'),
  ('2762b95a-92db-43dd-b080-583a9d6e2a12', '534bfd65-2af9-4cbe-9ee7-31ccdb0acc30', '使徒行傳', 14, NOW() - INTERVAL '114 days'),
  ('2762b95a-92db-43dd-b080-583a9d6e2a12', '534bfd65-2af9-4cbe-9ee7-31ccdb0acc30', '使徒行傳', 15, NOW() - INTERVAL '114 days'),
  ('2762b95a-92db-43dd-b080-583a9d6e2a12', '534bfd65-2af9-4cbe-9ee7-31ccdb0acc30', '使徒行傳', 16, NOW() - INTERVAL '114 days'),
  ('2762b95a-92db-43dd-b080-583a9d6e2a12', '534bfd65-2af9-4cbe-9ee7-31ccdb0acc30', '使徒行傳', 17, NOW() - INTERVAL '113 days'),
  ('2762b95a-92db-43dd-b080-583a9d6e2a12', '534bfd65-2af9-4cbe-9ee7-31ccdb0acc30', '使徒行傳', 18, NOW() - INTERVAL '113 days'),
  ('2762b95a-92db-43dd-b080-583a9d6e2a12', '534bfd65-2af9-4cbe-9ee7-31ccdb0acc30', '使徒行傳', 19, NOW() - INTERVAL '113 days'),
  ('2762b95a-92db-43dd-b080-583a9d6e2a12', '534bfd65-2af9-4cbe-9ee7-31ccdb0acc30', '使徒行傳', 20, NOW() - INTERVAL '113 days'),
  ('2762b95a-92db-43dd-b080-583a9d6e2a12', '534bfd65-2af9-4cbe-9ee7-31ccdb0acc30', '使徒行傳', 21, NOW() - INTERVAL '113 days'),
  ('2762b95a-92db-43dd-b080-583a9d6e2a12', '534bfd65-2af9-4cbe-9ee7-31ccdb0acc30', '使徒行傳', 22, NOW() - INTERVAL '112 days'),
  ('2762b95a-92db-43dd-b080-583a9d6e2a12', '534bfd65-2af9-4cbe-9ee7-31ccdb0acc30', '使徒行傳', 23, NOW() - INTERVAL '112 days'),
  ('2762b95a-92db-43dd-b080-583a9d6e2a12', '534bfd65-2af9-4cbe-9ee7-31ccdb0acc30', '使徒行傳', 24, NOW() - INTERVAL '112 days'),
  ('2762b95a-92db-43dd-b080-583a9d6e2a12', '534bfd65-2af9-4cbe-9ee7-31ccdb0acc30', '使徒行傳', 25, NOW() - INTERVAL '112 days'),
  ('2762b95a-92db-43dd-b080-583a9d6e2a12', '534bfd65-2af9-4cbe-9ee7-31ccdb0acc30', '使徒行傳', 26, NOW() - INTERVAL '112 days'),
  ('2762b95a-92db-43dd-b080-583a9d6e2a12', '534bfd65-2af9-4cbe-9ee7-31ccdb0acc30', '使徒行傳', 27, NOW() - INTERVAL '111 days'),
  ('2762b95a-92db-43dd-b080-583a9d6e2a12', '534bfd65-2af9-4cbe-9ee7-31ccdb0acc30', '使徒行傳', 28, NOW() - INTERVAL '111 days'),
  ('2762b95a-92db-43dd-b080-583a9d6e2a12', '534bfd65-2af9-4cbe-9ee7-31ccdb0acc30', '箴言', 1, NOW() - INTERVAL '111 days'),
  ('2762b95a-92db-43dd-b080-583a9d6e2a12', '534bfd65-2af9-4cbe-9ee7-31ccdb0acc30', '箴言', 2, NOW() - INTERVAL '111 days'),
  ('2762b95a-92db-43dd-b080-583a9d6e2a12', '534bfd65-2af9-4cbe-9ee7-31ccdb0acc30', '箴言', 3, NOW() - INTERVAL '111 days'),
  ('2762b95a-92db-43dd-b080-583a9d6e2a12', '534bfd65-2af9-4cbe-9ee7-31ccdb0acc30', '箴言', 4, NOW() - INTERVAL '110 days'),
  ('2762b95a-92db-43dd-b080-583a9d6e2a12', '534bfd65-2af9-4cbe-9ee7-31ccdb0acc30', '箴言', 5, NOW() - INTERVAL '110 days'),
  ('2762b95a-92db-43dd-b080-583a9d6e2a12', '534bfd65-2af9-4cbe-9ee7-31ccdb0acc30', '箴言', 6, NOW() - INTERVAL '110 days'),
  ('2762b95a-92db-43dd-b080-583a9d6e2a12', '534bfd65-2af9-4cbe-9ee7-31ccdb0acc30', '箴言', 7, NOW() - INTERVAL '110 days'),
  ('2762b95a-92db-43dd-b080-583a9d6e2a12', '534bfd65-2af9-4cbe-9ee7-31ccdb0acc30', '箴言', 8, NOW() - INTERVAL '110 days'),
  ('2762b95a-92db-43dd-b080-583a9d6e2a12', '534bfd65-2af9-4cbe-9ee7-31ccdb0acc30', '箴言', 9, NOW() - INTERVAL '109 days'),
  ('2762b95a-92db-43dd-b080-583a9d6e2a12', '534bfd65-2af9-4cbe-9ee7-31ccdb0acc30', '箴言', 10, NOW() - INTERVAL '109 days'),
  ('2762b95a-92db-43dd-b080-583a9d6e2a12', '534bfd65-2af9-4cbe-9ee7-31ccdb0acc30', '箴言', 11, NOW() - INTERVAL '109 days'),
  ('2762b95a-92db-43dd-b080-583a9d6e2a12', '534bfd65-2af9-4cbe-9ee7-31ccdb0acc30', '箴言', 12, NOW() - INTERVAL '109 days'),
  ('2762b95a-92db-43dd-b080-583a9d6e2a12', '534bfd65-2af9-4cbe-9ee7-31ccdb0acc30', '箴言', 13, NOW() - INTERVAL '109 days'),
  ('2762b95a-92db-43dd-b080-583a9d6e2a12', '534bfd65-2af9-4cbe-9ee7-31ccdb0acc30', '箴言', 14, NOW() - INTERVAL '108 days'),
  ('2762b95a-92db-43dd-b080-583a9d6e2a12', '534bfd65-2af9-4cbe-9ee7-31ccdb0acc30', '箴言', 15, NOW() - INTERVAL '108 days'),
  ('2762b95a-92db-43dd-b080-583a9d6e2a12', '534bfd65-2af9-4cbe-9ee7-31ccdb0acc30', '箴言', 16, NOW() - INTERVAL '108 days'),
  ('2762b95a-92db-43dd-b080-583a9d6e2a12', '534bfd65-2af9-4cbe-9ee7-31ccdb0acc30', '箴言', 17, NOW() - INTERVAL '108 days'),
  ('2762b95a-92db-43dd-b080-583a9d6e2a12', '534bfd65-2af9-4cbe-9ee7-31ccdb0acc30', '箴言', 18, NOW() - INTERVAL '108 days'),
  ('2762b95a-92db-43dd-b080-583a9d6e2a12', '534bfd65-2af9-4cbe-9ee7-31ccdb0acc30', '箴言', 19, NOW() - INTERVAL '107 days'),
  ('2762b95a-92db-43dd-b080-583a9d6e2a12', '534bfd65-2af9-4cbe-9ee7-31ccdb0acc30', '箴言', 20, NOW() - INTERVAL '107 days'),
  ('2762b95a-92db-43dd-b080-583a9d6e2a12', '534bfd65-2af9-4cbe-9ee7-31ccdb0acc30', '箴言', 21, NOW() - INTERVAL '107 days'),
  ('2762b95a-92db-43dd-b080-583a9d6e2a12', '534bfd65-2af9-4cbe-9ee7-31ccdb0acc30', '箴言', 22, NOW() - INTERVAL '107 days'),
  ('2762b95a-92db-43dd-b080-583a9d6e2a12', '534bfd65-2af9-4cbe-9ee7-31ccdb0acc30', '箴言', 23, NOW() - INTERVAL '107 days'),
  ('2762b95a-92db-43dd-b080-583a9d6e2a12', '534bfd65-2af9-4cbe-9ee7-31ccdb0acc30', '箴言', 24, NOW() - INTERVAL '106 days'),
  ('2762b95a-92db-43dd-b080-583a9d6e2a12', '534bfd65-2af9-4cbe-9ee7-31ccdb0acc30', '箴言', 25, NOW() - INTERVAL '106 days'),
  ('2762b95a-92db-43dd-b080-583a9d6e2a12', '534bfd65-2af9-4cbe-9ee7-31ccdb0acc30', '箴言', 26, NOW() - INTERVAL '106 days'),
  ('2762b95a-92db-43dd-b080-583a9d6e2a12', '534bfd65-2af9-4cbe-9ee7-31ccdb0acc30', '箴言', 27, NOW() - INTERVAL '106 days'),
  ('2762b95a-92db-43dd-b080-583a9d6e2a12', '534bfd65-2af9-4cbe-9ee7-31ccdb0acc30', '箴言', 28, NOW() - INTERVAL '106 days'),
  ('2762b95a-92db-43dd-b080-583a9d6e2a12', '534bfd65-2af9-4cbe-9ee7-31ccdb0acc30', '箴言', 29, NOW() - INTERVAL '105 days'),
  ('2762b95a-92db-43dd-b080-583a9d6e2a12', '534bfd65-2af9-4cbe-9ee7-31ccdb0acc30', '箴言', 30, NOW() - INTERVAL '105 days'),
  ('2762b95a-92db-43dd-b080-583a9d6e2a12', '534bfd65-2af9-4cbe-9ee7-31ccdb0acc30', '箴言', 31, NOW() - INTERVAL '105 days'),
  ('2762b95a-92db-43dd-b080-583a9d6e2a12', '534bfd65-2af9-4cbe-9ee7-31ccdb0acc30', '提摩太後書', 1, NOW() - INTERVAL '105 days'),
  ('2762b95a-92db-43dd-b080-583a9d6e2a12', '534bfd65-2af9-4cbe-9ee7-31ccdb0acc30', '提摩太後書', 2, NOW() - INTERVAL '105 days'),
  ('2762b95a-92db-43dd-b080-583a9d6e2a12', '534bfd65-2af9-4cbe-9ee7-31ccdb0acc30', '提摩太後書', 3, NOW() - INTERVAL '104 days'),
  ('2762b95a-92db-43dd-b080-583a9d6e2a12', '534bfd65-2af9-4cbe-9ee7-31ccdb0acc30', '提摩太後書', 4, NOW() - INTERVAL '104 days'),
  ('2762b95a-92db-43dd-b080-583a9d6e2a12', '534bfd65-2af9-4cbe-9ee7-31ccdb0acc30', '傳道書', 1, NOW() - INTERVAL '104 days'),
  ('2762b95a-92db-43dd-b080-583a9d6e2a12', '534bfd65-2af9-4cbe-9ee7-31ccdb0acc30', '傳道書', 2, NOW() - INTERVAL '104 days'),
  ('2762b95a-92db-43dd-b080-583a9d6e2a12', '534bfd65-2af9-4cbe-9ee7-31ccdb0acc30', '傳道書', 3, NOW() - INTERVAL '104 days'),
  ('2762b95a-92db-43dd-b080-583a9d6e2a12', '534bfd65-2af9-4cbe-9ee7-31ccdb0acc30', '傳道書', 4, NOW() - INTERVAL '103 days'),
  ('2762b95a-92db-43dd-b080-583a9d6e2a12', '534bfd65-2af9-4cbe-9ee7-31ccdb0acc30', '傳道書', 5, NOW() - INTERVAL '103 days'),
  ('2762b95a-92db-43dd-b080-583a9d6e2a12', '534bfd65-2af9-4cbe-9ee7-31ccdb0acc30', '傳道書', 6, NOW() - INTERVAL '103 days'),
  ('2762b95a-92db-43dd-b080-583a9d6e2a12', '534bfd65-2af9-4cbe-9ee7-31ccdb0acc30', '傳道書', 7, NOW() - INTERVAL '103 days'),
  ('2762b95a-92db-43dd-b080-583a9d6e2a12', '534bfd65-2af9-4cbe-9ee7-31ccdb0acc30', '傳道書', 8, NOW() - INTERVAL '103 days'),
  ('2762b95a-92db-43dd-b080-583a9d6e2a12', '534bfd65-2af9-4cbe-9ee7-31ccdb0acc30', '傳道書', 9, NOW() - INTERVAL '102 days'),
  ('2762b95a-92db-43dd-b080-583a9d6e2a12', '534bfd65-2af9-4cbe-9ee7-31ccdb0acc30', '傳道書', 10, NOW() - INTERVAL '102 days'),
  ('2762b95a-92db-43dd-b080-583a9d6e2a12', '534bfd65-2af9-4cbe-9ee7-31ccdb0acc30', '傳道書', 11, NOW() - INTERVAL '102 days'),
  ('2762b95a-92db-43dd-b080-583a9d6e2a12', '534bfd65-2af9-4cbe-9ee7-31ccdb0acc30', '傳道書', 12, NOW() - INTERVAL '102 days'),
  ('2762b95a-92db-43dd-b080-583a9d6e2a12', '534bfd65-2af9-4cbe-9ee7-31ccdb0acc30', '腓利門書', 1, NOW() - INTERVAL '102 days'),
  ('2762b95a-92db-43dd-b080-583a9d6e2a12', '534bfd65-2af9-4cbe-9ee7-31ccdb0acc30', '約書亞記', 1, NOW() - INTERVAL '101 days'),
  ('2762b95a-92db-43dd-b080-583a9d6e2a12', '534bfd65-2af9-4cbe-9ee7-31ccdb0acc30', '約書亞記', 2, NOW() - INTERVAL '101 days'),
  ('2762b95a-92db-43dd-b080-583a9d6e2a12', '534bfd65-2af9-4cbe-9ee7-31ccdb0acc30', '約書亞記', 3, NOW() - INTERVAL '101 days'),
  ('2762b95a-92db-43dd-b080-583a9d6e2a12', '534bfd65-2af9-4cbe-9ee7-31ccdb0acc30', '約書亞記', 4, NOW() - INTERVAL '101 days'),
  ('2762b95a-92db-43dd-b080-583a9d6e2a12', '534bfd65-2af9-4cbe-9ee7-31ccdb0acc30', '約書亞記', 5, NOW() - INTERVAL '101 days'),
  ('2762b95a-92db-43dd-b080-583a9d6e2a12', '534bfd65-2af9-4cbe-9ee7-31ccdb0acc30', '約書亞記', 6, NOW() - INTERVAL '100 days'),
  ('2762b95a-92db-43dd-b080-583a9d6e2a12', '534bfd65-2af9-4cbe-9ee7-31ccdb0acc30', '約書亞記', 7, NOW() - INTERVAL '100 days'),
  ('2762b95a-92db-43dd-b080-583a9d6e2a12', '534bfd65-2af9-4cbe-9ee7-31ccdb0acc30', '約書亞記', 8, NOW() - INTERVAL '100 days'),
  ('2762b95a-92db-43dd-b080-583a9d6e2a12', '534bfd65-2af9-4cbe-9ee7-31ccdb0acc30', '約書亞記', 9, NOW() - INTERVAL '100 days'),
  ('2762b95a-92db-43dd-b080-583a9d6e2a12', '534bfd65-2af9-4cbe-9ee7-31ccdb0acc30', '約書亞記', 10, NOW() - INTERVAL '100 days'),
  ('2762b95a-92db-43dd-b080-583a9d6e2a12', '534bfd65-2af9-4cbe-9ee7-31ccdb0acc30', '約書亞記', 11, NOW() - INTERVAL '99 days'),
  ('2762b95a-92db-43dd-b080-583a9d6e2a12', '534bfd65-2af9-4cbe-9ee7-31ccdb0acc30', '約書亞記', 12, NOW() - INTERVAL '99 days'),
  ('2762b95a-92db-43dd-b080-583a9d6e2a12', '534bfd65-2af9-4cbe-9ee7-31ccdb0acc30', '約書亞記', 13, NOW() - INTERVAL '99 days'),
  ('2762b95a-92db-43dd-b080-583a9d6e2a12', '534bfd65-2af9-4cbe-9ee7-31ccdb0acc30', '約書亞記', 14, NOW() - INTERVAL '99 days'),
  ('2762b95a-92db-43dd-b080-583a9d6e2a12', '534bfd65-2af9-4cbe-9ee7-31ccdb0acc30', '約書亞記', 15, NOW() - INTERVAL '99 days'),
  ('2762b95a-92db-43dd-b080-583a9d6e2a12', '534bfd65-2af9-4cbe-9ee7-31ccdb0acc30', '約書亞記', 16, NOW() - INTERVAL '98 days'),
  ('2762b95a-92db-43dd-b080-583a9d6e2a12', '534bfd65-2af9-4cbe-9ee7-31ccdb0acc30', '約書亞記', 17, NOW() - INTERVAL '98 days'),
  ('2762b95a-92db-43dd-b080-583a9d6e2a12', '534bfd65-2af9-4cbe-9ee7-31ccdb0acc30', '約書亞記', 18, NOW() - INTERVAL '98 days'),
  ('2762b95a-92db-43dd-b080-583a9d6e2a12', '534bfd65-2af9-4cbe-9ee7-31ccdb0acc30', '約書亞記', 19, NOW() - INTERVAL '98 days'),
  ('2762b95a-92db-43dd-b080-583a9d6e2a12', '534bfd65-2af9-4cbe-9ee7-31ccdb0acc30', '約書亞記', 20, NOW() - INTERVAL '98 days'),
  ('2762b95a-92db-43dd-b080-583a9d6e2a12', '534bfd65-2af9-4cbe-9ee7-31ccdb0acc30', '約書亞記', 21, NOW() - INTERVAL '97 days'),
  ('2762b95a-92db-43dd-b080-583a9d6e2a12', '534bfd65-2af9-4cbe-9ee7-31ccdb0acc30', '約書亞記', 22, NOW() - INTERVAL '97 days'),
  ('2762b95a-92db-43dd-b080-583a9d6e2a12', '534bfd65-2af9-4cbe-9ee7-31ccdb0acc30', '約書亞記', 23, NOW() - INTERVAL '97 days'),
  ('2762b95a-92db-43dd-b080-583a9d6e2a12', '534bfd65-2af9-4cbe-9ee7-31ccdb0acc30', '約書亞記', 24, NOW() - INTERVAL '97 days'),
  ('2762b95a-92db-43dd-b080-583a9d6e2a12', '534bfd65-2af9-4cbe-9ee7-31ccdb0acc30', '羅馬書', 1, NOW() - INTERVAL '97 days'),
  ('2762b95a-92db-43dd-b080-583a9d6e2a12', '534bfd65-2af9-4cbe-9ee7-31ccdb0acc30', '羅馬書', 2, NOW() - INTERVAL '96 days'),
  ('2762b95a-92db-43dd-b080-583a9d6e2a12', '534bfd65-2af9-4cbe-9ee7-31ccdb0acc30', '羅馬書', 3, NOW() - INTERVAL '96 days'),
  ('2762b95a-92db-43dd-b080-583a9d6e2a12', '534bfd65-2af9-4cbe-9ee7-31ccdb0acc30', '羅馬書', 4, NOW() - INTERVAL '96 days'),
  ('2762b95a-92db-43dd-b080-583a9d6e2a12', '534bfd65-2af9-4cbe-9ee7-31ccdb0acc30', '羅馬書', 5, NOW() - INTERVAL '96 days'),
  ('2762b95a-92db-43dd-b080-583a9d6e2a12', '534bfd65-2af9-4cbe-9ee7-31ccdb0acc30', '羅馬書', 6, NOW() - INTERVAL '96 days'),
  ('2762b95a-92db-43dd-b080-583a9d6e2a12', '534bfd65-2af9-4cbe-9ee7-31ccdb0acc30', '羅馬書', 7, NOW() - INTERVAL '95 days'),
  ('2762b95a-92db-43dd-b080-583a9d6e2a12', '534bfd65-2af9-4cbe-9ee7-31ccdb0acc30', '羅馬書', 8, NOW() - INTERVAL '95 days'),
  ('2762b95a-92db-43dd-b080-583a9d6e2a12', '534bfd65-2af9-4cbe-9ee7-31ccdb0acc30', '羅馬書', 9, NOW() - INTERVAL '95 days'),
  ('2762b95a-92db-43dd-b080-583a9d6e2a12', '534bfd65-2af9-4cbe-9ee7-31ccdb0acc30', '羅馬書', 10, NOW() - INTERVAL '95 days'),
  ('2762b95a-92db-43dd-b080-583a9d6e2a12', '534bfd65-2af9-4cbe-9ee7-31ccdb0acc30', '羅馬書', 11, NOW() - INTERVAL '95 days'),
  ('2762b95a-92db-43dd-b080-583a9d6e2a12', '534bfd65-2af9-4cbe-9ee7-31ccdb0acc30', '羅馬書', 12, NOW() - INTERVAL '94 days'),
  ('2762b95a-92db-43dd-b080-583a9d6e2a12', '534bfd65-2af9-4cbe-9ee7-31ccdb0acc30', '羅馬書', 13, NOW() - INTERVAL '94 days'),
  ('2762b95a-92db-43dd-b080-583a9d6e2a12', '534bfd65-2af9-4cbe-9ee7-31ccdb0acc30', '羅馬書', 14, NOW() - INTERVAL '94 days'),
  ('2762b95a-92db-43dd-b080-583a9d6e2a12', '534bfd65-2af9-4cbe-9ee7-31ccdb0acc30', '羅馬書', 15, NOW() - INTERVAL '94 days'),
  ('2762b95a-92db-43dd-b080-583a9d6e2a12', '534bfd65-2af9-4cbe-9ee7-31ccdb0acc30', '羅馬書', 16, NOW() - INTERVAL '94 days'),
  ('2762b95a-92db-43dd-b080-583a9d6e2a12', '534bfd65-2af9-4cbe-9ee7-31ccdb0acc30', '耶利米書', 1, NOW() - INTERVAL '93 days'),
  ('2762b95a-92db-43dd-b080-583a9d6e2a12', '534bfd65-2af9-4cbe-9ee7-31ccdb0acc30', '耶利米書', 2, NOW() - INTERVAL '93 days'),
  ('2762b95a-92db-43dd-b080-583a9d6e2a12', '534bfd65-2af9-4cbe-9ee7-31ccdb0acc30', '耶利米書', 3, NOW() - INTERVAL '93 days'),
  ('2762b95a-92db-43dd-b080-583a9d6e2a12', '534bfd65-2af9-4cbe-9ee7-31ccdb0acc30', '耶利米書', 4, NOW() - INTERVAL '93 days'),
  ('2762b95a-92db-43dd-b080-583a9d6e2a12', '534bfd65-2af9-4cbe-9ee7-31ccdb0acc30', '耶利米書', 5, NOW() - INTERVAL '93 days'),
  ('2762b95a-92db-43dd-b080-583a9d6e2a12', '534bfd65-2af9-4cbe-9ee7-31ccdb0acc30', '耶利米書', 6, NOW() - INTERVAL '92 days'),
  ('2762b95a-92db-43dd-b080-583a9d6e2a12', '534bfd65-2af9-4cbe-9ee7-31ccdb0acc30', '耶利米書', 7, NOW() - INTERVAL '92 days'),
  ('2762b95a-92db-43dd-b080-583a9d6e2a12', '534bfd65-2af9-4cbe-9ee7-31ccdb0acc30', '耶利米書', 8, NOW() - INTERVAL '92 days'),
  ('2762b95a-92db-43dd-b080-583a9d6e2a12', '534bfd65-2af9-4cbe-9ee7-31ccdb0acc30', '耶利米書', 9, NOW() - INTERVAL '92 days'),
  ('2762b95a-92db-43dd-b080-583a9d6e2a12', '534bfd65-2af9-4cbe-9ee7-31ccdb0acc30', '耶利米書', 10, NOW() - INTERVAL '92 days'),
  ('2762b95a-92db-43dd-b080-583a9d6e2a12', '534bfd65-2af9-4cbe-9ee7-31ccdb0acc30', '耶利米書', 11, NOW() - INTERVAL '91 days'),
  ('2762b95a-92db-43dd-b080-583a9d6e2a12', '534bfd65-2af9-4cbe-9ee7-31ccdb0acc30', '耶利米書', 12, NOW() - INTERVAL '91 days'),
  ('2762b95a-92db-43dd-b080-583a9d6e2a12', '534bfd65-2af9-4cbe-9ee7-31ccdb0acc30', '耶利米書', 13, NOW() - INTERVAL '91 days'),
  ('2762b95a-92db-43dd-b080-583a9d6e2a12', '534bfd65-2af9-4cbe-9ee7-31ccdb0acc30', '耶利米書', 14, NOW() - INTERVAL '91 days'),
  ('2762b95a-92db-43dd-b080-583a9d6e2a12', '534bfd65-2af9-4cbe-9ee7-31ccdb0acc30', '耶利米書', 15, NOW() - INTERVAL '91 days'),
  ('2762b95a-92db-43dd-b080-583a9d6e2a12', '534bfd65-2af9-4cbe-9ee7-31ccdb0acc30', '耶利米書', 16, NOW() - INTERVAL '90 days'),
  ('2762b95a-92db-43dd-b080-583a9d6e2a12', '534bfd65-2af9-4cbe-9ee7-31ccdb0acc30', '耶利米書', 17, NOW() - INTERVAL '90 days'),
  ('2762b95a-92db-43dd-b080-583a9d6e2a12', '534bfd65-2af9-4cbe-9ee7-31ccdb0acc30', '耶利米書', 18, NOW() - INTERVAL '90 days'),
  ('2762b95a-92db-43dd-b080-583a9d6e2a12', '534bfd65-2af9-4cbe-9ee7-31ccdb0acc30', '耶利米書', 19, NOW() - INTERVAL '90 days'),
  ('2762b95a-92db-43dd-b080-583a9d6e2a12', '534bfd65-2af9-4cbe-9ee7-31ccdb0acc30', '耶利米書', 20, NOW() - INTERVAL '90 days'),
  ('2762b95a-92db-43dd-b080-583a9d6e2a12', '534bfd65-2af9-4cbe-9ee7-31ccdb0acc30', '耶利米書', 21, NOW() - INTERVAL '89 days'),
  ('2762b95a-92db-43dd-b080-583a9d6e2a12', '534bfd65-2af9-4cbe-9ee7-31ccdb0acc30', '耶利米書', 22, NOW() - INTERVAL '89 days'),
  ('2762b95a-92db-43dd-b080-583a9d6e2a12', '534bfd65-2af9-4cbe-9ee7-31ccdb0acc30', '耶利米書', 23, NOW() - INTERVAL '89 days'),
  ('2762b95a-92db-43dd-b080-583a9d6e2a12', '534bfd65-2af9-4cbe-9ee7-31ccdb0acc30', '耶利米書', 24, NOW() - INTERVAL '89 days'),
  ('2762b95a-92db-43dd-b080-583a9d6e2a12', '534bfd65-2af9-4cbe-9ee7-31ccdb0acc30', '耶利米書', 25, NOW() - INTERVAL '89 days'),
  ('2762b95a-92db-43dd-b080-583a9d6e2a12', '534bfd65-2af9-4cbe-9ee7-31ccdb0acc30', '耶利米書', 26, NOW() - INTERVAL '88 days'),
  ('2762b95a-92db-43dd-b080-583a9d6e2a12', '534bfd65-2af9-4cbe-9ee7-31ccdb0acc30', '耶利米書', 27, NOW() - INTERVAL '88 days'),
  ('2762b95a-92db-43dd-b080-583a9d6e2a12', '534bfd65-2af9-4cbe-9ee7-31ccdb0acc30', '耶利米書', 28, NOW() - INTERVAL '88 days'),
  ('2762b95a-92db-43dd-b080-583a9d6e2a12', '534bfd65-2af9-4cbe-9ee7-31ccdb0acc30', '耶利米書', 29, NOW() - INTERVAL '88 days'),
  ('2762b95a-92db-43dd-b080-583a9d6e2a12', '534bfd65-2af9-4cbe-9ee7-31ccdb0acc30', '耶利米書', 30, NOW() - INTERVAL '88 days'),
  ('2762b95a-92db-43dd-b080-583a9d6e2a12', '534bfd65-2af9-4cbe-9ee7-31ccdb0acc30', '耶利米書', 31, NOW() - INTERVAL '87 days'),
  ('2762b95a-92db-43dd-b080-583a9d6e2a12', '534bfd65-2af9-4cbe-9ee7-31ccdb0acc30', '耶利米書', 32, NOW() - INTERVAL '87 days'),
  ('2762b95a-92db-43dd-b080-583a9d6e2a12', '534bfd65-2af9-4cbe-9ee7-31ccdb0acc30', '耶利米書', 33, NOW() - INTERVAL '87 days'),
  ('2762b95a-92db-43dd-b080-583a9d6e2a12', '534bfd65-2af9-4cbe-9ee7-31ccdb0acc30', '耶利米書', 34, NOW() - INTERVAL '87 days'),
  ('2762b95a-92db-43dd-b080-583a9d6e2a12', '534bfd65-2af9-4cbe-9ee7-31ccdb0acc30', '耶利米書', 35, NOW() - INTERVAL '87 days'),
  ('2762b95a-92db-43dd-b080-583a9d6e2a12', '534bfd65-2af9-4cbe-9ee7-31ccdb0acc30', '耶利米書', 36, NOW() - INTERVAL '86 days'),
  ('2762b95a-92db-43dd-b080-583a9d6e2a12', '534bfd65-2af9-4cbe-9ee7-31ccdb0acc30', '耶利米書', 37, NOW() - INTERVAL '86 days'),
  ('2762b95a-92db-43dd-b080-583a9d6e2a12', '534bfd65-2af9-4cbe-9ee7-31ccdb0acc30', '耶利米書', 38, NOW() - INTERVAL '86 days'),
  ('2762b95a-92db-43dd-b080-583a9d6e2a12', '534bfd65-2af9-4cbe-9ee7-31ccdb0acc30', '耶利米書', 39, NOW() - INTERVAL '86 days'),
  ('2762b95a-92db-43dd-b080-583a9d6e2a12', '534bfd65-2af9-4cbe-9ee7-31ccdb0acc30', '耶利米書', 40, NOW() - INTERVAL '86 days'),
  ('2762b95a-92db-43dd-b080-583a9d6e2a12', '534bfd65-2af9-4cbe-9ee7-31ccdb0acc30', '耶利米書', 41, NOW() - INTERVAL '85 days'),
  ('2762b95a-92db-43dd-b080-583a9d6e2a12', '534bfd65-2af9-4cbe-9ee7-31ccdb0acc30', '耶利米書', 42, NOW() - INTERVAL '85 days'),
  ('2762b95a-92db-43dd-b080-583a9d6e2a12', '534bfd65-2af9-4cbe-9ee7-31ccdb0acc30', '耶利米書', 43, NOW() - INTERVAL '85 days'),
  ('2762b95a-92db-43dd-b080-583a9d6e2a12', '534bfd65-2af9-4cbe-9ee7-31ccdb0acc30', '耶利米書', 44, NOW() - INTERVAL '85 days'),
  ('2762b95a-92db-43dd-b080-583a9d6e2a12', '534bfd65-2af9-4cbe-9ee7-31ccdb0acc30', '耶利米書', 45, NOW() - INTERVAL '85 days'),
  ('2762b95a-92db-43dd-b080-583a9d6e2a12', '534bfd65-2af9-4cbe-9ee7-31ccdb0acc30', '耶利米書', 46, NOW() - INTERVAL '84 days'),
  ('2762b95a-92db-43dd-b080-583a9d6e2a12', '534bfd65-2af9-4cbe-9ee7-31ccdb0acc30', '耶利米書', 47, NOW() - INTERVAL '84 days'),
  ('2762b95a-92db-43dd-b080-583a9d6e2a12', '534bfd65-2af9-4cbe-9ee7-31ccdb0acc30', '耶利米書', 48, NOW() - INTERVAL '84 days'),
  ('2762b95a-92db-43dd-b080-583a9d6e2a12', '534bfd65-2af9-4cbe-9ee7-31ccdb0acc30', '耶利米書', 49, NOW() - INTERVAL '84 days'),
  ('2762b95a-92db-43dd-b080-583a9d6e2a12', '534bfd65-2af9-4cbe-9ee7-31ccdb0acc30', '耶利米書', 50, NOW() - INTERVAL '84 days'),
  ('2762b95a-92db-43dd-b080-583a9d6e2a12', '534bfd65-2af9-4cbe-9ee7-31ccdb0acc30', '耶利米書', 51, NOW() - INTERVAL '83 days'),
  ('2762b95a-92db-43dd-b080-583a9d6e2a12', '534bfd65-2af9-4cbe-9ee7-31ccdb0acc30', '耶利米書', 52, NOW() - INTERVAL '83 days'),
  ('2762b95a-92db-43dd-b080-583a9d6e2a12', '534bfd65-2af9-4cbe-9ee7-31ccdb0acc30', '彼得後書', 1, NOW() - INTERVAL '83 days'),
  ('2762b95a-92db-43dd-b080-583a9d6e2a12', '534bfd65-2af9-4cbe-9ee7-31ccdb0acc30', '彼得後書', 2, NOW() - INTERVAL '83 days'),
  ('2762b95a-92db-43dd-b080-583a9d6e2a12', '534bfd65-2af9-4cbe-9ee7-31ccdb0acc30', '彼得後書', 3, NOW() - INTERVAL '83 days'),
  ('2762b95a-92db-43dd-b080-583a9d6e2a12', '534bfd65-2af9-4cbe-9ee7-31ccdb0acc30', '西番雅書', 1, NOW() - INTERVAL '82 days'),
  ('2762b95a-92db-43dd-b080-583a9d6e2a12', '534bfd65-2af9-4cbe-9ee7-31ccdb0acc30', '西番雅書', 2, NOW() - INTERVAL '82 days'),
  ('2762b95a-92db-43dd-b080-583a9d6e2a12', '534bfd65-2af9-4cbe-9ee7-31ccdb0acc30', '西番雅書', 3, NOW() - INTERVAL '82 days'),
  ('2762b95a-92db-43dd-b080-583a9d6e2a12', '534bfd65-2af9-4cbe-9ee7-31ccdb0acc30', '哈該書', 1, NOW() - INTERVAL '82 days'),
  ('2762b95a-92db-43dd-b080-583a9d6e2a12', '534bfd65-2af9-4cbe-9ee7-31ccdb0acc30', '哈該書', 2, NOW() - INTERVAL '82 days'),
  ('2762b95a-92db-43dd-b080-583a9d6e2a12', '534bfd65-2af9-4cbe-9ee7-31ccdb0acc30', '士師記', 1, NOW() - INTERVAL '81 days'),
  ('2762b95a-92db-43dd-b080-583a9d6e2a12', '534bfd65-2af9-4cbe-9ee7-31ccdb0acc30', '士師記', 2, NOW() - INTERVAL '81 days'),
  ('2762b95a-92db-43dd-b080-583a9d6e2a12', '534bfd65-2af9-4cbe-9ee7-31ccdb0acc30', '士師記', 3, NOW() - INTERVAL '81 days'),
  ('2762b95a-92db-43dd-b080-583a9d6e2a12', '534bfd65-2af9-4cbe-9ee7-31ccdb0acc30', '士師記', 4, NOW() - INTERVAL '81 days'),
  ('2762b95a-92db-43dd-b080-583a9d6e2a12', '534bfd65-2af9-4cbe-9ee7-31ccdb0acc30', '士師記', 5, NOW() - INTERVAL '81 days'),
  ('2762b95a-92db-43dd-b080-583a9d6e2a12', '534bfd65-2af9-4cbe-9ee7-31ccdb0acc30', '士師記', 6, NOW() - INTERVAL '80 days'),
  ('2762b95a-92db-43dd-b080-583a9d6e2a12', '534bfd65-2af9-4cbe-9ee7-31ccdb0acc30', '士師記', 7, NOW() - INTERVAL '80 days'),
  ('2762b95a-92db-43dd-b080-583a9d6e2a12', '534bfd65-2af9-4cbe-9ee7-31ccdb0acc30', '士師記', 8, NOW() - INTERVAL '80 days'),
  ('2762b95a-92db-43dd-b080-583a9d6e2a12', '534bfd65-2af9-4cbe-9ee7-31ccdb0acc30', '士師記', 9, NOW() - INTERVAL '80 days'),
  ('2762b95a-92db-43dd-b080-583a9d6e2a12', '534bfd65-2af9-4cbe-9ee7-31ccdb0acc30', '士師記', 10, NOW() - INTERVAL '80 days'),
  ('2762b95a-92db-43dd-b080-583a9d6e2a12', '534bfd65-2af9-4cbe-9ee7-31ccdb0acc30', '士師記', 11, NOW() - INTERVAL '79 days'),
  ('2762b95a-92db-43dd-b080-583a9d6e2a12', '534bfd65-2af9-4cbe-9ee7-31ccdb0acc30', '士師記', 12, NOW() - INTERVAL '79 days'),
  ('2762b95a-92db-43dd-b080-583a9d6e2a12', '534bfd65-2af9-4cbe-9ee7-31ccdb0acc30', '士師記', 13, NOW() - INTERVAL '79 days'),
  ('2762b95a-92db-43dd-b080-583a9d6e2a12', '534bfd65-2af9-4cbe-9ee7-31ccdb0acc30', '士師記', 14, NOW() - INTERVAL '79 days'),
  ('2762b95a-92db-43dd-b080-583a9d6e2a12', '534bfd65-2af9-4cbe-9ee7-31ccdb0acc30', '士師記', 15, NOW() - INTERVAL '79 days'),
  ('2762b95a-92db-43dd-b080-583a9d6e2a12', '534bfd65-2af9-4cbe-9ee7-31ccdb0acc30', '士師記', 16, NOW() - INTERVAL '78 days'),
  ('2762b95a-92db-43dd-b080-583a9d6e2a12', '534bfd65-2af9-4cbe-9ee7-31ccdb0acc30', '士師記', 17, NOW() - INTERVAL '78 days'),
  ('2762b95a-92db-43dd-b080-583a9d6e2a12', '534bfd65-2af9-4cbe-9ee7-31ccdb0acc30', '士師記', 18, NOW() - INTERVAL '78 days'),
  ('2762b95a-92db-43dd-b080-583a9d6e2a12', '534bfd65-2af9-4cbe-9ee7-31ccdb0acc30', '士師記', 19, NOW() - INTERVAL '78 days'),
  ('2762b95a-92db-43dd-b080-583a9d6e2a12', '534bfd65-2af9-4cbe-9ee7-31ccdb0acc30', '士師記', 20, NOW() - INTERVAL '78 days'),
  ('2762b95a-92db-43dd-b080-583a9d6e2a12', '534bfd65-2af9-4cbe-9ee7-31ccdb0acc30', '士師記', 21, NOW() - INTERVAL '77 days'),
  ('2762b95a-92db-43dd-b080-583a9d6e2a12', '534bfd65-2af9-4cbe-9ee7-31ccdb0acc30', '哥林多前書', 1, NOW() - INTERVAL '77 days'),
  ('2762b95a-92db-43dd-b080-583a9d6e2a12', '534bfd65-2af9-4cbe-9ee7-31ccdb0acc30', '哥林多前書', 2, NOW() - INTERVAL '77 days'),
  ('2762b95a-92db-43dd-b080-583a9d6e2a12', '534bfd65-2af9-4cbe-9ee7-31ccdb0acc30', '哥林多前書', 3, NOW() - INTERVAL '77 days'),
  ('2762b95a-92db-43dd-b080-583a9d6e2a12', '534bfd65-2af9-4cbe-9ee7-31ccdb0acc30', '哥林多前書', 4, NOW() - INTERVAL '77 days'),
  ('2762b95a-92db-43dd-b080-583a9d6e2a12', '534bfd65-2af9-4cbe-9ee7-31ccdb0acc30', '哥林多前書', 5, NOW() - INTERVAL '76 days'),
  ('2762b95a-92db-43dd-b080-583a9d6e2a12', '534bfd65-2af9-4cbe-9ee7-31ccdb0acc30', '哥林多前書', 6, NOW() - INTERVAL '76 days'),
  ('2762b95a-92db-43dd-b080-583a9d6e2a12', '534bfd65-2af9-4cbe-9ee7-31ccdb0acc30', '哥林多前書', 7, NOW() - INTERVAL '76 days'),
  ('2762b95a-92db-43dd-b080-583a9d6e2a12', '534bfd65-2af9-4cbe-9ee7-31ccdb0acc30', '哥林多前書', 8, NOW() - INTERVAL '76 days'),
  ('2762b95a-92db-43dd-b080-583a9d6e2a12', '534bfd65-2af9-4cbe-9ee7-31ccdb0acc30', '哥林多前書', 9, NOW() - INTERVAL '76 days'),
  ('2762b95a-92db-43dd-b080-583a9d6e2a12', '534bfd65-2af9-4cbe-9ee7-31ccdb0acc30', '哥林多前書', 10, NOW() - INTERVAL '75 days'),
  ('2762b95a-92db-43dd-b080-583a9d6e2a12', '534bfd65-2af9-4cbe-9ee7-31ccdb0acc30', '哥林多前書', 11, NOW() - INTERVAL '75 days'),
  ('2762b95a-92db-43dd-b080-583a9d6e2a12', '534bfd65-2af9-4cbe-9ee7-31ccdb0acc30', '哥林多前書', 12, NOW() - INTERVAL '75 days'),
  ('2762b95a-92db-43dd-b080-583a9d6e2a12', '534bfd65-2af9-4cbe-9ee7-31ccdb0acc30', '哥林多前書', 13, NOW() - INTERVAL '75 days'),
  ('2762b95a-92db-43dd-b080-583a9d6e2a12', '534bfd65-2af9-4cbe-9ee7-31ccdb0acc30', '哥林多前書', 14, NOW() - INTERVAL '75 days'),
  ('2762b95a-92db-43dd-b080-583a9d6e2a12', '534bfd65-2af9-4cbe-9ee7-31ccdb0acc30', '哥林多前書', 15, NOW() - INTERVAL '74 days'),
  ('2762b95a-92db-43dd-b080-583a9d6e2a12', '534bfd65-2af9-4cbe-9ee7-31ccdb0acc30', '哥林多前書', 16, NOW() - INTERVAL '74 days'),
  ('2762b95a-92db-43dd-b080-583a9d6e2a12', '534bfd65-2af9-4cbe-9ee7-31ccdb0acc30', '以斯拉記', 1, NOW() - INTERVAL '74 days'),
  ('2762b95a-92db-43dd-b080-583a9d6e2a12', '534bfd65-2af9-4cbe-9ee7-31ccdb0acc30', '以斯拉記', 2, NOW() - INTERVAL '74 days'),
  ('2762b95a-92db-43dd-b080-583a9d6e2a12', '534bfd65-2af9-4cbe-9ee7-31ccdb0acc30', '以斯拉記', 3, NOW() - INTERVAL '74 days'),
  ('2762b95a-92db-43dd-b080-583a9d6e2a12', '534bfd65-2af9-4cbe-9ee7-31ccdb0acc30', '以斯拉記', 4, NOW() - INTERVAL '73 days'),
  ('2762b95a-92db-43dd-b080-583a9d6e2a12', '534bfd65-2af9-4cbe-9ee7-31ccdb0acc30', '以斯拉記', 5, NOW() - INTERVAL '73 days'),
  ('2762b95a-92db-43dd-b080-583a9d6e2a12', '534bfd65-2af9-4cbe-9ee7-31ccdb0acc30', '以斯拉記', 6, NOW() - INTERVAL '73 days'),
  ('2762b95a-92db-43dd-b080-583a9d6e2a12', '534bfd65-2af9-4cbe-9ee7-31ccdb0acc30', '以斯拉記', 7, NOW() - INTERVAL '73 days'),
  ('2762b95a-92db-43dd-b080-583a9d6e2a12', '534bfd65-2af9-4cbe-9ee7-31ccdb0acc30', '以斯拉記', 8, NOW() - INTERVAL '73 days'),
  ('2762b95a-92db-43dd-b080-583a9d6e2a12', '534bfd65-2af9-4cbe-9ee7-31ccdb0acc30', '以斯拉記', 9, NOW() - INTERVAL '72 days'),
  ('2762b95a-92db-43dd-b080-583a9d6e2a12', '534bfd65-2af9-4cbe-9ee7-31ccdb0acc30', '以斯拉記', 10, NOW() - INTERVAL '72 days'),
  ('2762b95a-92db-43dd-b080-583a9d6e2a12', '534bfd65-2af9-4cbe-9ee7-31ccdb0acc30', '以西結書', 1, NOW() - INTERVAL '72 days'),
  ('2762b95a-92db-43dd-b080-583a9d6e2a12', '534bfd65-2af9-4cbe-9ee7-31ccdb0acc30', '以西結書', 2, NOW() - INTERVAL '72 days'),
  ('2762b95a-92db-43dd-b080-583a9d6e2a12', '534bfd65-2af9-4cbe-9ee7-31ccdb0acc30', '以西結書', 3, NOW() - INTERVAL '72 days'),
  ('2762b95a-92db-43dd-b080-583a9d6e2a12', '534bfd65-2af9-4cbe-9ee7-31ccdb0acc30', '以西結書', 4, NOW() - INTERVAL '71 days'),
  ('2762b95a-92db-43dd-b080-583a9d6e2a12', '534bfd65-2af9-4cbe-9ee7-31ccdb0acc30', '以西結書', 5, NOW() - INTERVAL '71 days'),
  ('2762b95a-92db-43dd-b080-583a9d6e2a12', '534bfd65-2af9-4cbe-9ee7-31ccdb0acc30', '以西結書', 6, NOW() - INTERVAL '71 days'),
  ('2762b95a-92db-43dd-b080-583a9d6e2a12', '534bfd65-2af9-4cbe-9ee7-31ccdb0acc30', '以西結書', 7, NOW() - INTERVAL '71 days'),
  ('2762b95a-92db-43dd-b080-583a9d6e2a12', '534bfd65-2af9-4cbe-9ee7-31ccdb0acc30', '以西結書', 8, NOW() - INTERVAL '71 days'),
  ('2762b95a-92db-43dd-b080-583a9d6e2a12', '534bfd65-2af9-4cbe-9ee7-31ccdb0acc30', '以西結書', 9, NOW() - INTERVAL '70 days'),
  ('2762b95a-92db-43dd-b080-583a9d6e2a12', '534bfd65-2af9-4cbe-9ee7-31ccdb0acc30', '以西結書', 10, NOW() - INTERVAL '70 days'),
  ('2762b95a-92db-43dd-b080-583a9d6e2a12', '534bfd65-2af9-4cbe-9ee7-31ccdb0acc30', '以西結書', 11, NOW() - INTERVAL '70 days'),
  ('2762b95a-92db-43dd-b080-583a9d6e2a12', '534bfd65-2af9-4cbe-9ee7-31ccdb0acc30', '以西結書', 12, NOW() - INTERVAL '70 days'),
  ('2762b95a-92db-43dd-b080-583a9d6e2a12', '534bfd65-2af9-4cbe-9ee7-31ccdb0acc30', '以西結書', 13, NOW() - INTERVAL '70 days'),
  ('2762b95a-92db-43dd-b080-583a9d6e2a12', '534bfd65-2af9-4cbe-9ee7-31ccdb0acc30', '以西結書', 14, NOW() - INTERVAL '69 days'),
  ('2762b95a-92db-43dd-b080-583a9d6e2a12', '534bfd65-2af9-4cbe-9ee7-31ccdb0acc30', '以西結書', 15, NOW() - INTERVAL '69 days'),
  ('2762b95a-92db-43dd-b080-583a9d6e2a12', '534bfd65-2af9-4cbe-9ee7-31ccdb0acc30', '以西結書', 16, NOW() - INTERVAL '69 days'),
  ('2762b95a-92db-43dd-b080-583a9d6e2a12', '534bfd65-2af9-4cbe-9ee7-31ccdb0acc30', '以西結書', 17, NOW() - INTERVAL '69 days'),
  ('2762b95a-92db-43dd-b080-583a9d6e2a12', '534bfd65-2af9-4cbe-9ee7-31ccdb0acc30', '以西結書', 18, NOW() - INTERVAL '69 days'),
  ('2762b95a-92db-43dd-b080-583a9d6e2a12', '534bfd65-2af9-4cbe-9ee7-31ccdb0acc30', '以西結書', 19, NOW() - INTERVAL '68 days'),
  ('2762b95a-92db-43dd-b080-583a9d6e2a12', '534bfd65-2af9-4cbe-9ee7-31ccdb0acc30', '以西結書', 20, NOW() - INTERVAL '68 days'),
  ('2762b95a-92db-43dd-b080-583a9d6e2a12', '534bfd65-2af9-4cbe-9ee7-31ccdb0acc30', '以西結書', 21, NOW() - INTERVAL '68 days'),
  ('2762b95a-92db-43dd-b080-583a9d6e2a12', '534bfd65-2af9-4cbe-9ee7-31ccdb0acc30', '以西結書', 22, NOW() - INTERVAL '68 days'),
  ('2762b95a-92db-43dd-b080-583a9d6e2a12', '534bfd65-2af9-4cbe-9ee7-31ccdb0acc30', '以西結書', 23, NOW() - INTERVAL '68 days'),
  ('2762b95a-92db-43dd-b080-583a9d6e2a12', '534bfd65-2af9-4cbe-9ee7-31ccdb0acc30', '以西結書', 24, NOW() - INTERVAL '67 days'),
  ('2762b95a-92db-43dd-b080-583a9d6e2a12', '534bfd65-2af9-4cbe-9ee7-31ccdb0acc30', '以西結書', 25, NOW() - INTERVAL '67 days'),
  ('2762b95a-92db-43dd-b080-583a9d6e2a12', '534bfd65-2af9-4cbe-9ee7-31ccdb0acc30', '以西結書', 26, NOW() - INTERVAL '67 days'),
  ('2762b95a-92db-43dd-b080-583a9d6e2a12', '534bfd65-2af9-4cbe-9ee7-31ccdb0acc30', '以西結書', 27, NOW() - INTERVAL '67 days'),
  ('2762b95a-92db-43dd-b080-583a9d6e2a12', '534bfd65-2af9-4cbe-9ee7-31ccdb0acc30', '以西結書', 28, NOW() - INTERVAL '67 days'),
  ('2762b95a-92db-43dd-b080-583a9d6e2a12', '534bfd65-2af9-4cbe-9ee7-31ccdb0acc30', '以西結書', 29, NOW() - INTERVAL '66 days'),
  ('2762b95a-92db-43dd-b080-583a9d6e2a12', '534bfd65-2af9-4cbe-9ee7-31ccdb0acc30', '以西結書', 30, NOW() - INTERVAL '66 days'),
  ('2762b95a-92db-43dd-b080-583a9d6e2a12', '534bfd65-2af9-4cbe-9ee7-31ccdb0acc30', '以西結書', 31, NOW() - INTERVAL '66 days'),
  ('2762b95a-92db-43dd-b080-583a9d6e2a12', '534bfd65-2af9-4cbe-9ee7-31ccdb0acc30', '以西結書', 32, NOW() - INTERVAL '66 days'),
  ('2762b95a-92db-43dd-b080-583a9d6e2a12', '534bfd65-2af9-4cbe-9ee7-31ccdb0acc30', '以西結書', 33, NOW() - INTERVAL '66 days'),
  ('2762b95a-92db-43dd-b080-583a9d6e2a12', '534bfd65-2af9-4cbe-9ee7-31ccdb0acc30', '以西結書', 34, NOW() - INTERVAL '65 days'),
  ('2762b95a-92db-43dd-b080-583a9d6e2a12', '534bfd65-2af9-4cbe-9ee7-31ccdb0acc30', '以西結書', 35, NOW() - INTERVAL '65 days'),
  ('2762b95a-92db-43dd-b080-583a9d6e2a12', '534bfd65-2af9-4cbe-9ee7-31ccdb0acc30', '以西結書', 36, NOW() - INTERVAL '65 days'),
  ('2762b95a-92db-43dd-b080-583a9d6e2a12', '534bfd65-2af9-4cbe-9ee7-31ccdb0acc30', '以西結書', 37, NOW() - INTERVAL '65 days'),
  ('2762b95a-92db-43dd-b080-583a9d6e2a12', '534bfd65-2af9-4cbe-9ee7-31ccdb0acc30', '以西結書', 38, NOW() - INTERVAL '65 days'),
  ('2762b95a-92db-43dd-b080-583a9d6e2a12', '534bfd65-2af9-4cbe-9ee7-31ccdb0acc30', '以西結書', 39, NOW() - INTERVAL '64 days'),
  ('2762b95a-92db-43dd-b080-583a9d6e2a12', '534bfd65-2af9-4cbe-9ee7-31ccdb0acc30', '以西結書', 40, NOW() - INTERVAL '64 days'),
  ('2762b95a-92db-43dd-b080-583a9d6e2a12', '534bfd65-2af9-4cbe-9ee7-31ccdb0acc30', '以西結書', 41, NOW() - INTERVAL '64 days'),
  ('2762b95a-92db-43dd-b080-583a9d6e2a12', '534bfd65-2af9-4cbe-9ee7-31ccdb0acc30', '以西結書', 42, NOW() - INTERVAL '64 days'),
  ('2762b95a-92db-43dd-b080-583a9d6e2a12', '534bfd65-2af9-4cbe-9ee7-31ccdb0acc30', '以西結書', 43, NOW() - INTERVAL '64 days'),
  ('2762b95a-92db-43dd-b080-583a9d6e2a12', '534bfd65-2af9-4cbe-9ee7-31ccdb0acc30', '以西結書', 44, NOW() - INTERVAL '63 days'),
  ('2762b95a-92db-43dd-b080-583a9d6e2a12', '534bfd65-2af9-4cbe-9ee7-31ccdb0acc30', '以西結書', 45, NOW() - INTERVAL '63 days'),
  ('2762b95a-92db-43dd-b080-583a9d6e2a12', '534bfd65-2af9-4cbe-9ee7-31ccdb0acc30', '以西結書', 46, NOW() - INTERVAL '63 days'),
  ('2762b95a-92db-43dd-b080-583a9d6e2a12', '534bfd65-2af9-4cbe-9ee7-31ccdb0acc30', '以西結書', 47, NOW() - INTERVAL '63 days'),
  ('2762b95a-92db-43dd-b080-583a9d6e2a12', '534bfd65-2af9-4cbe-9ee7-31ccdb0acc30', '以西結書', 48, NOW() - INTERVAL '63 days'),
  ('2762b95a-92db-43dd-b080-583a9d6e2a12', '534bfd65-2af9-4cbe-9ee7-31ccdb0acc30', '約珥書', 1, NOW() - INTERVAL '62 days'),
  ('2762b95a-92db-43dd-b080-583a9d6e2a12', '534bfd65-2af9-4cbe-9ee7-31ccdb0acc30', '約珥書', 2, NOW() - INTERVAL '62 days'),
  ('2762b95a-92db-43dd-b080-583a9d6e2a12', '534bfd65-2af9-4cbe-9ee7-31ccdb0acc30', '約珥書', 3, NOW() - INTERVAL '62 days'),
  ('2762b95a-92db-43dd-b080-583a9d6e2a12', '534bfd65-2af9-4cbe-9ee7-31ccdb0acc30', '阿摩司書', 1, NOW() - INTERVAL '62 days'),
  ('2762b95a-92db-43dd-b080-583a9d6e2a12', '534bfd65-2af9-4cbe-9ee7-31ccdb0acc30', '阿摩司書', 2, NOW() - INTERVAL '62 days'),
  ('2762b95a-92db-43dd-b080-583a9d6e2a12', '534bfd65-2af9-4cbe-9ee7-31ccdb0acc30', '阿摩司書', 3, NOW() - INTERVAL '61 days'),
  ('2762b95a-92db-43dd-b080-583a9d6e2a12', '534bfd65-2af9-4cbe-9ee7-31ccdb0acc30', '阿摩司書', 4, NOW() - INTERVAL '61 days'),
  ('2762b95a-92db-43dd-b080-583a9d6e2a12', '534bfd65-2af9-4cbe-9ee7-31ccdb0acc30', '阿摩司書', 5, NOW() - INTERVAL '61 days'),
  ('2762b95a-92db-43dd-b080-583a9d6e2a12', '534bfd65-2af9-4cbe-9ee7-31ccdb0acc30', '阿摩司書', 6, NOW() - INTERVAL '61 days'),
  ('2762b95a-92db-43dd-b080-583a9d6e2a12', '534bfd65-2af9-4cbe-9ee7-31ccdb0acc30', '阿摩司書', 7, NOW() - INTERVAL '61 days'),
  ('2762b95a-92db-43dd-b080-583a9d6e2a12', '534bfd65-2af9-4cbe-9ee7-31ccdb0acc30', '阿摩司書', 8, NOW() - INTERVAL '60 days'),
  ('2762b95a-92db-43dd-b080-583a9d6e2a12', '534bfd65-2af9-4cbe-9ee7-31ccdb0acc30', '阿摩司書', 9, NOW() - INTERVAL '60 days'),
  ('2762b95a-92db-43dd-b080-583a9d6e2a12', '534bfd65-2af9-4cbe-9ee7-31ccdb0acc30', '路得記', 1, NOW() - INTERVAL '60 days'),
  ('2762b95a-92db-43dd-b080-583a9d6e2a12', '534bfd65-2af9-4cbe-9ee7-31ccdb0acc30', '路得記', 2, NOW() - INTERVAL '60 days'),
  ('2762b95a-92db-43dd-b080-583a9d6e2a12', '534bfd65-2af9-4cbe-9ee7-31ccdb0acc30', '路得記', 3, NOW() - INTERVAL '60 days'),
  ('2762b95a-92db-43dd-b080-583a9d6e2a12', '534bfd65-2af9-4cbe-9ee7-31ccdb0acc30', '路得記', 4, NOW() - INTERVAL '59 days'),
  ('2762b95a-92db-43dd-b080-583a9d6e2a12', '534bfd65-2af9-4cbe-9ee7-31ccdb0acc30', '哥林多後書', 1, NOW() - INTERVAL '59 days'),
  ('2762b95a-92db-43dd-b080-583a9d6e2a12', '534bfd65-2af9-4cbe-9ee7-31ccdb0acc30', '哥林多後書', 2, NOW() - INTERVAL '59 days'),
  ('2762b95a-92db-43dd-b080-583a9d6e2a12', '534bfd65-2af9-4cbe-9ee7-31ccdb0acc30', '哥林多後書', 3, NOW() - INTERVAL '59 days'),
  ('2762b95a-92db-43dd-b080-583a9d6e2a12', '534bfd65-2af9-4cbe-9ee7-31ccdb0acc30', '哥林多後書', 4, NOW() - INTERVAL '59 days'),
  ('2762b95a-92db-43dd-b080-583a9d6e2a12', '534bfd65-2af9-4cbe-9ee7-31ccdb0acc30', '哥林多後書', 5, NOW() - INTERVAL '58 days'),
  ('2762b95a-92db-43dd-b080-583a9d6e2a12', '534bfd65-2af9-4cbe-9ee7-31ccdb0acc30', '哥林多後書', 6, NOW() - INTERVAL '58 days'),
  ('2762b95a-92db-43dd-b080-583a9d6e2a12', '534bfd65-2af9-4cbe-9ee7-31ccdb0acc30', '哥林多後書', 7, NOW() - INTERVAL '58 days'),
  ('2762b95a-92db-43dd-b080-583a9d6e2a12', '534bfd65-2af9-4cbe-9ee7-31ccdb0acc30', '哥林多後書', 8, NOW() - INTERVAL '58 days'),
  ('2762b95a-92db-43dd-b080-583a9d6e2a12', '534bfd65-2af9-4cbe-9ee7-31ccdb0acc30', '哥林多後書', 9, NOW() - INTERVAL '58 days'),
  ('2762b95a-92db-43dd-b080-583a9d6e2a12', '534bfd65-2af9-4cbe-9ee7-31ccdb0acc30', '哥林多後書', 10, NOW() - INTERVAL '57 days'),
  ('2762b95a-92db-43dd-b080-583a9d6e2a12', '534bfd65-2af9-4cbe-9ee7-31ccdb0acc30', '哥林多後書', 11, NOW() - INTERVAL '57 days'),
  ('2762b95a-92db-43dd-b080-583a9d6e2a12', '534bfd65-2af9-4cbe-9ee7-31ccdb0acc30', '哥林多後書', 12, NOW() - INTERVAL '57 days'),
  ('2762b95a-92db-43dd-b080-583a9d6e2a12', '534bfd65-2af9-4cbe-9ee7-31ccdb0acc30', '哥林多後書', 13, NOW() - INTERVAL '57 days'),
  ('2762b95a-92db-43dd-b080-583a9d6e2a12', '534bfd65-2af9-4cbe-9ee7-31ccdb0acc30', '歷代志上', 1, NOW() - INTERVAL '57 days'),
  ('2762b95a-92db-43dd-b080-583a9d6e2a12', '534bfd65-2af9-4cbe-9ee7-31ccdb0acc30', '歷代志上', 2, NOW() - INTERVAL '56 days'),
  ('2762b95a-92db-43dd-b080-583a9d6e2a12', '534bfd65-2af9-4cbe-9ee7-31ccdb0acc30', '歷代志上', 3, NOW() - INTERVAL '56 days'),
  ('2762b95a-92db-43dd-b080-583a9d6e2a12', '534bfd65-2af9-4cbe-9ee7-31ccdb0acc30', '歷代志上', 4, NOW() - INTERVAL '56 days'),
  ('2762b95a-92db-43dd-b080-583a9d6e2a12', '534bfd65-2af9-4cbe-9ee7-31ccdb0acc30', '歷代志上', 5, NOW() - INTERVAL '56 days'),
  ('2762b95a-92db-43dd-b080-583a9d6e2a12', '534bfd65-2af9-4cbe-9ee7-31ccdb0acc30', '歷代志上', 6, NOW() - INTERVAL '56 days'),
  ('2762b95a-92db-43dd-b080-583a9d6e2a12', '534bfd65-2af9-4cbe-9ee7-31ccdb0acc30', '歷代志上', 7, NOW() - INTERVAL '55 days'),
  ('2762b95a-92db-43dd-b080-583a9d6e2a12', '534bfd65-2af9-4cbe-9ee7-31ccdb0acc30', '歷代志上', 8, NOW() - INTERVAL '55 days'),
  ('2762b95a-92db-43dd-b080-583a9d6e2a12', '534bfd65-2af9-4cbe-9ee7-31ccdb0acc30', '歷代志上', 9, NOW() - INTERVAL '55 days'),
  ('2762b95a-92db-43dd-b080-583a9d6e2a12', '534bfd65-2af9-4cbe-9ee7-31ccdb0acc30', '歷代志上', 10, NOW() - INTERVAL '55 days'),
  ('2762b95a-92db-43dd-b080-583a9d6e2a12', '534bfd65-2af9-4cbe-9ee7-31ccdb0acc30', '歷代志上', 11, NOW() - INTERVAL '55 days'),
  ('2762b95a-92db-43dd-b080-583a9d6e2a12', '534bfd65-2af9-4cbe-9ee7-31ccdb0acc30', '歷代志上', 12, NOW() - INTERVAL '54 days'),
  ('2762b95a-92db-43dd-b080-583a9d6e2a12', '534bfd65-2af9-4cbe-9ee7-31ccdb0acc30', '歷代志上', 13, NOW() - INTERVAL '54 days'),
  ('2762b95a-92db-43dd-b080-583a9d6e2a12', '534bfd65-2af9-4cbe-9ee7-31ccdb0acc30', '歷代志上', 14, NOW() - INTERVAL '54 days'),
  ('2762b95a-92db-43dd-b080-583a9d6e2a12', '534bfd65-2af9-4cbe-9ee7-31ccdb0acc30', '歷代志上', 15, NOW() - INTERVAL '54 days'),
  ('2762b95a-92db-43dd-b080-583a9d6e2a12', '534bfd65-2af9-4cbe-9ee7-31ccdb0acc30', '歷代志上', 16, NOW() - INTERVAL '54 days'),
  ('2762b95a-92db-43dd-b080-583a9d6e2a12', '534bfd65-2af9-4cbe-9ee7-31ccdb0acc30', '歷代志上', 17, NOW() - INTERVAL '53 days'),
  ('2762b95a-92db-43dd-b080-583a9d6e2a12', '534bfd65-2af9-4cbe-9ee7-31ccdb0acc30', '歷代志上', 18, NOW() - INTERVAL '53 days'),
  ('2762b95a-92db-43dd-b080-583a9d6e2a12', '534bfd65-2af9-4cbe-9ee7-31ccdb0acc30', '歷代志上', 19, NOW() - INTERVAL '53 days'),
  ('2762b95a-92db-43dd-b080-583a9d6e2a12', '534bfd65-2af9-4cbe-9ee7-31ccdb0acc30', '歷代志上', 20, NOW() - INTERVAL '53 days'),
  ('2762b95a-92db-43dd-b080-583a9d6e2a12', '534bfd65-2af9-4cbe-9ee7-31ccdb0acc30', '歷代志上', 21, NOW() - INTERVAL '53 days'),
  ('2762b95a-92db-43dd-b080-583a9d6e2a12', '534bfd65-2af9-4cbe-9ee7-31ccdb0acc30', '歷代志上', 22, NOW() - INTERVAL '52 days'),
  ('2762b95a-92db-43dd-b080-583a9d6e2a12', '534bfd65-2af9-4cbe-9ee7-31ccdb0acc30', '歷代志上', 23, NOW() - INTERVAL '52 days'),
  ('2762b95a-92db-43dd-b080-583a9d6e2a12', '534bfd65-2af9-4cbe-9ee7-31ccdb0acc30', '歷代志上', 24, NOW() - INTERVAL '52 days'),
  ('2762b95a-92db-43dd-b080-583a9d6e2a12', '534bfd65-2af9-4cbe-9ee7-31ccdb0acc30', '歷代志上', 25, NOW() - INTERVAL '52 days'),
  ('2762b95a-92db-43dd-b080-583a9d6e2a12', '534bfd65-2af9-4cbe-9ee7-31ccdb0acc30', '歷代志上', 26, NOW() - INTERVAL '52 days'),
  ('2762b95a-92db-43dd-b080-583a9d6e2a12', '534bfd65-2af9-4cbe-9ee7-31ccdb0acc30', '歷代志上', 27, NOW() - INTERVAL '51 days'),
  ('2762b95a-92db-43dd-b080-583a9d6e2a12', '534bfd65-2af9-4cbe-9ee7-31ccdb0acc30', '歷代志上', 28, NOW() - INTERVAL '51 days'),
  ('2762b95a-92db-43dd-b080-583a9d6e2a12', '534bfd65-2af9-4cbe-9ee7-31ccdb0acc30', '歷代志上', 29, NOW() - INTERVAL '51 days'),
  ('2762b95a-92db-43dd-b080-583a9d6e2a12', '534bfd65-2af9-4cbe-9ee7-31ccdb0acc30', '提摩太前書', 1, NOW() - INTERVAL '51 days'),
  ('2762b95a-92db-43dd-b080-583a9d6e2a12', '534bfd65-2af9-4cbe-9ee7-31ccdb0acc30', '提摩太前書', 2, NOW() - INTERVAL '51 days'),
  ('2762b95a-92db-43dd-b080-583a9d6e2a12', '534bfd65-2af9-4cbe-9ee7-31ccdb0acc30', '提摩太前書', 3, NOW() - INTERVAL '50 days'),
  ('2762b95a-92db-43dd-b080-583a9d6e2a12', '534bfd65-2af9-4cbe-9ee7-31ccdb0acc30', '提摩太前書', 4, NOW() - INTERVAL '50 days'),
  ('2762b95a-92db-43dd-b080-583a9d6e2a12', '534bfd65-2af9-4cbe-9ee7-31ccdb0acc30', '提摩太前書', 5, NOW() - INTERVAL '50 days'),
  ('2762b95a-92db-43dd-b080-583a9d6e2a12', '534bfd65-2af9-4cbe-9ee7-31ccdb0acc30', '提摩太前書', 6, NOW() - INTERVAL '50 days'),
  ('2762b95a-92db-43dd-b080-583a9d6e2a12', '534bfd65-2af9-4cbe-9ee7-31ccdb0acc30', '俄巴底亞書', 1, NOW() - INTERVAL '50 days'),
  ('2762b95a-92db-43dd-b080-583a9d6e2a12', '534bfd65-2af9-4cbe-9ee7-31ccdb0acc30', '那鴻書', 1, NOW() - INTERVAL '49 days'),
  ('2762b95a-92db-43dd-b080-583a9d6e2a12', '534bfd65-2af9-4cbe-9ee7-31ccdb0acc30', '那鴻書', 2, NOW() - INTERVAL '49 days'),
  ('2762b95a-92db-43dd-b080-583a9d6e2a12', '534bfd65-2af9-4cbe-9ee7-31ccdb0acc30', '那鴻書', 3, NOW() - INTERVAL '49 days'),
  ('2762b95a-92db-43dd-b080-583a9d6e2a12', '534bfd65-2af9-4cbe-9ee7-31ccdb0acc30', '撒母耳記上', 1, NOW() - INTERVAL '49 days'),
  ('2762b95a-92db-43dd-b080-583a9d6e2a12', '534bfd65-2af9-4cbe-9ee7-31ccdb0acc30', '撒母耳記上', 2, NOW() - INTERVAL '49 days'),
  ('2762b95a-92db-43dd-b080-583a9d6e2a12', '534bfd65-2af9-4cbe-9ee7-31ccdb0acc30', '撒母耳記上', 3, NOW() - INTERVAL '48 days'),
  ('2762b95a-92db-43dd-b080-583a9d6e2a12', '534bfd65-2af9-4cbe-9ee7-31ccdb0acc30', '撒母耳記上', 4, NOW() - INTERVAL '48 days'),
  ('2762b95a-92db-43dd-b080-583a9d6e2a12', '534bfd65-2af9-4cbe-9ee7-31ccdb0acc30', '撒母耳記上', 5, NOW() - INTERVAL '48 days'),
  ('2762b95a-92db-43dd-b080-583a9d6e2a12', '534bfd65-2af9-4cbe-9ee7-31ccdb0acc30', '撒母耳記上', 6, NOW() - INTERVAL '48 days'),
  ('2762b95a-92db-43dd-b080-583a9d6e2a12', '534bfd65-2af9-4cbe-9ee7-31ccdb0acc30', '撒母耳記上', 7, NOW() - INTERVAL '48 days'),
  ('2762b95a-92db-43dd-b080-583a9d6e2a12', '534bfd65-2af9-4cbe-9ee7-31ccdb0acc30', '撒母耳記上', 8, NOW() - INTERVAL '47 days'),
  ('2762b95a-92db-43dd-b080-583a9d6e2a12', '534bfd65-2af9-4cbe-9ee7-31ccdb0acc30', '撒母耳記上', 9, NOW() - INTERVAL '47 days'),
  ('2762b95a-92db-43dd-b080-583a9d6e2a12', '534bfd65-2af9-4cbe-9ee7-31ccdb0acc30', '撒母耳記上', 10, NOW() - INTERVAL '47 days'),
  ('2762b95a-92db-43dd-b080-583a9d6e2a12', '534bfd65-2af9-4cbe-9ee7-31ccdb0acc30', '撒母耳記上', 11, NOW() - INTERVAL '47 days'),
  ('2762b95a-92db-43dd-b080-583a9d6e2a12', '534bfd65-2af9-4cbe-9ee7-31ccdb0acc30', '撒母耳記上', 12, NOW() - INTERVAL '47 days'),
  ('2762b95a-92db-43dd-b080-583a9d6e2a12', '534bfd65-2af9-4cbe-9ee7-31ccdb0acc30', '撒母耳記上', 13, NOW() - INTERVAL '46 days'),
  ('2762b95a-92db-43dd-b080-583a9d6e2a12', '534bfd65-2af9-4cbe-9ee7-31ccdb0acc30', '撒母耳記上', 14, NOW() - INTERVAL '46 days'),
  ('2762b95a-92db-43dd-b080-583a9d6e2a12', '534bfd65-2af9-4cbe-9ee7-31ccdb0acc30', '撒母耳記上', 15, NOW() - INTERVAL '46 days'),
  ('2762b95a-92db-43dd-b080-583a9d6e2a12', '534bfd65-2af9-4cbe-9ee7-31ccdb0acc30', '撒母耳記上', 16, NOW() - INTERVAL '46 days'),
  ('2762b95a-92db-43dd-b080-583a9d6e2a12', '534bfd65-2af9-4cbe-9ee7-31ccdb0acc30', '撒母耳記上', 17, NOW() - INTERVAL '46 days'),
  ('2762b95a-92db-43dd-b080-583a9d6e2a12', '534bfd65-2af9-4cbe-9ee7-31ccdb0acc30', '撒母耳記上', 18, NOW() - INTERVAL '45 days'),
  ('2762b95a-92db-43dd-b080-583a9d6e2a12', '534bfd65-2af9-4cbe-9ee7-31ccdb0acc30', '撒母耳記上', 19, NOW() - INTERVAL '45 days'),
  ('2762b95a-92db-43dd-b080-583a9d6e2a12', '534bfd65-2af9-4cbe-9ee7-31ccdb0acc30', '撒母耳記上', 20, NOW() - INTERVAL '45 days'),
  ('2762b95a-92db-43dd-b080-583a9d6e2a12', '534bfd65-2af9-4cbe-9ee7-31ccdb0acc30', '撒母耳記上', 21, NOW() - INTERVAL '45 days'),
  ('2762b95a-92db-43dd-b080-583a9d6e2a12', '534bfd65-2af9-4cbe-9ee7-31ccdb0acc30', '撒母耳記上', 22, NOW() - INTERVAL '45 days'),
  ('2762b95a-92db-43dd-b080-583a9d6e2a12', '534bfd65-2af9-4cbe-9ee7-31ccdb0acc30', '撒母耳記上', 23, NOW() - INTERVAL '44 days'),
  ('2762b95a-92db-43dd-b080-583a9d6e2a12', '534bfd65-2af9-4cbe-9ee7-31ccdb0acc30', '撒母耳記上', 24, NOW() - INTERVAL '44 days'),
  ('2762b95a-92db-43dd-b080-583a9d6e2a12', '534bfd65-2af9-4cbe-9ee7-31ccdb0acc30', '撒母耳記上', 25, NOW() - INTERVAL '44 days'),
  ('2762b95a-92db-43dd-b080-583a9d6e2a12', '534bfd65-2af9-4cbe-9ee7-31ccdb0acc30', '撒母耳記上', 26, NOW() - INTERVAL '44 days'),
  ('2762b95a-92db-43dd-b080-583a9d6e2a12', '534bfd65-2af9-4cbe-9ee7-31ccdb0acc30', '撒母耳記上', 27, NOW() - INTERVAL '44 days'),
  ('2762b95a-92db-43dd-b080-583a9d6e2a12', '534bfd65-2af9-4cbe-9ee7-31ccdb0acc30', '撒母耳記上', 28, NOW() - INTERVAL '43 days'),
  ('2762b95a-92db-43dd-b080-583a9d6e2a12', '534bfd65-2af9-4cbe-9ee7-31ccdb0acc30', '撒母耳記上', 29, NOW() - INTERVAL '43 days'),
  ('2762b95a-92db-43dd-b080-583a9d6e2a12', '534bfd65-2af9-4cbe-9ee7-31ccdb0acc30', '撒母耳記上', 30, NOW() - INTERVAL '43 days'),
  ('2762b95a-92db-43dd-b080-583a9d6e2a12', '534bfd65-2af9-4cbe-9ee7-31ccdb0acc30', '撒母耳記上', 31, NOW() - INTERVAL '43 days'),
  ('2762b95a-92db-43dd-b080-583a9d6e2a12', '534bfd65-2af9-4cbe-9ee7-31ccdb0acc30', '以弗所書', 1, NOW() - INTERVAL '43 days'),
  ('2762b95a-92db-43dd-b080-583a9d6e2a12', '534bfd65-2af9-4cbe-9ee7-31ccdb0acc30', '以弗所書', 2, NOW() - INTERVAL '42 days'),
  ('2762b95a-92db-43dd-b080-583a9d6e2a12', '534bfd65-2af9-4cbe-9ee7-31ccdb0acc30', '以弗所書', 3, NOW() - INTERVAL '42 days'),
  ('2762b95a-92db-43dd-b080-583a9d6e2a12', '534bfd65-2af9-4cbe-9ee7-31ccdb0acc30', '以弗所書', 4, NOW() - INTERVAL '42 days'),
  ('2762b95a-92db-43dd-b080-583a9d6e2a12', '534bfd65-2af9-4cbe-9ee7-31ccdb0acc30', '以弗所書', 5, NOW() - INTERVAL '42 days'),
  ('2762b95a-92db-43dd-b080-583a9d6e2a12', '534bfd65-2af9-4cbe-9ee7-31ccdb0acc30', '以弗所書', 6, NOW() - INTERVAL '42 days'),
  ('2762b95a-92db-43dd-b080-583a9d6e2a12', '534bfd65-2af9-4cbe-9ee7-31ccdb0acc30', '以賽亞書', 1, NOW() - INTERVAL '41 days'),
  ('2762b95a-92db-43dd-b080-583a9d6e2a12', '534bfd65-2af9-4cbe-9ee7-31ccdb0acc30', '以賽亞書', 2, NOW() - INTERVAL '41 days'),
  ('2762b95a-92db-43dd-b080-583a9d6e2a12', '534bfd65-2af9-4cbe-9ee7-31ccdb0acc30', '以賽亞書', 3, NOW() - INTERVAL '41 days'),
  ('2762b95a-92db-43dd-b080-583a9d6e2a12', '534bfd65-2af9-4cbe-9ee7-31ccdb0acc30', '以賽亞書', 4, NOW() - INTERVAL '41 days'),
  ('2762b95a-92db-43dd-b080-583a9d6e2a12', '534bfd65-2af9-4cbe-9ee7-31ccdb0acc30', '以賽亞書', 5, NOW() - INTERVAL '41 days'),
  ('2762b95a-92db-43dd-b080-583a9d6e2a12', '534bfd65-2af9-4cbe-9ee7-31ccdb0acc30', '以賽亞書', 6, NOW() - INTERVAL '40 days'),
  ('2762b95a-92db-43dd-b080-583a9d6e2a12', '534bfd65-2af9-4cbe-9ee7-31ccdb0acc30', '以賽亞書', 7, NOW() - INTERVAL '40 days'),
  ('2762b95a-92db-43dd-b080-583a9d6e2a12', '534bfd65-2af9-4cbe-9ee7-31ccdb0acc30', '以賽亞書', 8, NOW() - INTERVAL '40 days'),
  ('2762b95a-92db-43dd-b080-583a9d6e2a12', '534bfd65-2af9-4cbe-9ee7-31ccdb0acc30', '以賽亞書', 9, NOW() - INTERVAL '40 days'),
  ('2762b95a-92db-43dd-b080-583a9d6e2a12', '534bfd65-2af9-4cbe-9ee7-31ccdb0acc30', '以賽亞書', 10, NOW() - INTERVAL '40 days'),
  ('2762b95a-92db-43dd-b080-583a9d6e2a12', '534bfd65-2af9-4cbe-9ee7-31ccdb0acc30', '以賽亞書', 11, NOW() - INTERVAL '39 days'),
  ('2762b95a-92db-43dd-b080-583a9d6e2a12', '534bfd65-2af9-4cbe-9ee7-31ccdb0acc30', '以賽亞書', 12, NOW() - INTERVAL '39 days'),
  ('2762b95a-92db-43dd-b080-583a9d6e2a12', '534bfd65-2af9-4cbe-9ee7-31ccdb0acc30', '以賽亞書', 13, NOW() - INTERVAL '39 days'),
  ('2762b95a-92db-43dd-b080-583a9d6e2a12', '534bfd65-2af9-4cbe-9ee7-31ccdb0acc30', '以賽亞書', 14, NOW() - INTERVAL '39 days'),
  ('2762b95a-92db-43dd-b080-583a9d6e2a12', '534bfd65-2af9-4cbe-9ee7-31ccdb0acc30', '以賽亞書', 15, NOW() - INTERVAL '39 days'),
  ('2762b95a-92db-43dd-b080-583a9d6e2a12', '534bfd65-2af9-4cbe-9ee7-31ccdb0acc30', '以賽亞書', 16, NOW() - INTERVAL '38 days'),
  ('2762b95a-92db-43dd-b080-583a9d6e2a12', '534bfd65-2af9-4cbe-9ee7-31ccdb0acc30', '以賽亞書', 17, NOW() - INTERVAL '38 days'),
  ('2762b95a-92db-43dd-b080-583a9d6e2a12', '534bfd65-2af9-4cbe-9ee7-31ccdb0acc30', '以賽亞書', 18, NOW() - INTERVAL '38 days'),
  ('2762b95a-92db-43dd-b080-583a9d6e2a12', '534bfd65-2af9-4cbe-9ee7-31ccdb0acc30', '以賽亞書', 19, NOW() - INTERVAL '38 days'),
  ('2762b95a-92db-43dd-b080-583a9d6e2a12', '534bfd65-2af9-4cbe-9ee7-31ccdb0acc30', '以賽亞書', 20, NOW() - INTERVAL '38 days'),
  ('2762b95a-92db-43dd-b080-583a9d6e2a12', '534bfd65-2af9-4cbe-9ee7-31ccdb0acc30', '以賽亞書', 21, NOW() - INTERVAL '37 days'),
  ('2762b95a-92db-43dd-b080-583a9d6e2a12', '534bfd65-2af9-4cbe-9ee7-31ccdb0acc30', '以賽亞書', 22, NOW() - INTERVAL '37 days'),
  ('2762b95a-92db-43dd-b080-583a9d6e2a12', '534bfd65-2af9-4cbe-9ee7-31ccdb0acc30', '以賽亞書', 23, NOW() - INTERVAL '37 days'),
  ('2762b95a-92db-43dd-b080-583a9d6e2a12', '534bfd65-2af9-4cbe-9ee7-31ccdb0acc30', '以賽亞書', 24, NOW() - INTERVAL '37 days'),
  ('2762b95a-92db-43dd-b080-583a9d6e2a12', '534bfd65-2af9-4cbe-9ee7-31ccdb0acc30', '以賽亞書', 25, NOW() - INTERVAL '37 days'),
  ('2762b95a-92db-43dd-b080-583a9d6e2a12', '534bfd65-2af9-4cbe-9ee7-31ccdb0acc30', '以賽亞書', 26, NOW() - INTERVAL '36 days'),
  ('2762b95a-92db-43dd-b080-583a9d6e2a12', '534bfd65-2af9-4cbe-9ee7-31ccdb0acc30', '以賽亞書', 27, NOW() - INTERVAL '36 days'),
  ('2762b95a-92db-43dd-b080-583a9d6e2a12', '534bfd65-2af9-4cbe-9ee7-31ccdb0acc30', '以賽亞書', 28, NOW() - INTERVAL '36 days'),
  ('2762b95a-92db-43dd-b080-583a9d6e2a12', '534bfd65-2af9-4cbe-9ee7-31ccdb0acc30', '以賽亞書', 29, NOW() - INTERVAL '36 days'),
  ('2762b95a-92db-43dd-b080-583a9d6e2a12', '534bfd65-2af9-4cbe-9ee7-31ccdb0acc30', '以賽亞書', 30, NOW() - INTERVAL '36 days'),
  ('2762b95a-92db-43dd-b080-583a9d6e2a12', '534bfd65-2af9-4cbe-9ee7-31ccdb0acc30', '以賽亞書', 31, NOW() - INTERVAL '35 days'),
  ('2762b95a-92db-43dd-b080-583a9d6e2a12', '534bfd65-2af9-4cbe-9ee7-31ccdb0acc30', '以賽亞書', 32, NOW() - INTERVAL '35 days'),
  ('2762b95a-92db-43dd-b080-583a9d6e2a12', '534bfd65-2af9-4cbe-9ee7-31ccdb0acc30', '以賽亞書', 33, NOW() - INTERVAL '35 days'),
  ('2762b95a-92db-43dd-b080-583a9d6e2a12', '534bfd65-2af9-4cbe-9ee7-31ccdb0acc30', '以賽亞書', 34, NOW() - INTERVAL '35 days'),
  ('2762b95a-92db-43dd-b080-583a9d6e2a12', '534bfd65-2af9-4cbe-9ee7-31ccdb0acc30', '以賽亞書', 35, NOW() - INTERVAL '35 days'),
  ('2762b95a-92db-43dd-b080-583a9d6e2a12', '534bfd65-2af9-4cbe-9ee7-31ccdb0acc30', '以賽亞書', 36, NOW() - INTERVAL '34 days'),
  ('2762b95a-92db-43dd-b080-583a9d6e2a12', '534bfd65-2af9-4cbe-9ee7-31ccdb0acc30', '以賽亞書', 37, NOW() - INTERVAL '34 days'),
  ('2762b95a-92db-43dd-b080-583a9d6e2a12', '534bfd65-2af9-4cbe-9ee7-31ccdb0acc30', '以賽亞書', 38, NOW() - INTERVAL '34 days'),
  ('2762b95a-92db-43dd-b080-583a9d6e2a12', '534bfd65-2af9-4cbe-9ee7-31ccdb0acc30', '以賽亞書', 39, NOW() - INTERVAL '34 days'),
  ('2762b95a-92db-43dd-b080-583a9d6e2a12', '534bfd65-2af9-4cbe-9ee7-31ccdb0acc30', '以賽亞書', 40, NOW() - INTERVAL '34 days'),
  ('2762b95a-92db-43dd-b080-583a9d6e2a12', '534bfd65-2af9-4cbe-9ee7-31ccdb0acc30', '以賽亞書', 41, NOW() - INTERVAL '33 days'),
  ('2762b95a-92db-43dd-b080-583a9d6e2a12', '534bfd65-2af9-4cbe-9ee7-31ccdb0acc30', '以賽亞書', 42, NOW() - INTERVAL '33 days'),
  ('2762b95a-92db-43dd-b080-583a9d6e2a12', '534bfd65-2af9-4cbe-9ee7-31ccdb0acc30', '以賽亞書', 43, NOW() - INTERVAL '33 days'),
  ('2762b95a-92db-43dd-b080-583a9d6e2a12', '534bfd65-2af9-4cbe-9ee7-31ccdb0acc30', '以賽亞書', 44, NOW() - INTERVAL '33 days'),
  ('2762b95a-92db-43dd-b080-583a9d6e2a12', '534bfd65-2af9-4cbe-9ee7-31ccdb0acc30', '以賽亞書', 45, NOW() - INTERVAL '33 days'),
  ('2762b95a-92db-43dd-b080-583a9d6e2a12', '534bfd65-2af9-4cbe-9ee7-31ccdb0acc30', '以賽亞書', 46, NOW() - INTERVAL '32 days'),
  ('2762b95a-92db-43dd-b080-583a9d6e2a12', '534bfd65-2af9-4cbe-9ee7-31ccdb0acc30', '以賽亞書', 47, NOW() - INTERVAL '32 days'),
  ('2762b95a-92db-43dd-b080-583a9d6e2a12', '534bfd65-2af9-4cbe-9ee7-31ccdb0acc30', '以賽亞書', 48, NOW() - INTERVAL '32 days'),
  ('2762b95a-92db-43dd-b080-583a9d6e2a12', '534bfd65-2af9-4cbe-9ee7-31ccdb0acc30', '以賽亞書', 49, NOW() - INTERVAL '32 days'),
  ('2762b95a-92db-43dd-b080-583a9d6e2a12', '534bfd65-2af9-4cbe-9ee7-31ccdb0acc30', '以賽亞書', 50, NOW() - INTERVAL '32 days'),
  ('2762b95a-92db-43dd-b080-583a9d6e2a12', '534bfd65-2af9-4cbe-9ee7-31ccdb0acc30', '以賽亞書', 51, NOW() - INTERVAL '31 days'),
  ('2762b95a-92db-43dd-b080-583a9d6e2a12', '534bfd65-2af9-4cbe-9ee7-31ccdb0acc30', '以賽亞書', 52, NOW() - INTERVAL '31 days'),
  ('2762b95a-92db-43dd-b080-583a9d6e2a12', '534bfd65-2af9-4cbe-9ee7-31ccdb0acc30', '以賽亞書', 53, NOW() - INTERVAL '31 days'),
  ('2762b95a-92db-43dd-b080-583a9d6e2a12', '534bfd65-2af9-4cbe-9ee7-31ccdb0acc30', '以賽亞書', 54, NOW() - INTERVAL '31 days'),
  ('2762b95a-92db-43dd-b080-583a9d6e2a12', '534bfd65-2af9-4cbe-9ee7-31ccdb0acc30', '以賽亞書', 55, NOW() - INTERVAL '31 days'),
  ('2762b95a-92db-43dd-b080-583a9d6e2a12', '534bfd65-2af9-4cbe-9ee7-31ccdb0acc30', '以賽亞書', 56, NOW() - INTERVAL '30 days'),
  ('2762b95a-92db-43dd-b080-583a9d6e2a12', '534bfd65-2af9-4cbe-9ee7-31ccdb0acc30', '以賽亞書', 57, NOW() - INTERVAL '30 days'),
  ('2762b95a-92db-43dd-b080-583a9d6e2a12', '534bfd65-2af9-4cbe-9ee7-31ccdb0acc30', '以賽亞書', 58, NOW() - INTERVAL '30 days'),
  ('2762b95a-92db-43dd-b080-583a9d6e2a12', '534bfd65-2af9-4cbe-9ee7-31ccdb0acc30', '以賽亞書', 59, NOW() - INTERVAL '30 days'),
  ('2762b95a-92db-43dd-b080-583a9d6e2a12', '534bfd65-2af9-4cbe-9ee7-31ccdb0acc30', '以賽亞書', 60, NOW() - INTERVAL '30 days'),
  ('2762b95a-92db-43dd-b080-583a9d6e2a12', '534bfd65-2af9-4cbe-9ee7-31ccdb0acc30', '以賽亞書', 61, NOW() - INTERVAL '29 days'),
  ('2762b95a-92db-43dd-b080-583a9d6e2a12', '534bfd65-2af9-4cbe-9ee7-31ccdb0acc30', '以賽亞書', 62, NOW() - INTERVAL '29 days'),
  ('2762b95a-92db-43dd-b080-583a9d6e2a12', '534bfd65-2af9-4cbe-9ee7-31ccdb0acc30', '以賽亞書', 63, NOW() - INTERVAL '29 days'),
  ('2762b95a-92db-43dd-b080-583a9d6e2a12', '534bfd65-2af9-4cbe-9ee7-31ccdb0acc30', '以賽亞書', 64, NOW() - INTERVAL '29 days'),
  ('2762b95a-92db-43dd-b080-583a9d6e2a12', '534bfd65-2af9-4cbe-9ee7-31ccdb0acc30', '以賽亞書', 65, NOW() - INTERVAL '29 days'),
  ('2762b95a-92db-43dd-b080-583a9d6e2a12', '534bfd65-2af9-4cbe-9ee7-31ccdb0acc30', '以賽亞書', 66, NOW() - INTERVAL '28 days'),
  ('2762b95a-92db-43dd-b080-583a9d6e2a12', '534bfd65-2af9-4cbe-9ee7-31ccdb0acc30', '彼得前書', 1, NOW() - INTERVAL '28 days'),
  ('2762b95a-92db-43dd-b080-583a9d6e2a12', '534bfd65-2af9-4cbe-9ee7-31ccdb0acc30', '彼得前書', 2, NOW() - INTERVAL '28 days'),
  ('2762b95a-92db-43dd-b080-583a9d6e2a12', '534bfd65-2af9-4cbe-9ee7-31ccdb0acc30', '彼得前書', 3, NOW() - INTERVAL '28 days'),
  ('2762b95a-92db-43dd-b080-583a9d6e2a12', '534bfd65-2af9-4cbe-9ee7-31ccdb0acc30', '彼得前書', 4, NOW() - INTERVAL '28 days'),
  ('2762b95a-92db-43dd-b080-583a9d6e2a12', '534bfd65-2af9-4cbe-9ee7-31ccdb0acc30', '彼得前書', 5, NOW() - INTERVAL '27 days'),
  ('2762b95a-92db-43dd-b080-583a9d6e2a12', '534bfd65-2af9-4cbe-9ee7-31ccdb0acc30', '撒母耳記下', 1, NOW() - INTERVAL '27 days'),
  ('2762b95a-92db-43dd-b080-583a9d6e2a12', '534bfd65-2af9-4cbe-9ee7-31ccdb0acc30', '撒母耳記下', 2, NOW() - INTERVAL '27 days'),
  ('2762b95a-92db-43dd-b080-583a9d6e2a12', '534bfd65-2af9-4cbe-9ee7-31ccdb0acc30', '撒母耳記下', 3, NOW() - INTERVAL '27 days'),
  ('2762b95a-92db-43dd-b080-583a9d6e2a12', '534bfd65-2af9-4cbe-9ee7-31ccdb0acc30', '撒母耳記下', 4, NOW() - INTERVAL '27 days'),
  ('2762b95a-92db-43dd-b080-583a9d6e2a12', '534bfd65-2af9-4cbe-9ee7-31ccdb0acc30', '撒母耳記下', 5, NOW() - INTERVAL '26 days'),
  ('2762b95a-92db-43dd-b080-583a9d6e2a12', '534bfd65-2af9-4cbe-9ee7-31ccdb0acc30', '撒母耳記下', 6, NOW() - INTERVAL '26 days'),
  ('2762b95a-92db-43dd-b080-583a9d6e2a12', '534bfd65-2af9-4cbe-9ee7-31ccdb0acc30', '撒母耳記下', 7, NOW() - INTERVAL '26 days'),
  ('2762b95a-92db-43dd-b080-583a9d6e2a12', '534bfd65-2af9-4cbe-9ee7-31ccdb0acc30', '撒母耳記下', 8, NOW() - INTERVAL '26 days'),
  ('2762b95a-92db-43dd-b080-583a9d6e2a12', '534bfd65-2af9-4cbe-9ee7-31ccdb0acc30', '撒母耳記下', 9, NOW() - INTERVAL '26 days'),
  ('2762b95a-92db-43dd-b080-583a9d6e2a12', '534bfd65-2af9-4cbe-9ee7-31ccdb0acc30', '撒母耳記下', 10, NOW() - INTERVAL '25 days'),
  ('2762b95a-92db-43dd-b080-583a9d6e2a12', '534bfd65-2af9-4cbe-9ee7-31ccdb0acc30', '撒母耳記下', 11, NOW() - INTERVAL '25 days'),
  ('2762b95a-92db-43dd-b080-583a9d6e2a12', '534bfd65-2af9-4cbe-9ee7-31ccdb0acc30', '撒母耳記下', 12, NOW() - INTERVAL '25 days'),
  ('2762b95a-92db-43dd-b080-583a9d6e2a12', '534bfd65-2af9-4cbe-9ee7-31ccdb0acc30', '撒母耳記下', 13, NOW() - INTERVAL '25 days'),
  ('2762b95a-92db-43dd-b080-583a9d6e2a12', '534bfd65-2af9-4cbe-9ee7-31ccdb0acc30', '撒母耳記下', 14, NOW() - INTERVAL '25 days'),
  ('2762b95a-92db-43dd-b080-583a9d6e2a12', '534bfd65-2af9-4cbe-9ee7-31ccdb0acc30', '撒母耳記下', 15, NOW() - INTERVAL '24 days'),
  ('2762b95a-92db-43dd-b080-583a9d6e2a12', '534bfd65-2af9-4cbe-9ee7-31ccdb0acc30', '撒母耳記下', 16, NOW() - INTERVAL '24 days'),
  ('2762b95a-92db-43dd-b080-583a9d6e2a12', '534bfd65-2af9-4cbe-9ee7-31ccdb0acc30', '撒母耳記下', 17, NOW() - INTERVAL '24 days'),
  ('2762b95a-92db-43dd-b080-583a9d6e2a12', '534bfd65-2af9-4cbe-9ee7-31ccdb0acc30', '撒母耳記下', 18, NOW() - INTERVAL '24 days'),
  ('2762b95a-92db-43dd-b080-583a9d6e2a12', '534bfd65-2af9-4cbe-9ee7-31ccdb0acc30', '撒母耳記下', 19, NOW() - INTERVAL '24 days'),
  ('2762b95a-92db-43dd-b080-583a9d6e2a12', '534bfd65-2af9-4cbe-9ee7-31ccdb0acc30', '撒母耳記下', 20, NOW() - INTERVAL '23 days'),
  ('2762b95a-92db-43dd-b080-583a9d6e2a12', '534bfd65-2af9-4cbe-9ee7-31ccdb0acc30', '撒母耳記下', 21, NOW() - INTERVAL '23 days'),
  ('2762b95a-92db-43dd-b080-583a9d6e2a12', '534bfd65-2af9-4cbe-9ee7-31ccdb0acc30', '撒母耳記下', 22, NOW() - INTERVAL '23 days'),
  ('2762b95a-92db-43dd-b080-583a9d6e2a12', '534bfd65-2af9-4cbe-9ee7-31ccdb0acc30', '撒母耳記下', 23, NOW() - INTERVAL '23 days'),
  ('2762b95a-92db-43dd-b080-583a9d6e2a12', '534bfd65-2af9-4cbe-9ee7-31ccdb0acc30', '撒母耳記下', 24, NOW() - INTERVAL '23 days'),
  ('2762b95a-92db-43dd-b080-583a9d6e2a12', '534bfd65-2af9-4cbe-9ee7-31ccdb0acc30', '腓立比書', 1, NOW() - INTERVAL '22 days'),
  ('2762b95a-92db-43dd-b080-583a9d6e2a12', '534bfd65-2af9-4cbe-9ee7-31ccdb0acc30', '腓立比書', 2, NOW() - INTERVAL '22 days'),
  ('2762b95a-92db-43dd-b080-583a9d6e2a12', '534bfd65-2af9-4cbe-9ee7-31ccdb0acc30', '腓立比書', 3, NOW() - INTERVAL '22 days'),
  ('2762b95a-92db-43dd-b080-583a9d6e2a12', '534bfd65-2af9-4cbe-9ee7-31ccdb0acc30', '腓立比書', 4, NOW() - INTERVAL '22 days'),
  ('2762b95a-92db-43dd-b080-583a9d6e2a12', '534bfd65-2af9-4cbe-9ee7-31ccdb0acc30', '以斯帖記', 1, NOW() - INTERVAL '22 days'),
  ('2762b95a-92db-43dd-b080-583a9d6e2a12', '534bfd65-2af9-4cbe-9ee7-31ccdb0acc30', '以斯帖記', 2, NOW() - INTERVAL '21 days'),
  ('2762b95a-92db-43dd-b080-583a9d6e2a12', '534bfd65-2af9-4cbe-9ee7-31ccdb0acc30', '以斯帖記', 3, NOW() - INTERVAL '21 days'),
  ('2762b95a-92db-43dd-b080-583a9d6e2a12', '534bfd65-2af9-4cbe-9ee7-31ccdb0acc30', '以斯帖記', 4, NOW() - INTERVAL '21 days'),
  ('2762b95a-92db-43dd-b080-583a9d6e2a12', '534bfd65-2af9-4cbe-9ee7-31ccdb0acc30', '以斯帖記', 5, NOW() - INTERVAL '21 days'),
  ('2762b95a-92db-43dd-b080-583a9d6e2a12', '534bfd65-2af9-4cbe-9ee7-31ccdb0acc30', '以斯帖記', 6, NOW() - INTERVAL '21 days'),
  ('2762b95a-92db-43dd-b080-583a9d6e2a12', '534bfd65-2af9-4cbe-9ee7-31ccdb0acc30', '以斯帖記', 7, NOW() - INTERVAL '20 days'),
  ('2762b95a-92db-43dd-b080-583a9d6e2a12', '534bfd65-2af9-4cbe-9ee7-31ccdb0acc30', '以斯帖記', 8, NOW() - INTERVAL '20 days'),
  ('2762b95a-92db-43dd-b080-583a9d6e2a12', '534bfd65-2af9-4cbe-9ee7-31ccdb0acc30', '以斯帖記', 9, NOW() - INTERVAL '20 days'),
  ('2762b95a-92db-43dd-b080-583a9d6e2a12', '534bfd65-2af9-4cbe-9ee7-31ccdb0acc30', '以斯帖記', 10, NOW() - INTERVAL '20 days'),
  ('2762b95a-92db-43dd-b080-583a9d6e2a12', '534bfd65-2af9-4cbe-9ee7-31ccdb0acc30', '提多書', 1, NOW() - INTERVAL '20 days'),
  ('2762b95a-92db-43dd-b080-583a9d6e2a12', '534bfd65-2af9-4cbe-9ee7-31ccdb0acc30', '提多書', 2, NOW() - INTERVAL '19 days'),
  ('2762b95a-92db-43dd-b080-583a9d6e2a12', '534bfd65-2af9-4cbe-9ee7-31ccdb0acc30', '提多書', 3, NOW() - INTERVAL '19 days'),
  ('2762b95a-92db-43dd-b080-583a9d6e2a12', '534bfd65-2af9-4cbe-9ee7-31ccdb0acc30', '何西阿書', 1, NOW() - INTERVAL '19 days'),
  ('2762b95a-92db-43dd-b080-583a9d6e2a12', '534bfd65-2af9-4cbe-9ee7-31ccdb0acc30', '何西阿書', 2, NOW() - INTERVAL '19 days'),
  ('2762b95a-92db-43dd-b080-583a9d6e2a12', '534bfd65-2af9-4cbe-9ee7-31ccdb0acc30', '何西阿書', 3, NOW() - INTERVAL '19 days'),
  ('2762b95a-92db-43dd-b080-583a9d6e2a12', '534bfd65-2af9-4cbe-9ee7-31ccdb0acc30', '何西阿書', 4, NOW() - INTERVAL '18 days'),
  ('2762b95a-92db-43dd-b080-583a9d6e2a12', '534bfd65-2af9-4cbe-9ee7-31ccdb0acc30', '何西阿書', 5, NOW() - INTERVAL '18 days'),
  ('2762b95a-92db-43dd-b080-583a9d6e2a12', '534bfd65-2af9-4cbe-9ee7-31ccdb0acc30', '何西阿書', 6, NOW() - INTERVAL '18 days'),
  ('2762b95a-92db-43dd-b080-583a9d6e2a12', '534bfd65-2af9-4cbe-9ee7-31ccdb0acc30', '何西阿書', 7, NOW() - INTERVAL '18 days'),
  ('2762b95a-92db-43dd-b080-583a9d6e2a12', '534bfd65-2af9-4cbe-9ee7-31ccdb0acc30', '何西阿書', 8, NOW() - INTERVAL '18 days'),
  ('2762b95a-92db-43dd-b080-583a9d6e2a12', '534bfd65-2af9-4cbe-9ee7-31ccdb0acc30', '何西阿書', 9, NOW() - INTERVAL '17 days'),
  ('2762b95a-92db-43dd-b080-583a9d6e2a12', '534bfd65-2af9-4cbe-9ee7-31ccdb0acc30', '何西阿書', 10, NOW() - INTERVAL '17 days'),
  ('2762b95a-92db-43dd-b080-583a9d6e2a12', '534bfd65-2af9-4cbe-9ee7-31ccdb0acc30', '何西阿書', 11, NOW() - INTERVAL '17 days'),
  ('2762b95a-92db-43dd-b080-583a9d6e2a12', '534bfd65-2af9-4cbe-9ee7-31ccdb0acc30', '何西阿書', 12, NOW() - INTERVAL '17 days'),
  ('2762b95a-92db-43dd-b080-583a9d6e2a12', '534bfd65-2af9-4cbe-9ee7-31ccdb0acc30', '何西阿書', 13, NOW() - INTERVAL '17 days'),
  ('2762b95a-92db-43dd-b080-583a9d6e2a12', '534bfd65-2af9-4cbe-9ee7-31ccdb0acc30', '何西阿書', 14, NOW() - INTERVAL '16 days'),
  ('2762b95a-92db-43dd-b080-583a9d6e2a12', '534bfd65-2af9-4cbe-9ee7-31ccdb0acc30', '瑪拉基書', 1, NOW() - INTERVAL '16 days'),
  ('2762b95a-92db-43dd-b080-583a9d6e2a12', '534bfd65-2af9-4cbe-9ee7-31ccdb0acc30', '瑪拉基書', 2, NOW() - INTERVAL '16 days'),
  ('2762b95a-92db-43dd-b080-583a9d6e2a12', '534bfd65-2af9-4cbe-9ee7-31ccdb0acc30', '瑪拉基書', 3, NOW() - INTERVAL '16 days'),
  ('2762b95a-92db-43dd-b080-583a9d6e2a12', '534bfd65-2af9-4cbe-9ee7-31ccdb0acc30', '瑪拉基書', 4, NOW() - INTERVAL '16 days'),
  ('2762b95a-92db-43dd-b080-583a9d6e2a12', '534bfd65-2af9-4cbe-9ee7-31ccdb0acc30', '尼希米記', 1, NOW() - INTERVAL '15 days'),
  ('2762b95a-92db-43dd-b080-583a9d6e2a12', '534bfd65-2af9-4cbe-9ee7-31ccdb0acc30', '尼希米記', 2, NOW() - INTERVAL '15 days'),
  ('2762b95a-92db-43dd-b080-583a9d6e2a12', '534bfd65-2af9-4cbe-9ee7-31ccdb0acc30', '尼希米記', 3, NOW() - INTERVAL '15 days'),
  ('2762b95a-92db-43dd-b080-583a9d6e2a12', '534bfd65-2af9-4cbe-9ee7-31ccdb0acc30', '尼希米記', 4, NOW() - INTERVAL '15 days'),
  ('2762b95a-92db-43dd-b080-583a9d6e2a12', '534bfd65-2af9-4cbe-9ee7-31ccdb0acc30', '尼希米記', 5, NOW() - INTERVAL '15 days'),
  ('2762b95a-92db-43dd-b080-583a9d6e2a12', '534bfd65-2af9-4cbe-9ee7-31ccdb0acc30', '尼希米記', 6, NOW() - INTERVAL '14 days'),
  ('2762b95a-92db-43dd-b080-583a9d6e2a12', '534bfd65-2af9-4cbe-9ee7-31ccdb0acc30', '尼希米記', 7, NOW() - INTERVAL '14 days'),
  ('2762b95a-92db-43dd-b080-583a9d6e2a12', '534bfd65-2af9-4cbe-9ee7-31ccdb0acc30', '尼希米記', 8, NOW() - INTERVAL '14 days'),
  ('2762b95a-92db-43dd-b080-583a9d6e2a12', '534bfd65-2af9-4cbe-9ee7-31ccdb0acc30', '尼希米記', 9, NOW() - INTERVAL '14 days'),
  ('2762b95a-92db-43dd-b080-583a9d6e2a12', '534bfd65-2af9-4cbe-9ee7-31ccdb0acc30', '尼希米記', 10, NOW() - INTERVAL '14 days'),
  ('2762b95a-92db-43dd-b080-583a9d6e2a12', '534bfd65-2af9-4cbe-9ee7-31ccdb0acc30', '尼希米記', 11, NOW() - INTERVAL '13 days'),
  ('2762b95a-92db-43dd-b080-583a9d6e2a12', '534bfd65-2af9-4cbe-9ee7-31ccdb0acc30', '尼希米記', 12, NOW() - INTERVAL '13 days'),
  ('2762b95a-92db-43dd-b080-583a9d6e2a12', '534bfd65-2af9-4cbe-9ee7-31ccdb0acc30', '尼希米記', 13, NOW() - INTERVAL '13 days'),
  ('2762b95a-92db-43dd-b080-583a9d6e2a12', '534bfd65-2af9-4cbe-9ee7-31ccdb0acc30', '帖撒羅尼迦後書', 1, NOW() - INTERVAL '13 days'),
  ('2762b95a-92db-43dd-b080-583a9d6e2a12', '534bfd65-2af9-4cbe-9ee7-31ccdb0acc30', '帖撒羅尼迦後書', 2, NOW() - INTERVAL '13 days'),
  ('2762b95a-92db-43dd-b080-583a9d6e2a12', '534bfd65-2af9-4cbe-9ee7-31ccdb0acc30', '帖撒羅尼迦後書', 3, NOW() - INTERVAL '12 days'),
  ('2762b95a-92db-43dd-b080-583a9d6e2a12', '534bfd65-2af9-4cbe-9ee7-31ccdb0acc30', '列王紀上', 1, NOW() - INTERVAL '12 days'),
  ('2762b95a-92db-43dd-b080-583a9d6e2a12', '534bfd65-2af9-4cbe-9ee7-31ccdb0acc30', '列王紀上', 2, NOW() - INTERVAL '12 days'),
  ('2762b95a-92db-43dd-b080-583a9d6e2a12', '534bfd65-2af9-4cbe-9ee7-31ccdb0acc30', '列王紀上', 3, NOW() - INTERVAL '12 days'),
  ('2762b95a-92db-43dd-b080-583a9d6e2a12', '534bfd65-2af9-4cbe-9ee7-31ccdb0acc30', '列王紀上', 4, NOW() - INTERVAL '12 days'),
  ('2762b95a-92db-43dd-b080-583a9d6e2a12', '534bfd65-2af9-4cbe-9ee7-31ccdb0acc30', '列王紀上', 5, NOW() - INTERVAL '11 days'),
  ('2762b95a-92db-43dd-b080-583a9d6e2a12', '534bfd65-2af9-4cbe-9ee7-31ccdb0acc30', '列王紀上', 6, NOW() - INTERVAL '11 days'),
  ('2762b95a-92db-43dd-b080-583a9d6e2a12', '534bfd65-2af9-4cbe-9ee7-31ccdb0acc30', '列王紀上', 7, NOW() - INTERVAL '11 days'),
  ('2762b95a-92db-43dd-b080-583a9d6e2a12', '534bfd65-2af9-4cbe-9ee7-31ccdb0acc30', '列王紀上', 8, NOW() - INTERVAL '11 days'),
  ('2762b95a-92db-43dd-b080-583a9d6e2a12', '534bfd65-2af9-4cbe-9ee7-31ccdb0acc30', '列王紀上', 9, NOW() - INTERVAL '11 days'),
  ('2762b95a-92db-43dd-b080-583a9d6e2a12', '534bfd65-2af9-4cbe-9ee7-31ccdb0acc30', '列王紀上', 10, NOW() - INTERVAL '10 days'),
  ('2762b95a-92db-43dd-b080-583a9d6e2a12', '534bfd65-2af9-4cbe-9ee7-31ccdb0acc30', '列王紀上', 11, NOW() - INTERVAL '10 days'),
  ('2762b95a-92db-43dd-b080-583a9d6e2a12', '534bfd65-2af9-4cbe-9ee7-31ccdb0acc30', '列王紀上', 12, NOW() - INTERVAL '10 days'),
  ('2762b95a-92db-43dd-b080-583a9d6e2a12', '534bfd65-2af9-4cbe-9ee7-31ccdb0acc30', '列王紀上', 13, NOW() - INTERVAL '10 days'),
  ('2762b95a-92db-43dd-b080-583a9d6e2a12', '534bfd65-2af9-4cbe-9ee7-31ccdb0acc30', '列王紀上', 14, NOW() - INTERVAL '10 days'),
  ('2762b95a-92db-43dd-b080-583a9d6e2a12', '534bfd65-2af9-4cbe-9ee7-31ccdb0acc30', '列王紀上', 15, NOW() - INTERVAL '9 days'),
  ('2762b95a-92db-43dd-b080-583a9d6e2a12', '534bfd65-2af9-4cbe-9ee7-31ccdb0acc30', '列王紀上', 16, NOW() - INTERVAL '9 days'),
  ('2762b95a-92db-43dd-b080-583a9d6e2a12', '534bfd65-2af9-4cbe-9ee7-31ccdb0acc30', '列王紀上', 17, NOW() - INTERVAL '9 days'),
  ('2762b95a-92db-43dd-b080-583a9d6e2a12', '534bfd65-2af9-4cbe-9ee7-31ccdb0acc30', '列王紀上', 18, NOW() - INTERVAL '9 days'),
  ('2762b95a-92db-43dd-b080-583a9d6e2a12', '534bfd65-2af9-4cbe-9ee7-31ccdb0acc30', '列王紀上', 19, NOW() - INTERVAL '9 days'),
  ('2762b95a-92db-43dd-b080-583a9d6e2a12', '534bfd65-2af9-4cbe-9ee7-31ccdb0acc30', '列王紀上', 20, NOW() - INTERVAL '8 days'),
  ('2762b95a-92db-43dd-b080-583a9d6e2a12', '534bfd65-2af9-4cbe-9ee7-31ccdb0acc30', '列王紀上', 21, NOW() - INTERVAL '8 days'),
  ('2762b95a-92db-43dd-b080-583a9d6e2a12', '534bfd65-2af9-4cbe-9ee7-31ccdb0acc30', '列王紀上', 22, NOW() - INTERVAL '8 days'),
  ('2762b95a-92db-43dd-b080-583a9d6e2a12', '534bfd65-2af9-4cbe-9ee7-31ccdb0acc30', '希伯來書', 1, NOW() - INTERVAL '8 days'),
  ('2762b95a-92db-43dd-b080-583a9d6e2a12', '534bfd65-2af9-4cbe-9ee7-31ccdb0acc30', '希伯來書', 2, NOW() - INTERVAL '8 days'),
  ('2762b95a-92db-43dd-b080-583a9d6e2a12', '534bfd65-2af9-4cbe-9ee7-31ccdb0acc30', '希伯來書', 3, NOW() - INTERVAL '7 days'),
  ('2762b95a-92db-43dd-b080-583a9d6e2a12', '534bfd65-2af9-4cbe-9ee7-31ccdb0acc30', '希伯來書', 4, NOW() - INTERVAL '7 days'),
  ('2762b95a-92db-43dd-b080-583a9d6e2a12', '534bfd65-2af9-4cbe-9ee7-31ccdb0acc30', '希伯來書', 5, NOW() - INTERVAL '7 days'),
  ('2762b95a-92db-43dd-b080-583a9d6e2a12', '534bfd65-2af9-4cbe-9ee7-31ccdb0acc30', '希伯來書', 6, NOW() - INTERVAL '7 days'),
  ('2762b95a-92db-43dd-b080-583a9d6e2a12', '534bfd65-2af9-4cbe-9ee7-31ccdb0acc30', '希伯來書', 7, NOW() - INTERVAL '7 days'),
  ('2762b95a-92db-43dd-b080-583a9d6e2a12', '534bfd65-2af9-4cbe-9ee7-31ccdb0acc30', '希伯來書', 8, NOW() - INTERVAL '6 days'),
  ('2762b95a-92db-43dd-b080-583a9d6e2a12', '534bfd65-2af9-4cbe-9ee7-31ccdb0acc30', '希伯來書', 9, NOW() - INTERVAL '6 days'),
  ('2762b95a-92db-43dd-b080-583a9d6e2a12', '534bfd65-2af9-4cbe-9ee7-31ccdb0acc30', '希伯來書', 10, NOW() - INTERVAL '6 days'),
  ('2762b95a-92db-43dd-b080-583a9d6e2a12', '534bfd65-2af9-4cbe-9ee7-31ccdb0acc30', '希伯來書', 11, NOW() - INTERVAL '6 days'),
  ('2762b95a-92db-43dd-b080-583a9d6e2a12', '534bfd65-2af9-4cbe-9ee7-31ccdb0acc30', '希伯來書', 12, NOW() - INTERVAL '6 days'),
  ('2762b95a-92db-43dd-b080-583a9d6e2a12', '534bfd65-2af9-4cbe-9ee7-31ccdb0acc30', '希伯來書', 13, NOW() - INTERVAL '5 days'),
  ('2762b95a-92db-43dd-b080-583a9d6e2a12', '534bfd65-2af9-4cbe-9ee7-31ccdb0acc30', '詩篇', 1, NOW() - INTERVAL '5 days'),
  ('2762b95a-92db-43dd-b080-583a9d6e2a12', '534bfd65-2af9-4cbe-9ee7-31ccdb0acc30', '詩篇', 2, NOW() - INTERVAL '5 days'),
  ('2762b95a-92db-43dd-b080-583a9d6e2a12', '534bfd65-2af9-4cbe-9ee7-31ccdb0acc30', '詩篇', 3, NOW() - INTERVAL '5 days'),
  ('2762b95a-92db-43dd-b080-583a9d6e2a12', '534bfd65-2af9-4cbe-9ee7-31ccdb0acc30', '詩篇', 4, NOW() - INTERVAL '5 days'),
  ('2762b95a-92db-43dd-b080-583a9d6e2a12', '534bfd65-2af9-4cbe-9ee7-31ccdb0acc30', '詩篇', 5, NOW() - INTERVAL '4 days'),
  ('2762b95a-92db-43dd-b080-583a9d6e2a12', '534bfd65-2af9-4cbe-9ee7-31ccdb0acc30', '詩篇', 6, NOW() - INTERVAL '4 days'),
  ('2762b95a-92db-43dd-b080-583a9d6e2a12', '534bfd65-2af9-4cbe-9ee7-31ccdb0acc30', '詩篇', 7, NOW() - INTERVAL '4 days'),
  ('2762b95a-92db-43dd-b080-583a9d6e2a12', '534bfd65-2af9-4cbe-9ee7-31ccdb0acc30', '詩篇', 8, NOW() - INTERVAL '4 days'),
  ('2762b95a-92db-43dd-b080-583a9d6e2a12', '534bfd65-2af9-4cbe-9ee7-31ccdb0acc30', '詩篇', 9, NOW() - INTERVAL '4 days'),
  ('2762b95a-92db-43dd-b080-583a9d6e2a12', '534bfd65-2af9-4cbe-9ee7-31ccdb0acc30', '詩篇', 10, NOW() - INTERVAL '3 days'),
  ('2762b95a-92db-43dd-b080-583a9d6e2a12', '534bfd65-2af9-4cbe-9ee7-31ccdb0acc30', '詩篇', 11, NOW() - INTERVAL '3 days'),
  ('2762b95a-92db-43dd-b080-583a9d6e2a12', '534bfd65-2af9-4cbe-9ee7-31ccdb0acc30', '詩篇', 12, NOW() - INTERVAL '3 days'),
  ('2762b95a-92db-43dd-b080-583a9d6e2a12', '534bfd65-2af9-4cbe-9ee7-31ccdb0acc30', '詩篇', 13, NOW() - INTERVAL '3 days'),
  ('2762b95a-92db-43dd-b080-583a9d6e2a12', '534bfd65-2af9-4cbe-9ee7-31ccdb0acc30', '詩篇', 14, NOW() - INTERVAL '3 days'),
  ('2762b95a-92db-43dd-b080-583a9d6e2a12', '534bfd65-2af9-4cbe-9ee7-31ccdb0acc30', '詩篇', 15, NOW() - INTERVAL '2 days'),
  ('2762b95a-92db-43dd-b080-583a9d6e2a12', '534bfd65-2af9-4cbe-9ee7-31ccdb0acc30', '詩篇', 16, NOW() - INTERVAL '2 days'),
  ('2762b95a-92db-43dd-b080-583a9d6e2a12', '534bfd65-2af9-4cbe-9ee7-31ccdb0acc30', '詩篇', 17, NOW() - INTERVAL '2 days'),
  ('2762b95a-92db-43dd-b080-583a9d6e2a12', '534bfd65-2af9-4cbe-9ee7-31ccdb0acc30', '詩篇', 18, NOW() - INTERVAL '2 days'),
  ('2762b95a-92db-43dd-b080-583a9d6e2a12', '534bfd65-2af9-4cbe-9ee7-31ccdb0acc30', '詩篇', 19, NOW() - INTERVAL '2 days'),
  ('2762b95a-92db-43dd-b080-583a9d6e2a12', '534bfd65-2af9-4cbe-9ee7-31ccdb0acc30', '詩篇', 20, NOW() - INTERVAL '1 days'),
  ('2762b95a-92db-43dd-b080-583a9d6e2a12', '534bfd65-2af9-4cbe-9ee7-31ccdb0acc30', '詩篇', 21, NOW() - INTERVAL '1 days'),
  ('2762b95a-92db-43dd-b080-583a9d6e2a12', '534bfd65-2af9-4cbe-9ee7-31ccdb0acc30', '詩篇', 22, NOW() - INTERVAL '1 days'),
  ('2762b95a-92db-43dd-b080-583a9d6e2a12', '534bfd65-2af9-4cbe-9ee7-31ccdb0acc30', '詩篇', 23, NOW() - INTERVAL '1 days'),
  ('2762b95a-92db-43dd-b080-583a9d6e2a12', '534bfd65-2af9-4cbe-9ee7-31ccdb0acc30', '詩篇', 24, NOW() - INTERVAL '1 days'),
  ('2762b95a-92db-43dd-b080-583a9d6e2a12', '534bfd65-2af9-4cbe-9ee7-31ccdb0acc30', '詩篇', 25, NOW() - INTERVAL '0 days'),
  ('2762b95a-92db-43dd-b080-583a9d6e2a12', '534bfd65-2af9-4cbe-9ee7-31ccdb0acc30', '詩篇', 26, NOW() - INTERVAL '0 days'),
  ('2762b95a-92db-43dd-b080-583a9d6e2a12', '534bfd65-2af9-4cbe-9ee7-31ccdb0acc30', '詩篇', 27, NOW() - INTERVAL '0 days'),
  ('2762b95a-92db-43dd-b080-583a9d6e2a12', '534bfd65-2af9-4cbe-9ee7-31ccdb0acc30', '詩篇', 28, NOW() - INTERVAL '0 days');

--------------------------------------------------

-- 使用者: 系統管理員
INSERT INTO auth.users (id, email, raw_user_meta_data, created_at, updated_at, instance_id, aud, role, encrypted_password)
VALUES (
  'efc50ed2-5073-491d-b715-a5e0d67b9aef',
  'efc50ed2@church-bible.com',
  '{"full_name": "系統管理員"}',
  NOW() - INTERVAL '81 days',
  NOW(),
  '00000000-0000-0000-0000-000000000000',
  'authenticated',
  'authenticated',
  '$2a$10$abcdefghijklmnopqrstuv' -- Dummy bcrypt hash
) ON CONFLICT (id) DO NOTHING;

INSERT INTO public.profiles (id, name, great_region, pastoral_zone, small_group, role, is_demo, updated_at)
VALUES (
  'efc50ed2-5073-491d-b715-a5e0d67b9aef',
  '系統管理員',
  '示範大區A',
  '示範牧區甲',
  '示範小組1',
  'admin',
  TRUE,
  NOW()
) ON CONFLICT (id) DO NOTHING;

INSERT INTO public.reading_plans (id, user_id, name, start_date, end_date, target_books)
VALUES (
  '46c81f8b-a618-40bc-b062-f0bd1a118200',
  'efc50ed2-5073-491d-b715-a5e0d67b9aef',
  '第一季速讀：2026年7月~9月',
  '2026-07-01',
  '2026-09-30',
  ARRAY['創世記', '馬太福音', '列王紀下', '雅各書', '出埃及記', '馬可福音', '約伯記', '加拉太書', '哈巴谷書', '猶大書', '利未記', '路加福音', '歷代志下', '帖撒羅尼迦前書', '約拿書', '約翰二書', '彌迦書', '約翰三書']
) ON CONFLICT (id) DO NOTHING;

INSERT INTO public.reading_logs (user_id, plan_id, book, chapter, read_at)
VALUES
  ('efc50ed2-5073-491d-b715-a5e0d67b9aef', '46c81f8b-a618-40bc-b062-f0bd1a118200', '創世記', 1, NOW() - INTERVAL '16 days'),
  ('efc50ed2-5073-491d-b715-a5e0d67b9aef', '46c81f8b-a618-40bc-b062-f0bd1a118200', '創世記', 2, NOW() - INTERVAL '15 days'),
  ('efc50ed2-5073-491d-b715-a5e0d67b9aef', '46c81f8b-a618-40bc-b062-f0bd1a118200', '創世記', 3, NOW() - INTERVAL '15 days'),
  ('efc50ed2-5073-491d-b715-a5e0d67b9aef', '46c81f8b-a618-40bc-b062-f0bd1a118200', '創世記', 4, NOW() - INTERVAL '15 days'),
  ('efc50ed2-5073-491d-b715-a5e0d67b9aef', '46c81f8b-a618-40bc-b062-f0bd1a118200', '創世記', 5, NOW() - INTERVAL '15 days'),
  ('efc50ed2-5073-491d-b715-a5e0d67b9aef', '46c81f8b-a618-40bc-b062-f0bd1a118200', '創世記', 6, NOW() - INTERVAL '15 days'),
  ('efc50ed2-5073-491d-b715-a5e0d67b9aef', '46c81f8b-a618-40bc-b062-f0bd1a118200', '創世記', 7, NOW() - INTERVAL '14 days'),
  ('efc50ed2-5073-491d-b715-a5e0d67b9aef', '46c81f8b-a618-40bc-b062-f0bd1a118200', '創世記', 8, NOW() - INTERVAL '14 days'),
  ('efc50ed2-5073-491d-b715-a5e0d67b9aef', '46c81f8b-a618-40bc-b062-f0bd1a118200', '創世記', 9, NOW() - INTERVAL '14 days'),
  ('efc50ed2-5073-491d-b715-a5e0d67b9aef', '46c81f8b-a618-40bc-b062-f0bd1a118200', '創世記', 10, NOW() - INTERVAL '14 days'),
  ('efc50ed2-5073-491d-b715-a5e0d67b9aef', '46c81f8b-a618-40bc-b062-f0bd1a118200', '創世記', 11, NOW() - INTERVAL '14 days'),
  ('efc50ed2-5073-491d-b715-a5e0d67b9aef', '46c81f8b-a618-40bc-b062-f0bd1a118200', '創世記', 12, NOW() - INTERVAL '13 days'),
  ('efc50ed2-5073-491d-b715-a5e0d67b9aef', '46c81f8b-a618-40bc-b062-f0bd1a118200', '創世記', 13, NOW() - INTERVAL '13 days'),
  ('efc50ed2-5073-491d-b715-a5e0d67b9aef', '46c81f8b-a618-40bc-b062-f0bd1a118200', '創世記', 14, NOW() - INTERVAL '13 days'),
  ('efc50ed2-5073-491d-b715-a5e0d67b9aef', '46c81f8b-a618-40bc-b062-f0bd1a118200', '創世記', 15, NOW() - INTERVAL '13 days'),
  ('efc50ed2-5073-491d-b715-a5e0d67b9aef', '46c81f8b-a618-40bc-b062-f0bd1a118200', '創世記', 16, NOW() - INTERVAL '13 days'),
  ('efc50ed2-5073-491d-b715-a5e0d67b9aef', '46c81f8b-a618-40bc-b062-f0bd1a118200', '創世記', 17, NOW() - INTERVAL '12 days'),
  ('efc50ed2-5073-491d-b715-a5e0d67b9aef', '46c81f8b-a618-40bc-b062-f0bd1a118200', '創世記', 18, NOW() - INTERVAL '12 days'),
  ('efc50ed2-5073-491d-b715-a5e0d67b9aef', '46c81f8b-a618-40bc-b062-f0bd1a118200', '創世記', 19, NOW() - INTERVAL '12 days'),
  ('efc50ed2-5073-491d-b715-a5e0d67b9aef', '46c81f8b-a618-40bc-b062-f0bd1a118200', '創世記', 20, NOW() - INTERVAL '12 days'),
  ('efc50ed2-5073-491d-b715-a5e0d67b9aef', '46c81f8b-a618-40bc-b062-f0bd1a118200', '創世記', 21, NOW() - INTERVAL '12 days'),
  ('efc50ed2-5073-491d-b715-a5e0d67b9aef', '46c81f8b-a618-40bc-b062-f0bd1a118200', '創世記', 22, NOW() - INTERVAL '11 days'),
  ('efc50ed2-5073-491d-b715-a5e0d67b9aef', '46c81f8b-a618-40bc-b062-f0bd1a118200', '創世記', 23, NOW() - INTERVAL '11 days'),
  ('efc50ed2-5073-491d-b715-a5e0d67b9aef', '46c81f8b-a618-40bc-b062-f0bd1a118200', '創世記', 24, NOW() - INTERVAL '11 days'),
  ('efc50ed2-5073-491d-b715-a5e0d67b9aef', '46c81f8b-a618-40bc-b062-f0bd1a118200', '創世記', 25, NOW() - INTERVAL '11 days'),
  ('efc50ed2-5073-491d-b715-a5e0d67b9aef', '46c81f8b-a618-40bc-b062-f0bd1a118200', '創世記', 26, NOW() - INTERVAL '11 days'),
  ('efc50ed2-5073-491d-b715-a5e0d67b9aef', '46c81f8b-a618-40bc-b062-f0bd1a118200', '創世記', 27, NOW() - INTERVAL '10 days'),
  ('efc50ed2-5073-491d-b715-a5e0d67b9aef', '46c81f8b-a618-40bc-b062-f0bd1a118200', '創世記', 28, NOW() - INTERVAL '10 days'),
  ('efc50ed2-5073-491d-b715-a5e0d67b9aef', '46c81f8b-a618-40bc-b062-f0bd1a118200', '創世記', 29, NOW() - INTERVAL '10 days'),
  ('efc50ed2-5073-491d-b715-a5e0d67b9aef', '46c81f8b-a618-40bc-b062-f0bd1a118200', '創世記', 30, NOW() - INTERVAL '10 days'),
  ('efc50ed2-5073-491d-b715-a5e0d67b9aef', '46c81f8b-a618-40bc-b062-f0bd1a118200', '創世記', 31, NOW() - INTERVAL '10 days'),
  ('efc50ed2-5073-491d-b715-a5e0d67b9aef', '46c81f8b-a618-40bc-b062-f0bd1a118200', '創世記', 32, NOW() - INTERVAL '9 days'),
  ('efc50ed2-5073-491d-b715-a5e0d67b9aef', '46c81f8b-a618-40bc-b062-f0bd1a118200', '創世記', 33, NOW() - INTERVAL '9 days'),
  ('efc50ed2-5073-491d-b715-a5e0d67b9aef', '46c81f8b-a618-40bc-b062-f0bd1a118200', '創世記', 34, NOW() - INTERVAL '9 days'),
  ('efc50ed2-5073-491d-b715-a5e0d67b9aef', '46c81f8b-a618-40bc-b062-f0bd1a118200', '創世記', 35, NOW() - INTERVAL '9 days'),
  ('efc50ed2-5073-491d-b715-a5e0d67b9aef', '46c81f8b-a618-40bc-b062-f0bd1a118200', '創世記', 36, NOW() - INTERVAL '9 days'),
  ('efc50ed2-5073-491d-b715-a5e0d67b9aef', '46c81f8b-a618-40bc-b062-f0bd1a118200', '創世記', 37, NOW() - INTERVAL '8 days'),
  ('efc50ed2-5073-491d-b715-a5e0d67b9aef', '46c81f8b-a618-40bc-b062-f0bd1a118200', '創世記', 38, NOW() - INTERVAL '8 days'),
  ('efc50ed2-5073-491d-b715-a5e0d67b9aef', '46c81f8b-a618-40bc-b062-f0bd1a118200', '創世記', 39, NOW() - INTERVAL '8 days'),
  ('efc50ed2-5073-491d-b715-a5e0d67b9aef', '46c81f8b-a618-40bc-b062-f0bd1a118200', '創世記', 40, NOW() - INTERVAL '8 days'),
  ('efc50ed2-5073-491d-b715-a5e0d67b9aef', '46c81f8b-a618-40bc-b062-f0bd1a118200', '創世記', 41, NOW() - INTERVAL '8 days'),
  ('efc50ed2-5073-491d-b715-a5e0d67b9aef', '46c81f8b-a618-40bc-b062-f0bd1a118200', '創世記', 42, NOW() - INTERVAL '7 days'),
  ('efc50ed2-5073-491d-b715-a5e0d67b9aef', '46c81f8b-a618-40bc-b062-f0bd1a118200', '創世記', 43, NOW() - INTERVAL '7 days'),
  ('efc50ed2-5073-491d-b715-a5e0d67b9aef', '46c81f8b-a618-40bc-b062-f0bd1a118200', '創世記', 44, NOW() - INTERVAL '7 days'),
  ('efc50ed2-5073-491d-b715-a5e0d67b9aef', '46c81f8b-a618-40bc-b062-f0bd1a118200', '創世記', 45, NOW() - INTERVAL '7 days'),
  ('efc50ed2-5073-491d-b715-a5e0d67b9aef', '46c81f8b-a618-40bc-b062-f0bd1a118200', '創世記', 46, NOW() - INTERVAL '7 days'),
  ('efc50ed2-5073-491d-b715-a5e0d67b9aef', '46c81f8b-a618-40bc-b062-f0bd1a118200', '創世記', 47, NOW() - INTERVAL '6 days'),
  ('efc50ed2-5073-491d-b715-a5e0d67b9aef', '46c81f8b-a618-40bc-b062-f0bd1a118200', '創世記', 48, NOW() - INTERVAL '6 days'),
  ('efc50ed2-5073-491d-b715-a5e0d67b9aef', '46c81f8b-a618-40bc-b062-f0bd1a118200', '創世記', 49, NOW() - INTERVAL '6 days'),
  ('efc50ed2-5073-491d-b715-a5e0d67b9aef', '46c81f8b-a618-40bc-b062-f0bd1a118200', '創世記', 50, NOW() - INTERVAL '6 days'),
  ('efc50ed2-5073-491d-b715-a5e0d67b9aef', '46c81f8b-a618-40bc-b062-f0bd1a118200', '馬太福音', 1, NOW() - INTERVAL '6 days'),
  ('efc50ed2-5073-491d-b715-a5e0d67b9aef', '46c81f8b-a618-40bc-b062-f0bd1a118200', '馬太福音', 2, NOW() - INTERVAL '5 days'),
  ('efc50ed2-5073-491d-b715-a5e0d67b9aef', '46c81f8b-a618-40bc-b062-f0bd1a118200', '馬太福音', 3, NOW() - INTERVAL '5 days'),
  ('efc50ed2-5073-491d-b715-a5e0d67b9aef', '46c81f8b-a618-40bc-b062-f0bd1a118200', '馬太福音', 4, NOW() - INTERVAL '5 days'),
  ('efc50ed2-5073-491d-b715-a5e0d67b9aef', '46c81f8b-a618-40bc-b062-f0bd1a118200', '馬太福音', 5, NOW() - INTERVAL '5 days'),
  ('efc50ed2-5073-491d-b715-a5e0d67b9aef', '46c81f8b-a618-40bc-b062-f0bd1a118200', '馬太福音', 6, NOW() - INTERVAL '5 days'),
  ('efc50ed2-5073-491d-b715-a5e0d67b9aef', '46c81f8b-a618-40bc-b062-f0bd1a118200', '馬太福音', 7, NOW() - INTERVAL '4 days'),
  ('efc50ed2-5073-491d-b715-a5e0d67b9aef', '46c81f8b-a618-40bc-b062-f0bd1a118200', '馬太福音', 8, NOW() - INTERVAL '4 days'),
  ('efc50ed2-5073-491d-b715-a5e0d67b9aef', '46c81f8b-a618-40bc-b062-f0bd1a118200', '馬太福音', 9, NOW() - INTERVAL '4 days'),
  ('efc50ed2-5073-491d-b715-a5e0d67b9aef', '46c81f8b-a618-40bc-b062-f0bd1a118200', '馬太福音', 10, NOW() - INTERVAL '4 days'),
  ('efc50ed2-5073-491d-b715-a5e0d67b9aef', '46c81f8b-a618-40bc-b062-f0bd1a118200', '馬太福音', 11, NOW() - INTERVAL '4 days'),
  ('efc50ed2-5073-491d-b715-a5e0d67b9aef', '46c81f8b-a618-40bc-b062-f0bd1a118200', '馬太福音', 12, NOW() - INTERVAL '3 days'),
  ('efc50ed2-5073-491d-b715-a5e0d67b9aef', '46c81f8b-a618-40bc-b062-f0bd1a118200', '馬太福音', 13, NOW() - INTERVAL '3 days'),
  ('efc50ed2-5073-491d-b715-a5e0d67b9aef', '46c81f8b-a618-40bc-b062-f0bd1a118200', '馬太福音', 14, NOW() - INTERVAL '3 days'),
  ('efc50ed2-5073-491d-b715-a5e0d67b9aef', '46c81f8b-a618-40bc-b062-f0bd1a118200', '馬太福音', 15, NOW() - INTERVAL '3 days'),
  ('efc50ed2-5073-491d-b715-a5e0d67b9aef', '46c81f8b-a618-40bc-b062-f0bd1a118200', '馬太福音', 16, NOW() - INTERVAL '3 days'),
  ('efc50ed2-5073-491d-b715-a5e0d67b9aef', '46c81f8b-a618-40bc-b062-f0bd1a118200', '馬太福音', 17, NOW() - INTERVAL '2 days'),
  ('efc50ed2-5073-491d-b715-a5e0d67b9aef', '46c81f8b-a618-40bc-b062-f0bd1a118200', '馬太福音', 18, NOW() - INTERVAL '2 days'),
  ('efc50ed2-5073-491d-b715-a5e0d67b9aef', '46c81f8b-a618-40bc-b062-f0bd1a118200', '馬太福音', 19, NOW() - INTERVAL '2 days'),
  ('efc50ed2-5073-491d-b715-a5e0d67b9aef', '46c81f8b-a618-40bc-b062-f0bd1a118200', '馬太福音', 20, NOW() - INTERVAL '2 days'),
  ('efc50ed2-5073-491d-b715-a5e0d67b9aef', '46c81f8b-a618-40bc-b062-f0bd1a118200', '馬太福音', 21, NOW() - INTERVAL '2 days'),
  ('efc50ed2-5073-491d-b715-a5e0d67b9aef', '46c81f8b-a618-40bc-b062-f0bd1a118200', '馬太福音', 22, NOW() - INTERVAL '1 days'),
  ('efc50ed2-5073-491d-b715-a5e0d67b9aef', '46c81f8b-a618-40bc-b062-f0bd1a118200', '馬太福音', 23, NOW() - INTERVAL '1 days'),
  ('efc50ed2-5073-491d-b715-a5e0d67b9aef', '46c81f8b-a618-40bc-b062-f0bd1a118200', '馬太福音', 24, NOW() - INTERVAL '1 days'),
  ('efc50ed2-5073-491d-b715-a5e0d67b9aef', '46c81f8b-a618-40bc-b062-f0bd1a118200', '馬太福音', 25, NOW() - INTERVAL '1 days'),
  ('efc50ed2-5073-491d-b715-a5e0d67b9aef', '46c81f8b-a618-40bc-b062-f0bd1a118200', '馬太福音', 26, NOW() - INTERVAL '1 days'),
  ('efc50ed2-5073-491d-b715-a5e0d67b9aef', '46c81f8b-a618-40bc-b062-f0bd1a118200', '馬太福音', 27, NOW() - INTERVAL '0 days'),
  ('efc50ed2-5073-491d-b715-a5e0d67b9aef', '46c81f8b-a618-40bc-b062-f0bd1a118200', '馬太福音', 28, NOW() - INTERVAL '0 days'),
  ('efc50ed2-5073-491d-b715-a5e0d67b9aef', '46c81f8b-a618-40bc-b062-f0bd1a118200', '列王紀下', 1, NOW() - INTERVAL '0 days'),
  ('efc50ed2-5073-491d-b715-a5e0d67b9aef', '46c81f8b-a618-40bc-b062-f0bd1a118200', '列王紀下', 2, NOW() - INTERVAL '0 days');

--------------------------------------------------

